category,defect,sample_id,gt_area,label,s_full,p_rgb,evidence_class,e_rgb_topk,e_depth_topk,e_rgb_mean,e_depth_mean
bagel,combined,bagel/test/combined/000,0.0189056396484375,1,12.706852912902832,0.6274303440976897,JOINT,12.708678860922015,7.546443246326519,6.977064923794005,2.107306322682616
bagel,combined,bagel/test/combined/001,0.0151519775390625,1,8.13525390625,0.5312271346471584,JOINT,8.676069144474859,7.656057073080608,6.616159972355013,2.161944776165688
bagel,combined,bagel/test/combined/002,0.0114593505859375,1,10.730622291564941,0.6153210301730783,JOINT,11.032040317442636,6.896876721226594,6.637632457742103,2.327626018157105
bagel,combined,bagel/test/combined/003,0.0170745849609375,1,9.04700756072998,0.5529974280399096,JOINT,8.354117848891235,6.752855298352578,5.743052307839424,2.1685756894485873
bagel,combined,bagel/test/combined/004,0.0031585693359375,1,8.231779098510742,0.6329782741826733,JOINT,7.501446216326521,4.349585468820039,6.484107635790219,1.28276830677367
bagel,combined,bagel/test/combined/005,0.0038604736328125,1,7.119294166564941,0.6298581544951222,JOINT,7.49723179476694,4.405815123659273,5.68809323494211,0.8814908528425492
bagel,combined,bagel/test/combined/006,0.0038909912109375,1,9.018619537353516,0.7889187548285039,RGB-DOMINANT,8.394508409760883,2.2460139120426286,6.242876929232428,1.1840116554521558
bagel,combined,bagel/test/combined/007,0.01678466796875,1,6.939225196838379,0.564573842550058,JOINT,7.46801150574484,5.759684108773192,5.326760426945536,1.8294850701942071
bagel,combined,bagel/test/combined/008,0.0124969482421875,1,7.735624313354492,0.6158378424012191,JOINT,8.559742039162456,5.339600992355786,5.715760907755278,2.0665766451453957
bagel,combined,bagel/test/combined/009,0.0050048828125,1,6.01364803314209,0.7434013801171678,RGB-DOMINANT,7.737841784010018,2.6708569991279343,5.577869318138571,1.3928060852940927
bagel,combined,bagel/test/combined/010,0.0112762451171875,1,10.177709579467773,0.7317042927193067,RGB-DOMINANT,10.055373778316559,3.687026186623467,5.692143207055896,0.8853884821039006
bagel,combined,bagel/test/combined/011,0.0062408447265625,1,8.612350463867188,0.520705277786433,JOINT,7.524106796492127,6.925729985982081,5.25868594723823,1.4424009487396763
bagel,combined,bagel/test/combined/012,0.012420654296875,1,10.109295845031738,0.5968771801205794,JOINT,10.971376626608151,7.409919216390177,6.12562401039359,3.11791318274717
bagel,combined,bagel/test/combined/013,0.015289306640625,1,8.83317756652832,0.7196617353224579,RGB-DOMINANT,9.06126823726716,3.529740945047299,6.053941255026454,1.2625098150977425
bagel,combined,bagel/test/combined/014,0.011993408203125,1,12.234382629394531,0.6357553835705771,JOINT,12.458765258893525,7.138024552254106,6.657775478550751,2.7073629845910356
bagel,combined,bagel/test/combined/015,0.0037689208984375,1,7.755641460418701,0.6630497180962608,JOINT,8.597965509777573,4.369334848051117,6.3135086129010105,1.6354557210840504
bagel,combined,bagel/test/combined/016,0.005584716796875,1,7.872030258178711,0.7079688194961364,RGB-DOMINANT,7.901307093867818,3.2592216869369404,5.490077370169225,1.3348367283781337
bagel,combined,bagel/test/combined/017,0.0064544677734375,1,8.958974838256836,0.7358967306380277,RGB-DOMINANT,8.965993519163996,3.2177714168395743,6.205159263190832,1.0102635047149928
bagel,combined,bagel/test/combined/018,0.0037689208984375,1,7.537933826446533,0.7064946064502174,RGB-DOMINANT,9.660322860837361,4.013273605639642,6.386550767534904,1.4881366682427823
bagel,combined,bagel/test/combined/019,0.0153350830078125,1,8.640462875366211,0.5869560329837692,JOINT,9.251800615464992,6.510538484241979,6.227191367011121,2.535092252753791
bagel,combined,bagel/test/combined/020,0.013458251953125,1,10.4003267288208,0.5956835101037226,JOINT,10.258993934357646,6.963227538396911,6.439121340346741,1.4048765426281833
bagel,combined,bagel/test/combined/021,0.011077880859375,1,7.521231651306152,0.5668327608777091,JOINT,7.597522075045544,5.8059401674127855,5.021403127980914,2.1067343079785372
bagel,combined,bagel/test/combined/022,0.0040130615234375,1,6.387011528015137,0.6439621725275249,JOINT,5.909219555907906,3.267125210978469,3.9699266683579126,1.471594322075551
bagel,contamination,bagel/test/contamination/000,0.0022430419921875,1,9.413877487182617,0.7499062532014078,RGB-DOMINANT,6.878340128821374,2.2939255371214804,5.30791843010945,0.9955445085635866
bagel,contamination,bagel/test/contamination/001,0.00146484375,1,13.7294282913208,0.8645868647824857,RGB-DOMINANT,8.475850179331728,1.3275017567137424,6.7423361418917045,0.4259352623115021
bagel,contamination,bagel/test/contamination/002,0.0027008056640625,1,15.552351951599121,0.6777477762356581,JOINT,6.146104775912086,2.922319073887847,5.142809924872397,1.8144427648946306
bagel,contamination,bagel/test/contamination/003,0.001800537109375,1,8.447359085083008,0.6100152943847454,JOINT,9.523930961399675,6.088678163409415,6.3651607630573865,3.296224173306356
bagel,contamination,bagel/test/contamination/004,0.0034027099609375,1,6.746777057647705,0.6907806585366522,JOINT,6.528581410549082,2.9224369975206406,4.927573890184977,1.9818657906307136
bagel,contamination,bagel/test/contamination/005,0.0016632080078125,1,7.22857666015625,0.6426467822710451,JOINT,5.901160302972736,3.281426186407769,3.5627125314082098,1.6108969673160076
bagel,contamination,bagel/test/contamination/006,0.00201416015625,1,8.132429122924805,0.6553927231482631,JOINT,9.56072377356219,5.02705357044509,5.891776362971636,1.8533487767151235
bagel,contamination,bagel/test/contamination/007,0.002593994140625,1,7.686337471008301,0.7294987137210309,RGB-DOMINANT,5.865215142616817,2.1748462074584793,4.24519654240636,1.4013061961811846
bagel,contamination,bagel/test/contamination/008,0.00384521484375,1,6.0015153884887695,0.4951420605673184,JOINT,5.904040700791282,6.01989118834081,4.163609856671297,3.1452576357050406
bagel,contamination,bagel/test/contamination/009,0.002105712890625,1,6.923663139343262,0.74788074549613,RGB-DOMINANT,6.6077463158054615,2.227546754269852,5.839443814959459,1.1533597566056335
bagel,contamination,bagel/test/contamination/010,0.001190185546875,1,8.182744026184082,0.7545039403219377,RGB-DOMINANT,7.1335121900061145,2.321059289711264,6.050351445249654,1.1740947844190355
bagel,contamination,bagel/test/contamination/011,0.0023345947265625,1,8.076618194580078,0.7862041237439903,RGB-DOMINANT,8.561988529675045,2.3282974468189437,6.38074979656273,1.2328198411310092
bagel,contamination,bagel/test/contamination/012,0.0027008056640625,1,8.938796997070312,0.6170879489053998,JOINT,7.659501458510286,4.752831102851315,5.675148249374312,2.974077441346109
bagel,contamination,bagel/test/contamination/013,0.0015716552734375,1,6.016484260559082,0.6508813785724776,JOINT,5.991084219046753,3.213486330052539,3.793628693976034,1.373687758421352
bagel,contamination,bagel/test/contamination/014,0.0018768310546875,1,7.987586975097656,0.6688439718127631,JOINT,5.63530730416307,2.790135508823293,4.595900786111321,1.5541173516708195
bagel,contamination,bagel/test/contamination/015,0.0023345947265625,1,5.993844509124756,0.5743252116698783,JOINT,3.8739977271093045,2.8713045407821904,3.270858919745716,1.3077485311659378
bagel,contamination,bagel/test/contamination/016,0.0015716552734375,1,7.540975093841553,0.7563063474396285,RGB-DOMINANT,8.33262326710679,2.6848996440910256,5.886715373730166,1.5249194193572502
bagel,contamination,bagel/test/contamination/017,0.0018310546875,1,7.185097694396973,0.7724624400680671,RGB-DOMINANT,4.604602071975867,1.356336687852615,4.113550898917619,0.4810944734846038
bagel,contamination,bagel/test/contamination/018,0.0018463134765625,1,8.254955291748047,0.749779954979783,RGB-DOMINANT,8.386919564213738,2.7989207062959314,7.06086848114872,1.765126599470339
bagel,contamination,bagel/test/contamination/019,0.0040435791015625,1,6.927485466003418,0.629311451448624,JOINT,7.943143226521791,4.67881459567558,3.892969151477111,2.0456230316412305
bagel,contamination,bagel/test/contamination/020,0.0024871826171875,1,6.954439163208008,0.7295268268516942,RGB-DOMINANT,4.997380103548842,1.8527852229113648,4.249780969069663,0.6829969062205877
bagel,contamination,bagel/test/contamination/021,0.00115966796875,1,7.829442977905273,0.8156416788736552,RGB-DOMINANT,4.621644334613769,1.044622653304578,3.0674361034045523,0.21276320668951487
bagel,crack,bagel/test/crack/000,0.006439208984375,1,8.371908187866211,0.7759135008844055,RGB-DOMINANT,8.567389357594479,2.474290638842825,6.294468841408242,1.252566529850916
bagel,crack,bagel/test/crack/001,0.01324462890625,1,9.524558067321777,0.5658280617271954,JOINT,9.93024047690126,7.619684284272741,6.879034022726541,3.1550935676496588
bagel,crack,bagel/test/crack/002,0.00787353515625,1,7.460283279418945,0.609433454243906,JOINT,9.25752935079382,5.932855549959166,6.057267471889521,1.9167825967859653
bagel,crack,bagel/test/crack/003,0.008056640625,1,7.7349042892456055,0.8170042884887397,RGB-DOMINANT,9.111647950016643,2.0408603799784144,5.868367763412449,0.8528969116884724
bagel,crack,bagel/test/crack/004,0.0056304931640625,1,8.232625007629395,0.6411429541662823,JOINT,9.02053256485333,5.048922406293206,6.211837148446401,2.0219079560505304
bagel,crack,bagel/test/crack/005,0.022705078125,1,8.184700012207031,0.6346187406660183,JOINT,8.17729640964282,4.708071215085988,5.871775620584397,2.2735254596903878
bagel,crack,bagel/test/crack/006,0.0120697021484375,1,8.426552772521973,0.6318938330059783,JOINT,8.573749124423987,4.994587904193665,6.061452730009553,2.1212709759338404
bagel,crack,bagel/test/crack/007,0.01129150390625,1,7.689342975616455,0.5516299196349955,JOINT,7.562260734634443,6.146676931415917,5.553703929551751,2.327952633210563
bagel,crack,bagel/test/crack/008,0.00872802734375,1,8.550174713134766,0.4908045367639829,JOINT,8.494589823160782,8.81288941972386,5.681474922286165,3.8330193389641956
bagel,crack,bagel/test/crack/009,0.008636474609375,1,9.278148651123047,0.6864144349580518,JOINT,11.471307326851269,5.240617796252921,5.975798114664396,1.9633829690864433
bagel,crack,bagel/test/crack/010,0.0057830810546875,1,10.436065673828125,0.801853595393497,RGB-DOMINANT,10.367638759610365,2.561950902788062,7.827397748650606,0.6841025872744294
bagel,crack,bagel/test/crack/011,0.0131683349609375,1,11.22861385345459,0.6657002376531836,JOINT,11.00941538414093,5.528681037835074,6.452712315058224,1.023421429615559
bagel,crack,bagel/test/crack/012,0.0105133056640625,1,8.625043869018555,0.6278980370697813,JOINT,9.536483968593926,5.651464993947667,6.332886242398591,2.672049734607273
bagel,crack,bagel/test/crack/013,0.0126800537109375,1,10.59813404083252,0.6579816015812522,JOINT,10.596119958084664,5.507855099331252,6.770883239064833,2.1021415884067953
bagel,crack,bagel/test/crack/014,0.0131072998046875,1,9.147377014160156,0.6373999432518477,JOINT,9.029486142201666,5.136636086701667,6.591599485957512,1.8576087910134549
bagel,crack,bagel/test/crack/015,0.0055694580078125,1,8.666793823242188,0.6897126337613123,JOINT,9.127846792546208,4.106427390681865,6.855376057206158,0.971814550156649
bagel,crack,bagel/test/crack/016,0.0075531005859375,1,6.949149131774902,0.6660363852025326,JOINT,8.86382474132111,4.4444933509244935,6.452781347901602,1.9966815085066036
bagel,crack,bagel/test/crack/017,0.0301666259765625,1,11.855843544006348,0.7039738781173684,RGB-DOMINANT,11.312494905913638,4.756985160864791,6.16197617976079,2.017886460530839
bagel,crack,bagel/test/crack/018,0.0115966796875,1,11.032279014587402,0.6183251322640665,JOINT,11.054431249858622,6.823591257582498,7.734369761337733,2.5124583782278362
bagel,crack,bagel/test/crack/019,0.0101470947265625,1,7.711483478546143,0.5446671728423922,JOINT,7.9244146266597735,6.624679714088486,5.434157235667056,2.9819193814150844
bagel,crack,bagel/test/crack/020,0.0066680908203125,1,8.572782516479492,0.5939748831491827,JOINT,8.925513388838922,6.101237822495227,5.835453579399974,1.9972853315066852
bagel,crack,bagel/test/crack/021,0.0080108642578125,1,11.756464958190918,0.6697556714972994,JOINT,11.496980154493368,5.6689506080415075,7.645974114741539,1.1702118594120994
bagel,good,bagel/test/good/000,0.0,0,6.369810104370117,0.0,UNCERTAIN,0.0,0.0,0.0,0.0
bagel,good,bagel/test/good/001,0.0,0,7.235415458679199,0.0,UNCERTAIN,0.0,0.0,0.0,0.0
bagel,good,bagel/test/good/002,0.0,0,7.089837074279785,0.0,UNCERTAIN,0.0,0.0,0.0,0.0
bagel,good,bagel/test/good/003,0.0,0,5.696762561798096,0.0,UNCERTAIN,0.0,0.0,0.0,0.0
bagel,good,bagel/test/good/004,0.0,0,6.965498447418213,0.0,UNCERTAIN,0.0,0.0,0.0,0.0
bagel,good,bagel/test/good/005,0.0,0,6.548980236053467,0.0,UNCERTAIN,0.0,0.0,0.0,0.0
bagel,good,bagel/test/good/006,0.0,0,6.370577812194824,0.0,UNCERTAIN,0.0,0.0,0.0,0.0
bagel,good,bagel/test/good/007,0.0,0,6.468290328979492,0.0,UNCERTAIN,0.0,0.0,0.0,0.0
bagel,good,bagel/test/good/008,0.0,0,5.346054553985596,0.0,UNCERTAIN,0.0,0.0,0.0,0.0
bagel,good,bagel/test/good/009,0.0,0,5.6212921142578125,0.0,UNCERTAIN,0.0,0.0,0.0,0.0
bagel,good,bagel/test/good/010,0.0,0,5.295628547668457,0.0,UNCERTAIN,0.0,0.0,0.0,0.0
bagel,good,bagel/test/good/011,0.0,0,6.724690914154053,0.0,UNCERTAIN,0.0,0.0,0.0,0.0
bagel,good,bagel/test/good/012,0.0,0,7.704808712005615,0.0,UNCERTAIN,0.0,0.0,0.0,0.0
bagel,good,bagel/test/good/013,0.0,0,6.130844593048096,0.0,UNCERTAIN,0.0,0.0,0.0,0.0
bagel,good,bagel/test/good/014,0.0,0,6.870927810668945,0.0,UNCERTAIN,0.0,0.0,0.0,0.0
bagel,good,bagel/test/good/015,0.0,0,5.702766418457031,0.0,UNCERTAIN,0.0,0.0,0.0,0.0
bagel,good,bagel/test/good/016,0.0,0,5.734455585479736,0.0,UNCERTAIN,0.0,0.0,0.0,0.0
bagel,good,bagel/test/good/017,0.0,0,7.309230804443359,0.0,UNCERTAIN,0.0,0.0,0.0,0.0
bagel,good,bagel/test/good/018,0.0,0,7.962242603302002,0.0,UNCERTAIN,0.0,0.0,0.0,0.0
bagel,good,bagel/test/good/019,0.0,0,6.732856273651123,0.0,UNCERTAIN,0.0,0.0,0.0,0.0
bagel,good,bagel/test/good/020,0.0,0,7.3960862159729,0.0,UNCERTAIN,0.0,0.0,0.0,0.0
bagel,good,bagel/test/good/021,0.0,0,8.997504234313965,0.0,UNCERTAIN,0.0,0.0,0.0,0.0
bagel,hole,bagel/test/hole/000,0.0028533935546875,1,8.392529487609863,0.6153699695285516,JOINT,8.64880263958554,5.405835143343009,6.870473032843238,2.048725270565741
bagel,hole,bagel/test/hole/001,0.0030670166015625,1,9.089507102966309,0.679193424205823,JOINT,9.567809407858823,4.51920673169374,6.5541813359316965,2.003245504053352
bagel,hole,bagel/test/hole/002,0.0023651123046875,1,8.682191848754883,0.6679034400565387,JOINT,7.197383606533638,3.578699442268946,5.882147222371579,1.1375921318351145
bagel,hole,bagel/test/hole/003,0.0015716552734375,1,6.886624336242676,0.7447498591539906,RGB-DOMINANT,7.152940605601132,2.451545750363754,5.781226050386023,1.3423946371563071
bagel,hole,bagel/test/hole/004,0.0020599365234375,1,8.563753128051758,0.6247984456259025,JOINT,9.233952689964473,5.545136678472991,5.577710970079095,1.9931582812280448
bagel,hole,bagel/test/hole/005,0.000732421875,1,6.8430280685424805,0.6185334219756938,JOINT,5.887712031508626,3.6311129887609677,5.487498116065617,1.7380968132893342
bagel,hole,bagel/test/hole/006,0.0010986328125,1,8.570846557617188,0.5432571932383881,JOINT,5.609336486234162,4.716041645511113,4.53764874623621,2.6351028881465846
bagel,hole,bagel/test/hole/007,0.002166748046875,1,8.869433403015137,0.8343175038947873,RGB-DOMINANT,7.442447813571057,1.477953525859661,6.087358921315393,0.4292410996738969
bagel,hole,bagel/test/hole/008,0.0026397705078125,1,8.703180313110352,0.6557982034148304,JOINT,8.703106153542235,4.56790534424135,6.834289592920397,3.1437726724128283
bagel,hole,bagel/test/hole/009,0.0019683837890625,1,5.858696460723877,0.8179449331757864,RGB-DOMINANT,6.405723072617964,1.4257604354489075,5.225032450135563,0.47741076211126343
bagel,hole,bagel/test/hole/010,0.001434326171875,1,6.639820575714111,0.7158090981874765,RGB-DOMINANT,5.452740687892327,2.1648489542207567,4.5130860309054865,0.7947462485670111
bagel,hole,bagel/test/hole/011,0.00274658203125,1,10.06840991973877,0.7356852963346086,RGB-DOMINANT,10.23144663569521,3.675921026790178,8.42104073504881,1.2499939228438106
bagel,hole,bagel/test/hole/012,0.0021820068359375,1,8.14467716217041,0.7494945402177359,RGB-DOMINANT,8.805250820546195,2.943000298793033,6.716417267665145,1.1874783712404926
bagel,hole,bagel/test/hole/013,0.0023345947265625,1,8.24173641204834,0.5410363911620714,JOINT,7.129761396369648,6.04820772326668,6.6296452353090904,3.600703359281164
bagel,hole,bagel/test/hole/014,0.002166748046875,1,8.02485466003418,0.7240163863533946,RGB-DOMINANT,8.075688982429387,3.0783241181404586,6.023444693437196,1.3034161870543255
bagel,hole,bagel/test/hole/015,0.001129150390625,1,8.770914077758789,0.5468732050858272,JOINT,5.422309200742788,4.492802023290574,4.701353872646477,2.717165139303789
bagel,hole,bagel/test/hole/016,0.0015106201171875,1,7.142931938171387,0.6767415396426755,JOINT,7.242277988613929,3.4594107472310234,6.391562036178977,2.1569558875881816
bagel,hole,bagel/test/hole/017,0.0022430419921875,1,6.898598670959473,0.5836475944702458,JOINT,5.995346752937977,4.276855559027559,4.424511803663186,1.7131737392616433
bagel,hole,bagel/test/hole/018,0.003082275390625,1,6.696749210357666,0.7914189702882177,RGB-DOMINANT,6.241016191238234,1.6448390057207432,5.104025691087073,0.8712600922482714
bagel,hole,bagel/test/hole/019,0.0062255859375,1,9.686529159545898,0.7979245896821046,RGB-DOMINANT,9.98542357175737,2.528820133667226,6.56748401438351,0.825649442662701
bagel,hole,bagel/test/hole/020,0.00213623046875,1,6.824820518493652,0.6528742160479224,JOINT,7.570349417320528,4.025067553305607,6.006230240354945,2.2483691350892028
cable_gland,bent,cable_gland/test/bent/000,0.002777099609375,1,10.074663162231445,0.6678630315223534,JOINT,7.952162997519363,3.954713044907867,5.432526936948999,0.8803133856503763
cable_gland,bent,cable_gland/test/bent/001,0.005218505859375,1,8.61734390258789,0.8035810862873086,RGB-DOMINANT,9.832810640597428,2.403427873235344,6.606574962400575,0.7326570957192297
cable_gland,bent,cable_gland/test/bent/002,0.0045623779296875,1,9.63220500946045,0.8675516685069156,RGB-DOMINANT,9.741920695271265,1.4872892542476561,5.427586603089066,-0.09926308599323913
cable_gland,bent,cable_gland/test/bent/003,0.0051116943359375,1,9.893135070800781,0.6284279279477489,JOINT,8.149579326622897,4.818620105265771,5.7593539055702925,-0.0853695709475828
cable_gland,bent,cable_gland/test/bent/004,0.0040283203125,1,9.373865127563477,0.7903117691372487,RGB-DOMINANT,7.8401170487837915,2.080165761923634,4.975891585508101,0.8358013478001768
cable_gland,bent,cable_gland/test/bent/005,0.004730224609375,1,11.076889991760254,0.685643963504061,JOINT,12.148108996987895,5.56969930873925,6.812799579552431,1.6744431781508264
cable_gland,bent,cable_gland/test/bent/006,0.0019378662109375,1,9.820331573486328,0.6882690490122474,JOINT,8.40365609160476,3.80618454469294,3.455224793685114,1.2096850899916418
cable_gland,bent,cable_gland/test/bent/007,0.005035400390625,1,8.310683250427246,0.7216972238092711,RGB-DOMINANT,8.235166630218872,3.175665553746995,5.133188442483113,0.6165345949094746
cable_gland,bent,cable_gland/test/bent/008,0.001617431640625,1,11.862632751464844,0.8453024639523075,RGB-DOMINANT,9.175757058833645,1.679240536499147,5.700164198338365,0.8869358713483252
cable_gland,bent,cable_gland/test/bent/009,0.004364013671875,1,9.543042182922363,0.7080429282159363,RGB-DOMINANT,5.976103735366372,2.464207987513903,4.490403786316068,0.7116640850428756
cable_gland,bent,cable_gland/test/bent/010,0.0051116943359375,1,10.219460487365723,0.7587155517609827,RGB-DOMINANT,9.732741604404069,3.095176346004059,6.4293727045661235,0.6438209444000489
cable_gland,bent,cable_gland/test/bent/011,0.0052642822265625,1,8.383708000183105,0.7332870940008621,RGB-DOMINANT,5.911954124852173,2.15030885499802,4.487851199399792,0.40465894577535083
cable_gland,bent,cable_gland/test/bent/012,0.0050048828125,1,10.695317268371582,0.6946725653535505,JOINT,7.43897498552143,3.2696302795545438,3.5720297720809997,0.8856792277281836
cable_gland,bent,cable_gland/test/bent/013,0.0058746337890625,1,8.504042625427246,0.9410569385930994,RGB-DOMINANT,8.385743622781096,0.5252396958914444,3.8983937768749604,-0.2637057309852637
cable_gland,bent,cable_gland/test/bent/014,0.005340576171875,1,8.884927749633789,0.7888129589710468,RGB-DOMINANT,7.074679262222348,1.894086264446776,5.579157984775345,0.12678395947183163
cable_gland,bent,cable_gland/test/bent/015,0.004486083984375,1,8.393330574035645,0.5838319770746164,JOINT,5.204045797898463,3.709555064017645,3.365923837039169,1.6579571376878828
cable_gland,bent,cable_gland/test/bent/016,0.001220703125,1,10.60532283782959,0.8527616968752301,RGB-DOMINANT,5.534978152041523,0.9556713688757653,4.293912654773293,-0.2426967807245532
cable_gland,bent,cable_gland/test/bent/017,0.002899169921875,1,7.529151916503906,0.70871650294099,RGB-DOMINANT,6.470967279669441,2.659575813513945,4.8557019768827425,0.6055441814125689
cable_gland,bent,cable_gland/test/bent/018,0.004241943359375,1,8.30473804473877,0.6666200788297924,JOINT,6.050772569818993,3.026019587147907,3.3600264677272436,1.045418459180812
cable_gland,bent,cable_gland/test/bent/019,0.0041351318359375,1,9.801473617553711,0.7825772432206405,RGB-DOMINANT,5.663239444775454,1.5734119033925025,4.12076629689192,0.02718429881732961
cable_gland,bent,cable_gland/test/bent/020,0.0045166015625,1,8.619807243347168,0.46508957236220094,JOINT,6.987987158423164,8.037046961007729,5.654560591739622,1.1852647751236145
cable_gland,cut,cable_gland/test/cut/000,0.0041656494140625,1,11.052837371826172,0.8074008975579055,RGB-DOMINANT,11.444493443198782,2.7299924539724003,6.233695040287938,0.8577889666119467
cable_gland,cut,cable_gland/test/cut/001,0.007354736328125,1,9.163849830627441,0.8248526653570879,RGB-DOMINANT,12.247744364167541,2.6006571185538507,8.205921412998434,0.6976241249756617
cable_gland,cut,cable_gland/test/cut/002,0.003509521484375,1,11.015538215637207,0.7796692861022619,RGB-DOMINANT,5.867138850598428,1.6580236452339447,4.1165508713491015,-1.4577079193880342
cable_gland,cut,cable_gland/test/cut/003,0.00347900390625,1,12.561519622802734,0.6370265947539894,JOINT,8.301791339200767,4.730303035729069,5.680542793244897,-0.932217734667526
cable_gland,cut,cable_gland/test/cut/004,0.0018768310546875,1,12.807586669921875,0.5358041602371545,JOINT,6.556234743495687,5.680016286712153,3.1486672790802417,-0.1388666895536027
cable_gland,cut,cable_gland/test/cut/005,0.0036773681640625,1,8.48749828338623,0.7547297193796456,RGB-DOMINANT,7.163636084446514,2.3280205255581707,5.680994009727672,0.5290181615019869
cable_gland,cut,cable_gland/test/cut/006,0.00311279296875,1,12.95116138458252,0.7331391128849504,RGB-DOMINANT,8.801989686653307,3.2039022359284686,6.92097768339863,1.1829825648332921
cable_gland,cut,cable_gland/test/cut/007,0.0063934326171875,1,10.18232536315918,0.8104844436014164,RGB-DOMINANT,14.160392331091698,3.31112317102584,9.008789753935448,1.1785006361871608
cable_gland,cut,cable_gland/test/cut/008,0.004180908203125,1,11.129329681396484,0.8169373630723022,RGB-DOMINANT,10.774549342782166,2.414403706597719,6.485698313050519,0.6700315037762021
cable_gland,cut,cable_gland/test/cut/009,0.0048980712890625,1,11.880219459533691,0.812390866206625,RGB-DOMINANT,11.917661115854218,2.7521989222228123,8.16893466782448,-0.09733936973535957
cable_gland,cut,cable_gland/test/cut/010,0.0077056884765625,1,10.570438385009766,0.7324124971022183,RGB-DOMINANT,11.513851562295963,4.206594054672461,8.181669624043353,1.0019127519167395
cable_gland,cut,cable_gland/test/cut/011,0.00372314453125,1,10.811592102050781,0.7807656079859931,RGB-DOMINANT,9.942450915170387,2.791780757830182,6.880147851517008,0.5051866096989903
cable_gland,cut,cable_gland/test/cut/012,0.001190185546875,1,12.028258323669434,0.9999998927515591,RGB-DOMINANT,9.324143858742472,-0.1332597320126866,7.235574363216449,-0.38012356551583637
cable_gland,cut,cable_gland/test/cut/013,0.001800537109375,1,8.41914176940918,0.8340487490486486,RGB-DOMINANT,12.882898503589754,2.5633181405042342,9.016302956281809,1.6900133253663265
cable_gland,cut,cable_gland/test/cut/014,0.00347900390625,1,11.418658256530762,0.8636983508750431,RGB-DOMINANT,13.114001590465307,2.0695410358239554,8.966273806072326,0.4221866608986339
cable_gland,cut,cable_gland/test/cut/015,0.0036163330078125,1,11.977898597717285,0.7100158298460324,RGB-DOMINANT,8.287994090326952,3.384975767413237,6.144960679221584,1.4928729256147886
cable_gland,cut,cable_gland/test/cut/016,0.0041046142578125,1,11.799471855163574,0.8305787797621487,RGB-DOMINANT,9.691851797726383,1.9769401378477987,6.06448711713471,0.8684833110107082
cable_gland,cut,cable_gland/test/cut/017,0.004669189453125,1,8.208555221557617,0.7283941124284296,RGB-DOMINANT,7.75353407200729,2.8911611710161416,5.884665167111377,0.8264164227218872
cable_gland,cut,cable_gland/test/cut/018,0.002960205078125,1,9.390617370605469,0.6984623132151696,JOINT,7.6363124636969895,3.296720887928125,4.470525638947583,-1.6211872888299184
cable_gland,cut,cable_gland/test/cut/019,0.0047760009765625,1,10.628440856933594,0.8154955482602,RGB-DOMINANT,10.701243487098608,2.42113675695469,6.6174876103711116,0.5562023774394969
cable_gland,cut,cable_gland/test/cut/020,0.0018310546875,1,9.98245620727539,0.794449610434026,RGB-DOMINANT,10.321439749222574,2.6704968307879895,7.017172138165802,0.4878872614694145
cable_gland,cut,cable_gland/test/cut/021,0.003326416015625,1,8.699392318725586,0.834571488528382,RGB-DOMINANT,6.318618636510326,1.2524737010443543,3.035008140642109,-0.0332893214812534
cable_gland,good,cable_gland/test/good/000,0.0,0,10.009763717651367,0.0,UNCERTAIN,0.0,0.0,0.0,0.0
cable_gland,good,cable_gland/test/good/001,0.0,0,9.744147300720215,0.0,UNCERTAIN,0.0,0.0,0.0,0.0
cable_gland,good,cable_gland/test/good/002,0.0,0,8.455881118774414,0.0,UNCERTAIN,0.0,0.0,0.0,0.0
cable_gland,good,cable_gland/test/good/003,0.0,0,7.505950450897217,0.0,UNCERTAIN,0.0,0.0,0.0,0.0
cable_gland,good,cable_gland/test/good/004,0.0,0,7.9303879737854,0.0,UNCERTAIN,0.0,0.0,0.0,0.0
cable_gland,good,cable_gland/test/good/005,0.0,0,8.136204719543457,0.0,UNCERTAIN,0.0,0.0,0.0,0.0
cable_gland,good,cable_gland/test/good/006,0.0,0,12.451026916503906,0.0,UNCERTAIN,0.0,0.0,0.0,0.0
cable_gland,good,cable_gland/test/good/007,0.0,0,6.728143692016602,0.0,UNCERTAIN,0.0,0.0,0.0,0.0
cable_gland,good,cable_gland/test/good/008,0.0,0,10.120646476745605,0.0,UNCERTAIN,0.0,0.0,0.0,0.0
cable_gland,good,cable_gland/test/good/009,0.0,0,7.6308183670043945,0.0,UNCERTAIN,0.0,0.0,0.0,0.0
cable_gland,good,cable_gland/test/good/010,0.0,0,8.559487342834473,0.0,UNCERTAIN,0.0,0.0,0.0,0.0
cable_gland,good,cable_gland/test/good/011,0.0,0,8.981064796447754,0.0,UNCERTAIN,0.0,0.0,0.0,0.0
cable_gland,good,cable_gland/test/good/012,0.0,0,6.479620456695557,0.0,UNCERTAIN,0.0,0.0,0.0,0.0
cable_gland,good,cable_gland/test/good/013,0.0,0,7.518136024475098,0.0,UNCERTAIN,0.0,0.0,0.0,0.0
cable_gland,good,cable_gland/test/good/014,0.0,0,8.149382591247559,0.0,UNCERTAIN,0.0,0.0,0.0,0.0
cable_gland,good,cable_gland/test/good/015,0.0,0,10.469168663024902,0.0,UNCERTAIN,0.0,0.0,0.0,0.0
cable_gland,good,cable_gland/test/good/016,0.0,0,9.777469635009766,0.0,UNCERTAIN,0.0,0.0,0.0,0.0
cable_gland,good,cable_gland/test/good/017,0.0,0,7.0975189208984375,0.0,UNCERTAIN,0.0,0.0,0.0,0.0
cable_gland,good,cable_gland/test/good/018,0.0,0,11.867044448852539,0.0,UNCERTAIN,0.0,0.0,0.0,0.0
cable_gland,good,cable_gland/test/good/019,0.0,0,6.895527362823486,0.0,UNCERTAIN,0.0,0.0,0.0,0.0
cable_gland,good,cable_gland/test/good/020,0.0,0,8.599857330322266,0.0,UNCERTAIN,0.0,0.0,0.0,0.0
cable_gland,hole,cable_gland/test/hole/000,0.001861572265625,1,8.748246192932129,0.9131853303484873,RGB-DOMINANT,9.843812064022254,0.9358301659732229,6.844629430012433,0.20851994232429724
cable_gland,hole,cable_gland/test/hole/001,0.0010528564453125,1,9.489774703979492,0.7618853685671706,RGB-DOMINANT,8.022420837866148,2.5072735321255415,5.303257160884307,1.8415756569309993
cable_gland,hole,cable_gland/test/hole/002,0.0005340576171875,1,9.674190521240234,0.726083222573897,RGB-DOMINANT,4.729314636659932,1.7841452031250096,3.5385498621503046,0.806332103304169
cable_gland,hole,cable_gland/test/hole/003,0.001617431640625,1,10.708475112915039,0.9059660485260526,RGB-DOMINANT,6.841799534184844,0.7101375823880717,3.8737858000770933,0.029874947083455266
cable_gland,hole,cable_gland/test/hole/004,0.000579833984375,1,8.204385757446289,0.7730854623987267,RGB-DOMINANT,8.73383320690182,2.563536694114111,6.494903237947251,1.9879322341424621
cable_gland,hole,cable_gland/test/hole/005,0.0009765625,1,8.400686264038086,0.7067864196936268,RGB-DOMINANT,6.333799935427909,2.627604885263221,5.815958172990592,1.5275842084620093
cable_gland,hole,cable_gland/test/hole/006,0.0007781982421875,1,7.898312568664551,0.9560155614563299,RGB-DOMINANT,12.933212715132779,0.5950312596992117,10.41676502173651,0.32938978593790796
cable_gland,hole,cable_gland/test/hole/007,0.0004425048828125,1,10.829580307006836,0.6849830547352235,JOINT,6.177862743285122,2.8411370926890487,4.990119249324711,1.9656374053896069
cable_gland,hole,cable_gland/test/hole/008,0.001800537109375,1,8.503817558288574,0.9161830815151518,RGB-DOMINANT,7.3308629328718,0.670662269454785,6.572656144260056,0.12303485293460083
cable_gland,hole,cable_gland/test/hole/009,0.0007476806640625,1,8.9808931350708,0.8312311828504622,RGB-DOMINANT,9.95431515184365,2.0210709092002612,8.50682023777335,1.5404366602022141
cable_gland,hole,cable_gland/test/hole/010,0.00091552734375,1,11.902194023132324,0.9638765392600751,RGB-DOMINANT,7.847165501073994,0.29408933558939454,6.497052430919819,0.05794004343430475
cable_gland,hole,cable_gland/test/hole/011,0.0005950927734375,1,8.848381042480469,0.8687393792050668,RGB-DOMINANT,9.812934439872723,1.4826667565558234,6.595692880754948,0.9159133850728185
cable_gland,hole,cable_gland/test/hole/012,0.0014801025390625,1,8.782424926757812,0.7455877852834432,RGB-DOMINANT,8.249202095398298,2.8148221719446695,7.107284266712239,1.8612023260178425
cable_gland,hole,cable_gland/test/hole/013,0.0016021728515625,1,10.913050651550293,0.7284675948941637,RGB-DOMINANT,11.988024977983201,4.468471280106768,9.940196751394433,1.9519609528000788
cable_gland,hole,cable_gland/test/hole/014,0.0014190673828125,1,8.375785827636719,0.999999909337172,RGB-DOMINANT,11.029877741481496,-0.25280669091394087,6.309336242735086,-0.7971238622000527
cable_gland,hole,cable_gland/test/hole/015,0.002655029296875,1,8.495464324951172,0.6388251671754133,JOINT,11.274796043265082,6.37447011556801,8.140171220445904,2.4464660205252393
cable_gland,hole,cable_gland/test/hole/016,0.00250244140625,1,10.214922904968262,0.679484668119755,JOINT,10.346841725386446,4.880640999916503,7.661406521996555,2.8163664202664993
cable_gland,hole,cable_gland/test/hole/017,0.0006256103515625,1,11.168543815612793,0.8327135425054603,RGB-DOMINANT,8.827308486732818,1.7733449233939829,5.444312357471745,0.8572055828283447
cable_gland,hole,cable_gland/test/hole/018,0.0005950927734375,1,9.82695198059082,0.9291264616174901,RGB-DOMINANT,9.445063253960575,0.7204661061563149,7.242654755123047,0.09929478568580477
cable_gland,hole,cable_gland/test/hole/019,0.00067138671875,1,9.35042953491211,0.6704883631360787,JOINT,8.80356603980412,4.326513247685368,6.579617582404382,2.1306313492338727
cable_gland,hole,cable_gland/test/hole/020,0.0008697509765625,1,8.766491889953613,0.7688962496627483,RGB-DOMINANT,7.93271044031767,2.384298746423519,5.713997787424376,0.4805159669457656
cable_gland,hole,cable_gland/test/hole/021,0.0021209716796875,1,10.315411567687988,0.9488429167546661,RGB-DOMINANT,12.193521808231692,0.6574155219370968,7.864154107397926,-0.4650980845716024
cable_gland,thread,cable_gland/test/thread/000,0.0031280517578125,1,9.147933006286621,0.999999885183665,RGB-DOMINANT,8.70956109466791,-0.8380168976658924,6.230101438437023,-0.8944369482528005
cable_gland,thread,cable_gland/test/thread/001,0.0038604736328125,1,9.051347732543945,0.9999999086620006,RGB-DOMINANT,10.948344772941615,-0.7460207979414588,8.760689671746341,-0.9694871901301366
cable_gland,thread,cable_gland/test/thread/002,0.005523681640625,1,9.140484809875488,0.9215136768073783,RGB-DOMINANT,9.987724323296792,0.85066435519357,6.048300033113426,0.2387610001482121
cable_gland,thread,cable_gland/test/thread/003,0.005035400390625,1,8.533112525939941,0.9999999100421776,RGB-DOMINANT,11.116319651618921,-0.03431957997052615,8.914834627879836,-0.8872293247453774
cable_gland,thread,cable_gland/test/thread/004,0.0053558349609375,1,9.269282341003418,0.848529684131786,RGB-DOMINANT,12.489176856066859,2.2294313919357767,8.186666983392891,-0.07125390345247526
cable_gland,thread,cable_gland/test/thread/005,0.002838134765625,1,9.084759712219238,0.9999998805991676,RGB-DOMINANT,8.375149983972534,-0.0022393749148632057,6.641316604808698,-0.451864271303237
cable_gland,thread,cable_gland/test/thread/006,0.0028839111328125,1,10.01310920715332,0.8834887102276554,RGB-DOMINANT,12.795034615114092,1.6873618020720271,8.635454023567531,0.9478979889516851
cable_gland,thread,cable_gland/test/thread/007,0.0036163330078125,1,8.652697563171387,0.9526436834656428,RGB-DOMINANT,8.714199658540558,0.43318551510097125,6.788550144612806,-0.7659019585144456
cable_gland,thread,cable_gland/test/thread/008,0.0047149658203125,1,7.867981910705566,0.9999999305301283,RGB-DOMINANT,14.394728306014196,-0.5200312568599604,9.317077003272543,-0.8337759199833455
cable_gland,thread,cable_gland/test/thread/009,0.002838134765625,1,9.728657722473145,0.8022534603874291,RGB-DOMINANT,12.417002638736395,3.060651805392075,9.842831924199075,0.3524834855501478
cable_gland,thread,cable_gland/test/thread/010,0.0035400390625,1,9.73445987701416,0.999999921410955,RGB-DOMINANT,12.724418784900216,-0.40597798943039864,8.741649885935793,-0.6488092279568636
cable_gland,thread,cable_gland/test/thread/011,0.003631591796875,1,14.308423042297363,0.8462559435220771,RGB-DOMINANT,13.155708075389972,2.390070160897031,9.77157080257404,0.020819100961887514
cable_gland,thread,cable_gland/test/thread/012,0.0053863525390625,1,8.271699905395508,0.9999999077047114,RGB-DOMINANT,10.834788235612601,-0.7255317857032983,7.606871357913498,-0.9348898135086537
cable_gland,thread,cable_gland/test/thread/013,0.0052337646484375,1,9.478941917419434,0.9999999014442219,RGB-DOMINANT,10.146537522633894,-0.31915841191454314,7.191637830732862,-0.8498652589414396
cable_gland,thread,cable_gland/test/thread/014,0.0034637451171875,1,9.024188041687012,0.9664568992587989,RGB-DOMINANT,12.55734464776582,0.4358304135736736,8.721498866328037,-0.9292524249964131
cable_gland,thread,cable_gland/test/thread/015,0.00299072265625,1,9.371529579162598,0.9999999059117403,RGB-DOMINANT,10.628317579768412,-0.35418911291428035,7.985989675571633,-0.7811126261638989
cable_gland,thread,cable_gland/test/thread/016,0.0031585693359375,1,8.677520751953125,0.9905680465523103,RGB-DOMINANT,12.692099220152205,0.1208501514323449,7.655295964037243,-0.45624588977761643
cable_gland,thread,cable_gland/test/thread/017,0.005340576171875,1,9.411319732666016,0.9999999116784519,RGB-DOMINANT,11.322264301905609,-0.19832997147342332,7.024051730647162,-0.6640054375751034
cable_gland,thread,cable_gland/test/thread/018,0.00396728515625,1,10.98870849609375,0.9999999108062453,RGB-DOMINANT,11.211546287082223,-0.2775936465121931,9.342639906329598,-0.9193372430719289
cable_gland,thread,cable_gland/test/thread/019,0.0044097900390625,1,9.594389915466309,0.983940691877472,RGB-DOMINANT,14.730666973224226,0.2404243851133684,9.823018171869307,-0.1332182429788122
cable_gland,thread,cable_gland/test/thread/020,0.0023040771484375,1,9.10164737701416,0.9560625588443394,RGB-DOMINANT,9.142447033273061,0.4201553222272162,6.612866441945063,-0.44528423220701524
cable_gland,thread,cable_gland/test/thread/021,0.004730224609375,1,9.584507942199707,0.9232891751178702,RGB-DOMINANT,9.7254908678767,0.8080344963147921,6.8665005903153835,-0.5323041494387069
carrot,combined,carrot/test/combined/000,0.0087738037109375,1,22.72684097290039,0.7089329758487453,RGB-DOMINANT,22.04497658796573,9.051017857263984,9.138018042440242,4.664164780889659
carrot,combined,carrot/test/combined/001,0.0035858154296875,1,9.034845352172852,0.6005952654765154,JOINT,8.57632811515986,5.703384043010571,3.3609719634354707,2.6023651013226106
carrot,combined,carrot/test/combined/002,0.004669189453125,1,11.34402847290039,0.7128959843052198,RGB-DOMINANT,15.361342035748969,6.186459692751395,10.331559587976368,3.764675096738034
carrot,combined,carrot/test/combined/003,0.0069580078125,1,15.386604309082031,0.7265840959257182,RGB-DOMINANT,16.866583950375194,6.346948135407538,7.812847095568877,3.69805367134513
carrot,combined,carrot/test/combined/004,0.004119873046875,1,18.386972427368164,0.6440949091796065,JOINT,18.887787429270617,10.436752348932828,11.329134411556618,5.971572181575934
carrot,combined,carrot/test/combined/005,0.002716064453125,1,21.275026321411133,0.7193098590472892,RGB-DOMINANT,21.353243935027272,8.332492951714881,13.469649946053707,4.307901978878212
carrot,combined,carrot/test/combined/006,0.003509521484375,1,8.386075973510742,0.7017184606410265,RGB-DOMINANT,15.153851172123286,6.441491291236786,7.931867135796515,2.542798908362581
carrot,combined,carrot/test/combined/007,0.003326416015625,1,10.614144325256348,0.6598985166904404,JOINT,11.355938806786419,5.8526741233362785,5.439819366209006,2.9383901436619166
carrot,combined,carrot/test/combined/008,0.00457763671875,1,8.61129093170166,0.5631473031033536,JOINT,9.939284993100097,7.710243603023983,4.265516776415,1.6550689982548967
carrot,combined,carrot/test/combined/009,0.004425048828125,1,12.191110610961914,0.8729085987610979,RGB-DOMINANT,17.686517817185585,2.5750731092632004,8.042708096632651,1.2995849881793966
carrot,combined,carrot/test/combined/010,0.007415771484375,1,11.518599510192871,0.7218368529085941,RGB-DOMINANT,12.351119184057435,4.759559513563173,5.9258505092897815,1.5981270136571106
carrot,combined,carrot/test/combined/011,0.0015411376953125,1,17.329769134521484,0.7374715787414056,RGB-DOMINANT,19.45513604688349,6.925725087608929,11.157132374189029,4.206537778454913
carrot,combined,carrot/test/combined/012,0.00408935546875,1,6.574734687805176,0.6329507085700375,JOINT,7.371498347883938,4.274744582449327,3.981699785331122,2.078242832250791
carrot,combined,carrot/test/combined/013,0.0020904541015625,1,19.364322662353516,0.7859120287919169,RGB-DOMINANT,19.719533799783612,5.371738876350285,13.824339912507888,3.4070038510986294
carrot,combined,carrot/test/combined/014,0.00177001953125,1,23.2214298248291,0.7335727091439649,RGB-DOMINANT,23.221429841433597,8.4338223488488,16.164694332082576,3.8222325729232924
carrot,combined,carrot/test/combined/015,0.003997802734375,1,8.771398544311523,0.7764339372907447,RGB-DOMINANT,12.883476371919999,3.7096617905373344,6.576242578480226,1.5939574640386427
carrot,combined,carrot/test/combined/016,0.003265380859375,1,16.651952743530273,0.7455380475367852,RGB-DOMINANT,21.717951267543036,7.412621737764804,7.647078308086632,2.4905078960018883
carrot,combined,carrot/test/combined/017,0.00225830078125,1,8.599464416503906,0.6480942470294239,JOINT,11.940343556908102,6.4834319410894246,4.905177220104171,4.192570130302497
carrot,combined,carrot/test/combined/018,0.0023345947265625,1,8.875465393066406,0.6819282465732902,JOINT,12.513298533165456,5.836576126106838,9.17642094326142,2.8776370951654062
carrot,combined,carrot/test/combined/019,0.00201416015625,1,12.059670448303223,0.8103806009152508,RGB-DOMINANT,14.9768773785828,3.504409749079421,8.105274410789155,1.929514649535871
carrot,combined,carrot/test/combined/020,0.0031585693359375,1,19.954954147338867,0.7883101736720464,RGB-DOMINANT,22.191602050288036,5.9592477080077835,10.291555007518093,2.109245944329854
carrot,combined,carrot/test/combined/021,0.0023651123046875,1,9.65339183807373,0.6491846691391071,JOINT,15.218386741660789,8.223919917640693,9.956981696791441,4.636046876313805
carrot,combined,carrot/test/combined/022,0.00311279296875,1,15.083085060119629,0.7097999795177319,RGB-DOMINANT,15.654805939381191,6.400428889193681,9.96622959284371,3.166993569818398
carrot,combined,carrot/test/combined/023,0.002227783203125,1,13.439702033996582,0.7385387249292376,RGB-DOMINANT,13.751765082039048,4.86846955063771,6.9334428784346755,2.3055419443471576
carrot,combined,carrot/test/combined/024,0.0028839111328125,1,12.249191284179688,0.7611098237956885,RGB-DOMINANT,12.45061106530262,3.9078826959538704,7.384240207944733,2.608096812385197
carrot,combined,carrot/test/combined/025,0.0013885498046875,1,10.83520221710205,0.8232959161046501,RGB-DOMINANT,13.271347909876967,2.8484297143984265,5.871808482346397,2.1963915149431807
carrot,combined,carrot/test/combined/026,0.003631591796875,1,8.957768440246582,0.5994831577910058,JOINT,8.514583196768854,5.68862249237927,4.863862641404225,2.6377410301456323
carrot,contamination,carrot/test/contamination/000,0.0008697509765625,1,8.440077781677246,0.6986635511803377,JOINT,8.159482234508655,3.519217079431933,6.592228940793056,2.3502816797234702
carrot,contamination,carrot/test/contamination/001,0.00140380859375,1,6.750114440917969,0.7032123362327448,RGB-DOMINANT,8.675423831997758,3.661423350265103,5.331410054754085,1.9234013851722702
carrot,contamination,carrot/test/contamination/002,0.001220703125,1,8.019584655761719,0.6807831603363379,JOINT,11.050166949251551,5.181383582945961,8.686575572306355,4.198756869579321
carrot,contamination,carrot/test/contamination/003,0.001678466796875,1,8.061633110046387,0.5520489899749456,JOINT,7.305171836473585,5.927659700372696,4.834918384763032,2.8646611974824276
carrot,contamination,carrot/test/contamination/004,0.002166748046875,1,11.136995315551758,0.9396334035079731,RGB-DOMINANT,21.601560208340757,1.3877877523227742,13.388927050393217,0.909527434695603
carrot,contamination,carrot/test/contamination/005,0.002197265625,1,16.503524780273438,0.8425086314270281,RGB-DOMINANT,19.959661344227822,3.7310876370755794,14.048972614201505,2.793900321662036
carrot,contamination,carrot/test/contamination/006,0.0023345947265625,1,14.554021835327148,0.6499068118829922,JOINT,14.315785511464995,7.7116568845928075,10.968948451734565,5.90218842464853
carrot,contamination,carrot/test/contamination/007,0.00360107421875,1,7.741933822631836,0.7047083006077488,RGB-DOMINANT,11.535598132248818,4.833724348545121,7.820490365414192,3.251562510661455
carrot,contamination,carrot/test/contamination/008,0.0015106201171875,1,13.934199333190918,0.7506451442410599,RGB-DOMINANT,20.815301294913496,6.914579733376737,14.166850368424933,5.672775484519811
carrot,contamination,carrot/test/contamination/009,0.0065765380859375,1,7.838906764984131,0.9110140153811942,RGB-DOMINANT,12.940495721146998,1.2640001391261404,5.975709815075455,0.5021840642846092
carrot,contamination,carrot/test/contamination/010,0.0026092529296875,1,12.014335632324219,0.6478353234286398,JOINT,14.89182124443837,8.095225089788581,9.867228479429247,4.200140553580273
carrot,contamination,carrot/test/contamination/011,0.002716064453125,1,9.007734298706055,0.7216786967289506,RGB-DOMINANT,15.13744846228051,5.837880045008328,10.236107201149292,3.169519898429378
carrot,contamination,carrot/test/contamination/012,0.004241943359375,1,8.371354103088379,0.7437314125397702,RGB-DOMINANT,10.80988710917098,3.724777130066761,6.471398708218628,1.565259618558991
carrot,contamination,carrot/test/contamination/013,0.0040435791015625,1,6.322817325592041,0.862617492556194,RGB-DOMINANT,8.13572059168676,1.2957131541797813,3.453529645974557,0.8233724722375204
carrot,contamination,carrot/test/contamination/014,0.000640869140625,1,7.291802406311035,0.8233612222892605,RGB-DOMINANT,8.583319424482056,1.8414107774770687,6.783133156170539,1.673255957341029
carrot,contamination,carrot/test/contamination/015,0.003021240234375,1,8.078283309936523,0.8991526087806351,RGB-DOMINANT,14.294877356421054,1.6032875576018404,8.32447917508654,0.9217281442578897
carrot,contamination,carrot/test/contamination/016,0.000732421875,1,7.510871410369873,0.6405542918607735,JOINT,5.079800201062517,2.85051831378452,3.0101089015711957,2.5181269845190983
carrot,contamination,carrot/test/contamination/017,0.000823974609375,1,7.718353271484375,0.6996129067696695,JOINT,10.530305990282704,4.521310680558168,7.2889483491448965,3.8271069583792006
carrot,contamination,carrot/test/contamination/018,0.000823974609375,1,12.712316513061523,0.8939771233516176,RGB-DOMINANT,19.520490841662863,2.315067851943632,15.619611531433561,1.6209233771718903
carrot,contamination,carrot/test/contamination/019,0.0008544921875,1,9.349267959594727,0.8023444039119075,RGB-DOMINANT,15.023199133871849,3.700927635481051,13.456424944266091,3.382109668468736
carrot,contamination,carrot/test/contamination/020,0.001129150390625,1,8.262802124023438,0.8877162289721532,RGB-DOMINANT,14.769145347574087,1.8680907171066128,7.82974655859961,1.048043178343368
carrot,contamination,carrot/test/contamination/021,0.0006256103515625,1,7.661820411682129,0.655393377372636,JOINT,6.818186768178836,3.5850097671881263,3.235880027058467,2.4728889647072307
carrot,contamination,carrot/test/contamination/022,0.0018463134765625,1,11.077885627746582,0.7522859745670541,RGB-DOMINANT,16.44534831439569,5.415151705658686,9.76498783201165,3.749970305159
carrot,contamination,carrot/test/contamination/023,0.00128173828125,1,18.08660888671875,0.8778039569180555,RGB-DOMINANT,19.057848801845527,2.6529760057266842,16.47580735777405,1.564567336163726
carrot,contamination,carrot/test/contamination/024,0.00164794921875,1,25.701704025268555,0.787564781276801,RGB-DOMINANT,27.911133187323,7.5286592758552775,23.219537847643224,4.463073338628598
carrot,contamination,carrot/test/contamination/025,0.0012664794921875,1,9.318265914916992,0.6599724576684168,JOINT,6.488027837798708,3.342726616330291,5.063453648673167,2.1981800844716024
carrot,contamination,carrot/test/contamination/026,0.000518798828125,1,6.814754962921143,0.4211033325521911,JOINT,2.838637778892566,3.9023142353910436,2.538972716139808,3.541551477057503
carrot,crack,carrot/test/crack/000,0.0017547607421875,1,11.617487907409668,0.6546580612312405,JOINT,11.69387009994515,6.168690735697781,8.14442333492518,3.8652668161651973
carrot,crack,carrot/test/crack/001,0.0045166015625,1,17.7127742767334,0.6312206800489837,JOINT,17.903703139802516,10.459915281559217,11.698625213224604,5.015256232897821
carrot,crack,carrot/test/crack/002,0.0019989013671875,1,21.742958068847656,0.6773635836667515,JOINT,21.91616619154835,10.438932373902508,13.673026909610968,2.8096859292438268
carrot,crack,carrot/test/crack/003,0.0066070556640625,1,11.941850662231445,0.5221719910634327,JOINT,13.772627430940432,12.603024929730443,10.232610486430461,7.484942287125295
carrot,crack,carrot/test/crack/004,0.0034332275390625,1,16.70948600769043,0.6609500877178932,JOINT,17.755624800599648,9.108164870653134,12.097918683979342,4.906477408316322
carrot,crack,carrot/test/crack/005,0.0009613037109375,1,12.18077278137207,0.7726632793573788,RGB-DOMINANT,12.853796732082044,3.78190513550149,9.754103454709306,2.5096389655808515
carrot,crack,carrot/test/crack/006,0.0039215087890625,1,23.06707191467285,0.7041335869748994,RGB-DOMINANT,22.938097316921617,9.638244782217187,16.631322765877847,2.7161847018238476
carrot,crack,carrot/test/crack/007,0.0029296875,1,13.530826568603516,0.5762061949542101,JOINT,14.602038079688556,10.739649724696738,10.15006064438788,3.9877412490658943
carrot,crack,carrot/test/crack/008,0.0032501220703125,1,18.955644607543945,0.7288816112008729,RGB-DOMINANT,19.306919114736473,7.1814955868577135,13.134609386636814,1.602809417617649
carrot,crack,carrot/test/crack/009,0.002197265625,1,17.402191162109375,0.699327194437676,JOINT,18.766324416420343,8.068501779896838,13.111960563425031,4.051917043417562
carrot,crack,carrot/test/crack/010,0.003173828125,1,17.920516967773438,0.6866538628520036,JOINT,17.878953728624474,8.158842036057782,13.794920950754431,3.3719519351021825
carrot,crack,carrot/test/crack/011,0.00152587890625,1,8.699153900146484,0.6355474126620406,JOINT,10.93993270541541,6.273467667100033,8.22208066227746,4.702328685803734
carrot,crack,carrot/test/crack/012,0.002197265625,1,10.500533103942871,0.7539781803195625,RGB-DOMINANT,10.56836619668098,3.4484392209818417,5.4194473057823735,2.1170490120143928
carrot,crack,carrot/test/crack/013,0.0010528564453125,1,6.70125675201416,0.5790432700633268,JOINT,6.701256605914163,4.871723123455654,3.7767609960170487,1.9261799220882785
carrot,crack,carrot/test/crack/014,0.002197265625,1,18.53665542602539,0.6673340035187343,JOINT,19.19016512994317,9.566296194405385,13.800020723565503,3.5247353289884003
carrot,crack,carrot/test/crack/015,0.0015869140625,1,7.921316623687744,0.6233299076975649,JOINT,3.9192816126218197,2.3683695026099527,1.554983876950706,1.3564542167665432
carrot,crack,carrot/test/crack/016,0.0015716552734375,1,8.248456001281738,0.6942672609018149,JOINT,9.476007148363866,4.172924592688989,6.078075941245223,2.781254845159095
carrot,crack,carrot/test/crack/017,0.0012664794921875,1,10.442453384399414,0.750349299261377,RGB-DOMINANT,10.688195065607925,3.556096660631825,6.453805601011024,1.9912273633028625
carrot,crack,carrot/test/crack/018,0.0013275146484375,1,13.751482009887695,0.6637415451959895,JOINT,13.869365893211402,7.026365781042184,11.289190070203206,3.25723599187014
carrot,crack,carrot/test/crack/019,0.002227783203125,1,18.58624839782715,0.6846863952658936,JOINT,18.586247550350798,8.559387289445533,13.068917292276142,4.334298596797942
carrot,crack,carrot/test/crack/020,0.0016632080078125,1,8.778170585632324,0.600567809526273,JOINT,8.868823238452295,5.898572711191096,5.442880187124157,3.5404630037325364
carrot,crack,carrot/test/crack/021,0.001983642578125,1,11.593788146972656,0.5746321199402408,JOINT,12.232414092494535,9.054968031453795,8.505710081666505,3.901000499488609
carrot,crack,carrot/test/crack/022,0.00177001953125,1,10.11977767944336,0.5969117803680134,JOINT,11.070582394633893,7.4758463437917015,8.325909421916702,4.604491450827176
carrot,crack,carrot/test/crack/023,0.001556396484375,1,14.198996543884277,0.6170140147431665,JOINT,15.431895631955722,9.578711333536411,9.315074446012586,5.340763536661155
carrot,crack,carrot/test/crack/024,0.0012359619140625,1,7.527747631072998,0.5647315330968,JOINT,7.11550504337914,5.48429514774627,4.151832365780852,3.7519537206743956
carrot,crack,carrot/test/crack/025,0.0013275146484375,1,6.69732141494751,0.7606741382739425,RGB-DOMINANT,6.9397756500447665,2.183414610002433,2.661613953650252,1.5022599290536818
carrot,cut,carrot/test/cut/000,0.0024566650390625,1,7.858927249908447,0.8099167394411593,RGB-DOMINANT,7.673540136844414,1.8009390944681776,6.008550096438934,1.3318259516548843
carrot,cut,carrot/test/cut/001,0.0020751953125,1,7.880367279052734,0.6087357113034111,JOINT,8.171347199947178,5.252124496357882,3.16302589960994,3.2930239917148576
carrot,cut,carrot/test/cut/002,0.003265380859375,1,8.1381254196167,0.7543479219759097,RGB-DOMINANT,12.833666106945081,4.179259863582088,7.246314870235347,3.514595194732776
carrot,cut,carrot/test/cut/003,0.0028228759765625,1,9.254366874694824,0.618968842835742,JOINT,12.752374298105586,7.850235714884817,7.839277572512959,5.129828564311549
carrot,cut,carrot/test/cut/004,0.00457763671875,1,8.141602516174316,0.601979107793658,JOINT,9.570342354172604,6.327787046480862,7.1937030505396224,4.004118290595788
carrot,cut,carrot/test/cut/005,0.0040435791015625,1,7.211533546447754,0.8087355902778981,RGB-DOMINANT,12.35546113656517,2.9220417659397024,5.9413908084478635,2.2046969492630044
carrot,cut,carrot/test/cut/006,0.00274658203125,1,8.324301719665527,0.7285355961254893,RGB-DOMINANT,9.177410999237892,3.4196540165413776,4.876885132912355,2.262324150553484
carrot,cut,carrot/test/cut/007,0.002410888671875,1,7.281147003173828,0.7871503671909663,RGB-DOMINANT,6.156629205278375,1.6647841799413017,5.300057755239488,1.2395127265001233
carrot,cut,carrot/test/cut/008,0.0050811767578125,1,7.325924396514893,0.6739971316795781,JOINT,10.113574233482396,4.891791641417664,5.922033815079621,3.2848710688380867
carrot,cut,carrot/test/cut/009,0.0010833740234375,1,11.403642654418945,0.6425302992584162,JOINT,11.239171315053646,6.2528764303914555,8.155846808251315,5.128231284802283
carrot,cut,carrot/test/cut/010,0.0028228759765625,1,7.81564474105835,0.7063321874203733,RGB-DOMINANT,8.815544822077086,3.6651891339111495,6.38851780233805,2.3582851927255923
carrot,cut,carrot/test/cut/011,0.00408935546875,1,10.578286170959473,0.5769837437428184,JOINT,12.566952403307425,9.213473757061498,7.443872500870574,4.445684530562937
carrot,cut,carrot/test/cut/012,0.0027008056640625,1,6.819425582885742,0.5971308044720925,JOINT,9.100725056758243,6.140030220761139,5.135763807621794,4.696159732606031
carrot,cut,carrot/test/cut/013,0.0056304931640625,1,9.13917064666748,0.6135686073172092,JOINT,7.088793308799157,4.464589003613888,2.904865287158032,2.997529980721029
carrot,cut,carrot/test/cut/014,0.002410888671875,1,8.067190170288086,0.7617894116124074,RGB-DOMINANT,9.468069766020413,2.960652476509629,5.495714483864668,2.1745870790901844
carrot,cut,carrot/test/cut/015,0.0028533935546875,1,7.4061994552612305,0.7973696169983829,RGB-DOMINANT,5.876581607596462,1.4933766714117567,4.558824971404159,1.0594472198990026
carrot,cut,carrot/test/cut/016,0.0040435791015625,1,18.76043128967285,0.663914755755217,JOINT,18.76043069274478,9.496856656577108,11.854636177754596,7.179192554711934
carrot,cut,carrot/test/cut/017,0.0019378662109375,1,6.949045658111572,0.4826172941774908,JOINT,2.9843606253032195,3.199338505852192,2.393425145096798,2.2866192192040296
carrot,cut,carrot/test/cut/018,0.0024566650390625,1,7.582093238830566,0.7140086130498947,RGB-DOMINANT,8.533081831262693,3.4178680050494243,6.017533181440349,2.500323048946612
carrot,cut,carrot/test/cut/019,0.0029296875,1,9.16566276550293,0.8173254575506731,RGB-DOMINANT,10.64474970116811,2.3791305481298797,5.390387137233804,1.772071288669446
carrot,cut,carrot/test/cut/020,0.0023345947265625,1,8.18890380859375,0.8240823484611153,RGB-DOMINANT,10.013163449697096,2.1375186323948774,5.61868446945873,1.5277398377675746
carrot,cut,carrot/test/cut/021,0.00250244140625,1,7.156094074249268,0.5495863081957829,JOINT,6.726272338703094,5.512518345872403,3.3460622054386384,3.5342511621599844
carrot,cut,carrot/test/cut/022,0.001617431640625,1,14.29947280883789,0.8170763550778344,RGB-DOMINANT,18.08878814412487,4.0496414097757345,11.483355733588192,2.8450904656126594
carrot,cut,carrot/test/cut/023,0.0039520263671875,1,7.99043607711792,0.7225969140318333,RGB-DOMINANT,7.926224436931395,3.0428560565196165,4.70360453857159,2.0038942731259684
carrot,cut,carrot/test/cut/024,0.00152587890625,1,7.914193630218506,0.5256015837277203,JOINT,7.960851531670909,7.185318595155273,5.852990363624875,2.476275100475016
carrot,cut,carrot/test/cut/025,0.00201416015625,1,9.755484580993652,0.6873912168654395,JOINT,10.12287914450917,4.603637879201306,7.530245616594254,3.0259975251138687
carrot,good,carrot/test/good/000,0.0,0,7.544491291046143,0.0,UNCERTAIN,0.0,0.0,0.0,0.0
carrot,good,carrot/test/good/001,0.0,0,6.427536487579346,0.0,UNCERTAIN,0.0,0.0,0.0,0.0
carrot,good,carrot/test/good/002,0.0,0,8.599593162536621,0.0,UNCERTAIN,0.0,0.0,0.0,0.0
carrot,good,carrot/test/good/003,0.0,0,7.8245720863342285,0.0,UNCERTAIN,0.0,0.0,0.0,0.0
carrot,good,carrot/test/good/004,0.0,0,8.59311580657959,0.0,UNCERTAIN,0.0,0.0,0.0,0.0
carrot,good,carrot/test/good/005,0.0,0,5.79779052734375,0.0,UNCERTAIN,0.0,0.0,0.0,0.0
carrot,good,carrot/test/good/006,0.0,0,6.287874698638916,0.0,UNCERTAIN,0.0,0.0,0.0,0.0
carrot,good,carrot/test/good/007,0.0,0,10.882184028625488,0.0,UNCERTAIN,0.0,0.0,0.0,0.0
carrot,good,carrot/test/good/008,0.0,0,10.820271492004395,0.0,UNCERTAIN,0.0,0.0,0.0,0.0
carrot,good,carrot/test/good/009,0.0,0,6.472837924957275,0.0,UNCERTAIN,0.0,0.0,0.0,0.0
carrot,good,carrot/test/good/010,0.0,0,7.103188991546631,0.0,UNCERTAIN,0.0,0.0,0.0,0.0
carrot,good,carrot/test/good/011,0.0,0,7.499607563018799,0.0,UNCERTAIN,0.0,0.0,0.0,0.0
carrot,good,carrot/test/good/012,0.0,0,7.593863487243652,0.0,UNCERTAIN,0.0,0.0,0.0,0.0
carrot,good,carrot/test/good/013,0.0,0,6.332212448120117,0.0,UNCERTAIN,0.0,0.0,0.0,0.0
carrot,good,carrot/test/good/014,0.0,0,9.542728424072266,0.0,UNCERTAIN,0.0,0.0,0.0,0.0
carrot,good,carrot/test/good/015,0.0,0,9.063023567199707,0.0,UNCERTAIN,0.0,0.0,0.0,0.0
carrot,good,carrot/test/good/016,0.0,0,10.058476448059082,0.0,UNCERTAIN,0.0,0.0,0.0,0.0
carrot,good,carrot/test/good/017,0.0,0,10.56200122833252,0.0,UNCERTAIN,0.0,0.0,0.0,0.0
carrot,good,carrot/test/good/018,0.0,0,8.041507720947266,0.0,UNCERTAIN,0.0,0.0,0.0,0.0
carrot,good,carrot/test/good/019,0.0,0,9.34723949432373,0.0,UNCERTAIN,0.0,0.0,0.0,0.0
carrot,good,carrot/test/good/020,0.0,0,7.3838653564453125,0.0,UNCERTAIN,0.0,0.0,0.0,0.0
carrot,good,carrot/test/good/021,0.0,0,9.18112850189209,0.0,UNCERTAIN,0.0,0.0,0.0,0.0
carrot,good,carrot/test/good/022,0.0,0,8.787358283996582,0.0,UNCERTAIN,0.0,0.0,0.0,0.0
carrot,good,carrot/test/good/023,0.0,0,8.546849250793457,0.0,UNCERTAIN,0.0,0.0,0.0,0.0
carrot,good,carrot/test/good/024,0.0,0,7.097831726074219,0.0,UNCERTAIN,0.0,0.0,0.0,0.0
carrot,good,carrot/test/good/025,0.0,0,6.985778331756592,0.0,UNCERTAIN,0.0,0.0,0.0,0.0
carrot,good,carrot/test/good/026,0.0,0,9.866640090942383,0.0,UNCERTAIN,0.0,0.0,0.0,0.0
carrot,hole,carrot/test/hole/000,0.0011138916015625,1,8.230140686035156,0.7341425254771814,RGB-DOMINANT,8.846543835422858,3.2036273428918913,6.297980123268334,2.2505940349373112
carrot,hole,carrot/test/hole/001,0.000762939453125,1,6.584299564361572,0.5500423177090061,JOINT,6.003769996760766,4.911334629597595,4.847463729444368,4.125966943188916
carrot,hole,carrot/test/hole/002,0.000762939453125,1,10.924854278564453,0.7645693020849522,RGB-DOMINANT,12.738268942489476,3.9224420528164927,8.348722748593373,3.0059780387909045
carrot,hole,carrot/test/hole/003,0.000823974609375,1,7.2729105949401855,0.6519631945120508,JOINT,5.995239483597035,3.200431195513711,4.125475478366068,2.4405174062255037
carrot,hole,carrot/test/hole/004,0.00054931640625,1,6.923468112945557,0.6219223921734405,JOINT,4.71060386657625,2.863658298501373,3.227910188750586,2.330536411471139
carrot,hole,carrot/test/hole/005,0.00067138671875,1,12.556148529052734,0.8468382926442037,RGB-DOMINANT,14.710594526739017,2.6606011403437075,9.209051979265134,1.3971617845489157
carrot,hole,carrot/test/hole/006,0.001220703125,1,14.866260528564453,0.685677615546066,JOINT,14.86626024237555,6.814861059591718,9.784100489098247,4.332881147268439
carrot,hole,carrot/test/hole/007,0.000823974609375,1,9.87867546081543,0.6791266584235361,JOINT,11.755447649738354,5.554205600952377,7.046494109312432,3.603452800146495
carrot,hole,carrot/test/hole/008,0.001129150390625,1,19.465002059936523,0.8283926945488749,RGB-DOMINANT,19.733012550859886,4.087829728795138,13.361615167290546,2.2428477966076805
carrot,hole,carrot/test/hole/009,0.000732421875,1,8.79013729095459,0.697577445743101,JOINT,12.263603377509385,5.316670690652351,7.325589214914295,4.064065159273391
carrot,hole,carrot/test/hole/010,0.000701904296875,1,16.378219604492188,0.8260839712464386,RGB-DOMINANT,20.441433908402974,4.303548192479459,13.374268975810608,2.8855216335386307
carrot,hole,carrot/test/hole/011,0.0006866455078125,1,11.524279594421387,0.7984019744158214,RGB-DOMINANT,11.897164807708293,3.004055868770236,8.089794413546763,1.9830491745170193
carrot,hole,carrot/test/hole/012,0.0009307861328125,1,10.72862434387207,0.851187348361463,RGB-DOMINANT,12.689652182006716,2.218524443558697,10.797485171486837,1.7805184981483873
carrot,hole,carrot/test/hole/013,0.00140380859375,1,16.175765991210938,0.7764828594674413,RGB-DOMINANT,16.657740826780376,4.795070200783578,12.72822852456369,2.2264762039154644
carrot,hole,carrot/test/hole/014,0.000823974609375,1,16.08393669128418,0.6880496388994849,JOINT,17.547521622384583,7.955755964391983,13.180014876931898,5.077160812243051
carrot,hole,carrot/test/hole/015,0.0005950927734375,1,14.723470687866211,0.8795237564760282,RGB-DOMINANT,18.017917819975143,2.46807452279391,9.943397969103504,1.4877843994217375
carrot,hole,carrot/test/hole/016,0.000762939453125,1,8.642930030822754,0.7781764879033883,RGB-DOMINANT,11.803596952663744,3.3646795989566236,9.978227175240491,2.4026810422382
carrot,hole,carrot/test/hole/017,0.00079345703125,1,8.074936866760254,0.6308338817439239,JOINT,7.906601790170216,4.62696907238197,5.097221216689809,3.124905150564186
carrot,hole,carrot/test/hole/018,0.0009613037109375,1,9.232312202453613,0.5997390324400308,JOINT,10.509686179033572,7.014078343238746,6.753630360295445,4.6853796175501365
carrot,hole,carrot/test/hole/019,0.001434326171875,1,17.93429183959961,0.7285498036738892,RGB-DOMINANT,18.039580601854784,6.721362002667266,14.094936980248796,4.845139933858421
carrot,hole,carrot/test/hole/020,0.0009307861328125,1,13.239655494689941,0.6924690468516076,JOINT,13.255832547231659,5.8870185520800264,11.434202952830908,4.5077455448238455
carrot,hole,carrot/test/hole/021,0.0016326904296875,1,20.770248413085938,0.7988648788137697,RGB-DOMINANT,21.8241028921093,5.494787538586463,15.39840072719172,3.6671806587457625
carrot,hole,carrot/test/hole/022,0.001007080078125,1,15.083303451538086,0.8488754437862511,RGB-DOMINANT,18.048079403073668,3.213082863204322,10.57933817368381,2.3308728230588205
carrot,hole,carrot/test/hole/023,0.0008392333984375,1,20.189929962158203,0.7832547895086014,RGB-DOMINANT,21.881597822632624,6.055157027096307,17.06607777333874,2.9521745430812025
carrot,hole,carrot/test/hole/024,0.00067138671875,1,8.24474048614502,0.6734419036567642,JOINT,3.0879917375124166,1.4973942435244598,2.6937722160616313,1.1179592872907664
carrot,hole,carrot/test/hole/025,0.000701904296875,1,12.967218399047852,0.7637789435124259,RGB-DOMINANT,15.895883667654322,4.916267595346252,10.43172744368866,2.556643101998031
cookie,combined,cookie/test/combined/000,0.01165771484375,1,4.9139084815979,0.5331703817571493,JOINT,3.774501477982973,3.3048507778064664,1.9571703974729293,1.5152284492212367
cookie,combined,cookie/test/combined/001,0.010498046875,1,4.858362674713135,0.45203635313132445,JOINT,3.894561659812465,4.721031269379834,2.049465914212377,1.518466069955955
cookie,combined,cookie/test/combined/002,0.0117340087890625,1,6.2790679931640625,0.47032518997124856,JOINT,3.480646873862651,3.9198634065887026,1.6238307934604492,1.7636555490751724
cookie,combined,cookie/test/combined/003,0.0287628173828125,1,5.878942012786865,0.6548453235090359,JOINT,8.566367441162463,4.515144297233477,3.883003466173305,1.9281551154515693
cookie,combined,cookie/test/combined/004,0.011627197265625,1,5.774628162384033,0.6588127171610486,JOINT,8.102973968167,4.196383798136544,2.7917633854582453,2.1842980399123815
cookie,combined,cookie/test/combined/005,0.0274200439453125,1,7.989129066467285,0.7006466967854077,RGB-DOMINANT,8.052488532651486,3.440447734585473,3.5193553770709025,1.0485714324897106
cookie,combined,cookie/test/combined/006,0.0361328125,1,8.148237228393555,0.578714237651389,JOINT,8.016522457744516,5.835775200533149,3.9721277789049414,0.7612969572816817
cookie,combined,cookie/test/combined/007,0.033782958984375,1,10.360404014587402,0.7315686746589263,RGB-DOMINANT,10.045488021283353,3.6859464122619467,4.384670276397749,0.6770868299480104
cookie,combined,cookie/test/combined/008,0.020233154296875,1,5.693948745727539,0.5327771018496025,JOINT,5.705953360567476,5.003877838974406,2.9720399786619383,1.266486472068993
cookie,combined,cookie/test/combined/009,0.0149078369140625,1,5.800262451171875,0.7432290651481965,RGB-DOMINANT,6.3222111768525355,2.1841978564955484,2.078991500672758,0.6734406999769653
cookie,combined,cookie/test/combined/010,0.0224456787109375,1,5.359589576721191,0.5846582920798193,JOINT,5.19065305076261,3.687442986564565,2.703203682407109,1.5270890211505481
cookie,combined,cookie/test/combined/011,0.016448974609375,1,8.212701797485352,0.7044733903288446,RGB-DOMINANT,8.133622943275533,3.412054083652922,3.5970525693892155,0.8533025413356926
cookie,combined,cookie/test/combined/012,0.0117645263671875,1,4.450486660003662,0.6657844523924773,JOINT,4.605567416627319,2.311936791067671,2.962276356966934,0.4761671279553748
cookie,combined,cookie/test/combined/013,0.014617919921875,1,9.393659591674805,0.5474530683549513,JOINT,5.224713278604926,4.318959107507848,2.546737142425314,1.563813026777042
cookie,combined,cookie/test/combined/014,0.02972412109375,1,4.4665632247924805,0.4806883191650487,JOINT,4.524719024146982,4.8882797175700174,2.1312650220978675,2.0526742132098392
cookie,combined,cookie/test/combined/015,0.0096588134765625,1,3.529651641845703,0.5059345413237035,JOINT,3.3602734449672678,3.281441371026645,1.8019228462030505,1.374308433369289
cookie,combined,cookie/test/combined/016,0.02490234375,1,7.49050760269165,0.5952431595411218,JOINT,7.446595819294,5.063577720191084,2.7560807314742113,2.266414177187265
cookie,combined,cookie/test/combined/017,0.0160980224609375,1,6.919545650482178,0.6232268576207537,JOINT,7.32139133559424,4.4261619394968,2.777460594157103,1.8053426752003081
cookie,combined,cookie/test/combined/018,0.020965576171875,1,6.9486775398254395,0.49208681996143794,JOINT,4.549786654259546,4.69611463309716,2.543976195295303,1.7575633933680292
cookie,combined,cookie/test/combined/019,0.0124664306640625,1,6.313869953155518,0.3879923253794866,JOINT,2.940798445991266,4.638727914801082,1.7755860460776545,1.6907837735963178
cookie,combined,cookie/test/combined/020,0.028228759765625,1,5.798586368560791,0.5594995766846178,JOINT,5.542521108730579,4.3636893339544285,2.241056903845568,1.1792499000551318
cookie,combined,cookie/test/combined/021,0.0112762451171875,1,3.5927770137786865,0.526460321664219,JOINT,3.682357933413027,3.3122003560174624,1.5208849865072918,1.626181869303566
cookie,combined,cookie/test/combined/022,0.0464630126953125,1,7.672039985656738,0.6159301937893977,JOINT,7.671581946620717,4.783695304024399,3.937821325041115,1.9142970969670365
cookie,combined,cookie/test/combined/023,0.0206146240234375,1,8.182470321655273,0.6574946031140934,JOINT,8.077850588823813,4.207953573020361,3.8193194900456184,0.9647873314845887
cookie,combined,cookie/test/combined/024,0.011260986328125,1,4.3452019691467285,0.5631188100174003,JOINT,4.485556242133555,3.480002001030337,1.9385435618731348,0.9908721401739198
cookie,contamination,cookie/test/contamination/000,0.0222015380859375,1,6.669013500213623,0.6327611112164098,JOINT,5.987384367215437,3.4749287053188036,3.6574823098935028,1.4051940265678575
cookie,contamination,cookie/test/contamination/001,0.0101776123046875,1,5.397648811340332,0.6440334279071658,JOINT,6.916762462057902,3.822993454806543,3.048378496266406,2.0704823602259816
cookie,contamination,cookie/test/contamination/002,0.0025177001953125,1,3.434762954711914,0.5448609511318117,JOINT,2.8264142329021493,2.3609894196628476,1.0917237804086521,1.422901113622751
cookie,contamination,cookie/test/contamination/003,0.003265380859375,1,3.4748916625976562,0.40337751128546023,JOINT,2.7021985214046715,3.9967324859684235,1.1215203364195343,1.549083982589726
cookie,contamination,cookie/test/contamination/004,0.00628662109375,1,3.4457645416259766,0.4039409432245776,JOINT,2.7911936400599724,4.118710599499174,1.395025668475727,1.7631372014401985
cookie,contamination,cookie/test/contamination/005,0.0084381103515625,1,4.386117458343506,0.40788179122510876,JOINT,3.863198126542501,5.60816784705798,2.0149354240489674,3.039066654701663
cookie,contamination,cookie/test/contamination/006,0.00616455078125,1,4.738000869750977,0.6410136195166317,JOINT,4.665747483608105,2.6129540923627443,2.6416215177486095,0.7597781181258764
cookie,contamination,cookie/test/contamination/007,0.0122222900390625,1,4.973571300506592,0.4355454044877169,JOINT,4.883951063763609,6.3294622288474045,2.9090275067936693,3.240891483264958
cookie,contamination,cookie/test/contamination/008,0.0189208984375,1,4.161808013916016,0.571074398228039,JOINT,4.616867035556088,3.4676600922702647,2.3126379195098736,1.995693448788034
cookie,contamination,cookie/test/contamination/009,0.005279541015625,1,4.680655002593994,0.4243496041231693,JOINT,3.2428370749030058,4.3990615366299375,0.7819848013399903,2.2578925960654566
cookie,contamination,cookie/test/contamination/010,0.0043182373046875,1,5.414748668670654,0.5199302204935361,JOINT,3.212222931289059,2.9659569181332035,1.3619645620573717,1.6470360252601106
cookie,contamination,cookie/test/contamination/011,0.007781982421875,1,3.9269087314605713,0.3938510427206524,JOINT,2.618636371609653,4.0301615080900985,1.470482777661891,2.5452349033633244
cookie,contamination,cookie/test/contamination/012,0.0052642822265625,1,5.082726001739502,0.33577101789490216,JOINT,1.8190067689323228,3.5983947821767193,1.2464482600207982,1.8780979768012727
cookie,contamination,cookie/test/contamination/013,0.006256103515625,1,4.77700662612915,0.46460891113469727,JOINT,2.430470448980343,2.8007464436005254,1.2217789299335833,1.5318919459555251
cookie,contamination,cookie/test/contamination/014,0.0048065185546875,1,4.1402363777160645,0.40360247786335285,JOINT,2.8395920591409705,4.196022961289825,1.413923602675791,1.5764748718149688
cookie,contamination,cookie/test/contamination/015,0.005035400390625,1,5.103408336639404,0.41573259801698825,JOINT,2.0570118795821632,2.8909077054139325,0.7018121137849079,1.2780878316798543
cookie,contamination,cookie/test/contamination/016,0.0118865966796875,1,4.4227681159973145,0.6362728404402153,JOINT,6.150930614587367,3.5161957931010543,3.938367472407784,1.8059739304722278
cookie,contamination,cookie/test/contamination/017,0.0091552734375,1,5.143955230712891,0.4729558221199197,JOINT,5.0275652519623995,5.6025286043128695,3.153491496652066,2.9748974609403147
cookie,contamination,cookie/test/contamination/018,0.0110626220703125,1,5.873002529144287,0.6795913087194159,JOINT,5.426174885409017,2.5582918612927457,3.19547334699751,1.1535285440467449
cookie,contamination,cookie/test/contamination/019,0.0049591064453125,1,2.970278024673462,0.36071154265603633,JOINT,1.8062005466079507,3.2011251757594814,0.7895084092968198,1.766622797918339
cookie,contamination,cookie/test/contamination/020,0.0052490234375,1,3.9465737342834473,0.3794558294430046,JOINT,2.688905363367453,4.397308038225591,0.883226490764529,2.1144627591732768
cookie,contamination,cookie/test/contamination/021,0.0039825439453125,1,8.700879096984863,0.4894782421682866,JOINT,2.436326294870633,2.5410671733251653,0.29921147841188683,1.6486856138112729
cookie,contamination,cookie/test/contamination/022,0.0076446533203125,1,3.7694180011749268,0.9442866739289876,RGB-DOMINANT,4.22566789340474,0.24931525078802164,2.6067830411786606,-0.1286552347629479
cookie,contamination,cookie/test/contamination/023,0.014862060546875,1,4.904189586639404,0.5624814657638989,JOINT,5.5894742415541705,4.347695281857081,3.5422251706870536,2.1263574744277807
cookie,contamination,cookie/test/contamination/024,0.00518798828125,1,3.0429189205169678,0.4089421887543809,JOINT,1.755170057748605,2.5368049379166315,0.9984298769079678,1.4010095447317075
cookie,crack,cookie/test/crack/000,0.01580810546875,1,3.4217560291290283,0.5598196556906703,JOINT,3.6983516767016966,2.9079742700342175,1.6815417552408263,0.8654117568612932
cookie,crack,cookie/test/crack/001,0.0326690673828125,1,9.061917304992676,0.6034758610767079,JOINT,8.59113423687809,5.644950729427147,3.9172917665191416,2.416876417555432
cookie,crack,cookie/test/crack/002,0.0247802734375,1,10.156342506408691,0.6753053205092444,JOINT,9.566673140340814,4.599767097122908,4.012535150059918,1.416281280080344
cookie,crack,cookie/test/crack/003,0.016204833984375,1,5.1398091316223145,0.5237827528673089,JOINT,5.348895649747541,4.8631533279702035,3.446951487660416,1.833385741045863
cookie,crack,cookie/test/crack/004,0.019439697265625,1,6.2738800048828125,0.6567678367106787,JOINT,6.750180878617503,3.527697915899769,3.054710535880995,1.260875377898114
cookie,crack,cookie/test/crack/005,0.0243682861328125,1,5.447540283203125,0.6177962732837825,JOINT,4.971996517586234,3.0759573384029437,2.7981230656120957,1.2500999952822411
cookie,crack,cookie/test/crack/006,0.017669677734375,1,9.03001594543457,0.7798315234398359,RGB-DOMINANT,9.269988444361225,2.6171787012291436,2.883849962931471,0.7488337798249132
cookie,crack,cookie/test/crack/007,0.0407867431640625,1,8.159971237182617,0.6121217095578877,JOINT,7.734078912707973,4.900791211686563,3.6939133444118104,1.0022519863456005
cookie,crack,cookie/test/crack/008,0.034881591796875,1,6.70624303817749,0.5326450237182185,JOINT,6.543255990320512,5.7412020752016035,3.7585101151864313,2.3599636322154405
cookie,crack,cookie/test/crack/009,0.01373291015625,1,6.338106632232666,0.5169053823288513,JOINT,4.6185558270546165,4.316455236944993,2.493876189658118,1.5749499443522528
cookie,crack,cookie/test/crack/010,0.0128631591796875,1,5.362120151519775,0.5567116278648007,JOINT,4.203531562244352,3.3471118860609286,2.4461552171771714,1.9833623945651122
cookie,crack,cookie/test/crack/011,0.02142333984375,1,5.194234371185303,0.7107040769512137,RGB-DOMINANT,8.257958135302038,3.3614453441644643,4.250286096999041,1.8870277673517286
cookie,crack,cookie/test/crack/012,0.0115203857421875,1,5.49711799621582,0.5890045617531838,JOINT,5.965487106536178,4.162594923550698,2.9354059394146135,1.6715749823872053
cookie,crack,cookie/test/crack/013,0.013458251953125,1,6.199681758880615,0.5258326129744854,JOINT,5.185397409994301,4.675909698420628,3.008004288559585,1.3769729220412639
cookie,crack,cookie/test/crack/014,0.0098114013671875,1,4.354830741882324,0.4911206333042396,JOINT,5.004268041762532,5.185219451306922,2.5890065178336834,2.515287854909955
cookie,crack,cookie/test/crack/015,0.0446319580078125,1,6.20648717880249,0.6239326727235324,JOINT,7.306879572586012,4.404125906191109,2.990804480512393,2.2501072136035156
cookie,crack,cookie/test/crack/016,0.012786865234375,1,6.921566486358643,0.628329376109402,JOINT,7.118086439760594,4.210503440130441,4.010021041225274,1.0392438782717617
cookie,crack,cookie/test/crack/017,0.0075531005859375,1,5.146281719207764,0.5739055353320333,JOINT,5.281778742142901,3.921439981268769,2.6401246729878243,1.1402850913058618
cookie,crack,cookie/test/crack/018,0.01373291015625,1,4.49278450012207,0.5048912147987266,JOINT,4.415734983780467,4.330177698914105,2.3893715686799877,2.3545456603343347
cookie,crack,cookie/test/crack/019,0.0138702392578125,1,4.611194133758545,0.5694000785608615,JOINT,5.599597077369152,4.234606883617043,2.761662162745635,1.808405027881358
cookie,crack,cookie/test/crack/020,0.0135040283203125,1,8.05057144165039,0.6104744330079221,JOINT,7.818352084182426,4.988656778065102,4.248534981546537,1.496538928173137
cookie,crack,cookie/test/crack/021,0.017852783203125,1,6.071770191192627,0.5057841612648721,JOINT,5.962727905413608,5.826347072177179,3.125857964529085,2.692249024473709
cookie,crack,cookie/test/crack/022,0.019775390625,1,5.529974460601807,0.5303597753076917,JOINT,5.565380275694658,4.928212949971997,2.784372043423348,1.8963980925938952
cookie,crack,cookie/test/crack/023,0.0175018310546875,1,4.840426445007324,0.5370466439973827,JOINT,5.363193003299776,4.623262598272274,3.1420464422340757,2.9322491881649824
cookie,crack,cookie/test/crack/024,0.025390625,1,5.308794975280762,0.42298549049925416,JOINT,4.791871488852222,6.536817493388838,2.3711777532846123,2.708343321046078
cookie,crack,cookie/test/crack/025,0.01348876953125,1,7.94895076751709,0.6104178523292999,JOINT,6.989954307128541,4.46114213449362,3.8065552558431532,2.8786671822420473
cookie,crack,cookie/test/crack/026,0.0113983154296875,1,5.596479892730713,0.5164255846501598,JOINT,4.405477414398084,4.125232583165042,2.3755916343159855,1.4096433948236107
cookie,good,cookie/test/good/000,0.0,0,5.734665393829346,0.0,UNCERTAIN,0.0,0.0,0.0,0.0
cookie,good,cookie/test/good/001,0.0,0,6.603069305419922,0.0,UNCERTAIN,0.0,0.0,0.0,0.0
cookie,good,cookie/test/good/002,0.0,0,5.655484676361084,0.0,UNCERTAIN,0.0,0.0,0.0,0.0
cookie,good,cookie/test/good/003,0.0,0,5.610021114349365,0.0,UNCERTAIN,0.0,0.0,0.0,0.0
cookie,good,cookie/test/good/004,0.0,0,4.3787841796875,0.0,UNCERTAIN,0.0,0.0,0.0,0.0
cookie,good,cookie/test/good/005,0.0,0,4.588515281677246,0.0,UNCERTAIN,0.0,0.0,0.0,0.0
cookie,good,cookie/test/good/006,0.0,0,5.312225341796875,0.0,UNCERTAIN,0.0,0.0,0.0,0.0
cookie,good,cookie/test/good/007,0.0,0,4.340067386627197,0.0,UNCERTAIN,0.0,0.0,0.0,0.0
cookie,good,cookie/test/good/008,0.0,0,5.568800926208496,0.0,UNCERTAIN,0.0,0.0,0.0,0.0
cookie,good,cookie/test/good/009,0.0,0,7.430322170257568,0.0,UNCERTAIN,0.0,0.0,0.0,0.0
cookie,good,cookie/test/good/010,0.0,0,5.363875389099121,0.0,UNCERTAIN,0.0,0.0,0.0,0.0
cookie,good,cookie/test/good/011,0.0,0,5.297970294952393,0.0,UNCERTAIN,0.0,0.0,0.0,0.0
cookie,good,cookie/test/good/012,0.0,0,4.403253078460693,0.0,UNCERTAIN,0.0,0.0,0.0,0.0
cookie,good,cookie/test/good/013,0.0,0,4.064423084259033,0.0,UNCERTAIN,0.0,0.0,0.0,0.0
cookie,good,cookie/test/good/014,0.0,0,3.977879285812378,0.0,UNCERTAIN,0.0,0.0,0.0,0.0
cookie,good,cookie/test/good/015,0.0,0,4.6905975341796875,0.0,UNCERTAIN,0.0,0.0,0.0,0.0
cookie,good,cookie/test/good/016,0.0,0,3.7761499881744385,0.0,UNCERTAIN,0.0,0.0,0.0,0.0
cookie,good,cookie/test/good/017,0.0,0,4.715363025665283,0.0,UNCERTAIN,0.0,0.0,0.0,0.0
cookie,good,cookie/test/good/018,0.0,0,4.437431812286377,0.0,UNCERTAIN,0.0,0.0,0.0,0.0
cookie,good,cookie/test/good/019,0.0,0,3.972280502319336,0.0,UNCERTAIN,0.0,0.0,0.0,0.0
cookie,good,cookie/test/good/020,0.0,0,4.764313220977783,0.0,UNCERTAIN,0.0,0.0,0.0,0.0
cookie,good,cookie/test/good/021,0.0,0,4.65840482711792,0.0,UNCERTAIN,0.0,0.0,0.0,0.0
cookie,good,cookie/test/good/022,0.0,0,4.533791542053223,0.0,UNCERTAIN,0.0,0.0,0.0,0.0
cookie,good,cookie/test/good/023,0.0,0,4.2443318367004395,0.0,UNCERTAIN,0.0,0.0,0.0,0.0
cookie,good,cookie/test/good/024,0.0,0,5.491626739501953,0.0,UNCERTAIN,0.0,0.0,0.0,0.0
cookie,good,cookie/test/good/025,0.0,0,5.321707725524902,0.0,UNCERTAIN,0.0,0.0,0.0,0.0
cookie,good,cookie/test/good/026,0.0,0,7.1032586097717285,0.0,UNCERTAIN,0.0,0.0,0.0,0.0
cookie,good,cookie/test/good/027,0.0,0,5.0697455406188965,0.0,UNCERTAIN,0.0,0.0,0.0,0.0
cookie,hole,cookie/test/hole/000,0.0130462646484375,1,6.302353858947754,0.5235981081844511,JOINT,6.300169089404557,5.7322818826815585,3.882468024718192,2.410143938408467
cookie,hole,cookie/test/hole/001,0.0204010009765625,1,5.367582321166992,0.5741975466301211,JOINT,5.346994461304468,3.9651210614587744,3.430182468120314,2.0005841722874815
cookie,hole,cookie/test/hole/002,0.0084075927734375,1,3.9097020626068115,0.5045406737047471,JOINT,4.699704333409733,4.615112238978813,2.0236902042237563,1.7240237094847295
cookie,hole,cookie/test/hole/003,0.004974365234375,1,5.580034255981445,0.3590642497598162,JOINT,2.3304910513377592,4.159964887487706,0.904832729453181,1.8585040978970506
cookie,hole,cookie/test/hole/004,0.00537109375,1,3.294564723968506,0.3845298706548843,JOINT,1.8716578845211815,2.995733813303833,1.056446105856311,1.6498567836383538
cookie,hole,cookie/test/hole/005,0.0062103271484375,1,5.20670747756958,0.37978461284421433,JOINT,2.720014340212046,4.4419766105460585,1.8363451420685568,2.0057586424761444
cookie,hole,cookie/test/hole/006,0.00421142578125,1,5.037792682647705,0.31906464227299186,JOINT,2.0296526348426123,4.33160476215031,1.285007989015019,1.9670816366221757
cookie,hole,cookie/test/hole/007,0.009796142578125,1,5.0539445877075195,0.4104928793416927,JOINT,3.53591639044905,5.07791385583127,2.150269890373983,2.2310845711253817
cookie,hole,cookie/test/hole/008,0.0068206787109375,1,4.614067077636719,0.5817731342471877,JOINT,6.673405951956896,4.797397660896634,4.07966390449596,1.8832469621875008
cookie,hole,cookie/test/hole/009,0.0042724609375,1,4.312097549438477,0.5009228598724988,JOINT,4.489605405655216,4.473061831921258,2.107365458038132,1.0136672662813222
cookie,hole,cookie/test/hole/010,0.0058746337890625,1,4.3350372314453125,0.4730787330442414,JOINT,3.404467253610321,3.791939058345386,1.5198010218951297,1.5780007726807277
cookie,hole,cookie/test/hole/011,0.004974365234375,1,6.238500595092773,0.39371834961131513,JOINT,2.5396946155358315,3.9108409623073332,1.4608204164159353,1.3214961961732343
cookie,hole,cookie/test/hole/012,0.004547119140625,1,4.530348777770996,0.47301994944530557,JOINT,3.9174495876613165,4.364334551115973,1.234728618340748,1.2486058948293448
cookie,hole,cookie/test/hole/013,0.0096282958984375,1,4.8424272537231445,0.5265856919937737,JOINT,4.172375200292962,3.7510734181260204,1.8950392533972578,1.863458963044206
cookie,hole,cookie/test/hole/014,0.0048675537109375,1,4.015308380126953,0.2880557380165609,DEPTH-DOMINANT,1.429537547679894,3.533173035582186,0.6408253103875043,1.6915609553287556
cookie,hole,cookie/test/hole/015,0.004913330078125,1,5.257362365722656,0.4306266557194457,JOINT,3.9895171947036285,5.274927333031675,2.4011722055777693,2.065376522043965
cookie,hole,cookie/test/hole/016,0.0060272216796875,1,6.049076080322266,0.466005933239246,JOINT,5.07589656550754,5.816445650435145,3.0384691581917007,1.918144239820284
cookie,hole,cookie/test/hole/017,0.00616455078125,1,4.059103488922119,0.4715025385244748,JOINT,3.278429738968377,3.674723212711142,1.9790997352898616,1.9775929198988884
cookie,hole,cookie/test/hole/018,0.0037689208984375,1,5.151488304138184,0.571327110106758,JOINT,2.8007258973131304,2.1014138339218844,1.6810596250931138,0.8000747077819683
cookie,hole,cookie/test/hole/019,0.008056640625,1,4.9320783615112305,0.5828093178265276,JOINT,5.0874537089397975,3.64173604578673,2.3920626283494166,2.08614755453156
cookie,hole,cookie/test/hole/020,0.0078125,1,4.953001499176025,0.47159530758758833,JOINT,4.2919115997826065,4.80892350000297,2.5878363815346255,2.1810775893952616
cookie,hole,cookie/test/hole/021,0.0047760009765625,1,3.8137574195861816,0.557772219339716,JOINT,3.561830062315165,2.8239836821545694,1.8203377320217677,1.3451756324749853
cookie,hole,cookie/test/hole/022,0.0052947998046875,1,4.633120536804199,0.4512241576985907,JOINT,2.9101990459682407,3.539363871024429,1.6329147592297184,1.0750518218929437
cookie,hole,cookie/test/hole/023,0.00677490234375,1,3.6639528274536133,0.4916309816311099,JOINT,4.1448688000294425,4.285983736250541,2.3905879790407285,2.145565763966437
cookie,hole,cookie/test/hole/024,0.0085906982421875,1,4.295767784118652,0.5071096892001795,JOINT,3.1950477460409368,3.105457464124779,1.4833931353747183,1.0362138012940307
cookie,hole,cookie/test/hole/025,0.006561279296875,1,4.675180435180664,0.4890588778885463,JOINT,3.8058834565967077,3.9761713012461075,2.8597202529024033,1.9068380716431426
dowel,bent,dowel/test/bent/000,0.00262451171875,1,9.588555335998535,0.5254306566165884,JOINT,9.704967539121537,8.765532595347555,7.067688059586928,4.952075409296261
dowel,bent,dowel/test/bent/001,0.001800537109375,1,9.228521347045898,0.40992040011809944,JOINT,6.519793114432919,9.385228208326684,5.142716535636477,7.361397534009093
dowel,bent,dowel/test/bent/002,0.0028533935546875,1,7.596438884735107,0.4545589862161253,JOINT,5.953733132603174,7.144088841184443,3.9091986889826034,5.336660846988675
dowel,bent,dowel/test/bent/003,0.003448486328125,1,7.394362926483154,0.6356315535014814,JOINT,8.737477935582234,5.008657308678131,5.516159846720993,3.0328323130382078
dowel,bent,dowel/test/bent/004,0.004638671875,1,13.459322929382324,0.7956655129027617,RGB-DOMINANT,21.586785124199224,5.543691160716539,10.20635428819238,4.349326753738642
dowel,bent,dowel/test/bent/005,0.0029296875,1,8.186332702636719,0.5500794841431459,JOINT,7.127937216941479,5.830074983722797,4.307022324782442,3.532708959918088
dowel,bent,dowel/test/bent/006,0.0043182373046875,1,9.954755783081055,0.5525007049195133,JOINT,10.713196722188393,8.677178845293197,7.500644919327337,6.439846765526636
dowel,bent,dowel/test/bent/007,0.003082275390625,1,7.557384490966797,0.6191336580950365,JOINT,10.689297143095283,6.575628425400987,7.821602514287441,3.766419608583673
dowel,bent,dowel/test/bent/008,0.0025177001953125,1,8.965006828308105,0.39797780559185,JOINT,4.2700319532173,6.459288866292589,2.4641257051790992,3.106671800137677
dowel,bent,dowel/test/bent/009,0.002532958984375,1,8.728691101074219,0.6212968878764678,JOINT,6.353958967372606,3.872968722210598,4.068890551275219,2.5048158652897983
dowel,bent,dowel/test/bent/010,0.0041046142578125,1,9.657790184020996,0.6554179791336878,JOINT,7.639751983672787,4.016552193934312,4.562295989183045,2.0611593592153974
dowel,bent,dowel/test/bent/011,0.0037994384765625,1,8.724369049072266,0.6712576144312249,JOINT,10.64606755041462,5.213814930289471,5.669852182289776,4.1796296030529
dowel,bent,dowel/test/bent/012,0.00274658203125,1,9.06264591217041,0.6768897850592229,JOINT,9.963105902767154,4.75584162132005,4.596781691803203,2.831231661222084
dowel,bent,dowel/test/bent/013,0.0026397705078125,1,7.222818374633789,0.5630943313431803,JOINT,8.361216416429652,6.487478354463968,5.171830699741051,5.0750839066403515
dowel,bent,dowel/test/bent/014,0.0057525634765625,1,8.150771141052246,0.5716450970072037,JOINT,8.436681153249603,6.321917539845092,5.285977425522901,4.370919860029049
dowel,bent,dowel/test/bent/015,0.0042572021484375,1,9.43034553527832,0.6358916191663195,JOINT,10.577852957140914,6.056825032667003,6.477254492559549,4.227958717870032
dowel,bent,dowel/test/bent/016,0.0019073486328125,1,7.20160436630249,0.44498400752021,JOINT,5.7207587061617975,7.135339860297287,4.253942736786393,3.061485927067716
dowel,bent,dowel/test/bent/017,0.0041351318359375,1,7.761756896972656,0.6612217465298089,JOINT,11.594926225400222,5.940682101201841,6.991088016948668,4.475186196304044
dowel,bent,dowel/test/bent/018,0.00396728515625,1,9.527527809143066,0.6416957500605676,JOINT,9.155957040257483,5.112419207672369,7.616781670076226,3.4087509813930033
dowel,bent,dowel/test/bent/019,0.00189208984375,1,9.318804740905762,0.4881151129805816,JOINT,9.097859047436465,9.54089709303011,4.891233491784468,6.4674412091390625
dowel,bent,dowel/test/bent/020,0.0029296875,1,9.316285133361816,0.6990247017974489,JOINT,10.922195031180173,4.702709645393494,6.574797367441673,2.688998596157754
dowel,bent,dowel/test/bent/021,0.004547119140625,1,10.36107349395752,0.5619356905708218,JOINT,7.108521987179242,5.5415401899047945,3.7952177000327496,3.5167867385266045
dowel,bent,dowel/test/bent/022,0.0029144287109375,1,10.215222358703613,0.6680782153018255,JOINT,13.64550629334899,6.779505797646948,6.997781480504676,4.2588957514445696
dowel,bent,dowel/test/bent/023,0.0024566650390625,1,9.068011283874512,0.6096129508865576,JOINT,9.94489445994504,6.368561210360636,6.292486623810964,3.9482378042562365
dowel,bent,dowel/test/bent/024,0.0030517578125,1,10.027543067932129,0.737106195662129,RGB-DOMINANT,10.871537573236616,3.8774048452499352,6.086391757680937,2.483270881299085
dowel,bent,dowel/test/bent/025,0.005096435546875,1,7.2787885665893555,0.6250219381059854,JOINT,8.596463042787425,5.157394051917914,5.012546872630931,3.8274154295235316
dowel,bent,dowel/test/bent/026,0.002716064453125,1,9.696430206298828,0.5060809800965506,JOINT,5.988731988281465,5.844811886570246,4.735227941994243,3.564618276743877
dowel,combined,dowel/test/combined/000,0.004730224609375,1,7.3496012687683105,0.6255593399305299,JOINT,9.587757984314228,5.7389372574507425,4.398415262684281,3.3299396476854985
dowel,combined,dowel/test/combined/001,0.0064697265625,1,9.495948791503906,0.6326170626963799,JOINT,9.973902497053665,5.792194329239979,3.6295352748133802,3.4410230802601744
dowel,combined,dowel/test/combined/002,0.0113677978515625,1,8.949201583862305,0.5560276329279915,JOINT,8.428900274342501,6.730237903609271,2.6360991099774114,3.221352442387117
dowel,combined,dowel/test/combined/003,0.00494384765625,1,6.95623254776001,0.7579790746457864,RGB-DOMINANT,4.449367570495763,1.4206715392196811,1.522557528048684,0.08923543418241493
dowel,combined,dowel/test/combined/004,0.003997802734375,1,7.224670886993408,0.7454505390873281,RGB-DOMINANT,10.437396915837914,3.564063440158496,5.32385530061255,1.2593407211582053
dowel,combined,dowel/test/combined/005,0.0032501220703125,1,9.429549217224121,0.5785399301748232,JOINT,11.971313572916642,8.720971211573893,5.6514343470525485,4.6778706282801075
dowel,combined,dowel/test/combined/006,0.0054779052734375,1,9.734867095947266,0.6098208998287905,JOINT,9.714728001915468,6.215731900036097,5.982167233561367,3.356409391418383
dowel,combined,dowel/test/combined/007,0.0056304931640625,1,10.740765571594238,0.759073047805734,RGB-DOMINANT,14.246132454841785,4.521668268619921,5.701344533259045,2.0251969425519225
dowel,combined,dowel/test/combined/008,0.0047760009765625,1,9.854673385620117,0.6270008532901268,JOINT,11.167724177874534,6.643612907668689,6.697456858267337,3.424791523735483
dowel,combined,dowel/test/combined/009,0.006103515625,1,6.955027103424072,0.5075353018082099,JOINT,7.7419146356194535,7.512027504960368,3.9835430273586643,3.2520622941721133
dowel,combined,dowel/test/combined/010,0.0072479248046875,1,8.095290184020996,0.5340649951651432,JOINT,7.212411715858876,6.292332551388343,3.5826773042513276,2.0910501711535723
dowel,combined,dowel/test/combined/011,0.0044403076171875,1,8.466988563537598,0.6483517049101096,JOINT,8.528689629790794,4.625727821184438,5.214350835665344,2.5954708297222093
dowel,combined,dowel/test/combined/012,0.003143310546875,1,6.9711761474609375,0.7711528278388133,RGB-DOMINANT,8.524159808692575,2.5296271059311377,3.8080473143016147,1.5899599416398562
dowel,combined,dowel/test/combined/013,0.0055389404296875,1,7.885071754455566,0.48813351846443265,JOINT,10.380725729884652,10.885433730762003,5.811706670127151,4.2156936596713335
dowel,combined,dowel/test/combined/014,0.003662109375,1,9.694640159606934,0.6744749883191167,JOINT,10.851555334833463,5.237335800184044,4.975275910166903,2.120111569369359
dowel,combined,dowel/test/combined/015,0.004364013671875,1,11.129481315612793,0.6643212351660419,JOINT,11.124799523725272,5.621314058845183,6.220623424832525,2.479731595882617
dowel,combined,dowel/test/combined/016,0.0040740966796875,1,7.918133735656738,0.6658162061562501,JOINT,13.857494110709233,6.955296741727639,5.116527968147396,2.995280319635476
dowel,combined,dowel/test/combined/017,0.00341796875,1,7.064043998718262,0.5805415708370725,JOINT,5.727293623932342,4.138137778564278,3.0015551326250605,2.6352976624358626
dowel,combined,dowel/test/combined/018,0.00390625,1,6.9456610679626465,0.49189340349834054,JOINT,5.2424087304081235,5.415201640519338,3.010465796343756,2.8783245854856974
dowel,combined,dowel/test/combined/019,0.00494384765625,1,10.29482650756836,0.524151068782725,JOINT,13.211900189551153,11.994381839183541,7.220460157934409,4.152423608055547
dowel,combined,dowel/test/combined/020,0.0052947998046875,1,11.101691246032715,0.6034282157705039,JOINT,11.953009450996198,7.8554922649957435,5.585734066252942,3.361532867811819
dowel,combined,dowel/test/combined/021,0.001068115234375,1,7.628282070159912,0.6756703219580382,JOINT,4.715974616918682,2.2637221197706654,1.814112147772509,0.8573907527425787
dowel,combined,dowel/test/combined/022,0.0027313232421875,1,9.513825416564941,0.6213304437707957,JOINT,10.65534847697505,6.493896280739229,5.862500964951483,3.990514009527284
dowel,combined,dowel/test/combined/023,0.0053558349609375,1,10.53901195526123,0.7161449833137835,RGB-DOMINANT,10.614907848284341,4.207380067524976,5.394408641848539,2.5822175491612818
dowel,combined,dowel/test/combined/024,0.003814697265625,1,7.922950267791748,0.49550796535346747,JOINT,9.192911876157114,9.359587828043285,5.428307899480276,4.631946091479546
dowel,combined,dowel/test/combined/025,0.004180908203125,1,9.756686210632324,0.7537764158867937,RGB-DOMINANT,13.365243137987674,4.365800315378376,3.297669503611053,1.7637121556613324
dowel,contamination,dowel/test/contamination/000,0.002655029296875,1,8.892760276794434,0.6993102003770081,JOINT,11.26765949422488,4.8448736689409415,6.901081175989598,2.955977926148366
dowel,contamination,dowel/test/contamination/001,0.0022125244140625,1,7.02091121673584,0.6794444938353701,JOINT,3.343942311170256,1.5776394546185493,2.158748835962406,1.1195826558216733
dowel,contamination,dowel/test/contamination/002,0.00146484375,1,7.050072193145752,0.7347213468708841,RGB-DOMINANT,5.459368243369115,1.9711597137928094,3.3931412068550966,0.8670056754745921
dowel,contamination,dowel/test/contamination/003,0.0013580322265625,1,12.468055725097656,0.401925142177095,JOINT,3.1550107625308548,4.694735445223328,2.0098950065702716,3.1513885798923034
dowel,contamination,dowel/test/contamination/004,0.0020294189453125,1,7.540219783782959,0.5864996005587161,JOINT,6.000518374511393,4.230550465596138,4.593390948024779,2.6826962724123598
dowel,contamination,dowel/test/contamination/005,0.0007476806640625,1,9.825350761413574,0.7910178194323754,RGB-DOMINANT,5.801249982393494,1.532654575582936,4.111172838072657,1.2349198386297722
dowel,contamination,dowel/test/contamination/006,0.0041961669921875,1,8.951574325561523,0.7515484403567679,RGB-DOMINANT,13.57786044427984,4.488652588846603,6.348540277041033,1.9934671075903145
dowel,contamination,dowel/test/contamination/007,0.006134033203125,1,7.343313694000244,0.7822894614748792,RGB-DOMINANT,8.376491806243392,2.3311700458815534,3.130397043036919,1.0611979752974838
dowel,contamination,dowel/test/contamination/008,0.002410888671875,1,8.766546249389648,0.8290648647027196,RGB-DOMINANT,9.12815313720171,1.8820255554027052,5.496037069365591,0.950936288625419
dowel,contamination,dowel/test/contamination/009,0.006927490234375,1,10.206913948059082,0.8053445436160002,RGB-DOMINANT,15.550380101141197,3.758596931192554,8.313166613800451,1.9619124547715718
dowel,contamination,dowel/test/contamination/010,0.00335693359375,1,6.934741020202637,0.7248176859980915,RGB-DOMINANT,7.501504273544259,2.8479997377945674,2.615600565492541,1.7594148648824735
dowel,contamination,dowel/test/contamination/011,0.002197265625,1,7.217335224151611,0.6286236871164635,JOINT,4.70173119324479,2.7776728778748274,2.4064449015248037,1.354021137372362
dowel,contamination,dowel/test/contamination/012,0.00201416015625,1,8.795022010803223,0.6595937893394223,JOINT,6.251086209562976,3.2260884561196677,3.4124907913879716,2.2735380814558326
dowel,contamination,dowel/test/contamination/013,0.0029296875,1,8.600875854492188,0.46406292093029544,JOINT,8.53760348464154,9.859908222312976,5.214226563969014,5.618717872620941
dowel,contamination,dowel/test/contamination/014,0.001129150390625,1,8.309893608093262,0.4568103231260302,JOINT,3.524728512538332,4.1912268354225,2.3005868586004308,2.50441143036211
dowel,contamination,dowel/test/contamination/015,0.0022430419921875,1,9.94699478149414,0.7456160849923754,RGB-DOMINANT,13.31230358741498,4.541794667365864,6.903970911250222,1.7791679747526334
dowel,contamination,dowel/test/contamination/016,0.0009765625,1,9.630666732788086,0.8512588689062447,RGB-DOMINANT,9.13577937738856,1.5963009096197398,5.763258377724011,0.8737640832786755
dowel,contamination,dowel/test/contamination/017,0.0014190673828125,1,8.01647663116455,0.7184971137555968,RGB-DOMINANT,6.2248059578260255,2.438840868522028,4.964166750876461,1.4597266009665286
dowel,contamination,dowel/test/contamination/018,0.001617431640625,1,9.876242637634277,0.7171359146259162,RGB-DOMINANT,4.1732619578320636,1.646082960729255,3.3201248635330596,0.6124447121361082
dowel,contamination,dowel/test/contamination/019,0.0006561279296875,1,6.841372966766357,0.862050123040731,RGB-DOMINANT,7.9592151000573566,1.2736752218330902,4.579909967350802,0.1997356182910892
dowel,contamination,dowel/test/contamination/020,0.001190185546875,1,8.157343864440918,0.9001703965640041,RGB-DOMINANT,9.640426439846484,1.069129858021209,4.366727072381997,0.26925855928086745
dowel,contamination,dowel/test/contamination/021,0.0016937255859375,1,9.77595329284668,0.838572488205187,RGB-DOMINANT,8.522330177504168,1.6405710132708682,3.0200772987998112,1.085580657566292
dowel,contamination,dowel/test/contamination/022,0.000732421875,1,7.625817775726318,0.7778515823059396,RGB-DOMINANT,3.7461019109464444,1.0698568378801017,2.4392353012849863,0.8474451490500289
dowel,contamination,dowel/test/contamination/023,0.0011138916015625,1,7.818573951721191,0.5314395620952064,JOINT,4.477992395152861,3.948162116300458,3.038802570883717,2.838686517306005
dowel,contamination,dowel/test/contamination/024,0.0030975341796875,1,6.52376651763916,0.5976739589310612,JOINT,4.419942737779193,2.9752968808421247,2.8708039081411587,1.6072013309270408
dowel,contamination,dowel/test/contamination/025,0.0022125244140625,1,7.2232441902160645,0.8756369367048056,RGB-DOMINANT,6.846291164472476,0.9723491895987891,2.782758600061557,0.6483762919666544
dowel,cut,dowel/test/cut/000,0.0034027099609375,1,12.760942459106445,0.630736023497638,JOINT,14.577680474402218,8.534492131227914,9.587355505549747,3.860314023100011
dowel,cut,dowel/test/cut/001,0.0004730224609375,1,6.637697219848633,0.3797192975913141,JOINT,1.9428363640076445,3.173669424906435,1.6067676770475419,1.0025509593843849
dowel,cut,dowel/test/cut/002,0.0019073486328125,1,7.700505256652832,0.9568599267452986,RGB-DOMINANT,3.8525464587254734,0.17369123206146062,1.5688772040079269,-0.3850265177830801
dowel,cut,dowel/test/cut/003,0.003448486328125,1,7.814095497131348,0.8790510716052887,RGB-DOMINANT,3.62594293929074,0.49889369121141547,2.887978623200283,0.25876537763224505
dowel,cut,dowel/test/cut/004,0.00152587890625,1,7.029371738433838,0.4570555862900037,JOINT,6.3477244756680005,7.54057316037655,3.694703582538854,4.24734119028299
dowel,cut,dowel/test/cut/005,0.000640869140625,1,9.011484146118164,0.518621091224437,JOINT,2.2824245556828693,2.118522640030084,1.2477519159125652,-0.27268447483311087
dowel,cut,dowel/test/cut/006,0.0027008056640625,1,9.038615226745605,0.33707065132822994,JOINT,1.0489105344343166,2.0629302420629108,0.016307985463109267,1.4185460277230064
dowel,cut,dowel/test/cut/007,0.0032806396484375,1,8.871788024902344,0.7004640264611505,RGB-DOMINANT,11.300180485695536,4.832239393626056,5.443232509635035,1.9241453971738338
dowel,cut,dowel/test/cut/008,0.00103759765625,1,8.04854965209961,0.596718171504123,JOINT,7.78020281828487,5.25811676557406,3.9138968518648936,3.2076518236900506
dowel,cut,dowel/test/cut/009,0.005523681640625,1,9.633188247680664,0.6814789822227181,JOINT,7.959465021221396,3.7202265721741212,3.3509114065541987,2.0954173257462947
dowel,cut,dowel/test/cut/010,0.004364013671875,1,7.251320838928223,0.6575018117411273,JOINT,9.190292042843794,4.78729892531676,4.763783011823136,3.265348652897476
dowel,cut,dowel/test/cut/011,0.005096435546875,1,6.853698253631592,0.5595917715228487,JOINT,8.380888336054122,6.595900464208197,4.122757926572172,3.400682183485347
dowel,cut,dowel/test/cut/012,0.0008544921875,1,8.847434997558594,0.5333404839864534,JOINT,3.7790441237123265,3.306567608075557,2.6870228207222135,1.322094788666334
dowel,cut,dowel/test/cut/013,0.0067596435546875,1,8.341581344604492,0.5198940016004274,JOINT,11.263185645054024,10.401201884880427,4.831670949068231,3.761013152649108
dowel,cut,dowel/test/cut/014,0.0015869140625,1,9.246495246887207,0.8326298256006084,RGB-DOMINANT,16.57271469586136,3.3313451320183214,9.319086693543921,2.2126474779121934
dowel,cut,dowel/test/cut/015,0.00213623046875,1,10.523815155029297,0.4025038416058762,JOINT,4.368355104503225,6.484596471240467,2.5958010435666043,2.160152484351455
dowel,cut,dowel/test/cut/016,0.001861572265625,1,8.620135307312012,0.5592346941621956,JOINT,5.792473584182969,4.565383475501307,3.080135623708399,2.5758122816865368
dowel,cut,dowel/test/cut/017,0.0042877197265625,1,6.499941349029541,0.586789528593103,JOINT,3.725715112659003,2.6236049490031648,1.7779338996260263,0.7078627281957693
dowel,cut,dowel/test/cut/018,0.0003662109375,1,9.912026405334473,0.23068346567965875,DEPTH-DOMINANT,0.9671222714950722,3.2252980129938544,-0.049391960868788665,1.7398052302417213
dowel,cut,dowel/test/cut/019,0.005523681640625,1,12.786006927490234,0.5911749420460786,JOINT,14.753884787762901,10.202998779602478,8.014971023101255,5.8800685138749476
dowel,cut,dowel/test/cut/020,0.0022430419921875,1,6.613221645355225,0.5363108195605281,JOINT,5.038521829890046,4.3562565519967285,3.3614018688622505,1.861288173270107
dowel,cut,dowel/test/cut/021,0.0011138916015625,1,6.874921798706055,0.5013467284335503,JOINT,5.702384293913966,5.671747557677533,2.6081975062538594,2.840145684823486
dowel,cut,dowel/test/cut/022,0.0026397705078125,1,9.571821212768555,0.7186538809857407,RGB-DOMINANT,9.764726813457962,3.822796127920032,6.448225998086479,2.106970680550741
dowel,cut,dowel/test/cut/023,0.0015411376953125,1,6.150094509124756,0.45965967907815336,JOINT,4.517171702968807,5.310036226968199,2.08566979928575,2.283546028805865
dowel,cut,dowel/test/cut/024,0.0015716552734375,1,8.64905834197998,0.6110525068437807,JOINT,5.026183013753773,3.199267903161033,2.4256529492727785,1.798591872003245
dowel,good,dowel/test/good/000,0.0,0,8.22204875946045,0.0,UNCERTAIN,0.0,0.0,0.0,0.0
dowel,good,dowel/test/good/001,0.0,0,6.571544647216797,0.0,UNCERTAIN,0.0,0.0,0.0,0.0
dowel,good,dowel/test/good/002,0.0,0,7.616904258728027,0.0,UNCERTAIN,0.0,0.0,0.0,0.0
dowel,good,dowel/test/good/003,0.0,0,7.379250526428223,0.0,UNCERTAIN,0.0,0.0,0.0,0.0
dowel,good,dowel/test/good/004,0.0,0,7.857477188110352,0.0,UNCERTAIN,0.0,0.0,0.0,0.0
dowel,good,dowel/test/good/005,0.0,0,8.636033058166504,0.0,UNCERTAIN,0.0,0.0,0.0,0.0
dowel,good,dowel/test/good/006,0.0,0,6.915523052215576,0.0,UNCERTAIN,0.0,0.0,0.0,0.0
dowel,good,dowel/test/good/007,0.0,0,6.637528419494629,0.0,UNCERTAIN,0.0,0.0,0.0,0.0
dowel,good,dowel/test/good/008,0.0,0,9.107976913452148,0.0,UNCERTAIN,0.0,0.0,0.0,0.0
dowel,good,dowel/test/good/009,0.0,0,6.3871846199035645,0.0,UNCERTAIN,0.0,0.0,0.0,0.0
dowel,good,dowel/test/good/010,0.0,0,7.335355281829834,0.0,UNCERTAIN,0.0,0.0,0.0,0.0
dowel,good,dowel/test/good/011,0.0,0,8.352726936340332,0.0,UNCERTAIN,0.0,0.0,0.0,0.0
dowel,good,dowel/test/good/012,0.0,0,8.921452522277832,0.0,UNCERTAIN,0.0,0.0,0.0,0.0
dowel,good,dowel/test/good/013,0.0,0,7.376365661621094,0.0,UNCERTAIN,0.0,0.0,0.0,0.0
dowel,good,dowel/test/good/014,0.0,0,8.725691795349121,0.0,UNCERTAIN,0.0,0.0,0.0,0.0
dowel,good,dowel/test/good/015,0.0,0,13.488083839416504,0.0,UNCERTAIN,0.0,0.0,0.0,0.0
dowel,good,dowel/test/good/016,0.0,0,7.518317699432373,0.0,UNCERTAIN,0.0,0.0,0.0,0.0
dowel,good,dowel/test/good/017,0.0,0,8.912199974060059,0.0,UNCERTAIN,0.0,0.0,0.0,0.0
dowel,good,dowel/test/good/018,0.0,0,7.1984782218933105,0.0,UNCERTAIN,0.0,0.0,0.0,0.0
dowel,good,dowel/test/good/019,0.0,0,8.269083023071289,0.0,UNCERTAIN,0.0,0.0,0.0,0.0
dowel,good,dowel/test/good/020,0.0,0,6.63262939453125,0.0,UNCERTAIN,0.0,0.0,0.0,0.0
dowel,good,dowel/test/good/021,0.0,0,10.287227630615234,0.0,UNCERTAIN,0.0,0.0,0.0,0.0
dowel,good,dowel/test/good/022,0.0,0,8.918004035949707,0.0,UNCERTAIN,0.0,0.0,0.0,0.0
dowel,good,dowel/test/good/023,0.0,0,10.399643898010254,0.0,UNCERTAIN,0.0,0.0,0.0,0.0
dowel,good,dowel/test/good/024,0.0,0,9.599533081054688,0.0,UNCERTAIN,0.0,0.0,0.0,0.0
dowel,good,dowel/test/good/025,0.0,0,8.521562576293945,0.0,UNCERTAIN,0.0,0.0,0.0,0.0
foam,color,foam/test/color/000,0.01422119140625,1,6.914425849914551,0.8659766154178343,RGB-DOMINANT,8.482641737736072,1.3128200804408268,4.780625171646852,-0.40726275076392926
foam,color,foam/test/color/001,0.00115966796875,1,5.4485087394714355,0.98443748975779,RGB-DOMINANT,5.414260314516981,0.08559050019712551,4.273340107776143,-0.6624613073343589
foam,color,foam/test/color/002,0.0030670166015625,1,7.153715133666992,0.8487391505070094,RGB-DOMINANT,6.96949618115794,1.2420907690321599,5.804539020957549,-0.23857036065001203
foam,color,foam/test/color/003,0.0011444091796875,1,5.274277687072754,0.9999998878614841,RGB-DOMINANT,8.917541656096795,-0.8437387416776435,7.012276555295757,-1.1016617848336496
foam,color,foam/test/color/004,0.0008697509765625,1,4.93474006652832,0.999999900678426,RGB-DOMINANT,10.068304999004441,-0.5604311626467889,8.786811420134843,-0.8678350082180049
foam,color,foam/test/color/005,0.0016632080078125,1,7.042984485626221,0.8269885534217176,RGB-DOMINANT,5.542151124608757,1.159453480061048,4.424977842701577,-0.27520772335683086
foam,color,foam/test/color/006,0.0009002685546875,1,3.9449973106384277,0.8996045868587184,RGB-DOMINANT,5.476252739143318,0.6111460130806615,3.717343868937872,-0.6490191056477411
foam,color,foam/test/color/007,0.003204345703125,1,3.875253915786743,0.7638341860279304,RGB-DOMINANT,5.371427490789625,1.6607619885629359,4.128334341151048,-0.4574539077501899
foam,color,foam/test/color/008,0.0016937255859375,1,5.2699408531188965,0.9712259212637502,RGB-DOMINANT,6.449986899432823,0.19108989536095675,5.032766447584488,-0.5049897584516275
foam,color,foam/test/color/009,0.003387451171875,1,8.079236030578613,0.8028202202047452,RGB-DOMINANT,10.91690659737141,2.6812882659406103,7.129470903073699,-0.20197418327771247
foam,color,foam/test/color/010,0.0016326904296875,1,4.302079200744629,0.9999998953003294,RGB-DOMINANT,9.551127420893097,-0.13348744332602228,6.964595655185921,-0.7592171138874281
foam,color,foam/test/color/011,0.000640869140625,1,5.861771583557129,0.9965874223007273,RGB-DOMINANT,6.076675764093759,0.020807137584541183,4.857437440669681,-0.301816162254233
foam,color,foam/test/color/012,0.0010528564453125,1,5.820977687835693,0.9999998941578171,RGB-DOMINANT,9.44802786407534,-0.19524484789518043,6.715838552748568,-0.4659268182231338
foam,color,foam/test/color/013,0.0016021728515625,1,6.346527099609375,0.9999999015507275,RGB-DOMINANT,10.157514374228601,-0.33505249344319255,6.537175737076309,-0.84802829609295
foam,color,foam/test/color/014,0.003753662109375,1,6.6135711669921875,0.9389253379972002,RGB-DOMINANT,7.4752158710493175,0.486242436241852,5.582236948308754,0.008051497722928564
foam,color,foam/test/color/015,0.0013885498046875,1,5.770287990570068,0.9999998742517089,RGB-DOMINANT,7.952393353998505,-0.11078024657960082,6.767702751619972,-0.698071776830831
foam,color,foam/test/color/016,0.00335693359375,1,14.114358901977539,0.9950429139888818,RGB-DOMINANT,16.587518540711145,0.08263438683743828,10.470974080264483,-0.6281653165749354
foam,color,foam/test/color/017,0.0023651123046875,1,7.2075300216674805,0.99999988118143,RGB-DOMINANT,8.416191849215672,-0.4576023753810455,5.993746917007558,-0.8144506000412627
foam,color,foam/test/color/018,0.0027618408203125,1,7.127379417419434,0.9879692993122097,RGB-DOMINANT,10.520237750254019,0.12810604910143553,8.392952037272712,-0.2755300610316844
foam,color,foam/test/color/019,0.003143310546875,1,10.430185317993164,0.9957899071878852,RGB-DOMINANT,11.18593803264454,0.04729194499578973,8.505413936244594,-0.4536378028157944
foam,combined,foam/test/combined/000,0.0025177001953125,1,7.109165191650391,0.7688952789155583,RGB-DOMINANT,5.697400700369631,1.7124509240413075,2.232788800839566,0.36269204792184967
foam,combined,foam/test/combined/001,0.004058837890625,1,5.1443281173706055,0.9752456477607925,RGB-DOMINANT,10.676683592940426,0.2710018873372026,3.7121842518773738,-0.5913908931338998
foam,combined,foam/test/combined/002,0.0030670166015625,1,4.407377243041992,0.7685977225514813,RGB-DOMINANT,5.4027903335389995,1.6266210300620594,2.7605950038411597,-0.01204185132569826
foam,combined,foam/test/combined/003,0.006011962890625,1,5.6219096183776855,0.551428116922363,JOINT,6.5248204588948875,5.307764255651717,3.2794062862427817,1.901784906093558
foam,combined,foam/test/combined/004,0.0033111572265625,1,5.515041351318359,0.9001604376509856,RGB-DOMINANT,5.005018846758894,0.5551210319268481,1.4018483071117203,-0.3457834841365053
foam,combined,foam/test/combined/005,0.0011138916015625,1,6.599998474121094,0.8229104963428172,RGB-DOMINANT,6.836526412699531,1.4712125457557998,4.793410121405097,0.024141603480572385
foam,combined,foam/test/combined/006,0.00323486328125,1,4.5022807121276855,0.9999998178399012,RGB-DOMINANT,5.489675425705441,-0.015766002410191365,2.4833619774653677,-0.7411968692639931
foam,combined,foam/test/combined/007,0.004730224609375,1,5.63967752456665,0.7593056138792116,RGB-DOMINANT,8.615085287997188,2.7309187072558228,2.872584381524464,0.16203736287474285
foam,combined,foam/test/combined/008,0.0035552978515625,1,4.745797157287598,0.6151940940677965,JOINT,1.413058424877454,0.8838716388361227,0.46614389047048954,-0.21334212252164741
foam,combined,foam/test/combined/009,0.002777099609375,1,9.578390121459961,0.9638359693792189,RGB-DOMINANT,16.307354622342835,0.6118662581665306,7.056399469844623,-0.45768951061577245
foam,combined,foam/test/combined/010,0.002197265625,1,4.5155744552612305,0.7709009204091454,RGB-DOMINANT,4.491038703801091,1.3346618680916136,1.6650148629293307,-0.09757279567033521
foam,combined,foam/test/combined/011,0.003997802734375,1,6.70581579208374,0.9159648121642181,RGB-DOMINANT,8.578905954697204,0.7870706906963859,4.457726163971217,-0.49303833977261685
foam,combined,foam/test/combined/012,0.0041656494140625,1,9.212322235107422,0.9999999078154816,RGB-DOMINANT,10.847807478727518,-0.036180664035661565,5.41308732705668,-0.5522315821249703
foam,combined,foam/test/combined/013,0.0067138671875,1,5.881455898284912,0.6006119889921833,JOINT,5.9088446355413815,3.9291941369518764,3.1403395700947807,0.2312849203124795
foam,combined,foam/test/combined/014,0.0035858154296875,1,4.62127161026001,0.5192820086055194,JOINT,3.190226495585591,2.9533061580309274,0.9412731255330015,-0.006405161053239645
foam,combined,foam/test/combined/015,0.004302978515625,1,5.130812644958496,0.9048640474703444,RGB-DOMINANT,6.469902572543201,0.680234164314161,3.832564309206177,-0.4081156466276042
foam,combined,foam/test/combined/016,0.00390625,1,4.755289077758789,0.6976871917906554,JOINT,5.107993078629942,2.2133286269223498,2.956778296007289,0.08878361937668805
foam,combined,foam/test/combined/017,0.0042572021484375,1,4.751288890838623,0.7234667839252954,RGB-DOMINANT,5.3220352619567315,2.0342589822853046,2.710165693669328,0.05759598713054768
foam,combined,foam/test/combined/018,0.0031280517578125,1,5.574162483215332,0.7327125356132199,RGB-DOMINANT,2.9083588725141034,1.0609442285547377,1.5790696831727091,0.13634577035334175
foam,combined,foam/test/combined/019,0.0029754638671875,1,4.534209728240967,0.7227135183344141,RGB-DOMINANT,7.358253066508089,2.823170356638342,3.693023450429292,0.551780137975191
foam,contamination,foam/test/contamination/000,0.001617431640625,1,5.231318473815918,0.8859256368195457,RGB-DOMINANT,2.7671588828843077,0.3563064306297128,0.9818013859135799,0.19285359804598026
foam,contamination,foam/test/contamination/001,0.0019378662109375,1,6.084632396697998,0.9228748843633893,RGB-DOMINANT,6.108386273636087,0.5104798958283079,3.5719752359710264,0.010200878495299817
foam,contamination,foam/test/contamination/002,0.0009918212890625,1,4.971331596374512,0.8709016853372812,RGB-DOMINANT,4.9713317209518015,0.7369255183539513,3.4959675654235935,0.2632839619759039
foam,contamination,foam/test/contamination/003,0.0024871826171875,1,4.149880409240723,0.6354227052397321,JOINT,4.570475206700621,2.6223344514836398,2.5573273472030076,1.611573190402424
foam,contamination,foam/test/contamination/004,0.0013275146484375,1,4.736727237701416,0.7807835334615864,RGB-DOMINANT,6.49298434957044,1.8229999028130712,4.69534574307101,0.9840032905522753
foam,contamination,foam/test/contamination/005,0.0040435791015625,1,4.095363140106201,0.6427009632813532,JOINT,4.882504366946777,2.7143470510406194,1.9146680098174922,1.480510069911333
foam,contamination,foam/test/contamination/006,0.002532958984375,1,5.908668518066406,0.5746743688081438,JOINT,6.058828227439491,4.484234038119589,2.876168268557976,0.3795734198238375
foam,contamination,foam/test/contamination/007,0.0004425048828125,1,4.3361897468566895,0.5572889475545547,JOINT,1.6230064309155698,1.289317383774369,1.2475589904617679,0.836163892584157
foam,contamination,foam/test/contamination/008,0.001068115234375,1,4.60569953918457,0.8180062045369508,RGB-DOMINANT,6.501176643455323,1.4464107823995236,2.960254327122328,0.8008636322308881
foam,contamination,foam/test/contamination/009,0.001556396484375,1,5.07927942276001,0.6244548608952939,JOINT,3.309538318371388,1.990344669442293,2.0571767663483302,-0.38761464111067195
foam,contamination,foam/test/contamination/010,0.0024566650390625,1,4.842474937438965,0.6245471344933444,JOINT,3.5082206835584477,2.109001564778838,2.279420429392159,1.1397636170739966
foam,contamination,foam/test/contamination/011,0.000579833984375,1,4.630629062652588,0.6095308306447202,JOINT,4.210514751046404,2.697280441301746,3.4412286122786355,0.6645700103900808
foam,contamination,foam/test/contamination/012,0.001800537109375,1,5.016465187072754,0.4969721968256453,JOINT,2.4824865644593848,2.512734663898644,1.7990222557841367,1.2429390905784836
foam,contamination,foam/test/contamination/013,0.00079345703125,1,4.453305244445801,0.9087068535211722,RGB-DOMINANT,1.2660249162643797,0.12719007122226283,0.8826370674849464,-0.5344886772031273
foam,contamination,foam/test/contamination/014,0.0013275146484375,1,4.255673408508301,0.43230793591621447,JOINT,2.8203818592659173,3.7036284413559963,1.4419958372408643,1.1910772219569388
foam,contamination,foam/test/contamination/015,0.0022125244140625,1,4.437844753265381,0.6033507702071261,JOINT,3.9992438247649016,2.629144533869693,2.657850509854585,1.8196211538391966
foam,contamination,foam/test/contamination/016,0.0015411376953125,1,3.9934513568878174,0.7524722199645253,RGB-DOMINANT,2.853799646371749,0.9387641429387306,1.5380466424266042,-0.2400562744292211
foam,contamination,foam/test/contamination/017,0.0009002685546875,1,5.451611042022705,0.6737834890290884,JOINT,5.4516109963320405,2.639430727477841,4.644188564983131,1.1330337274466245
foam,contamination,foam/test/contamination/018,0.00067138671875,1,6.019038200378418,0.8464838590263623,RGB-DOMINANT,6.202531692813967,1.1248742348836345,4.952834898135229,0.262311069895506
foam,contamination,foam/test/contamination/019,0.0016021728515625,1,5.804366588592529,0.4799934100852008,JOINT,4.530563333704898,4.908238863407131,3.1188335273249876,2.0574913675675033
foam,cut,foam/test/cut/000,0.00323486328125,1,5.085250377655029,0.7269958521211274,RGB-DOMINANT,5.856728558771332,2.199339181763272,2.954904482790341,0.1860570954552286
foam,cut,foam/test/cut/001,0.0016937255859375,1,5.056921005249023,0.4041927420785398,JOINT,1.2688221910617608,1.8703281567257077,0.4836036597329978,0.854543919289688
foam,cut,foam/test/cut/002,0.0047149658203125,1,4.048733234405518,0.5962716639545715,JOINT,4.411039063147597,2.9866602298578804,2.2894184418470243,1.0582224909261189
foam,cut,foam/test/cut/003,0.0015106201171875,1,5.142490863800049,0.9999994073818421,RGB-DOMINANT,1.6874262018781678,-0.065640072472961,1.1587213354417996,-0.6117492165160648
foam,cut,foam/test/cut/004,0.0026092529296875,1,4.973769664764404,0.6945706065251563,JOINT,3.4178902546991417,1.5029767212700516,1.58489474592399,0.8972412727231344
foam,cut,foam/test/cut/005,0.0017547607421875,1,5.098527431488037,0.2766320439028913,DEPTH-DOMINANT,0.8474832930859176,2.2160917161468285,-0.2964782378934951,0.7274616542763289
foam,cut,foam/test/cut/006,0.0017852783203125,1,4.074746131896973,0.9217251791309955,RGB-DOMINANT,1.7160090844609568,0.1457260634858898,0.8625882659814484,-0.4239444741362349
foam,cut,foam/test/cut/007,0.0023040771484375,1,5.068399429321289,0.9224310159971414,RGB-DOMINANT,5.427011028502999,0.45636671135478707,3.761978095448848,0.012453385739467684
foam,cut,foam/test/cut/008,0.00323486328125,1,4.62137508392334,0.7474500562376225,RGB-DOMINANT,5.334882626395073,1.8025599818759996,3.61418323713546,0.11620051722713527
foam,cut,foam/test/cut/009,0.0016021728515625,1,4.653768539428711,0.9999997423413229,RGB-DOMINANT,3.8811025259879517,-0.01776363775535602,2.241510730874834,-0.6016623045774999
foam,cut,foam/test/cut/010,0.0017242431640625,1,4.395604133605957,0.9999992153115207,RGB-DOMINANT,1.2743900816218061,-0.16031644379093163,0.5822105579480316,-0.8217613039931649
foam,cut,foam/test/cut/011,0.001556396484375,1,3.663968801498413,0.6613357379233109,JOINT,1.8062309533335297,0.9249541141325263,0.5796114045720455,-0.11524061232724084
foam,cut,foam/test/cut/012,0.002166748046875,1,4.529467582702637,0.7717419306239359,RGB-DOMINANT,1.6599003362801232,0.49094763332054525,0.5782768689463145,-0.5319219757521145
foam,cut,foam/test/cut/013,0.0037994384765625,1,4.141501426696777,0.7150664349860663,RGB-DOMINANT,5.787633287823173,2.3062056753628353,3.266797823889013,1.500284516628169
foam,cut,foam/test/cut/014,0.002044677734375,1,3.4114396572113037,0.7340135501413219,RGB-DOMINANT,3.654181372150734,1.3241744598821126,1.976857219530327,0.3047989357785475
foam,cut,foam/test/cut/015,0.00299072265625,1,3.580857276916504,0.5424724536994185,JOINT,2.4288730469609465,2.0485386408117185,0.69698440442619,0.2247826459682303
foam,cut,foam/test/cut/016,0.00103759765625,1,5.065639972686768,0.9999994757643318,RGB-DOMINANT,1.9075380336108547,-0.11820687114159537,1.126631415739201,-0.8122757943609511
foam,cut,foam/test/cut/017,0.0010986328125,1,4.084743499755859,0.9395149914987099,RGB-DOMINANT,6.887804104053053,0.4434287414714985,2.9450945413916667,-0.17171300269971082
foam,cut,foam/test/cut/018,0.0014801025390625,1,4.289979457855225,0.4775450344043546,JOINT,2.2658827318929164,2.478972917531087,1.001488411279448,1.3812994713683395
foam,cut,foam/test/cut/019,0.0015411376953125,1,3.8547306060791016,0.7946273133623754,RGB-DOMINANT,4.601092695819568,1.1891586884718381,2.416801628145952,0.1017246087316196
foam,good,foam/test/good/000,0.0,0,4.027092933654785,0.0,UNCERTAIN,0.0,0.0,0.0,0.0
foam,good,foam/test/good/001,0.0,0,4.205446720123291,0.0,UNCERTAIN,0.0,0.0,0.0,0.0
foam,good,foam/test/good/002,0.0,0,5.393305778503418,0.0,UNCERTAIN,0.0,0.0,0.0,0.0
foam,good,foam/test/good/003,0.0,0,5.909488201141357,0.0,UNCERTAIN,0.0,0.0,0.0,0.0
foam,good,foam/test/good/004,0.0,0,5.409940242767334,0.0,UNCERTAIN,0.0,0.0,0.0,0.0
foam,good,foam/test/good/005,0.0,0,4.755123138427734,0.0,UNCERTAIN,0.0,0.0,0.0,0.0
foam,good,foam/test/good/006,0.0,0,3.8194708824157715,0.0,UNCERTAIN,0.0,0.0,0.0,0.0
foam,good,foam/test/good/007,0.0,0,4.886687755584717,0.0,UNCERTAIN,0.0,0.0,0.0,0.0
foam,good,foam/test/good/008,0.0,0,4.00084114074707,0.0,UNCERTAIN,0.0,0.0,0.0,0.0
foam,good,foam/test/good/009,0.0,0,5.3813252449035645,0.0,UNCERTAIN,0.0,0.0,0.0,0.0
foam,good,foam/test/good/010,0.0,0,7.6771345138549805,0.0,UNCERTAIN,0.0,0.0,0.0,0.0
foam,good,foam/test/good/011,0.0,0,4.821245193481445,0.0,UNCERTAIN,0.0,0.0,0.0,0.0
foam,good,foam/test/good/012,0.0,0,3.5285439491271973,0.0,UNCERTAIN,0.0,0.0,0.0,0.0
foam,good,foam/test/good/013,0.0,0,4.807249546051025,0.0,UNCERTAIN,0.0,0.0,0.0,0.0
foam,good,foam/test/good/014,0.0,0,4.128190040588379,0.0,UNCERTAIN,0.0,0.0,0.0,0.0
foam,good,foam/test/good/015,0.0,0,4.590909481048584,0.0,UNCERTAIN,0.0,0.0,0.0,0.0
foam,good,foam/test/good/016,0.0,0,3.8408236503601074,0.0,UNCERTAIN,0.0,0.0,0.0,0.0
foam,good,foam/test/good/017,0.0,0,3.2041332721710205,0.0,UNCERTAIN,0.0,0.0,0.0,0.0
foam,good,foam/test/good/018,0.0,0,4.52570104598999,0.0,UNCERTAIN,0.0,0.0,0.0,0.0
foam,good,foam/test/good/019,0.0,0,4.297688961029053,0.0,UNCERTAIN,0.0,0.0,0.0,0.0
peach,combined,peach/test/combined/000,0.0059661865234375,1,10.169371604919434,0.7666394335465998,RGB-DOMINANT,7.038365930077005,2.1424364855735187,4.195917930213851,1.0394190368631961
peach,combined,peach/test/combined/001,0.0060272216796875,1,12.125710487365723,0.7425979818646407,RGB-DOMINANT,12.735658896866061,4.414479489302499,7.240725885681973,1.0514218660159989
peach,combined,peach/test/combined/002,0.004425048828125,1,10.177752494812012,0.7897284571469332,RGB-DOMINANT,11.65659258116648,3.1036603715383158,6.795907808557608,0.559712127228581
peach,combined,peach/test/combined/003,0.005035400390625,1,8.275604248046875,0.7232562994949151,RGB-DOMINANT,8.638914681638761,3.305556406156027,6.193707576579319,1.037109965941005
peach,combined,peach/test/combined/004,0.006622314453125,1,10.201841354370117,0.8092328622152567,RGB-DOMINANT,10.209143288250802,2.406684560201427,6.912105193459511,0.12342186496482005
peach,combined,peach/test/combined/005,0.0059967041015625,1,12.044459342956543,0.8372566371659571,RGB-DOMINANT,12.322737755388435,2.39525475864313,8.581827549160696,0.8441088169553317
peach,combined,peach/test/combined/006,0.0091705322265625,1,11.67402458190918,0.7689951349715679,RGB-DOMINANT,12.984483071025005,3.9005162112005536,6.030671305535992,0.982062433280333
peach,combined,peach/test/combined/007,0.0058746337890625,1,9.163067817687988,0.7166821002049134,RGB-DOMINANT,7.802617390066134,3.0845202559740197,6.272895990944673,1.3314525415291334
peach,combined,peach/test/combined/008,0.0081024169921875,1,12.947334289550781,0.8468263617148568,RGB-DOMINANT,12.787132026105331,2.3129306991321377,6.485034174997492,0.5204871712298478
peach,combined,peach/test/combined/009,0.0060272216796875,1,8.428351402282715,0.9633482945118359,RGB-DOMINANT,8.469775734626369,0.32224146157370614,5.776436763317007,-0.3982063524107224
peach,combined,peach/test/combined/010,0.00396728515625,1,8.139854431152344,0.769146289557732,RGB-DOMINANT,7.789738269156763,2.338032748876314,5.951748984275213,0.8887026296973644
peach,combined,peach/test/combined/011,0.0029144287109375,1,7.544454097747803,0.7672431790597996,RGB-DOMINANT,8.780532920805069,2.6637293329458105,5.939832659683575,0.9235366799161052
peach,combined,peach/test/combined/012,0.00537109375,1,7.351180553436279,0.8251409623296623,RGB-DOMINANT,8.348813756922214,1.7692306899437202,6.253556654703627,0.7827039110334941
peach,combined,peach/test/combined/013,0.004058837890625,1,9.224899291992188,0.7573982237855219,RGB-DOMINANT,9.399353106627808,3.010700223377451,7.047968475041103,1.4511083037832861
peach,combined,peach/test/combined/014,0.00714111328125,1,8.837545394897461,0.7636172841515181,RGB-DOMINANT,7.786621199090279,2.4103984298262957,5.62797262027712,0.47500166606492267
peach,combined,peach/test/combined/015,0.0038604736328125,1,7.3712005615234375,0.7365164937944063,RGB-DOMINANT,7.0801085765181115,2.5328571882078355,5.117677702939514,0.12862599020273668
peach,combined,peach/test/combined/016,0.0068359375,1,9.01589584350586,0.7424567839230052,RGB-DOMINANT,9.327780225637587,3.235616978297341,5.965556533371654,0.9889048033689749
peach,combined,peach/test/combined/017,0.0076446533203125,1,13.775025367736816,0.7802489267422709,RGB-DOMINANT,13.7166540863318,3.863188494616355,8.000011655996117,1.2283863535606319
peach,combined,peach/test/combined/018,0.00579833984375,1,6.682638645172119,0.8810186653484612,RGB-DOMINANT,8.46860785949104,1.1436822219260963,6.450051381939616,-0.07463212553791901
peach,combined,peach/test/combined/019,0.0048370361328125,1,10.520599365234375,0.7696197962593329,RGB-DOMINANT,10.463275169504742,3.1321058884419775,6.382746809938382,0.738468550618807
peach,combined,peach/test/combined/020,0.0058135986328125,1,9.069045066833496,0.717969548713722,RGB-DOMINANT,9.406490050084015,3.6950256743177503,6.03464459812581,1.3393249704411598
peach,combined,peach/test/combined/021,0.00640869140625,1,7.449841499328613,0.7014265834733728,RGB-DOMINANT,7.471822904132859,3.1804996321856076,4.743780286919093,0.8679496808417414
peach,combined,peach/test/combined/022,0.0056915283203125,1,8.521232604980469,0.7960300464671655,RGB-DOMINANT,9.65264597623715,2.473334975168126,6.205052078455968,0.9118102845218934
peach,combined,peach/test/combined/023,0.00494384765625,1,11.340316772460938,0.6458765078987748,JOINT,6.82319001364588,3.7410421334052697,5.405214713549989,1.0715960053097724
peach,combined,peach/test/combined/024,0.0101776123046875,1,11.18911361694336,0.7732942754330544,RGB-DOMINANT,11.298660265726381,3.3124132303301055,6.935474764679893,1.2626381698220326
peach,contamination,peach/test/contamination/000,0.0012969970703125,1,11.237458229064941,0.8110711313594456,RGB-DOMINANT,11.701067751857957,2.7256162816059555,9.177787330025607,1.5825212085135083
peach,contamination,peach/test/contamination/001,0.0019989013671875,1,7.870450973510742,0.7781894406063626,RGB-DOMINANT,8.19171563177154,2.3349176353146124,6.709092131466854,1.7446586901960035
peach,contamination,peach/test/contamination/002,0.0022430419921875,1,8.193853378295898,0.8920841348240626,RGB-DOMINANT,8.798402714428015,1.0643461888232546,7.224334830342633,0.08313165334806756
peach,contamination,peach/test/contamination/003,0.005096435546875,1,7.935471534729004,0.6651126274451953,JOINT,9.814749239819408,4.941771941272599,7.557429264867858,2.2737349864797753
peach,contamination,peach/test/contamination/004,0.0032196044921875,1,13.335798263549805,0.7952282328400884,RGB-DOMINANT,14.913402053708648,3.84020935319337,12.780040028401281,1.680803708528447
peach,contamination,peach/test/contamination/005,0.0030975341796875,1,7.546418190002441,0.8177951703612947,RGB-DOMINANT,7.689111171691969,1.7131335866132413,6.233555684121874,0.6485759828353524
peach,contamination,peach/test/contamination/006,0.002044677734375,1,7.6487321853637695,0.8315829250952644,RGB-DOMINANT,6.832486838446391,1.3837545016229122,4.628217858007498,0.5237237047726806
peach,contamination,peach/test/contamination/007,0.001617431640625,1,10.124129295349121,0.7450044485806412,RGB-DOMINANT,7.781113565796025,2.663270807499874,5.7130701293961135,1.6841088392392651
peach,contamination,peach/test/contamination/008,0.004852294921875,1,8.699921607971191,0.8376618223304075,RGB-DOMINANT,10.168893389892853,1.9707222415570556,7.327638701512987,0.6582749382771202
peach,contamination,peach/test/contamination/009,0.0022430419921875,1,7.555351734161377,0.653738320213869,JOINT,4.554382525319378,2.4122916480579786,3.787459066737652,0.34414009772377674
peach,contamination,peach/test/contamination/010,0.000946044921875,1,9.783162117004395,0.8640302340048837,RGB-DOMINANT,5.733464815342587,0.9022566278030545,4.6135983385205055,0.42023745829339826
peach,contamination,peach/test/contamination/011,0.0027923583984375,1,10.083640098571777,0.7158754565818568,RGB-DOMINANT,7.4926054377739,2.9737468488011065,6.035821610829142,0.7165008580455834
peach,contamination,peach/test/contamination/012,0.0009307861328125,1,7.5357465744018555,0.7738670513564194,RGB-DOMINANT,7.452343567787253,2.1776604243169175,5.9818729286766015,1.3674346689343162
peach,contamination,peach/test/contamination/013,0.00225830078125,1,8.492855072021484,0.7481624301723303,RGB-DOMINANT,8.044291865283537,2.7077731846391133,6.012401262218254,1.1115627377818742
peach,contamination,peach/test/contamination/014,0.002197265625,1,7.453976154327393,0.7649403970469733,RGB-DOMINANT,8.865657614221993,2.724339310384379,5.8793487399967415,0.7945288288518346
peach,contamination,peach/test/contamination/015,0.00262451171875,1,8.810935974121094,0.692309752337451,JOINT,5.8405583025370955,2.5957775868647532,4.400709755086148,0.5911893772980595
peach,contamination,peach/test/contamination/016,0.001495361328125,1,10.235138893127441,0.9095251382676017,RGB-DOMINANT,10.598189154080652,1.054252101960036,8.976361472390767,0.31339547252531447
peach,contamination,peach/test/contamination/017,0.001953125,1,7.01364803314209,0.8151962121104323,RGB-DOMINANT,6.869512520661005,1.5573074319005518,5.686585280201983,0.2532271262610922
peach,contamination,peach/test/contamination/018,0.001007080078125,1,7.11544132232666,0.8229517430734308,RGB-DOMINANT,6.330817448079785,1.3619989028337,5.703505438792335,0.5137197692389837
peach,contamination,peach/test/contamination/019,0.0016937255859375,1,8.179899215698242,0.8849087421636853,RGB-DOMINANT,8.634289642418345,1.1229749726853022,6.512389580536291,0.017763956453931518
peach,contamination,peach/test/contamination/020,0.00140380859375,1,7.587762355804443,0.8602626680570541,RGB-DOMINANT,8.733438671297076,1.4186208511268261,6.153770629957438,0.3434359276735745
peach,contamination,peach/test/contamination/021,0.0052947998046875,1,9.376243591308594,0.7882517540024467,RGB-DOMINANT,7.4688624201193585,2.0063611920623163,4.437222664069354,0.8564909905521391
peach,contamination,peach/test/contamination/022,0.002593994140625,1,6.896371841430664,0.7809953692010096,RGB-DOMINANT,6.189809619457698,1.73572884409908,3.6863533747235673,0.6860932702305337
peach,contamination,peach/test/contamination/023,0.0027618408203125,1,8.324021339416504,0.849089163366278,RGB-DOMINANT,9.283855251048365,1.650042862964374,5.845184359078235,0.6941942585402432
peach,contamination,peach/test/contamination/024,0.0013580322265625,1,8.139232635498047,0.9248624170670243,RGB-DOMINANT,8.054213780125362,0.6543386560358112,5.310131642850159,0.123449061207973
peach,contamination,peach/test/contamination/025,0.005767822265625,1,9.577813148498535,0.7643034220511026,RGB-DOMINANT,11.949815749403342,3.685093947888235,7.327643567788234,1.6103487738163869
peach,contamination,peach/test/contamination/026,0.001922607421875,1,9.416960716247559,0.7697766055378422,RGB-DOMINANT,8.868471802082412,2.652365501240692,8.030500101105098,1.0842529426081253
peach,cut,peach/test/cut/000,0.0086669921875,1,8.634162902832031,0.6747903581851291,JOINT,9.888436752247843,4.765649450247343,6.3989151914833515,1.930165820804845
peach,cut,peach/test/cut/001,0.0067901611328125,1,10.908682823181152,0.9181713045439083,RGB-DOMINANT,11.946163761313132,1.0646576224764175,7.963823017053354,0.28506296667409525
peach,cut,peach/test/cut/002,0.00592041015625,1,10.68659782409668,0.7785589424508085,RGB-DOMINANT,11.736547811295996,3.3381580238098696,8.945101600120683,1.6784430583874488
peach,cut,peach/test/cut/003,0.0018157958984375,1,7.054360389709473,0.9999998860820268,RGB-DOMINANT,8.778245057049205,-0.006938490034725927,5.329408643358443,-0.43145102895936704
peach,cut,peach/test/cut/004,0.00262451171875,1,6.362341403961182,0.7858474014296856,RGB-DOMINANT,6.902280578640729,1.880951102517812,5.466137205527423,0.04295899652665919
peach,cut,peach/test/cut/005,0.002471923828125,1,9.871517181396484,0.9781897279118574,RGB-DOMINANT,10.593684828782944,0.23620179577563089,8.89912807637246,-0.15733385889885837
peach,cut,peach/test/cut/006,0.00286865234375,1,7.012867450714111,0.6707119221423253,JOINT,6.3664903362515,3.1256469813681598,5.850450811383657,0.9248064253098116
peach,cut,peach/test/cut/007,0.0033111572265625,1,13.432554244995117,0.8935266655007243,RGB-DOMINANT,13.352520581241528,1.5910957687330196,11.104281533207063,0.8277734021878538
peach,cut,peach/test/cut/008,0.0058135986328125,1,9.559393882751465,0.8428566640136511,RGB-DOMINANT,10.105703926937343,1.8841201031150598,7.95106601179904,0.5545442472469607
peach,cut,peach/test/cut/009,0.006103515625,1,7.795045852661133,0.7389983412628821,RGB-DOMINANT,7.642047492592973,2.6990403379088623,5.304945971377069,0.90113339227276
peach,cut,peach/test/cut/010,0.0095062255859375,1,9.964214324951172,0.6246460119124752,JOINT,9.509566628292099,5.7143615202775235,6.429833979221587,1.5924386490048585
peach,cut,peach/test/cut/011,0.002655029296875,1,5.941896915435791,0.9316547814126842,RGB-DOMINANT,7.427981730944525,0.5449079568286304,5.833517567040337,-0.5619663967706346
peach,cut,peach/test/cut/012,0.0034942626953125,1,14.051369667053223,0.831914757750048,RGB-DOMINANT,15.119193495914866,3.054775078570657,11.100021445976253,0.9724646676626333
peach,cut,peach/test/cut/013,0.00177001953125,1,9.898391723632812,0.7649241622629076,RGB-DOMINANT,9.828985501613051,3.0206343974516954,6.314078166168489,0.9366648135819274
peach,cut,peach/test/cut/014,0.0032196044921875,1,9.873716354370117,0.9999998604417327,RGB-DOMINANT,7.16546486394259,-0.6866099776314744,4.8852115988847205,-0.931739814418697
peach,cut,peach/test/cut/015,0.00286865234375,1,9.854351043701172,0.7913962917417707,RGB-DOMINANT,9.796841678558307,2.582343047718732,8.068787996327373,0.7192680388737963
peach,cut,peach/test/cut/016,0.00262451171875,1,8.870540618896484,0.8605026103747228,RGB-DOMINANT,8.991719291972508,1.457660318339514,5.894318325571785,0.10623580114630739
peach,cut,peach/test/cut/017,0.00384521484375,1,7.188214302062988,0.7450923315438353,RGB-DOMINANT,8.304558208609594,2.8411174505535803,6.2900590609008535,0.6704203488574642
peach,cut,peach/test/cut/018,0.0029144287109375,1,9.350141525268555,0.8601057950823179,RGB-DOMINANT,10.829703350777685,1.7614250343477924,8.464323860961212,0.6576600031425527
peach,cut,peach/test/cut/019,0.00994873046875,1,9.609920501708984,0.7300466304595308,RGB-DOMINANT,9.490365418534646,3.509303770424242,5.681441055251347,1.6562934205671729
peach,cut,peach/test/cut/020,0.0084075927734375,1,12.70882511138916,0.7169314872625465,RGB-DOMINANT,11.926332473335735,4.7089136670485585,7.755738610863502,2.5124693579439086
peach,cut,peach/test/cut/021,0.003173828125,1,8.86365795135498,0.820768547587793,RGB-DOMINANT,9.520528792156167,2.078999478472725,7.725244856567888,0.8135420214101832
peach,cut,peach/test/cut/022,0.0035552978515625,1,7.476252555847168,0.8454969387771268,RGB-DOMINANT,8.594531863511527,1.5705327556994821,6.779192035793276,0.49331484695288325
peach,cut,peach/test/cut/023,0.00469970703125,1,11.140191078186035,0.9045620424133438,RGB-DOMINANT,12.13198481661803,1.2800127503904493,5.061895539180789,-0.09736393103097578
peach,cut,peach/test/cut/024,0.0048980712890625,1,10.502408027648926,0.7671017612593458,RGB-DOMINANT,10.973022843893645,3.3314966226990905,7.384583777739299,0.4639924819292484
peach,good,peach/test/good/000,0.0,0,9.254647254943848,0.0,UNCERTAIN,0.0,0.0,0.0,0.0
peach,good,peach/test/good/001,0.0,0,13.54595947265625,0.0,UNCERTAIN,0.0,0.0,0.0,0.0
peach,good,peach/test/good/002,0.0,0,7.005422115325928,0.0,UNCERTAIN,0.0,0.0,0.0,0.0
peach,good,peach/test/good/003,0.0,0,5.818300724029541,0.0,UNCERTAIN,0.0,0.0,0.0,0.0
peach,good,peach/test/good/004,0.0,0,14.271129608154297,0.0,UNCERTAIN,0.0,0.0,0.0,0.0
peach,good,peach/test/good/005,0.0,0,8.924356460571289,0.0,UNCERTAIN,0.0,0.0,0.0,0.0
peach,good,peach/test/good/006,0.0,0,8.21774673461914,0.0,UNCERTAIN,0.0,0.0,0.0,0.0
peach,good,peach/test/good/007,0.0,0,10.167144775390625,0.0,UNCERTAIN,0.0,0.0,0.0,0.0
peach,good,peach/test/good/008,0.0,0,8.29616641998291,0.0,UNCERTAIN,0.0,0.0,0.0,0.0
peach,good,peach/test/good/009,0.0,0,14.081047058105469,0.0,UNCERTAIN,0.0,0.0,0.0,0.0
peach,good,peach/test/good/010,0.0,0,5.665308475494385,0.0,UNCERTAIN,0.0,0.0,0.0,0.0
peach,good,peach/test/good/011,0.0,0,8.31946849822998,0.0,UNCERTAIN,0.0,0.0,0.0,0.0
peach,good,peach/test/good/012,0.0,0,6.346312999725342,0.0,UNCERTAIN,0.0,0.0,0.0,0.0
peach,good,peach/test/good/013,0.0,0,11.756756782531738,0.0,UNCERTAIN,0.0,0.0,0.0,0.0
peach,good,peach/test/good/014,0.0,0,9.060401916503906,0.0,UNCERTAIN,0.0,0.0,0.0,0.0
peach,good,peach/test/good/015,0.0,0,9.159643173217773,0.0,UNCERTAIN,0.0,0.0,0.0,0.0
peach,good,peach/test/good/016,0.0,0,7.50767707824707,0.0,UNCERTAIN,0.0,0.0,0.0,0.0
peach,good,peach/test/good/017,0.0,0,5.894298553466797,0.0,UNCERTAIN,0.0,0.0,0.0,0.0
peach,good,peach/test/good/018,0.0,0,9.290021896362305,0.0,UNCERTAIN,0.0,0.0,0.0,0.0
peach,good,peach/test/good/019,0.0,0,9.400104522705078,0.0,UNCERTAIN,0.0,0.0,0.0,0.0
peach,good,peach/test/good/020,0.0,0,5.726077556610107,0.0,UNCERTAIN,0.0,0.0,0.0,0.0
peach,good,peach/test/good/021,0.0,0,9.660482406616211,0.0,UNCERTAIN,0.0,0.0,0.0,0.0
peach,good,peach/test/good/022,0.0,0,11.975725173950195,0.0,UNCERTAIN,0.0,0.0,0.0,0.0
peach,good,peach/test/good/023,0.0,0,7.652909278869629,0.0,UNCERTAIN,0.0,0.0,0.0,0.0
peach,good,peach/test/good/024,0.0,0,6.477504253387451,0.0,UNCERTAIN,0.0,0.0,0.0,0.0
peach,good,peach/test/good/025,0.0,0,6.736656665802002,0.0,UNCERTAIN,0.0,0.0,0.0,0.0
peach,hole,peach/test/hole/000,0.001678466796875,1,10.144445419311523,0.861980216716118,RGB-DOMINANT,10.14770360709699,1.624843544595689,7.973493378942453,0.7234543175820315
peach,hole,peach/test/hole/001,0.001708984375,1,10.17482852935791,0.9509549865143239,RGB-DOMINANT,5.11237842871115,0.2636672835000218,4.5615084273403985,-0.2597818181615229
peach,hole,peach/test/hole/002,0.001922607421875,1,8.544998168945312,0.7031193396891086,RGB-DOMINANT,8.299256772367729,3.504224657851486,7.128423565674894,0.7646077521907859
peach,hole,peach/test/hole/003,0.001495361328125,1,9.287924766540527,0.8216373327232821,RGB-DOMINANT,11.37821173842611,2.4700038472461965,8.16590420695213,1.1789803095570761
peach,hole,peach/test/hole/004,0.0018463134765625,1,7.948217868804932,0.7378274100872002,RGB-DOMINANT,7.9989057106558805,2.8422542455500306,6.301550646268434,1.2671717575457186
peach,hole,peach/test/hole/005,0.001220703125,1,6.67416524887085,0.73624628326182,RGB-DOMINANT,6.858917629263074,2.4571455536021354,5.70871043200153,0.9207616116126139
peach,hole,peach/test/hole/006,0.001739501953125,1,7.776488304138184,0.674654738426368,JOINT,6.571473693520587,3.169024141259033,4.462700867350351,0.5507990798490168
peach,hole,peach/test/hole/007,0.002166748046875,1,7.314389228820801,0.7028577865452944,RGB-DOMINANT,6.281437045048599,2.6555576961856118,4.017818887413098,1.5217569845733745
peach,hole,peach/test/hole/008,0.001739501953125,1,10.189970970153809,0.9004571773384906,RGB-DOMINANT,8.120106479596748,0.8976522584038975,7.248884207852676,0.36607041639871457
peach,hole,peach/test/hole/009,0.0015106201171875,1,8.194647789001465,0.7831696190016405,RGB-DOMINANT,5.791404932893007,1.6034224572528009,4.859907891659098,-0.18243869299425505
peach,hole,peach/test/hole/010,0.001220703125,1,9.786269187927246,0.8470610477570372,RGB-DOMINANT,11.24441596097837,2.0302059139051556,8.599354185196535,0.779233630005467
peach,hole,peach/test/hole/011,0.00103759765625,1,8.195974349975586,0.885744092602297,RGB-DOMINANT,6.6445698930029655,0.8571104035455248,5.88953812129078,-0.10297705194134127
peach,hole,peach/test/hole/012,0.0012664794921875,1,8.458037376403809,0.8974421289364406,RGB-DOMINANT,5.301670401222201,0.6058631687285266,4.0983922338923096,-0.07443127815431225
peach,hole,peach/test/hole/013,0.001220703125,1,8.078513145446777,0.9874127417666799,RGB-DOMINANT,6.866350300452002,0.08752929072481494,5.562791985588311,-0.284221262102032
peach,hole,peach/test/hole/014,0.0031585693359375,1,9.995000839233398,0.8087425616920013,RGB-DOMINANT,10.07090603655602,2.3816415414318772,7.5440243080227285,0.667720824481059
peach,hole,peach/test/hole/015,0.0027618408203125,1,11.370635032653809,0.5741739676115054,JOINT,6.86782366589822,5.093399724799149,4.905350549700868,2.0649728494946826
peach,hole,peach/test/hole/016,0.0037384033203125,1,8.114439964294434,0.7979008720860488,RGB-DOMINANT,10.04444146864408,2.5441406750034306,7.274262118081697,1.1199792581988912
peach,hole,peach/test/hole/017,0.0016937255859375,1,7.18991756439209,0.6914953899762262,JOINT,7.4311512196423815,3.315342012080359,5.348839889412099,1.0259428782312179
peach,hole,peach/test/hole/018,0.001800537109375,1,7.157812595367432,0.8208473169042836,RGB-DOMINANT,8.456805971385426,1.8457252989022386,5.74441894256245,0.18617039958389972
peach,hole,peach/test/hole/019,0.0017547607421875,1,7.90136194229126,0.7509607457734427,RGB-DOMINANT,7.750693657273826,2.570342362165978,3.9486201543145167,0.5145610571342564
peach,hole,peach/test/hole/020,0.005950927734375,1,10.104814529418945,0.6584894709370311,JOINT,11.316425093819133,5.869004491298419,8.525895790775337,1.799106009125393
peach,hole,peach/test/hole/021,0.0034332275390625,1,8.019906044006348,0.7956418485469706,RGB-DOMINANT,8.232022395365805,2.114368527582212,6.693063774125947,0.6829268335887517
peach,hole,peach/test/hole/022,0.0026092529296875,1,8.975088119506836,0.8525896087180874,RGB-DOMINANT,9.942419248877776,1.7190158596700622,7.556427523045464,0.061996324503755376
peach,hole,peach/test/hole/023,0.0020904541015625,1,9.484695434570312,0.8024355463701102,RGB-DOMINANT,9.673172188756597,2.3815921223192498,7.934292564825337,0.8792370778669739
peach,hole,peach/test/hole/024,0.0027313232421875,1,8.66647720336914,0.7446489674897273,RGB-DOMINANT,8.636283346154768,2.961506993391956,6.5967632790383774,1.3302911805755628
peach,hole,peach/test/hole/025,0.00250244140625,1,11.377734184265137,0.8630194970904658,RGB-DOMINANT,11.022419636654597,1.74950360586246,7.940743455780795,0.7007052998347805
peach,hole,peach/test/hole/026,0.0017852783203125,1,7.165935039520264,0.789366073481173,RGB-DOMINANT,7.2209507976098735,1.9268327857392105,6.133561360540268,0.32262309341869244
peach,hole,peach/test/hole/027,0.0028228759765625,1,9.608180046081543,0.6344376066919294,JOINT,8.030542877281789,4.627190772393959,6.877574844052456,1.0452239306700792
peach,hole,peach/test/hole/028,0.002655029296875,1,10.85595703125,0.7678637678454638,RGB-DOMINANT,9.907398386911947,2.9951476556590957,7.837008166440333,0.6156834770838497
potato,combined,potato/test/combined/000,0.00238037109375,1,7.241247177124023,0.6238618033523622,JOINT,9.04895817671693,5.455788714709923,6.471162196560982,2.099834040936578
potato,combined,potato/test/combined/001,0.004913330078125,1,7.461094856262207,0.6216712017376249,JOINT,9.3924480247758,5.7159362414599455,6.073999642994153,1.2673351648994533
potato,combined,potato/test/combined/002,0.0020751953125,1,9.308242797851562,0.6577408005476688,JOINT,9.745993437319049,5.071382604220772,6.782783501127327,2.3383084004356887
potato,combined,potato/test/combined/003,0.0018310546875,1,5.653611183166504,0.9434929869240158,RGB-DOMINANT,7.325970290452749,0.4387608188307987,5.141964727771263,-0.98058230141171
potato,combined,potato/test/combined/004,0.0034027099609375,1,8.038780212402344,0.7025086076477214,RGB-DOMINANT,15.045206790292056,6.371194267284719,7.573978306325281,2.8936121543320694
potato,combined,potato/test/combined/005,0.0018768310546875,1,9.128547668457031,0.5203190695628606,JOINT,9.330504541578659,8.601769263220566,6.293307109202719,4.577160702721635
potato,combined,potato/test/combined/006,0.0030517578125,1,6.770962238311768,0.8164494238214195,RGB-DOMINANT,9.20833395549371,2.070176225754711,5.950404576683987,0.5038764955546727
potato,combined,potato/test/combined/007,0.0030059814453125,1,7.683425426483154,0.6900415422539848,JOINT,8.744925889832473,3.928115752307055,6.308670002127433,1.763091257508902
potato,combined,potato/test/combined/008,0.001800537109375,1,11.597149848937988,0.6125132506383093,JOINT,11.597149800050072,7.336561716315096,10.19468380404075,2.521181305565728
potato,combined,potato/test/combined/009,0.0018157958984375,1,9.217265129089355,0.6780984698889327,JOINT,10.096131365958616,4.792754446619333,6.097729977798736,0.9903430008839658
potato,combined,potato/test/combined/010,0.005889892578125,1,11.365604400634766,0.7929462688463722,RGB-DOMINANT,11.624528822059519,3.0353901230479985,7.130983188725389,1.1228489710207414
potato,combined,potato/test/combined/011,0.0016937255859375,1,7.930495738983154,0.5308738893402075,JOINT,8.271584988796985,7.309487322375392,7.4307591471718775,2.0369307184071705
potato,combined,potato/test/combined/012,0.00286865234375,1,7.265937328338623,0.7169563429101283,RGB-DOMINANT,11.471606599746575,4.528817967566605,9.433667585514073,0.9311663759312225
potato,combined,potato/test/combined/013,0.002655029296875,1,6.7436933517456055,0.7477396944638286,RGB-DOMINANT,11.293484786879786,3.8100119550420883,7.6247470001213875,0.69983803344687
potato,combined,potato/test/combined/014,0.0047149658203125,1,6.375102519989014,0.7854904119084413,RGB-DOMINANT,11.2284596762252,3.0663792174207813,6.9447548920532745,1.4712352561741622
potato,combined,potato/test/combined/015,0.005767822265625,1,12.519006729125977,0.6641781484946555,JOINT,12.88896222874834,6.51691794629615,8.619070904705868,3.3765740913305584
potato,combined,potato/test/combined/016,0.0020599365234375,1,7.748934268951416,0.8119497878415416,RGB-DOMINANT,8.214052749173428,1.902400337241663,5.318577845171588,0.2516912067719481
potato,combined,potato/test/combined/017,0.00238037109375,1,9.461555480957031,0.7828378359588197,RGB-DOMINANT,15.205094194143303,4.217949395315132,8.663819991960167,1.9778288655469185
potato,combined,potato/test/combined/018,0.0018310546875,1,6.591799259185791,0.6460688448538753,JOINT,6.48215801853254,3.5510720684712664,5.81847143577431,1.8696993187222466
potato,combined,potato/test/combined/019,0.0040435791015625,1,10.655207633972168,0.6411720795184317,JOINT,11.360444327577824,6.357800195699437,7.662170931494399,2.8470075382127034
potato,combined,potato/test/combined/020,0.0059814453125,1,8.985518455505371,0.6323612489857,JOINT,10.186287013008934,5.922047261088931,8.59285887754515,2.4649264603369567
potato,combined,potato/test/combined/021,0.004974365234375,1,9.117047309875488,0.8045339021320337,RGB-DOMINANT,13.143754028276334,3.193348968764782,7.960955777767191,0.5994503431599841
potato,combined,potato/test/combined/022,0.0017852783203125,1,9.894197463989258,0.6507096323216903,JOINT,8.402104199757753,4.510112143298294,5.684270476741598,2.4754746869393585
potato,contamination,potato/test/contamination/000,0.0013580322265625,1,6.9956488609313965,0.9999998389471333,RGB-DOMINANT,6.209140260938895,-0.8695514020489211,5.164335041714809,-0.9990393744574368
potato,contamination,potato/test/contamination/001,0.0024871826171875,1,10.232759475708008,0.9992673399097741,RGB-DOMINANT,14.181033667640559,0.010396495236228947,8.403944791701667,-0.3770770690252753
potato,contamination,potato/test/contamination/002,0.0009002685546875,1,6.8318400382995605,0.7011112213223679,RGB-DOMINANT,6.633575286552782,2.827940067501825,4.622923298729486,1.5506600614864483
potato,contamination,potato/test/contamination/003,0.0006256103515625,1,10.353290557861328,0.9999998618078622,RGB-DOMINANT,7.236300687223172,-0.870492854288825,6.020688824723618,-0.989328818174165
potato,contamination,potato/test/contamination/004,0.0014190673828125,1,9.900116920471191,0.6404189521636698,JOINT,9.766949965815606,5.483924937868608,8.305615276764053,4.156968383230187
potato,contamination,potato/test/contamination/005,0.0011749267578125,1,7.749195098876953,0.9871572192681488,RGB-DOMINANT,14.085727052429828,0.18325238705133012,11.63539179288701,-0.37234401467040895
potato,contamination,potato/test/contamination/006,0.001922607421875,1,9.711893081665039,0.6090639134718424,JOINT,7.567130250998921,4.857066084653534,6.110211462016445,2.829408401286108
potato,contamination,potato/test/contamination/007,0.0013885498046875,1,7.739382743835449,0.8161391707076255,RGB-DOMINANT,5.413454549817932,1.21954865352676,2.93721191686674,0.405010881081599
potato,contamination,potato/test/contamination/008,0.004425048828125,1,7.9644975662231445,0.9137262195622415,RGB-DOMINANT,8.887744202136892,0.839177383487207,6.527785790181538,-0.46246540358413674
potato,contamination,potato/test/contamination/009,0.0016021728515625,1,10.925271987915039,0.6951248353919113,JOINT,12.583816928922875,5.5191418392001,11.454245224973745,3.472947318779139
potato,contamination,potato/test/contamination/010,0.0035552978515625,1,6.776853084564209,0.8358542672121035,RGB-DOMINANT,9.614779421234836,1.8881571103325223,5.62651893583261,0.09988398904933729
potato,contamination,potato/test/contamination/011,0.0005950927734375,1,9.20150375366211,0.7764995355632743,RGB-DOMINANT,9.866795426329805,2.8399663912067323,8.823082898140107,1.5972192552255164
potato,contamination,potato/test/contamination/012,0.000396728515625,1,6.992400646209717,0.9899746727155583,RGB-DOMINANT,5.747115410211121,0.05819918887026509,5.314867209095363,-0.2904721887452472
potato,contamination,potato/test/contamination/013,0.0003509521484375,1,7.236167907714844,0.7492571409165795,RGB-DOMINANT,7.302216269138316,2.4437242379461352,6.983200160109912,0.8207805824332123
potato,contamination,potato/test/contamination/014,0.0015411376953125,1,6.572137355804443,0.863684946156015,RGB-DOMINANT,6.863029996288165,1.083188313002003,5.53827568124313,0.14920102242315086
potato,contamination,potato/test/contamination/015,0.00067138671875,1,9.258519172668457,0.8667285813082923,RGB-DOMINANT,7.742915490422955,1.1905785591291576,6.528036543604839,0.7536174439930128
potato,contamination,potato/test/contamination/016,0.0015716552734375,1,6.155536651611328,0.8831110537541899,RGB-DOMINANT,7.889443084517242,1.0442489668588706,6.51758649380862,-0.09819958605194112
potato,contamination,potato/test/contamination/017,0.0005035400390625,1,6.451640605926514,0.9999998509236484,RGB-DOMINANT,6.707971054077179,-0.400433902416846,5.852266032384232,-0.7304839438248171
potato,contamination,potato/test/contamination/018,0.0011138916015625,1,8.61467170715332,0.9280101429608607,RGB-DOMINANT,6.642546084063799,0.515290720241269,5.192733316398004,-0.32910411835644876
potato,contamination,potato/test/contamination/019,0.00103759765625,1,9.558328628540039,0.7867884152746834,RGB-DOMINANT,8.23794564015093,2.232397711926117,6.744512504596515,0.6894528542141668
potato,contamination,potato/test/contamination/020,0.00054931640625,1,10.534377098083496,0.7244153659563424,RGB-DOMINANT,7.021324967095141,2.671076067786997,4.861486759656983,1.4229378290712118
potato,contamination,potato/test/contamination/021,0.0009613037109375,1,6.847159385681152,0.7341204505571325,RGB-DOMINANT,6.306852427615817,2.28417876993361,4.880836750252747,0.17932721513000735
potato,contamination,potato/test/contamination/022,0.00048828125,1,9.275616645812988,0.7755672049713399,RGB-DOMINANT,10.620305872606991,3.073291573190432,8.659995042552087,2.1850016460403
potato,cut,potato/test/cut/000,0.0045318603515625,1,15.641127586364746,0.8097622247401791,RGB-DOMINANT,15.502285322889202,3.64195731957421,9.904221443442006,1.918752384902983
potato,cut,potato/test/cut/001,0.001953125,1,6.756697177886963,0.9816544975350103,RGB-DOMINANT,8.186786787169275,0.1529965338181582,6.494329905957354,-0.5470381731676406
potato,cut,potato/test/cut/002,0.001708984375,1,6.1137166023254395,0.6906226674672086,JOINT,5.706935483157757,2.556527419768261,5.007863233655049,0.562608057433181
potato,cut,potato/test/cut/003,0.0025482177734375,1,6.353243350982666,0.9667625263841249,RGB-DOMINANT,10.721086876114498,0.3685919403068063,7.5292360986861215,-0.054259428109575854
potato,cut,potato/test/cut/004,0.002685546875,1,10.548171997070312,0.8260308563091545,RGB-DOMINANT,11.481013648995194,2.4179983979196686,9.223329031841025,0.24528185687288406
potato,cut,potato/test/cut/005,0.0032196044921875,1,6.694011688232422,0.7581178259201005,RGB-DOMINANT,8.56544370243733,2.7328567087473465,5.802060135031136,0.37614643662402397
potato,cut,potato/test/cut/006,0.0026397705078125,1,9.9034423828125,0.9999998491665075,RGB-DOMINANT,6.629826262458021,-0.4067524497649391,4.776261818652938,-0.9086892087853485
potato,cut,potato/test/cut/007,0.0048370361328125,1,9.037508010864258,0.8856265603482666,RGB-DOMINANT,12.641457279797287,1.632568545714948,8.903788831624338,0.43441447702149477
potato,cut,potato/test/cut/008,0.003936767578125,1,11.385021209716797,0.6862488982065005,JOINT,12.013203919682253,5.492402668291368,10.42140907882336,2.7331254619440943
potato,cut,potato/test/cut/009,0.003204345703125,1,11.598153114318848,0.708404996613625,RGB-DOMINANT,12.165793205023373,5.007705788877409,8.87098384760885,2.296163234202781
potato,cut,potato/test/cut/010,0.0019683837890625,1,6.8600077629089355,0.9999998873010224,RGB-DOMINANT,8.873193950465597,-0.10060529722577914,6.706023810389403,-0.5281383345857616
potato,cut,potato/test/cut/011,0.004913330078125,1,8.752965927124023,0.6328273514117199,JOINT,9.788280772417233,5.679255701399918,8.43692114578225,1.6355711951723289
potato,cut,potato/test/cut/012,0.00323486328125,1,7.49765157699585,0.968806053504862,RGB-DOMINANT,12.47262800961483,0.4015969146477667,8.19914618071815,-0.38053763247174777
potato,cut,potato/test/cut/013,0.003265380859375,1,6.5642876625061035,0.7234095076854841,RGB-DOMINANT,9.773385021551306,3.7367834159790476,6.668625726099623,1.8123405531425174
potato,cut,potato/test/cut/014,0.0037384033203125,1,7.673941135406494,0.720512801625948,RGB-DOMINANT,8.639648067366904,3.3513218742599618,4.501834085943998,1.0249937255577217
potato,cut,potato/test/cut/015,0.003204345703125,1,6.625192165374756,0.8310636002426239,RGB-DOMINANT,9.764713433347232,1.9849439929109796,7.55356363986354,0.7031060080812661
potato,cut,potato/test/cut/016,0.0023193359375,1,6.721441268920898,0.8895752341504979,RGB-DOMINANT,6.579698425363034,0.8167502202325215,5.526182530755203,-0.12837743988698191
potato,cut,potato/test/cut/017,0.0025482177734375,1,6.728477954864502,0.941586155420591,RGB-DOMINANT,8.803433871562332,0.5461438375999574,5.228805047644297,-0.13289480711222298
potato,cut,potato/test/cut/018,0.002410888671875,1,7.081602573394775,0.8551178149483947,RGB-DOMINANT,7.5527764268115725,1.2796621444156666,5.684880507538029,0.2569480872976226
potato,cut,potato/test/cut/019,0.0023651123046875,1,6.582592964172363,0.9321994562426964,RGB-DOMINANT,9.853843089400009,0.7166867378938655,6.876484215017679,0.009962240329219578
potato,cut,potato/test/cut/020,0.0030975341796875,1,8.443333625793457,0.7426205341352008,RGB-DOMINANT,9.148705423489154,3.170782471526441,6.874823899374788,1.4398030800740258
potato,cut,potato/test/cut/021,0.0032501220703125,1,6.634403705596924,0.6132932337634555,JOINT,7.603104802663426,4.7940712475499,5.717804809455742,2.851778685434941
potato,cut,potato/test/cut/022,0.0031280517578125,1,6.5798821449279785,0.5372396353019373,JOINT,7.9246479145295385,6.8260273085226935,6.613227455966575,3.447294430964771
potato,good,potato/test/good/000,0.0,0,9.851954460144043,0.0,UNCERTAIN,0.0,0.0,0.0,0.0
potato,good,potato/test/good/001,0.0,0,5.820682525634766,0.0,UNCERTAIN,0.0,0.0,0.0,0.0
potato,good,potato/test/good/002,0.0,0,7.95040225982666,0.0,UNCERTAIN,0.0,0.0,0.0,0.0
potato,good,potato/test/good/003,0.0,0,8.60522747039795,0.0,UNCERTAIN,0.0,0.0,0.0,0.0
potato,good,potato/test/good/004,0.0,0,7.0899977684021,0.0,UNCERTAIN,0.0,0.0,0.0,0.0
potato,good,potato/test/good/005,0.0,0,6.839288711547852,0.0,UNCERTAIN,0.0,0.0,0.0,0.0
potato,good,potato/test/good/006,0.0,0,7.001396179199219,0.0,UNCERTAIN,0.0,0.0,0.0,0.0
potato,good,potato/test/good/007,0.0,0,8.379903793334961,0.0,UNCERTAIN,0.0,0.0,0.0,0.0
potato,good,potato/test/good/008,0.0,0,6.916187763214111,0.0,UNCERTAIN,0.0,0.0,0.0,0.0
potato,good,potato/test/good/009,0.0,0,6.973873615264893,0.0,UNCERTAIN,0.0,0.0,0.0,0.0
potato,good,potato/test/good/010,0.0,0,7.06203556060791,0.0,UNCERTAIN,0.0,0.0,0.0,0.0
potato,good,potato/test/good/011,0.0,0,7.492918968200684,0.0,UNCERTAIN,0.0,0.0,0.0,0.0
potato,good,potato/test/good/012,0.0,0,6.36571741104126,0.0,UNCERTAIN,0.0,0.0,0.0,0.0
potato,good,potato/test/good/013,0.0,0,7.3786940574646,0.0,UNCERTAIN,0.0,0.0,0.0,0.0
potato,good,potato/test/good/014,0.0,0,6.524263858795166,0.0,UNCERTAIN,0.0,0.0,0.0,0.0
potato,good,potato/test/good/015,0.0,0,6.698478698730469,0.0,UNCERTAIN,0.0,0.0,0.0,0.0
potato,good,potato/test/good/016,0.0,0,6.596240520477295,0.0,UNCERTAIN,0.0,0.0,0.0,0.0
potato,good,potato/test/good/017,0.0,0,10.3978910446167,0.0,UNCERTAIN,0.0,0.0,0.0,0.0
potato,good,potato/test/good/018,0.0,0,6.593654632568359,0.0,UNCERTAIN,0.0,0.0,0.0,0.0
potato,good,potato/test/good/019,0.0,0,6.269781589508057,0.0,UNCERTAIN,0.0,0.0,0.0,0.0
potato,good,potato/test/good/020,0.0,0,8.243023872375488,0.0,UNCERTAIN,0.0,0.0,0.0,0.0
potato,good,potato/test/good/021,0.0,0,7.9065423011779785,0.0,UNCERTAIN,0.0,0.0,0.0,0.0
potato,hole,potato/test/hole/000,0.0012359619140625,1,6.565617084503174,0.9999998655807958,RGB-DOMINANT,7.439412187320848,-0.40184821343971683,6.061922672305249,-0.6348347378980966
potato,hole,potato/test/hole/001,0.00128173828125,1,9.6380033493042,0.5744283514177888,JOINT,9.865271514500863,7.3087953917082595,8.48244664077468,5.674347202569648
potato,hole,potato/test/hole/002,0.00079345703125,1,5.060466766357422,0.999999740974401,RGB-DOMINANT,3.860621286310061,-0.7704392058962942,3.126592598710561,-0.920952401734925
potato,hole,potato/test/hole/003,0.0014801025390625,1,6.825523376464844,0.9999998282775489,RGB-DOMINANT,5.823349373538773,-0.9594404230674796,5.016491205263129,-1.0647067762370293
potato,hole,potato/test/hole/004,0.00067138671875,1,8.171624183654785,0.6606874138841918,JOINT,8.113879300441848,4.16708514544159,6.442578202359436,1.779083196766583
potato,hole,potato/test/hole/005,0.0017547607421875,1,8.63980484008789,0.6508686873490076,JOINT,8.763218313476996,4.700661318374632,7.681376225460758,2.871319249205098
potato,hole,potato/test/hole/006,0.0006866455078125,1,8.950773239135742,0.7673737510075055,RGB-DOMINANT,6.064296461509319,1.8383659453994294,4.826245935704056,0.7795289052877056
potato,hole,potato/test/hole/007,0.00103759765625,1,8.019192695617676,0.7807383502165806,RGB-DOMINANT,9.199403357095688,2.583548734095144,7.752104884046408,1.0006231616924754
potato,hole,potato/test/hole/008,0.0013427734375,1,6.035971641540527,0.5521055150398885,JOINT,6.562643951675475,5.323930662772676,5.608230179329642,2.632016877830542
potato,hole,potato/test/hole/009,0.000885009765625,1,7.316471576690674,0.6526977289349887,JOINT,7.686083080811969,4.089785115720098,6.260630685718731,2.5095425942294067
potato,hole,potato/test/hole/010,0.0008087158203125,1,7.058676242828369,0.6938695489985173,JOINT,7.610048285816876,3.3574997250896947,5.7551164558352905,1.2843874304180058
potato,hole,potato/test/hole/011,0.0009613037109375,1,7.133808612823486,0.6949469307815237,JOINT,7.821255339101752,3.4332078403516664,6.511578331052204,0.7443011055592359
potato,hole,potato/test/hole/012,0.000701904296875,1,6.55586051940918,0.9999997849417757,RGB-DOMINANT,4.649902547838171,-1.0107794274244464,3.9453826354406565,-1.056732320505489
potato,hole,potato/test/hole/013,0.0016632080078125,1,6.489999771118164,0.9184905546095755,RGB-DOMINANT,6.110371953929685,0.5422506612658274,5.483905783570727,-0.33769562565221933
potato,hole,potato/test/hole/014,0.0023193359375,1,7.500885963439941,0.6023903288245681,JOINT,7.519122003498144,4.963019626796159,6.093548216418801,2.3700295919740446
potato,hole,potato/test/hole/015,0.000823974609375,1,7.154285430908203,0.5776823344287217,JOINT,5.301518749262788,3.8757017673091814,4.48695947845662,2.281289077371034
potato,hole,potato/test/hole/016,0.001617431640625,1,6.058835983276367,0.948683365525464,RGB-DOMINANT,9.910399586917265,0.5360770757621243,6.5760138543057876,0.32102569953695986
potato,hole,potato/test/hole/017,0.0015411376953125,1,7.000781059265137,0.5877444255105795,JOINT,6.520158057322202,4.573366928327216,5.111369717284503,1.0742010247090086
potato,hole,potato/test/hole/018,0.0011749267578125,1,8.544163703918457,0.6740230991129965,JOINT,8.096140528217193,3.9155247468282517,6.565535285929204,1.8338905966849866
potato,hole,potato/test/hole/019,0.0013275146484375,1,5.4534759521484375,0.6462342577680782,JOINT,7.05654487177481,3.8629384900512664,5.677662159333835,1.9652418187151506
potato,hole,potato/test/hole/020,0.0014495849609375,1,6.709256649017334,0.7513043519266384,RGB-DOMINANT,7.289726222007945,2.4130333214578754,5.848935142449463,1.5898833611513663
potato,hole,potato/test/hole/021,0.003387451171875,1,7.314823150634766,0.5990909930194495,JOINT,7.694410692515087,5.149064143659416,4.918233666245735,2.689220296131651
potato,hole,potato/test/hole/022,0.0018463134765625,1,8.82306957244873,0.600955988708655,JOINT,9.698491790003613,6.439946583641547,7.9112721580170104,3.33548705112614
rope,contamination,rope/test/contamination/000,0.0003662109375,1,11.895435333251953,0.19804914456309883,DEPTH-DOMINANT,4.718401208959242,19.105993596274594,3.6140103713465437,17.49926697322938
rope,contamination,rope/test/contamination/001,0.000579833984375,1,12.87134838104248,0.11408329054855033,DEPTH-DOMINANT,1.0953285887586854,8.50580115959177,0.2991468225428286,5.775407010543572
rope,contamination,rope/test/contamination/002,0.0028839111328125,1,17.585140228271484,0.3053678195738504,JOINT,6.263246284144262,14.247251473992083,4.81961923338016,11.487276254577626
rope,contamination,rope/test/contamination/003,0.003997802734375,1,21.037668228149414,0.2122811458443112,DEPTH-DOMINANT,9.5669594520937,35.500440206795666,6.280274116255781,15.43271526849573
rope,contamination,rope/test/contamination/004,0.000396728515625,1,12.362173080444336,0.0,DEPTH-DOMINANT,-0.10971833348500795,12.16364391794618,-0.2685217271724656,9.367338486580108
rope,contamination,rope/test/contamination/005,0.003753662109375,1,19.332904815673828,0.3139270838551177,JOINT,13.65091543271229,29.833434344146468,9.678513990972961,11.642925620738344
rope,contamination,rope/test/contamination/006,0.0006103515625,1,10.160723686218262,0.09352042436748768,DEPTH-DOMINANT,1.146870815120255,11.11644737827472,0.668561035044395,7.281143324172925
rope,contamination,rope/test/contamination/007,0.00244140625,1,11.780845642089844,0.28177665489242065,DEPTH-DOMINANT,5.313278194430876,13.543067142917153,3.796122433485612,10.55545406781225
rope,contamination,rope/test/contamination/008,0.0010986328125,1,14.851543426513672,0.16802950465783828,DEPTH-DOMINANT,5.481923482118914,27.142842776951813,2.82619913508031,17.685824896158508
rope,contamination,rope/test/contamination/009,0.00323486328125,1,10.225809097290039,0.5252430992718536,JOINT,9.484507773756574,8.572858923039405,7.191947026711943,6.677645379408456
rope,contamination,rope/test/contamination/010,0.0118255615234375,1,28.826370239257812,0.24988781263045048,DEPTH-DOMINANT,14.754545286110709,44.29013112651141,10.169872363392466,21.138141079234046
rope,contamination,rope/test/contamination/011,0.00177001953125,1,17.35879135131836,0.2749289182889783,DEPTH-DOMINANT,9.544867489602915,25.17271432782296,7.144045991811425,17.72585670880933
rope,contamination,rope/test/contamination/012,0.00091552734375,1,14.009765625,0.05932248855999878,DEPTH-DOMINANT,0.5172521212936505,8.202072953007862,-0.3902064277649053,6.764369348178332
rope,contamination,rope/test/contamination/013,0.0010223388671875,1,9.813815116882324,0.17842518675758723,DEPTH-DOMINANT,2.1135709097920103,9.732126268815247,1.6539443328634011,6.950012946627747
rope,contamination,rope/test/contamination/014,0.00372314453125,1,17.756324768066406,0.3007198644614577,JOINT,11.208370452841603,26.063427910709066,8.247749432417532,20.472989785396564
rope,contamination,rope/test/contamination/015,0.001678466796875,1,9.557454109191895,0.40716052263337443,JOINT,6.5917739008290575,9.597844510688853,5.219499247474162,7.432804472701571
rope,contamination,rope/test/contamination/016,0.0009613037109375,1,11.267970085144043,0.2691878016161447,DEPTH-DOMINANT,5.386411818563502,14.62345310487234,3.3626158418561385,8.908952052808736
rope,contamination,rope/test/contamination/017,0.006591796875,1,21.84052085876465,0.2833950172916504,DEPTH-DOMINANT,11.560836808223376,29.233234433088366,5.451688657751447,15.446826738393323
rope,contamination,rope/test/contamination/018,0.0075836181640625,1,10.59703254699707,0.36160491989609916,JOINT,7.136340888084938,12.598845592592703,4.804675794414422,7.89942430915804
rope,contamination,rope/test/contamination/019,0.00103759765625,1,10.62387752532959,0.14661991435646052,DEPTH-DOMINANT,1.5400107106083194,8.963409447204286,0.5425621449497835,5.781405845436837
rope,contamination,rope/test/contamination/020,0.00115966796875,1,11.63386344909668,0.0,DEPTH-DOMINANT,-0.3264790765426907,12.357232060250482,-0.7425226356853513,9.050057119325599
rope,contamination,rope/test/contamination/021,0.0010528564453125,1,16.427698135375977,0.14583334397593592,DEPTH-DOMINANT,2.2067083864924,12.925004159461336,1.5773128494514619,10.614420935547901
rope,contamination,rope/test/contamination/022,0.0023651123046875,1,23.543272018432617,0.24475592370107588,DEPTH-DOMINANT,12.106630207007099,37.3574635692775,8.000734693928505,24.734358795851247
rope,contamination,rope/test/contamination/023,0.004669189453125,1,21.03802490234375,0.23131150910294587,DEPTH-DOMINANT,10.073945941779053,33.47747849678663,7.101567970606289,18.816025084503003
rope,contamination,rope/test/contamination/024,0.00238037109375,1,10.032526016235352,0.43178983636487833,JOINT,8.893235693202264,11.702976890869113,5.830286153290008,8.328190589003459
rope,cut,rope/test/cut/000,0.0079345703125,1,20.026443481445312,0.25450785913613627,DEPTH-DOMINANT,9.940346728167189,29.116783009984584,4.415453985349448,16.271359498282727
rope,cut,rope/test/cut/001,0.0023040771484375,1,10.426375389099121,0.3371440019871482,JOINT,4.000865453062349,7.866067051555836,2.0837802567263384,6.569147631347592
rope,cut,rope/test/cut/002,0.005950927734375,1,12.758256912231445,0.30270744217668194,JOINT,5.9917898968132715,13.802205093929599,3.5493659136388054,10.300128018951016
rope,cut,rope/test/cut/003,0.0055694580078125,1,12.78493881225586,0.23689191610813948,DEPTH-DOMINANT,6.5707594108886145,21.16661247561001,3.974583001164176,11.991688602442414
rope,cut,rope/test/cut/004,0.0039825439453125,1,14.964335441589355,0.14565040634797233,DEPTH-DOMINANT,3.7632118656804696,22.074077671565316,2.552885869765866,14.336232817009705
rope,cut,rope/test/cut/005,0.00323486328125,1,13.028986930847168,0.2384790291530479,DEPTH-DOMINANT,4.7729619244742985,15.241215854369901,3.084902498395902,10.886593587778378
rope,cut,rope/test/cut/006,0.0039825439453125,1,20.722082138061523,0.23734946929259224,DEPTH-DOMINANT,6.807712114447843,21.874517078599883,4.680346298735395,15.076457902609816
rope,cut,rope/test/cut/007,0.003143310546875,1,12.128630638122559,0.33560743331391835,JOINT,5.621049713242842,11.127832521369724,2.8220701421473637,7.4686765399948
rope,cut,rope/test/cut/008,0.00604248046875,1,16.978776931762695,0.17973479897239159,DEPTH-DOMINANT,6.573320121021883,29.999007435295066,3.1267276143112057,15.534329073731952
rope,cut,rope/test/cut/009,0.003692626953125,1,11.062910079956055,0.2737467048281371,DEPTH-DOMINANT,7.338090729884831,19.468041825190504,3.2802886249372234,11.70062777077354
rope,cut,rope/test/cut/010,0.0048675537109375,1,15.59020709991455,0.3037223075948837,JOINT,9.824343305925577,22.522121726558467,5.7210256547609815,16.363276324152036
rope,cut,rope/test/cut/011,0.0076446533203125,1,19.431554794311523,0.23294028981763262,DEPTH-DOMINANT,8.357882340672479,27.522051157630965,4.564750450508765,19.82432939777048
rope,cut,rope/test/cut/012,0.0037384033203125,1,14.661123275756836,0.26452363424773234,DEPTH-DOMINANT,4.987729636941199,13.867785434904684,3.1819715484002504,10.493770765043283
rope,cut,rope/test/cut/013,0.0079803466796875,1,10.062455177307129,0.3666164194798988,JOINT,9.322373127237118,16.10576447185324,4.325447800924907,11.315433542832693
rope,cut,rope/test/cut/014,0.005126953125,1,10.757434844970703,0.3464957800847028,JOINT,7.337729428422324,13.839235786371335,3.55225766504886,9.486393169346305
rope,cut,rope/test/cut/015,0.0253753662109375,1,27.2084903717041,0.2250214404254638,DEPTH-DOMINANT,12.593602201161374,43.372629071415716,6.52248190295217,22.79828019368223
rope,cut,rope/test/cut/016,0.0081024169921875,1,18.520282745361328,0.18127688580722165,DEPTH-DOMINANT,6.9560154400054754,31.41630780326749,3.666556676982009,14.807625098288037
rope,cut,rope/test/cut/017,0.006103515625,1,10.413395881652832,0.22915501322519682,DEPTH-DOMINANT,4.394582536026122,14.782751815164502,2.4948856649865783,11.342608816557949
rope,cut,rope/test/cut/018,0.008636474609375,1,21.290475845336914,0.22957794134828916,DEPTH-DOMINANT,9.062450245088327,30.41194334119217,5.464868343794973,16.33053514166444
rope,cut,rope/test/cut/019,0.0052642822265625,1,18.211366653442383,0.13624597853703374,DEPTH-DOMINANT,4.855653072227621,30.783218534260214,2.870155416728666,15.799772958962258
rope,cut,rope/test/cut/020,0.0074462890625,1,23.855609893798828,0.2017472334300836,DEPTH-DOMINANT,9.560288238711673,37.827167214438816,6.587491404386119,19.734781399986687
rope,cut,rope/test/cut/021,0.0059661865234375,1,20.260822296142578,0.2543198467487845,DEPTH-DOMINANT,8.790417742254489,25.774000254653792,6.093256720314075,17.20290241801083
rope,cut,rope/test/cut/022,0.008819580078125,1,18.891721725463867,0.24594325029872355,DEPTH-DOMINANT,10.669745476418498,32.71321062225767,5.964571603817083,15.91006525659591
rope,cut,rope/test/cut/023,0.0040283203125,1,11.405837059020996,0.269309074711442,DEPTH-DOMINANT,6.741520866224188,18.29113205918683,3.7271180171511733,9.572635199458727
rope,cut,rope/test/cut/024,0.0179443359375,1,20.438180923461914,0.22811950493623578,DEPTH-DOMINANT,9.012338869461917,30.49475476490991,5.071387110447138,16.199271063666536
rope,cut,rope/test/cut/025,0.0054779052734375,1,14.185290336608887,0.2921963295560404,DEPTH-DOMINANT,8.20125055032889,19.866351361691844,5.229124032861708,11.96111868060488
rope,cut,rope/test/cut/026,0.006622314453125,1,15.727052688598633,0.25552594044860066,DEPTH-DOMINANT,8.68261539713664,25.29677286523517,4.475883556629692,13.399814643629067
rope,good,rope/test/good/000,0.0,0,10.70618724822998,0.0,UNCERTAIN,0.0,0.0,0.0,0.0
rope,good,rope/test/good/001,0.0,0,9.963232040405273,0.0,UNCERTAIN,0.0,0.0,0.0,0.0
rope,good,rope/test/good/002,0.0,0,10.18309211730957,0.0,UNCERTAIN,0.0,0.0,0.0,0.0
rope,good,rope/test/good/003,0.0,0,10.971515655517578,0.0,UNCERTAIN,0.0,0.0,0.0,0.0
rope,good,rope/test/good/004,0.0,0,13.295673370361328,0.0,UNCERTAIN,0.0,0.0,0.0,0.0
rope,good,rope/test/good/005,0.0,0,12.506184577941895,0.0,UNCERTAIN,0.0,0.0,0.0,0.0
rope,good,rope/test/good/006,0.0,0,10.617874145507812,0.0,UNCERTAIN,0.0,0.0,0.0,0.0
rope,good,rope/test/good/007,0.0,0,10.673408508300781,0.0,UNCERTAIN,0.0,0.0,0.0,0.0
rope,good,rope/test/good/008,0.0,0,10.741731643676758,0.0,UNCERTAIN,0.0,0.0,0.0,0.0
rope,good,rope/test/good/009,0.0,0,9.722064971923828,0.0,UNCERTAIN,0.0,0.0,0.0,0.0
rope,good,rope/test/good/010,0.0,0,10.63177490234375,0.0,UNCERTAIN,0.0,0.0,0.0,0.0
rope,good,rope/test/good/011,0.0,0,17.669044494628906,0.0,UNCERTAIN,0.0,0.0,0.0,0.0
rope,good,rope/test/good/012,0.0,0,18.428119659423828,0.0,UNCERTAIN,0.0,0.0,0.0,0.0
rope,good,rope/test/good/013,0.0,0,10.970725059509277,0.0,UNCERTAIN,0.0,0.0,0.0,0.0
rope,good,rope/test/good/014,0.0,0,10.461897850036621,0.0,UNCERTAIN,0.0,0.0,0.0,0.0
rope,good,rope/test/good/015,0.0,0,10.941120147705078,0.0,UNCERTAIN,0.0,0.0,0.0,0.0
rope,good,rope/test/good/016,0.0,0,13.968450546264648,0.0,UNCERTAIN,0.0,0.0,0.0,0.0
rope,good,rope/test/good/017,0.0,0,17.659446716308594,0.0,UNCERTAIN,0.0,0.0,0.0,0.0
rope,good,rope/test/good/018,0.0,0,14.772237777709961,0.0,UNCERTAIN,0.0,0.0,0.0,0.0
rope,good,rope/test/good/019,0.0,0,12.260348320007324,0.0,UNCERTAIN,0.0,0.0,0.0,0.0
rope,good,rope/test/good/020,0.0,0,13.681609153747559,0.0,UNCERTAIN,0.0,0.0,0.0,0.0
rope,good,rope/test/good/021,0.0,0,21.8693904876709,0.0,UNCERTAIN,0.0,0.0,0.0,0.0
rope,good,rope/test/good/022,0.0,0,20.62575912475586,0.0,UNCERTAIN,0.0,0.0,0.0,0.0
rope,good,rope/test/good/023,0.0,0,11.155999183654785,0.0,UNCERTAIN,0.0,0.0,0.0,0.0
rope,good,rope/test/good/024,0.0,0,10.902145385742188,0.0,UNCERTAIN,0.0,0.0,0.0,0.0
rope,good,rope/test/good/025,0.0,0,13.677450180053711,0.0,UNCERTAIN,0.0,0.0,0.0,0.0
rope,good,rope/test/good/026,0.0,0,10.618728637695312,0.0,UNCERTAIN,0.0,0.0,0.0,0.0
rope,good,rope/test/good/027,0.0,0,16.862808227539062,0.0,UNCERTAIN,0.0,0.0,0.0,0.0
rope,good,rope/test/good/028,0.0,0,17.424610137939453,0.0,UNCERTAIN,0.0,0.0,0.0,0.0
rope,good,rope/test/good/029,0.0,0,18.378948211669922,0.0,UNCERTAIN,0.0,0.0,0.0,0.0
rope,good,rope/test/good/030,0.0,0,11.179360389709473,0.0,UNCERTAIN,0.0,0.0,0.0,0.0
rope,good,rope/test/good/031,0.0,0,10.74307632446289,0.0,UNCERTAIN,0.0,0.0,0.0,0.0
rope,open,rope/test/open/000,0.0209808349609375,1,27.92072868347168,0.23099383056331654,DEPTH-DOMINANT,13.888428798053766,46.23624437261366,6.690767182423065,19.659495985322085
rope,open,rope/test/open/001,0.01324462890625,1,18.053133010864258,0.06727391335961676,DEPTH-DOMINANT,1.9302443478409508,26.762070164157187,0.16063398472748697,14.63484417600317
rope,open,rope/test/open/002,0.0125732421875,1,13.983949661254883,0.08512429952897471,DEPTH-DOMINANT,2.418390075515413,25.991711432197306,0.5832351419560764,13.10742668241745
rope,open,rope/test/open/003,0.014892578125,1,13.56451416015625,0.2446508609213095,DEPTH-DOMINANT,7.624368111489718,23.539911622196524,2.584629860968677,14.763672504303386
rope,open,rope/test/open/004,0.01556396484375,1,20.933467864990234,0.07238361544200125,DEPTH-DOMINANT,2.9550175749907286,37.86938010896964,1.522180347723454,18.902503501385304
rope,open,rope/test/open/005,0.0121002197265625,1,19.060382843017578,0.28327999086017336,DEPTH-DOMINANT,9.287986344436494,23.499313714963193,1.9840352840448927,13.728582279192945
rope,open,rope/test/open/006,0.0125274658203125,1,19.10100555419922,0.26420613143195376,DEPTH-DOMINANT,10.10639176390555,28.145527087956214,2.9500497079479446,16.33032891877002
rope,open,rope/test/open/007,0.0162506103515625,1,16.595539093017578,0.2396407277100794,DEPTH-DOMINANT,9.09286461508283,28.85087083560723,2.7102532165133715,15.540323722257547
rope,open,rope/test/open/008,0.0174713134765625,1,21.857452392578125,0.1749694128213909,DEPTH-DOMINANT,7.581026152128547,35.74669527594677,3.1798874337809795,18.062003383875886
rope,open,rope/test/open/009,0.0164031982421875,1,18.62586212158203,0.26370693430203324,DEPTH-DOMINANT,10.01007113793539,27.949002258153442,4.933853317547426,18.182179322448388
rope,open,rope/test/open/010,0.01666259765625,1,20.875574111938477,0.17328178773199895,DEPTH-DOMINANT,7.3504537886822625,35.06862389747845,2.9447397732637572,18.625812762238443
rope,open,rope/test/open/011,0.013397216796875,1,18.994110107421875,0.15912304167735858,DEPTH-DOMINANT,6.03481172553164,31.890629510344915,2.2318278221334715,17.24563900485777
rope,open,rope/test/open/012,0.009613037109375,1,16.17668342590332,0.25065539364531375,DEPTH-DOMINANT,8.095678001982106,24.202361284506907,3.9217527393767804,15.523502849190152
rope,open,rope/test/open/013,0.0146636962890625,1,13.665687561035156,0.09629415342243648,DEPTH-DOMINANT,2.5080932028418084,23.538068660639205,1.150909409422494,15.581413073737089
rope,open,rope/test/open/014,0.01708984375,1,22.20956802368164,0.1516502580685947,DEPTH-DOMINANT,7.066735535944744,39.532165608674795,2.69587290377665,18.582634159644822
rope,open,rope/test/open/015,0.0161285400390625,1,19.40431785583496,0.20252136452350172,DEPTH-DOMINANT,8.748076551336379,34.44774315587203,4.462675268155186,18.699643290346426
rope,open,rope/test/open/016,0.013824462890625,1,18.956968307495117,0.13585117933280977,DEPTH-DOMINANT,5.392245463814867,34.300051315984916,2.1809063450579824,16.341831971615356
tire,combined,tire/test/combined/000,0.0027923583984375,1,8.632407188415527,0.4509361473969275,JOINT,3.858864837630425,4.698587052110387,2.284775367875387,1.5750491009496745
tire,combined,tire/test/combined/001,0.0040435791015625,1,7.139801025390625,0.47362586181276806,JOINT,6.412696304156559,7.126884929829647,2.799592645590294,3.5432155243326062
tire,combined,tire/test/combined/002,0.0028076171875,1,7.354316711425781,0.5537404718808773,JOINT,4.246872644856625,3.4225542920817245,2.8298992467096555,2.0459472234748404
tire,combined,tire/test/combined/003,0.0040283203125,1,7.78972053527832,0.6627813753533979,JOINT,7.5086633759755665,3.8203555017660427,4.261096873892717,1.9731303485151181
tire,combined,tire/test/combined/004,0.0044708251953125,1,6.935733795166016,0.6364533231005124,JOINT,10.365704399926562,5.920963274265511,4.958399079293295,2.279335374641244
tire,contamination,tire/test/contamination/000,0.001373291015625,1,5.429624080657959,0.4983199227567339,JOINT,3.161282710279748,3.1825981333185447,2.419407250591541,1.1578105279633324
tire,contamination,tire/test/contamination/001,0.0012664794921875,1,5.982786178588867,0.3329845923570062,JOINT,3.8195486688181806,7.651097191391762,3.370096462160197,4.463483194937952
tire,contamination,tire/test/contamination/002,0.000640869140625,1,7.681234836578369,0.4014203503429197,JOINT,2.3411669196859894,3.4910399334684676,2.0812846288094615,2.206973319843561
tire,contamination,tire/test/contamination/003,0.003509521484375,1,8.677762031555176,0.4095544683118819,JOINT,7.219413743637474,10.40806658600042,2.9206116565490485,6.470028783001598
tire,contamination,tire/test/contamination/004,0.00115966796875,1,5.316965579986572,0.5429197561342766,JOINT,3.7364233529095605,3.145666988753565,2.412505631740109,2.2259033654343336
tire,contamination,tire/test/contamination/005,0.002532958984375,1,5.879974365234375,0.4768583684395497,JOINT,5.470952402846147,6.001955043217305,4.040982402176747,3.2541448331149225
tire,contamination,tire/test/contamination/006,0.0027008056640625,1,6.7256011962890625,0.4701117782490879,JOINT,6.401246456271194,7.215187511838678,3.0925970716053053,3.3486006361454232
tire,contamination,tire/test/contamination/007,0.0022125244140625,1,5.481671333312988,0.5311916814949039,JOINT,2.9147787902209306,2.5724650062676493,2.3369175237965227,1.7645876340704816
tire,contamination,tire/test/contamination/008,0.0029449462890625,1,7.413381576538086,0.391249979775525,JOINT,5.753725962571002,8.952282647633027,4.713124250342381,4.52736861646501
tire,contamination,tire/test/contamination/009,0.0015106201171875,1,6.222722053527832,0.4975142353323698,JOINT,2.676148887072444,2.7028899413751044,2.081237391991129,0.8240064048501855
tire,contamination,tire/test/contamination/010,0.006500244140625,1,7.1695075035095215,0.5122057311325391,JOINT,7.2356039734821636,6.89075780165412,3.5780727752302806,2.9480150965483127
tire,contamination,tire/test/contamination/011,0.005645751953125,1,6.290657043457031,0.5280016716956777,JOINT,8.895694083881189,7.952157036193849,4.839185598556893,3.91099750241805
tire,contamination,tire/test/contamination/012,0.001861572265625,1,8.252629280090332,0.6142642221511271,JOINT,6.708011940294174,4.212388571620362,4.375247013550472,2.781430611906197
tire,contamination,tire/test/contamination/013,0.0015716552734375,1,6.105377197265625,0.6058519301594537,JOINT,4.172416747949409,2.714441136615461,3.024620542627935,1.4637215902010037
tire,contamination,tire/test/contamination/014,0.001739501953125,1,6.328824520111084,0.31342000687027094,JOINT,1.9928208057955632,4.3654857754445215,1.4057834559161344,2.8351409280955253
tire,contamination,tire/test/contamination/015,0.001708984375,1,5.9543561935424805,0.3506720776643893,JOINT,2.787169510864615,5.1609088726672425,2.125848956006408,2.741457425959445
tire,contamination,tire/test/contamination/016,0.0016021728515625,1,7.7832112312316895,0.6370112870393339,JOINT,6.015468325752191,3.4277987106911763,3.3556472640864334,2.4628985789692868
tire,contamination,tire/test/contamination/017,0.0021209716796875,1,6.777642726898193,0.5547885119514324,JOINT,6.018613990290215,4.829868459953073,4.820692308077659,3.5735145125788144
tire,contamination,tire/test/contamination/018,0.002166748046875,1,6.575162887573242,0.5975830094010413,JOINT,7.333345237618627,4.938330035387955,3.0259728968661137,2.5606129088441167
tire,contamination,tire/test/contamination/019,0.0023651123046875,1,7.937841415405273,0.45551830536726756,JOINT,3.08356085296432,3.6857837839320036,1.641585195388915,1.9644910059738887
tire,contamination,tire/test/contamination/020,0.000701904296875,1,6.534961700439453,0.6260074538318198,JOINT,4.889105917659878,2.9208734391768347,3.64416312528446,2.1241467734224098
tire,contamination,tire/test/contamination/021,0.00152587890625,1,7.43304967880249,0.38485205630307245,JOINT,5.690675273635878,9.095980521967807,4.179366080941909,5.098937612679136
tire,contamination,tire/test/contamination/022,0.0025787353515625,1,5.248551368713379,0.8088472412631098,RGB-DOMINANT,7.7712419162335475,1.836556331616816,4.639721361322446,1.4356496065709534
tire,contamination,tire/test/contamination/023,0.0015716552734375,1,5.723817348480225,0.6361895337363006,JOINT,5.158337350966796,2.9498386582842206,3.69033486572498,2.4505387547242643
tire,contamination,tire/test/contamination/024,0.000762939453125,1,7.265872478485107,0.4530430090738345,JOINT,3.3547683271075557,4.050197221136462,2.4491069082787336,1.7718148310545774
tire,contamination,tire/test/contamination/025,0.000701904296875,1,7.401144504547119,0.34350066123703243,JOINT,0.7487093215284183,1.4309341625087517,0.5671542823578413,0.635604195670517
tire,contamination,tire/test/contamination/026,0.0030670166015625,1,6.78424072265625,0.632827802455107,JOINT,7.024322249410048,4.075571891351181,5.592015224643586,2.535989857483661
tire,contamination,tire/test/contamination/027,0.0029296875,1,5.656530857086182,0.4730550186976373,JOINT,4.750823061117868,5.292031153054278,2.4983010947501896,3.8047767764303235
tire,cut,tire/test/cut/000,0.00189208984375,1,5.9369797706604,0.8100194701069534,RGB-DOMINANT,4.92932763899855,1.156114761945493,2.9785904545607655,0.770894216843988
tire,cut,tire/test/cut/001,0.0010833740234375,1,7.048578262329102,0.4850895253231213,JOINT,5.686876822833604,6.0364774053493555,4.71983706592989,2.643445990140545
tire,cut,tire/test/cut/002,0.0008087158203125,1,7.914267063140869,0.6127457569907052,JOINT,4.341956239870633,2.744107723181402,3.812338037553613,1.837511698728939
tire,cut,tire/test/cut/003,0.0009765625,1,6.686707019805908,0.3652360846819488,JOINT,5.144845082114334,8.941508738479355,3.6079347632810292,3.804880397292415
tire,cut,tire/test/cut/004,0.0004425048828125,1,6.725897789001465,0.5340290356632862,JOINT,2.235085673310695,1.950239449518237,1.9533415003902699,1.213613284018997
tire,cut,tire/test/cut/005,0.0008544921875,1,7.773828506469727,0.543163552539081,JOINT,4.3374377530646315,3.648070828328994,3.2490160361043054,2.783332775670449
tire,cut,tire/test/cut/006,0.001190185546875,1,6.010006904602051,0.6955719887661823,JOINT,5.489614785290593,2.4026151756314644,3.6741353516835136,1.4174742386911923
tire,cut,tire/test/cut/007,0.0010528564453125,1,6.453271389007568,0.4381522159007271,JOINT,2.5657074226745755,3.290036064204597,1.8238779410607926,2.300526513254037
tire,cut,tire/test/cut/008,0.002899169921875,1,5.767036437988281,0.5472462273721675,JOINT,5.409015392786355,4.4750451543530625,3.649224576261316,2.309780128035103
tire,cut,tire/test/cut/009,0.003082275390625,1,6.428447246551514,0.5451965014059739,JOINT,5.367662020659214,4.4777083396060835,4.284055578862517,1.7036549047006533
tire,cut,tire/test/cut/010,0.001007080078125,1,5.61489725112915,0.7526978375812935,RGB-DOMINANT,6.118431155328731,2.0102362821807938,5.406031018702392,1.5286291570781685
tire,cut,tire/test/cut/011,0.001678466796875,1,6.627985000610352,0.6215861576070945,JOINT,5.436384297536745,3.3096014510502325,3.3596100817247163,1.3641678917948499
tire,cut,tire/test/cut/012,0.0011749267578125,1,5.68392276763916,0.6113287317385371,JOINT,4.337942126110721,2.757980721234379,2.6916267586923843,1.2340691904982921
tire,cut,tire/test/cut/013,0.0008697509765625,1,5.3090410232543945,0.5096748841096833,JOINT,5.678387122963564,5.462806587626806,3.937417445867774,3.6074490170151154
tire,cut,tire/test/cut/014,0.00103759765625,1,7.314175605773926,0.6759477749071926,JOINT,10.210947676168827,4.895170546682061,5.225951320081556,3.473526881928487
tire,cut,tire/test/cut/015,0.00115966796875,1,6.170369625091553,0.694680942135019,JOINT,6.471586205331011,2.844324334492384,4.858807041841686,2.0994284813116058
tire,cut,tire/test/cut/016,0.001983642578125,1,6.1947455406188965,0.566706174736459,JOINT,7.304964688080391,5.585249759946959,5.72745863798618,1.7771804943817144
tire,cut,tire/test/cut/017,0.001068115234375,1,7.994882106781006,0.4656405293455852,JOINT,4.377476856576271,5.0235011834750996,2.696723365126789,3.7265706826332705
tire,cut,tire/test/cut/018,0.0009918212890625,1,5.248077869415283,0.5103841895682285,JOINT,3.352928235098029,3.216491024441196,2.265924918811494,1.841453382860904
tire,cut,tire/test/cut/019,0.001251220703125,1,6.396032333374023,0.6635957016044172,JOINT,4.833350086240782,2.4502254567580453,1.935631371409342,1.3006067161904482
tire,cut,tire/test/cut/020,0.0011749267578125,1,6.224400997161865,0.6483780608800163,JOINT,4.141992038226676,2.2462429125778964,2.7216413142718316,0.8181672574914475
tire,cut,tire/test/cut/021,0.00115966796875,1,7.162839412689209,0.4134202164319919,JOINT,4.287243938891723,6.082939605765104,3.6161262584040306,3.30670446672122
tire,cut,tire/test/cut/022,0.001556396484375,1,6.615921497344971,0.5943820975288986,JOINT,7.029681357959532,4.797190266880507,3.071275458894748,3.2339582583842326
tire,cut,tire/test/cut/023,0.0018768310546875,1,5.67981481552124,0.6849856659488562,JOINT,4.149730975918916,1.9083962188815151,3.2437848419698714,1.0370750847140342
tire,cut,tire/test/cut/024,0.0011749267578125,1,7.153143882751465,0.34881978585704804,JOINT,6.0054597093525475,11.211050374149124,4.4523038693487615,6.87764161640508
tire,cut,tire/test/cut/025,0.001861572265625,1,6.426238536834717,0.7649038610473716,RGB-DOMINANT,5.497265022895417,1.6896045144922387,4.26427727374716,1.2502630075752654
tire,cut,tire/test/cut/026,0.0012664794921875,1,6.17972993850708,0.44093734816506014,JOINT,2.9809896371724154,3.7795835114626737,1.2910523716851294,1.8200593418401918
tire,good,tire/test/good/000,0.0,0,6.386105537414551,0.0,UNCERTAIN,0.0,0.0,0.0,0.0
tire,good,tire/test/good/001,0.0,0,6.183045387268066,0.0,UNCERTAIN,0.0,0.0,0.0,0.0
tire,good,tire/test/good/002,0.0,0,6.475945472717285,0.0,UNCERTAIN,0.0,0.0,0.0,0.0
tire,good,tire/test/good/003,0.0,0,6.526820182800293,0.0,UNCERTAIN,0.0,0.0,0.0,0.0
tire,good,tire/test/good/004,0.0,0,7.452708721160889,0.0,UNCERTAIN,0.0,0.0,0.0,0.0
tire,good,tire/test/good/005,0.0,0,5.543315410614014,0.0,UNCERTAIN,0.0,0.0,0.0,0.0
tire,good,tire/test/good/006,0.0,0,5.49422550201416,0.0,UNCERTAIN,0.0,0.0,0.0,0.0
tire,good,tire/test/good/007,0.0,0,7.064752101898193,0.0,UNCERTAIN,0.0,0.0,0.0,0.0
tire,good,tire/test/good/008,0.0,0,5.793376445770264,0.0,UNCERTAIN,0.0,0.0,0.0,0.0
tire,good,tire/test/good/009,0.0,0,5.727856159210205,0.0,UNCERTAIN,0.0,0.0,0.0,0.0
tire,good,tire/test/good/010,0.0,0,6.4516825675964355,0.0,UNCERTAIN,0.0,0.0,0.0,0.0
tire,good,tire/test/good/011,0.0,0,7.781317710876465,0.0,UNCERTAIN,0.0,0.0,0.0,0.0
tire,good,tire/test/good/012,0.0,0,5.815866947174072,0.0,UNCERTAIN,0.0,0.0,0.0,0.0
tire,good,tire/test/good/013,0.0,0,6.841720104217529,0.0,UNCERTAIN,0.0,0.0,0.0,0.0
tire,good,tire/test/good/014,0.0,0,7.3620219230651855,0.0,UNCERTAIN,0.0,0.0,0.0,0.0
tire,good,tire/test/good/015,0.0,0,7.129083633422852,0.0,UNCERTAIN,0.0,0.0,0.0,0.0
tire,good,tire/test/good/016,0.0,0,6.598321437835693,0.0,UNCERTAIN,0.0,0.0,0.0,0.0
tire,good,tire/test/good/017,0.0,0,5.83674430847168,0.0,UNCERTAIN,0.0,0.0,0.0,0.0
tire,good,tire/test/good/018,0.0,0,8.254076957702637,0.0,UNCERTAIN,0.0,0.0,0.0,0.0
tire,good,tire/test/good/019,0.0,0,6.048840045928955,0.0,UNCERTAIN,0.0,0.0,0.0,0.0
tire,good,tire/test/good/020,0.0,0,6.04777717590332,0.0,UNCERTAIN,0.0,0.0,0.0,0.0
tire,good,tire/test/good/021,0.0,0,5.826206207275391,0.0,UNCERTAIN,0.0,0.0,0.0,0.0
tire,good,tire/test/good/022,0.0,0,6.832751274108887,0.0,UNCERTAIN,0.0,0.0,0.0,0.0
tire,good,tire/test/good/023,0.0,0,6.017060279846191,0.0,UNCERTAIN,0.0,0.0,0.0,0.0
tire,good,tire/test/good/024,0.0,0,6.647122859954834,0.0,UNCERTAIN,0.0,0.0,0.0,0.0
tire,hole,tire/test/hole/000,0.0013427734375,1,8.587793350219727,0.7439550362421347,RGB-DOMINANT,8.76265148936631,3.0158167224669907,5.273756929896366,1.245922196891877
tire,hole,tire/test/hole/001,0.0041961669921875,1,6.2135725021362305,0.7468628934875537,RGB-DOMINANT,8.523204540532433,2.8888014219937763,5.40663629727712,1.6896446083035546
tire,hole,tire/test/hole/002,0.0010528564453125,1,6.173454761505127,0.7208228013221019,RGB-DOMINANT,6.152744175419421,2.382978395109044,4.316545677108956,1.3641341656883597
tire,hole,tire/test/hole/003,0.0019073486328125,1,7.682174205780029,0.42270353259314214,JOINT,5.001793291460678,6.831069419841617,3.1333452947834575,3.2239836480324064
tire,hole,tire/test/hole/004,0.0023651123046875,1,5.481081962585449,0.6712435004922944,JOINT,7.214305082393633,3.53336607696823,4.716705345790602,1.5832446127180968
tire,hole,tire/test/hole/005,0.0032501220703125,1,6.949891090393066,0.4566135099824776,JOINT,4.967298233282089,5.911262448943889,3.3078654320651775,3.1895639017225426
tire,hole,tire/test/hole/006,0.0025482177734375,1,5.877010345458984,0.5126200431603376,JOINT,4.660580287868051,4.431104357381509,3.3433779267838095,1.8144438246707018
tire,hole,tire/test/hole/007,0.0018768310546875,1,9.196703910827637,0.46651304365701507,JOINT,9.343674165243964,10.68507706855965,5.771611560563211,5.5856976585975096
tire,hole,tire/test/hole/008,0.00390625,1,5.813036918640137,0.5549037841159141,JOINT,5.757480159952757,4.618155706762274,4.2286081265093465,2.234940565234858
tire,hole,tire/test/hole/009,0.0034332275390625,1,5.7283477783203125,0.5313022678922975,JOINT,7.435135834667361,6.559036132376265,4.393018203089389,2.3261619205892314
tire,hole,tire/test/hole/010,0.00244140625,1,5.518517971038818,0.5497317059445788,JOINT,3.461391339703046,2.8351179439006544,2.5953286320752142,1.9961205110611473
tire,hole,tire/test/hole/011,0.001495361328125,1,6.346939563751221,0.5312948022729226,JOINT,3.3611089340099474,2.9651498367065146,2.461181950631648,1.7872944842917649
tire,hole,tire/test/hole/012,0.001312255859375,1,6.895678997039795,0.7779056979710176,RGB-DOMINANT,10.278461776692277,2.9345292395652276,5.506744512736205,2.071407053254184
tire,hole,tire/test/hole/013,0.0020599365234375,1,6.129415988922119,0.6069110737225749,JOINT,4.483053150166342,2.9036180399930847,1.6534818239820426,1.2706023100553125
tire,hole,tire/test/hole/014,0.001068115234375,1,6.311067581176758,0.8029553047353479,RGB-DOMINANT,8.107000154319673,1.9894514209475416,4.050875482154945,1.4584349206167049
tire,hole,tire/test/hole/015,0.002716064453125,1,5.451239585876465,0.518610657442802,JOINT,5.0161856053178,4.656166890177111,3.0203941950322597,2.9702369129846913
tire,hole,tire/test/hole/016,0.00347900390625,1,5.464881420135498,0.5822053547976915,JOINT,3.865949829580149,2.774231706912518,3.176576161237835,1.1496342405240294
tire,hole,tire/test/hole/017,0.0041656494140625,1,8.454046249389648,0.5459774309247543,JOINT,7.340329548205511,6.104052190789325,3.8132975158764366,1.7111798560187232
tire,hole,tire/test/hole/018,0.0049591064453125,1,7.825791835784912,0.6183167205935696,JOINT,8.677230406489281,5.356402356737019,6.355283453427211,2.2576428414020087
tire,hole,tire/test/hole/019,0.0010833740234375,1,6.567957401275635,0.6313475706211384,JOINT,4.739598152016276,2.76751479371938,3.442796484619636,1.8935522009681653
tire,hole,tire/test/hole/020,0.001068115234375,1,6.196308612823486,0.5921751136386961,JOINT,5.2615187421966425,3.623552630849506,3.5144064129588837,1.9087843052840177
tire,hole,tire/test/hole/021,0.0019683837890625,1,9.041851043701172,0.44926469897445936,JOINT,5.996514334523627,7.350881752787985,4.371598935431583,3.185457278975271
tire,hole,tire/test/hole/022,0.0012969970703125,1,6.491321563720703,0.6919026832713983,JOINT,5.344616230626857,2.379902936511209,3.5231242031525754,1.0567076141529865
tire,hole,tire/test/hole/023,0.0023040771484375,1,6.094456195831299,0.5407818125144207,JOINT,7.15146367928568,6.0728404171342865,4.871506865090789,2.448704988200684
tire,hole,tire/test/hole/024,0.0067596435546875,1,8.571032524108887,0.6691711480126977,JOINT,10.459722434413314,5.171139410580173,5.537446505365296,2.487476019321033
tire,hole,tire/test/hole/025,0.0020599365234375,1,6.777684688568115,0.6278701798269102,JOINT,7.604310670673653,4.506966926392371,4.45757046318868,2.0514307167278445
tire,hole,tire/test/hole/026,0.0022125244140625,1,6.163013458251953,0.4737623356531174,JOINT,6.55605767550747,7.282225168794856,3.7963026688747417,3.3946466563919575
