bagel/calibration/camera_parameters.json,257178E8FBF171F0757044BB3008C3EF0C4646AA736BFACAFF7E7AC5DE7E940D,201
bagel/class_ids.json,06E7D2DE6303C0C838828D2F5FCFD927F352D659D6836343B758FE02D8282CD3,78
bagel/license.txt,221519EB7AF2A395DA4474E7E136BCD4E0848D8ABBF346ACB2FB0B6D6BD2277E,20880
bagel/readme.txt,CAF14511A62020E45ADF34A0CEB679E220CD688B3734CA495D71A97D561F508A,982
bagel/test/combined/gt/000.png,62701A279E4E81B9F37E0BDEAE81505743F56B6836304DAA52BBF5EB0B014878,3176
bagel/test/combined/gt/001.png,B60C31724D73C9BFA9825F0D416CEB82A557EE70DC79EABD25421E1788C13A9E,1807
bagel/test/combined/gt/002.png,1D09724BA025A2B70BCB2F86D31EB70098C433A1EF1777C2713DA9C0FB7CD7AD,1815
bagel/test/combined/gt/003.png,D8997E241E9C0ED7A3AE80336740F9C6163B33732AAF4AE839BE34E269608F3E,1907
bagel/test/combined/gt/004.png,EF9C1DF0E67912221B72DDB160B8478091086FF12C6D6F35E07A0B26DBAC1162,1195
bagel/test/combined/gt/005.png,A6553C1D86529A8AA00FE585A45F915A6E768C593F614CCE52E8BFE3B4014B7E,1207
bagel/test/combined/gt/006.png,35876E506563EA107162AAD58595D13E105A725512A1C4D36A86162CF6A2689D,1262
bagel/test/combined/gt/007.png,E524CE64B70A136C8386E960195607CB5E95708382BD7D94E2B6AE66AE15967E,2131
bagel/test/combined/gt/008.png,63F4A6D81D07FB391CB8DAF122902911621A650C6EB590B9EEF74617107CDFDA,1980
bagel/test/combined/gt/009.png,BD28D225920BC6EC39E9AB0B36AD7BE15122FE538E50495889D5728C473CAC6B,1272
bagel/test/combined/gt/010.png,955E709B4E63F1B32C03BDF17C3F15BC92708621E9B7E6D04AD42C96D8BEDB2B,1912
bagel/test/combined/gt/011.png,95CA36D216428CE7C4FECE21650C3A9873D3C1A831064D2666B0E4B1055BF7B1,1393
bagel/test/combined/gt/012.png,6555565E5F5D232A5AA62611BC75E41FA9E48162A846294A881AC8C3055AC464,1897
bagel/test/combined/gt/013.png,88BAFCC0F188711540CB8F25F385BC1916116FD9046754DB460E7788534B6275,1481
bagel/test/combined/gt/014.png,041F7AD5282F3574A4552729EB0814F28EF7D6704DE800BADD42BF000D096427,2109
bagel/test/combined/gt/015.png,E9EA95B4CB253201CE2E6F3313304896120798244D3F66C21A39D5795E07C087,1193
bagel/test/combined/gt/016.png,6542E9E2CB784EE295448B8776C46196858B67C95DB0DB4FDAA3851905FC9415,1330
bagel/test/combined/gt/017.png,1538070F92B7A982A4408F66A385149462D663AF0732824C2B390D211187FD9C,1607
bagel/test/combined/gt/018.png,4BEDC6C6C85FF9E92072188D3940F4696070CA1133C8C7291FD58BA056D7BB06,1204
bagel/test/combined/gt/019.png,31882D1AC2DA53C52B14790AD1478BD39EB089A30DF1E6C65ECDBCBE596DC837,1786
bagel/test/combined/gt/020.png,255CA0BE2FE9F078E64018555C968F98AF0A0E9BF52790C257C8B2BE5147700D,1829
bagel/test/combined/gt/021.png,36A30A8058008C583F2C740C4BD297DE8F9ECEE7754EB0D19622480DA238CEBE,1999
bagel/test/combined/gt/022.png,41DD360443F35402EDC219D471770377F8D848FC4E60EF1B3882584A8179463A,1255
bagel/test/combined/rgb/000.png,B3998F6274D0276FB486D683107F41754BBF25E9D669804265BCCB6D7D0655D7,818061
bagel/test/combined/rgb/001.png,2F1ACFEBD8D10D6F1C7CE09162B9D763DC6985C5E6B7EB4FC24B10002E2C73D1,815629
bagel/test/combined/rgb/002.png,3FE9637306D0F2B14892C4368119E47B1D812598D0AB8DB389CA56578E32F35A,817018
bagel/test/combined/rgb/003.png,3F9776FDD545F4B2039DB56E20342314F0A2E7EC3671AF0F5594CFA191B14243,826436
bagel/test/combined/rgb/004.png,CC90BC54EACBEE5FD4321027ED17197E20F5AC5E1819188DFE88A44923EA2729,809368
bagel/test/combined/rgb/005.png,FF8EFEACCFDAF30FB64BEDFA41A603EDEA9E5B5A74E8C511F1D98254E8DDDA09,816136
bagel/test/combined/rgb/006.png,B0386A496D3263ED243150A9D36F8DF005F01019D3EE76AF26E7DF0362299635,806856
bagel/test/combined/rgb/007.png,7B00D3CCD13F2BC6AC215EBDE0B4591F2D3891E12F0E4D0C4DAC21B9D83D0554,819646
bagel/test/combined/rgb/008.png,32C63B7854F9F220B40D14570EEB325E7D148EB4C66E642039981CB756A8E121,817144
bagel/test/combined/rgb/009.png,A492FC00C2E64B124075812C6858AB6E2291036B47CBF27BDFC8BC468E8D5DA9,803577
bagel/test/combined/rgb/010.png,D84A0D97B8DEBF371F24A3CD931F00EE558AB5334E2A6D4E1FC1A9A7C251577E,813802
bagel/test/combined/rgb/011.png,2C8F3F6926600208EAF89FFC3F4F3264DD25498939C62B5E4D0055A14844A67F,812698
bagel/test/combined/rgb/012.png,2E83C78693D02D0AEEF225F5B2C0855EEDFDCD4CC1CA078EE5A44C9116CA3D40,803414
bagel/test/combined/rgb/013.png,D0A3EA3B9A27B5EED47C94F6C7FE7402BFA289A87E175A217280CF447458FCCF,804507
bagel/test/combined/rgb/014.png,A6A40B8323544DD373F88152D5A4D851B896B349431FB1AC5B788FDBA0B4F8DE,810868
bagel/test/combined/rgb/015.png,BAF91F4579631D1FD7401766668104FCB0A645D0575511C53AEEFFAC211071BC,810119
bagel/test/combined/rgb/016.png,E1B82CE93288377790CEDB8FE950104924F6A2D82DEAEE0AD44DAA5A1D0C131E,816290
bagel/test/combined/rgb/017.png,5CCBF99AC6FE6ADFCEE1848441850902F6071D4398E231B33AB096851C211C99,824001
bagel/test/combined/rgb/018.png,FEA017DC3D832B9D7D1C5E7787D745C9DA62334873F3698F71C89900803DC9AC,802542
bagel/test/combined/rgb/019.png,DE2FA3D8F917A48B2924A98F218DE5C2296D43A48E9199956286F57F1328A92A,819978
bagel/test/combined/rgb/020.png,49862239A6F63FC436908F98191D35B4F2EB769ADA4C278F70B2E0F6F5891B57,804772
bagel/test/combined/rgb/021.png,EF346D05870EEC08F5C1654F91BFB7CFA21C2861C47ABE78F62D83DE27272E43,811579
bagel/test/combined/rgb/022.png,383FCC8FEA9A6D767EE8E62FEF17B8E10288379907537EB5BC66580A54A61822,815010
bagel/test/combined/xyz/000.tiff,ECCCAD5DB66114B284B727EE2C844236B894B011BF910FA6646473DCB935E30B,7782030
bagel/test/combined/xyz/001.tiff,2E799232790A9EAA8970A97B567CFFA2D9F359D7E8F2D8F85E3582CB01379078,7785054
bagel/test/combined/xyz/002.tiff,1218C3B298AA71409E16E85BF1C89B34484FBE4F52470DA0F97A9C1227F33A01,7775384
bagel/test/combined/xyz/003.tiff,84C336F834253A5DAEE939CA59296392B6611991F2A1AD645EE186B69567F8D4,7777764
bagel/test/combined/xyz/004.tiff,35ECD40C654E61B016186A9A5F2969AA031F943B9437719B5982539409E8D3F0,7774210
bagel/test/combined/xyz/005.tiff,0815C5858943A304905893FBEFF2A518465F9E6BEB0549105A7716CFC0FD1407,7775100
bagel/test/combined/xyz/006.tiff,6E6DF265586A043B62BF1F4A9E7436A04AA29A05A8A09D14E2A38CEAEFCF747C,7776898
bagel/test/combined/xyz/007.tiff,E252FC20BF2807A1BB892B498B0843A9DC273CA860A557162CBF72BC142F6A0F,7789508
bagel/test/combined/xyz/008.tiff,D736598E522F4F69F4E14D0E93A5E515C83FBF79CFED3F6C04B5E811FD39043D,7788256
bagel/test/combined/xyz/009.tiff,C8B4216FC11FAFA0C76610F82722B4AFFC24F32ECD799724182205B130D575FB,7787394
bagel/test/combined/xyz/010.tiff,73418C2DF8ED7A85FEEA13B29C84FBFB2AB808E1104CF725D06B8D590819FFF8,7788370
bagel/test/combined/xyz/011.tiff,F3AAFDFACBAFB46963121846957388A1EE82FC8FCF05BA87580EA35226D69D7E,7787924
bagel/test/combined/xyz/012.tiff,262E4FC6DEE66CC5D549E71E7B73C9FD563615172932C588353BD4E7528CA34E,7788290
bagel/test/combined/xyz/013.tiff,42373C34CD86FA7D4169A17B1BE8762506112B6CCEC5C4A58F399CAFB999DBE0,7786538
bagel/test/combined/xyz/014.tiff,CCF3CFF2E4CC87DEB3EA4674230D6F140D7B3788C02246994082147A39C68877,7789010
bagel/test/combined/xyz/015.tiff,59BDF198E0A35FC2D93646D271B20507ED50D459DB79B35903741285DFC4121B,7789030
bagel/test/combined/xyz/016.tiff,AD7C4AA0C9EA1A74EAA5876C8E647D8C00A1E50672ED6DC9E99A7B1ABE51D105,7785032
bagel/test/combined/xyz/017.tiff,612F8E998966DCBA893770DD6B74600CD9D22918C548E6990DF439AEB01EE672,7789016
bagel/test/combined/xyz/018.tiff,85D81BC78D2FE7485741234AFA2453698A7F50F606329724663195F39382B340,7786058
bagel/test/combined/xyz/019.tiff,D5E2D57FCB0255121DADC9ADA566BF091FDD3D159D695F1CC81EB81416F320BB,7788050
bagel/test/combined/xyz/020.tiff,3FFC29E62E4C67D1D216541C385F56A4F53F555D621FCA0E4350A86F05632546,7790884
bagel/test/combined/xyz/021.tiff,CD1B468BCB8E44678D20FBD30BA1176A74D8E2793D933C749917FC65DA8B4FB8,7784986
bagel/test/combined/xyz/022.tiff,57DEDE64D206D30C13F44E4A678B58A3B0BA0C1622046EEE2789D387E902FD59,7788654
bagel/test/contamination/gt/000.png,CB596C116DD2D42F28C323EF0105094DE182709F4476707654C5D8312D26D15F,1060
bagel/test/contamination/gt/001.png,EAE294685FF3B527551C3D685E53FA9E6A98DA1FA79A20B9F70D4AFC2BF547DC,982
bagel/test/contamination/gt/002.png,C4F02306EBB559D367202A432D0A107539E2EA934E587BC06D08C8D2EA04449E,1012
bagel/test/contamination/gt/003.png,011A33444A639DFCD7B33BECCF8ACD59ABA8BA6D0894C4791836FA384F946C7B,993
bagel/test/contamination/gt/004.png,363FD91AFFE5F3E89D8D0F3C6F2C86038DAA5099482BA9333EDF356B8052211B,1057
bagel/test/contamination/gt/005.png,1B8F97CA392B7CEE2B7618EA7F0D4CF4E0D4818379F972E6D657C626A6EE005D,950
bagel/test/contamination/gt/006.png,41CFA1E4992731136533A03ECCFFF0DA587B76B70D6650DC1AA2979A6323F56E,1026
bagel/test/contamination/gt/007.png,27D15AF2C70A0F162277E0C7E674A7FCC412283C21B8A72450D8BC7E671D45C5,1055
bagel/test/contamination/gt/008.png,4B94EEB7DFA8E6360DE9D8FA0BC3B8FF2041A47FE840C57779ACA0FA2751675E,1080
bagel/test/contamination/gt/009.png,05327BAFF536793A2F33484B66D0D2DCDDDF66574324606F980FB7FBC2A0FB3A,1036
bagel/test/contamination/gt/010.png,F9A1074579AAF43E5CFD951D0B385EE86138C6AD5B9524F5EE61640CE7BD04F5,1007
bagel/test/contamination/gt/011.png,FADDA5517A15E86B8A2570FBCA34D092CE6836185C71D8799796067B1A6E07AA,1026
bagel/test/contamination/gt/012.png,E62937C820C5E56570B9255014E357AAD6451B6E66F4C9311EF36ECA25CE294A,1063
bagel/test/contamination/gt/013.png,A2654945D647FDD323C6527E4B6FA3E621D13D405E491F513C218A8AC8F22218,968
bagel/test/contamination/gt/014.png,6A2A0C446E0A667C96C73B46C21CB9397410C8DB3D091FA7C83FADF2A8D887D4,987
bagel/test/contamination/gt/015.png,E9EBEF6F1F23342745D9FDB69D64065D37EE2E6B5D2922C461C0250121E6940C,1012
bagel/test/contamination/gt/016.png,4026B5B1BB2BD95F3AECCAE3761FB899ECE04808A42C4283E62360E16828C4AE,994
bagel/test/contamination/gt/017.png,7B98C495ECF1DC98743DB34DC7D15BC502F203BC7855D705311ED6EBF5C6E1CB,975
bagel/test/contamination/gt/018.png,6CBEFCFF335C32E2ADD91E9736D7487B9D30EE2CE29F6CD9D89FE4B5C5C774B3,1017
bagel/test/contamination/gt/019.png,D3067ABD3A515762C14F8969B59DFA600138E9B214104288F21D50996830CAE7,1160
bagel/test/contamination/gt/020.png,A5BE8D204599C515CEE0F55DDCABD243E2DD6FEFFE333F6BF903E622FB270537,1036
bagel/test/contamination/gt/021.png,F3E2E9CD14B8CFF6D803A719CB54FA786E5BAA7C722E096CFE954427C5C9DC5D,971
bagel/test/contamination/rgb/000.png,11F715851408C893A61EF9EE914FC62E46895D16748B069DB9A02A50A868C902,819953
bagel/test/contamination/rgb/001.png,A52D8B92137C547D2A86110A3F3F3ADD2A477A839281EB3E46A29B112B73620B,818246
bagel/test/contamination/rgb/002.png,18DFE70D57BC0E443C83A16E4D964471DAA883D1468FA97F2D31F9C6ADC660AF,813513
bagel/test/contamination/rgb/003.png,7C787E0AB94F46C5ECF90A9E33078F666E49E46F45DDB059A80D004306D2112F,817073
bagel/test/contamination/rgb/004.png,4349146A8D18C99C7A84ABB5409453154795A771DCE983DC05C93186188BEB37,810946
bagel/test/contamination/rgb/005.png,6D92F25614E5B99CA19145CB992722751C416E05A3FC3B6BD3CE9D7FDC91F199,836931
bagel/test/contamination/rgb/006.png,E5C9AD7562A35AC82C0BF47F010E74AD6A801BC42377592A6CBA198C1F7DED77,834562
bagel/test/contamination/rgb/007.png,BFDDA5CDFD802B0DD86AA25CE26289E2BC387F9E71C3DB8DF6F56B570E26EF9D,815162
bagel/test/contamination/rgb/008.png,4A553D095917B5270CE5018CE96EA4E4CF4366666035EFD0683CBE5F6BD6B61E,827443
bagel/test/contamination/rgb/009.png,482D7F9D423D0C7894B491C04E8D9F251E5B9C7F13649254E2A3CA1C0F0F6F54,827976
bagel/test/contamination/rgb/010.png,4F9B8F7A310ECA6B257A6E5AA847F8CDB0D7FE74175BCC68126C55CF620721BC,836343
bagel/test/contamination/rgb/011.png,AEEB40E8F742D73E340BF12A0987FDA25C8B21798BE8D2941F34204400E837CB,809056
bagel/test/contamination/rgb/012.png,3D8822B89A11E811FF36D1C216A4A1F8F1D6D95CEE263C2B90651D51D3CDEC38,815866
bagel/test/contamination/rgb/013.png,E4F1432A225614D36AFA6166B3476745CFA99448C1A7FEABBF4CD699B44F334A,827176
bagel/test/contamination/rgb/014.png,85CCEBAA6F5A4AE44D8C0C433EB0A0A373FBA4E795237475F540EF6A259A4F4B,814367
bagel/test/contamination/rgb/015.png,E987A633E49908B259318C59F647E6AE153ED24866179A246D5A78172B8A6EA4,833524
bagel/test/contamination/rgb/016.png,CAA523225DA1173EF760A337B56464A9B8A437C913E91052AAB4BC1ABE17FD72,820392
bagel/test/contamination/rgb/017.png,B0AE4B9EBF38E4161E0EC9439B7993F262B4A7D56979B4BADF49E001CBDF7259,805926
bagel/test/contamination/rgb/018.png,79DC0F49662BC264932DD0C5C51D1EFAE2E03EC995FFCBA6FFFFD0170A4656D3,819670
bagel/test/contamination/rgb/019.png,934B793C72349EDFEDBBDD79CF0A9530ECAE34BE2E05E5D7650EEE54600AF761,820865
bagel/test/contamination/rgb/020.png,A3B493D5AD7EDCFD5BD25EF7BF443F6109572676B703600A5F9B8E2F5F5A1062,819084
bagel/test/contamination/rgb/021.png,F67A2261347DF296340F83EE70251257D8A8DD29B07517633964998D3E951DD7,802609
bagel/test/contamination/xyz/000.tiff,FE6F8023D671D897503B9C0E3534C1B1CA02622C0861A907F13D49073B451F55,7791586
bagel/test/contamination/xyz/001.tiff,30BD80ED21C2E462373EED287A9303A7CA33893CC3433F503922153BEA7E8F49,7789168
bagel/test/contamination/xyz/002.tiff,9F316F3CE65FD7A55D7403D063B82D8814EC4A2D8AC0B8DE74B662C9129C7360,7791368
bagel/test/contamination/xyz/003.tiff,457D89C123A2F3FF133C577C8FE8F918CE70398C986B242AF875D52E1B1F13EE,7796060
bagel/test/contamination/xyz/004.tiff,3D7F083163E9DF891BD47B46DA5379AF4C35D548B7C14AD2866E46635BF808B5,7790888
bagel/test/contamination/xyz/005.tiff,01E454793E8BF5660B2D04D6ACA6C3AF541FA9C836F94DA4850C5FBBABA23963,7787242
bagel/test/contamination/xyz/006.tiff,CA7C8364013D84EB6EDAA2BDACC9A1405764129B07F018FC1997EBC786B807CC,7788784
bagel/test/contamination/xyz/007.tiff,015E88AE7487566683D1420B7EF2EB932945CB2B106E6CEE213C2F8A32876D45,7787094
bagel/test/contamination/xyz/008.tiff,6F46452F34D66B8CC2BC93D70F33F6021587C5AC7A058A21E5F7B4372DFEBB32,7789284
bagel/test/contamination/xyz/009.tiff,09395C8C6E568D3002B2DA7AF6E02F326A26E74CFF70AE7420E373395024BE7E,7786496
bagel/test/contamination/xyz/010.tiff,4C80A8C672A86D055BA501C78E4DF6640184E80A0E99EB7C104F6F1F6B584536,7781648
bagel/test/contamination/xyz/011.tiff,274D116349EDD18067996DD916344E179CC8368368629E8435D6BF176C99DBEE,7780430
bagel/test/contamination/xyz/012.tiff,E5EAAC4A29E3C866E213F4ED5A833C514145D74FF2970A810074D224E79262F9,7780684
bagel/test/contamination/xyz/013.tiff,76D80A3B64F4D537CD8AE109B1B11CC1977F8F509663222C448E2C584176D336,7784096
bagel/test/contamination/xyz/014.tiff,AF7B6C4FF3D9A974184DB0282E4ABB5C346325DA1728ED9F72B7C6D2C3B17700,7784438
bagel/test/contamination/xyz/015.tiff,BC9D9F9FD61C1E05964F8E7D17006BD658DA5458B6FE93C407837863500F40CA,7782242
bagel/test/contamination/xyz/016.tiff,D84BEAEDD1AD752199C4688DBE03812082F92B3F15E7317288099BCA928FDBF2,7787288
bagel/test/contamination/xyz/017.tiff,315B067405917FAA74FE8E89024D5615A72000595596260E03B91F8BF21DC0FF,7779460
bagel/test/contamination/xyz/018.tiff,F8DE235D9897F58448AC595FF47AC33D02A5EE1A5679BC5897BF04DCA981A7CA,7777798
bagel/test/contamination/xyz/019.tiff,B8F1A8EF295ABA4899D84607BF3FC35F05637BF696E09867DCCF7225751DF3A9,7780250
bagel/test/contamination/xyz/020.tiff,B06D3D3F2C7CC8D3245F1C69317A64D11AED41FC95B99FD6F2E2B8E9A1A1FDC8,7778670
bagel/test/contamination/xyz/021.tiff,8434F674850990934D8B25D8C59166567C0F46E6D1186A65E7493657EF8F0030,7781662
bagel/test/crack/gt/000.png,284BBF58EBAB06B043E6DA322177F33F375FFD21F21FEAF6F40471217FAC6BDE,1629
bagel/test/crack/gt/001.png,4ED373F2E95876F149A6CFED441F27FBB7DB6979CEA2C95DEF3702D76EBA890F,1606
bagel/test/crack/gt/002.png,0B59943C41CAC3ECF91A2A5BA66CFAFDB93CACE6B85317A1D486CDC928A4C7E5,1598
bagel/test/crack/gt/003.png,3EFEDC9AADB3239838A5B26BCA7559FEBFFB9F3BBF75CD872F1B70A9345381E8,1449
bagel/test/crack/gt/004.png,6A9F311844505982B884084A1F7D6720A9041FFAC69620802DD16E531333C123,1474
bagel/test/crack/gt/005.png,9F8C634DE426D960E4502FAA0393DD814408D24887520118A5346158A2D2C451,1789
bagel/test/crack/gt/006.png,173A9EFCD472FCDBDD338296B795077032CC08796B64C1FBE8E5F7A292E0C184,1703
bagel/test/crack/gt/007.png,4219F726CF31F17F04D0EC6DFEA0C0D7C9A4D0DDDECA8B22EC16415301FAB459,1766
bagel/test/crack/gt/008.png,2327D77BD53AFA4860A30F8C94D550AA85995D74F42F937684039E3638B39FBE,1530
bagel/test/crack/gt/009.png,74591D6601DB9A156EF76B8EBABC5DA0B400FE8C7388B547524CE3CEF050DB4E,1623
bagel/test/crack/gt/010.png,4721D13B8BEABE85B34D939781DBEE413F9E4B9DE1E533CC50BD15209973F984,1641
bagel/test/crack/gt/011.png,BE6814F488DF7F02D86D83BAAA935ABF087773D480396B001EA2D443A712F8B6,1771
bagel/test/crack/gt/012.png,B5F4A551D43D8B2604C555E7EE85CD9ECD210ABC4BDE5830743E57A681A50735,1770
bagel/test/crack/gt/013.png,9B49594090369726113C1FABF05AE1E03A3FA1C7DFDE71897517BB53F38318F9,1647
bagel/test/crack/gt/014.png,880124329B2FFAC522DB0FEA9D65CBCB6005C361D5556348FFE29EABB54ED7E0,1736
bagel/test/crack/gt/015.png,6AF0F0E52B5047266A35922C5820AB721870210EA5B6622A7458C537DDAFE46C,1752
bagel/test/crack/gt/016.png,9CEE9A67D74ABD69EA324A36FB96D7B0E36B87D38D98A88577D0378E74BE5C2D,1455
bagel/test/crack/gt/017.png,CAED959925A220E96BAD49850F62CF705CF9ED6633627AD54CD8D98DF168F8D8,2184
bagel/test/crack/gt/018.png,F0088AF5C647586AE77A35397E822A12EC7AAAC406456EDA6A0E62F7A0E4236E,1677
bagel/test/crack/gt/019.png,52F73675C4BEBCC9818C8CE33BB5EC2308605F77FE5FD9FE5BD30278B9302DB5,1629
bagel/test/crack/gt/020.png,979F7A43C5F66E3013020795887722CE980956D2368BE84B6569B847051197E5,1595
bagel/test/crack/gt/021.png,4CB4B196864C52E6F8D95837D9B58FCA2988EF4B2EB89AAC96914C407B545D64,1482
bagel/test/crack/rgb/000.png,516DAEA4F78D7601914DE4159CE6F48FC16CD194805D23A2906DBE6A07744E8A,830032
bagel/test/crack/rgb/001.png,D25AE1368DE3FFDD973025DD7BA7E3D57F22C904B60FAF27B11173AEDA7C1679,831459
bagel/test/crack/rgb/002.png,83C69A99CA83542E1D00536134392FB5DEDB4E301C96D159ACED0AB9C9688923,802670
bagel/test/crack/rgb/003.png,3C5B617A2D696BB9EC1B67A1D1317333DD0D114BCCBB26A255EF03E479A6A74A,820730
bagel/test/crack/rgb/004.png,35FB6A3100E1A195738BE32024A36E0CBD6C38DCD5003003AAFAF57037AAC70C,809824
bagel/test/crack/rgb/005.png,2AF3973E64C6B701E0711B74DD0054CC9DB9BE2E28373AE16E9483868D7C7DDB,813807
bagel/test/crack/rgb/006.png,475EE2416C8A6BCFD6A260CA4EA2A43E5829C91BA85A80000AB18CB2444D4EBD,813770
bagel/test/crack/rgb/007.png,F17CDFDB3C69AF87A728BA17CAB0204AC7B4A3063C9072FDB3CD5EC9A6C84D44,819237
bagel/test/crack/rgb/008.png,21FA8734DCCF111F0213CE3056C355B8FE7D4663E0ADF15C6452887E9085591C,798252
bagel/test/crack/rgb/009.png,ABD8F027B71E6AEE521B926A054CBB3079207A24D2380E1BDEAA187BE04CD3C7,791103
bagel/test/crack/rgb/010.png,C9089A8C693751C9BDE9E68F9680D35131046792BED32D9787F60C33D2122447,808065
bagel/test/crack/rgb/011.png,EA178F3B7A802136F4AA0B6ADEEE385CB0D6BA078C88FF0EA24AAF45E4D850C8,829084
bagel/test/crack/rgb/012.png,7A768B91FE534F0F0D69CF9C8F723BDB9BC5D3AC00B215C0D994E9387CF9B58C,801841
bagel/test/crack/rgb/013.png,CED85091BD0FF5816D32BC8B26D3A94B2E4CA5ABF10223A2B3F8D637324AB0C7,823059
bagel/test/crack/rgb/014.png,D06C26E7AB0FE6FC76192DE0D868DC40319465BAA3238DFA5BDC7354A67FDA31,810584
bagel/test/crack/rgb/015.png,BD3776A6DB66902A149EBBD97A792F4E2B5B43DFC2496705AA8DF15EC7B6B25C,811633
bagel/test/crack/rgb/016.png,F80B0047CE0D2DF98DEE943CA9BD04A3CE909946EDA4F9A6F5CB268F7555731B,807935
bagel/test/crack/rgb/017.png,C6B0B30337F93E5A097EA81D66DB25F834097DEB17A4BB30E1724DD37F6BB326,806045
bagel/test/crack/rgb/018.png,AE2028CDABCD0E0BB756479FD05CE61BAEAD7C4607B61B42B737A67D85A2C682,806891
bagel/test/crack/rgb/019.png,F36C5FFCE1590D94BA6FDF13119C908F2EBB54B1DF687999C62215BFB6E94501,816951
bagel/test/crack/rgb/020.png,6892BDF0C6EBB662E569649205AA60BFB09BF2A4ACB0B2469D215516CF66C554,812813
bagel/test/crack/rgb/021.png,8CEC868057B9CAF628C941FEAE3E8CE36C9E3558BDBD88A14361559DED237A72,807849
bagel/test/crack/xyz/000.tiff,CE69B2B1BCB72A7CD46A39AEB2E4A756BAD59D58AE1530CC1CD5464CD83FD4C7,7790122
bagel/test/crack/xyz/001.tiff,8AB6A98D4A9A5FE5256AB0678EF8443255A0D28319358B46ED18FDC2580CFF32,7784642
bagel/test/crack/xyz/002.tiff,A8DC2DFFD1F0F625C1DDFF2EF46EE6BB8B43CCCFB88EE30140E3C6E90F3C81E3,7787802
bagel/test/crack/xyz/003.tiff,321BFA16D69358FDD393A3DDA5711FFDB7FD7070B7C503BD3809ECC513F2B139,7784490
bagel/test/crack/xyz/004.tiff,E3A5481494419F993B47BB3033A0E8A806F9BE793020FDE61DBB4A4F4506DDA9,7789316
bagel/test/crack/xyz/005.tiff,7683C433D75D3ED6EB7119DD0DBB727C7B11FA5FB624786A4E3775895735BDF1,7787728
bagel/test/crack/xyz/006.tiff,93A18A393ABAF0EEB47F1F53801418F98B0D0DCCC795639BEEB6CA8F0F973262,7788864
bagel/test/crack/xyz/007.tiff,23EF17A42034E8DEAE62E83EE33E5A993C717CC592039F279256788D05D5FC21,7790656
bagel/test/crack/xyz/008.tiff,460EF3EECA7D29912D8A62C0A3B41882CBA1F44A8B96498222634FAD93286AEB,7791416
bagel/test/crack/xyz/009.tiff,B2C04CBD85DC546FE5B767F102F1F67E8D89D32F80CD14DF47DFF4207026A2FD,7787814
bagel/test/crack/xyz/010.tiff,B2E358F63C246FBF738E22D00F8437982CCDAADB93D6922AB0D1116A726770AD,7788090
bagel/test/crack/xyz/011.tiff,FAF333DFA225A8840B9E79E16E1C6BF7682CE88D65DF7CD8D12EE56EAFD8CE6A,7773546
bagel/test/crack/xyz/012.tiff,60F49B839FA067202140FF57E5B73DABE0CE2E1B5A5144418F93EA740285EB0F,7777574
bagel/test/crack/xyz/013.tiff,48ABE5CFAED545AC17E369D4403C32FB76C7EEF791A810D553AB1CC7C68BF040,7776020
bagel/test/crack/xyz/014.tiff,40B70A4C88F677A9FF412D35B9A6F55F6037102A3E3C834FB93852FD2C171737,7777134
bagel/test/crack/xyz/015.tiff,CCADCBE6AD50A1803BEC86966BEF8FFD97BAA0731C77FC35B1552CC1E6C8B800,7773850
bagel/test/crack/xyz/016.tiff,2FC81CFA109C746B6A0A94939FF9FD31870717B0B52093BB9895E3968482F406,7774916
bagel/test/crack/xyz/017.tiff,7B08C668AA43C38DECF817B7918CDFA375C0DA3690DC1A9C7200556BF51A223A,7776576
bagel/test/crack/xyz/018.tiff,4CE87CC178CE805459ED7E5F3DA49CD516ECB9EFFA7375554E74CE30DB55C1D2,7776462
bagel/test/crack/xyz/019.tiff,BA491724C1D4FE3ED7AF648A48D960978855381FCF0548A8B8313DE299EC0935,7775736
bagel/test/crack/xyz/020.tiff,A5C2B9AD93F24D4224092FDDB8B0349EF60DEA6FEC0C3EA7BCE213D092A8E419,7777158
bagel/test/crack/xyz/021.tiff,AB97273DC203F47EE674877A10477C54B9AA47DF2A7322AD6A77FD46E7C7D892,7779278
bagel/test/good/gt/000.png,39DB27525FDE5D2DE2C8FEE6ED44AD87608F35C52A593AE1785F0766D2BDFCB3,757
bagel/test/good/gt/001.png,3B1EEDB7D53B7E518EF22FBBF1D42CD32EFC6F1C7B35D748138647D2939459A8,757
bagel/test/good/gt/002.png,4EA4C7ACD667F2B2820FE333F17E0F617A1DD72E0B79BD50C0A5150734B82A9C,757
bagel/test/good/gt/003.png,12FFE188D5611A282DCE29843B5F2655F11C26AA3740E5A83EF8FFF396DBA8F4,757
bagel/test/good/gt/004.png,77EC0E363611CDCA82AE573B0764A2BDF01EF0715BA78A7E3B9DCA5B77C86AF5,757
bagel/test/good/gt/005.png,77FA9EEE412C1AD60352AFCDC14E2E3DA780C0AD70A5CD05838770804FB3B1A7,757
bagel/test/good/gt/006.png,9B784287F44E38345D67C49B474BF48F07B4DFE0F82ECC5F1DE85969743675FE,757
bagel/test/good/gt/007.png,0BB471F2943AAEAF0866F4FC0432E30B30FDF936EDE3B95ADAF39612CBCEFEAC,757
bagel/test/good/gt/008.png,8B90A308D58547B5DF99FB8A326E8568C5760C05048474AC16B85C6A1D8AA6CD,757
bagel/test/good/gt/009.png,E330B71812625AA397AD91127FCEFB9DEEF85BF29466C7724FD7B9E7207D63AB,757
bagel/test/good/gt/010.png,2E51A5A9ECBBBFF131B299DDBEB073812870A4345D36E7A8F71A2654DAA34079,757
bagel/test/good/gt/011.png,3E90C236D2B8C46ED6F771E4E7318634FAA090102FE97CEE0FC02E7C3B856DD1,757
bagel/test/good/gt/012.png,53C8FA660481A35F3E427C87DA20134BF8854EF36C721025813150FAC9B91F69,757
bagel/test/good/gt/013.png,8915C40415836FD7A180E15ED326414E0151F6FC75F616333FCFC8B64C7395A3,757
bagel/test/good/gt/014.png,B582B9BC79C11EEDDDE022A07CCA176E0D9091C9075EC7DA6849A825E8224BC3,757
bagel/test/good/gt/015.png,F011E98DBFE5856078C987B7BCC687F6276A5B3EDEE5864F402A7C1A2E73CCCE,757
bagel/test/good/gt/016.png,F011E98DBFE5856078C987B7BCC687F6276A5B3EDEE5864F402A7C1A2E73CCCE,757
bagel/test/good/gt/017.png,DF25DBEE88C2184C9069CD1BF295648B1A6E80A2A8DFABFE375D5483ECF5E9DB,757
bagel/test/good/gt/018.png,E31A5AE85296B9248E1EA4C0A0A26779ECCF8F34131AF0D3D43EFF8970D34C89,757
bagel/test/good/gt/019.png,888662310D3D3141200C4F0F9DB0BF7BE5E9BFA7D8CE19E229AF40494A63A8C2,757
bagel/test/good/gt/020.png,CE410A90AFDACE637B3D96FE609D6C39DCEE25F5BCE4967B23B6499C17434409,757
bagel/test/good/gt/021.png,DC78DC478B6B9D861BC6B8077CEDDF54197E04BFD329E6FBC7A7D221E772512D,757
bagel/test/good/rgb/000.png,35408AD425D071BADC47CD899112B244E590B6F328245C4498403A4D03242C40,803514
bagel/test/good/rgb/001.png,F0EF13258FB1C0C23BF502A70506FC2FC26CF257C6E59C953BF66A85C084A548,801331
bagel/test/good/rgb/002.png,1CDEF74933475CB62184977DCE55038D793902CF93C7E6067D3B83A7D31122A3,812258
bagel/test/good/rgb/003.png,0FFAF4AE64134C991D10846998B54D850E32D1102264DA9EDF842293CD47CDA1,821327
bagel/test/good/rgb/004.png,C81FA4E6C953DCD452D932381A5751D66E71B92B49491771C37DE9B3CCA72FC4,805283
bagel/test/good/rgb/005.png,3D17243B3BBD51DFA29C1E5124B17E2042F4BDEDBD4B184184EB929E4C31A07C,811519
bagel/test/good/rgb/006.png,D8A6BCFD0D48E05D02E4D631FB3F1F75518EFA0CA74C3267F902D1F488AB3AD3,805751
bagel/test/good/rgb/007.png,397F8D9A47E6E89BAA41ED87874A2336D397E39CD2694A4732890466DDD4F95F,818938
bagel/test/good/rgb/008.png,ACA46FB68799731620553562FF392923ABB5BAD3CFBA011EDDA7EA0E08E4E4DB,817420
bagel/test/good/rgb/009.png,ECB376C1FDC1DC50F2776DAD2A0D98AF93ECB38EA4AC791B45DB11435D51F1A2,818165
bagel/test/good/rgb/010.png,A45E93EE0BB4B026EEA99A9A799384B3CFCB3202F8C1CD1AF740E55F0C34BD7B,820134
bagel/test/good/rgb/011.png,B08B1BB21DBED885C6F492951D1B5797C805DB2F540F35B15EEE7F16B3405FE3,807841
bagel/test/good/rgb/012.png,BC6CDB16B35137E9F1EAB8A71188632B75C26F2D2D5734F1544D94E0F429D190,818451
bagel/test/good/rgb/013.png,A9082A7E5663090E3642530B0C394298F01626B05D7FBAFE2328D7B54A2AF01C,838633
bagel/test/good/rgb/014.png,9A994A24EA5C8F3F19854C592778BFDCA9587726571B12348BAB3092B24B1E69,822066
bagel/test/good/rgb/015.png,85F7D527B8B2F15B774D1576608F126A96F9E1FA38DC8B478D5644914DB61E45,808587
bagel/test/good/rgb/016.png,0A82C4C0FA9B7CF9C15F6C908C49DE12768DB77F8B9D9F8E3D6DCEE54C8DBE71,801129
bagel/test/good/rgb/017.png,EE1EE99B1A05E1FBB6655C06ECC97FBED51C255591E706C4137506DCE0C27A52,807984
bagel/test/good/rgb/018.png,0DDF40E21588585498B341ED5AC1A29878584006E83C0EAA9A30C422A892BEA2,808127
bagel/test/good/rgb/019.png,16113DE2E4F4EB276E82BEF8887D00A4FDEE292BF51CC149FBA752735171704A,814291
bagel/test/good/rgb/020.png,450D24CEAE63E6FD90A42511240587B0961E802F93C92DD40AEDDA864965D2F3,817194
bagel/test/good/rgb/021.png,63F99266EC9B0248B550ABDF33A803EAF9503BA92F7FCDFCCE07BC25E587C5AC,815699
bagel/test/good/xyz/000.tiff,98E4CCB4DA1AB44E2D104D4E1A42A86042D6113F3F0CBF0623A070E0B367E45C,7781556
bagel/test/good/xyz/001.tiff,32BC59318B11EAA4C51328AB2AA26C1B519BD610B7660E292DD657B1D09BF865,7780542
bagel/test/good/xyz/002.tiff,DF5C048500CE6CBC03BAC518316C34B16690EDB913896F24F52EE3105F5A7D0C,7781000
bagel/test/good/xyz/003.tiff,6AD331A89CBDA0F3384B17383BEAF09E650AEB5323263F716A58400BEC250223,7781830
bagel/test/good/xyz/004.tiff,44CA5C928B95B677885E7D5B4C2F36C111860F10D170D259DB843DA33C97C5B9,7783208
bagel/test/good/xyz/005.tiff,FF30BEB2CF1CED9BE9A1FC1A42AD44E265C47650F476425FB4AD1BEAFD01C8D4,7782060
bagel/test/good/xyz/006.tiff,83A236A676E5455A302C966CDC2D02F406E9AC90B1ACAE63B42E126B9C767A99,7784360
bagel/test/good/xyz/007.tiff,74EB683C1235FBD077EC14F71429F8EB2715D64C6498C386B4C159563DD8CF7A,7779116
bagel/test/good/xyz/008.tiff,782E87E8A8E26DD63F4F33777B599F80907E6062E13BF70D5A3F0670F8B308BD,7782008
bagel/test/good/xyz/009.tiff,9EAD6CBDA09B433E2B9375EFC034FC1003D0C64D363EEA4F87A1582E90619B9A,7780398
bagel/test/good/xyz/010.tiff,09737443265F7655AF20AC30E8454CB1DC53544AABC16D8636087A4A04518176,7783274
bagel/test/good/xyz/011.tiff,5054B2CC936CC7E12945C8A3BE48A21F8768AC3548391B7FAD2BF51614C09D98,7780790
bagel/test/good/xyz/012.tiff,673FFEBD715C12AA97F98E1B75C7750525B63E3887BBA85FCD5879FA92A7B4D2,7780862
bagel/test/good/xyz/013.tiff,EBAB45F5CC20D15A2EA539DDAD246D5CBE53DFE638A3F0DD5EC50F6C520CC1D5,7782022
bagel/test/good/xyz/014.tiff,C1CBD3380EC08D10DE6FF74CAB43B9DBB5A66C18F9C683A6BA41C8D93CC1FDF2,7782664
bagel/test/good/xyz/015.tiff,F45915A35E19355FA08D1A6B1597DCA17C98D0C9AD234C27392D380F8A06E7F7,7784906
bagel/test/good/xyz/016.tiff,DAB85464F5990988EE96A64DF50C3D901E5D718343A771A7EE36C0BD25EBE358,7779976
bagel/test/good/xyz/017.tiff,6C7FA689A37F567DF1A2191D79E9A617AE3CBAE0A4A4C40EC5B8F72FDFC9D517,7780434
bagel/test/good/xyz/018.tiff,57548AE6C46C57F5FB35ABCCB98DC9ACDEE810B88D0DBC3AF5607D0DB95CB867,7781370
bagel/test/good/xyz/019.tiff,40091B4827EB98FC27B6925D639E6FC3CE10F0ABF795D3266D53991C3E7A0802,7779018
bagel/test/good/xyz/020.tiff,2307922E5364A0CDDDAEE9F880C7E4853EA1A4078780C07778CA4C0847E8307B,7780072
bagel/test/good/xyz/021.tiff,6BC3E7AD6B2E07A242177A692D01212E3B1C77E0C14E6A9060330B729A72D09C,7779498
bagel/test/hole/gt/000.png,E66F9FD5438D6CE53F9FFFBCF675FA1E8249DD4A3DCE35FF2AD5988BFE13EC41,1002
bagel/test/hole/gt/001.png,3F2F1EC42022A7AD33251661E1610934F1E76C89F063ED52E577313887E96CF8,1098
bagel/test/hole/gt/002.png,AE9976755526CD42E46A079FFADA5735DDBC41AD4F4A23AE15332855DC87E321,1008
bagel/test/hole/gt/003.png,0270F88816022A6C7113871BA3902C7691EE326A379B43BF2F02D1BA0F5A249B,982
bagel/test/hole/gt/004.png,B78744724C129A21E1507EE7A2A2D065A09735019F18BAD3AACA4838DAE8B62B,1026
bagel/test/hole/gt/005.png,4DDD009505409856F17BE7927102E4AC71ED33EF6EC477D1AA3A6B7558B03814,905
bagel/test/hole/gt/006.png,5D6CA3CA928A6F70DAC4427CEFEB210A33A02C9BC3A0E2BD01DA8000DE70C1CB,945
bagel/test/hole/gt/007.png,4192E15120D88209348E650F189D49032DD0224A95AC0E96513FD923C79AC8CE,984
bagel/test/hole/gt/008.png,BB0CFB68555660304B04E3E6E79932A5D1C2A8447B84E0D5DE856CDC4B073321,1013
bagel/test/hole/gt/009.png,39D21D5EAD33B5C3A2CBC2745B0DB462F0CE9B03D7148E48B4933E0594FA1D38,999
bagel/test/hole/gt/010.png,EDC39B4C06212D8907FE8BAF0734A7DC99D0F1EE81D4E606B45419A1E9E9E20E,947
bagel/test/hole/gt/011.png,B1A5B2A13504A6211F96EF1383596B9CC943A3B2FA892B8C2DAD006CC80657E0,1048
bagel/test/hole/gt/012.png,D4CB34ED83DECBDEC37A5A91BF40114B140D9A44DE191C92D69F75506D0924E7,959
bagel/test/hole/gt/013.png,3244988B4DD2E4CB2DCF842D93158B9F61465C4000BDEFA867DE8C80EAF9BB0C,1013
bagel/test/hole/gt/014.png,50C43E6BD98892339AAA2E5548905A2BD95D0AABAC950DF1D24940E074AAC1C0,992
bagel/test/hole/gt/015.png,213F9D3A079A19928E5440EFE39C48E283AAEEC52ED1A42F1A40B595F58B3CD4,925
bagel/test/hole/gt/016.png,E3A11DBD3FA292390495230EF6D010CA556E8F50271890927271A9CA65FCE46C,968
bagel/test/hole/gt/017.png,6A97326F1B0569CA37973FFF8B66DBEE893F53766B07F9B3BF23FA3260584385,1050
bagel/test/hole/gt/018.png,DEEB5C7DE6217EB4DC3E3DCB52AEFAFF58C6F233100FA293D7FFEDDD4DE56051,1088
bagel/test/hole/gt/019.png,CF6BD6A7AE2F60B17928110BC3FCEBFFB97D236F6913F6BA7772D893A5D89494,1246
bagel/test/hole/gt/020.png,89B13A8BA5C8C757CE075FD3F730DC2BA7D5B29D32EEDF3B53CF5B4630392071,1022
bagel/test/hole/rgb/000.png,A00F400A7EE070B46BDB14485C86219C7C2E80A2A94AE5D77F45BDA912C1E210,820203
bagel/test/hole/rgb/001.png,B5105BCB57A4771FEDCD87B01185C8839719E01972E83359836202CE120C7107,808487
bagel/test/hole/rgb/002.png,92F5D21B722DC12D88665AD8187ECD48C3E99AEEFE5A37CA02469A94FC289ADA,833810
bagel/test/hole/rgb/003.png,FE6125A88565834257FD7279023AD6CFD768BA93EFFD41495CB375D103070322,826259
bagel/test/hole/rgb/004.png,2E30B24E8FFE113D50674004FAF6347605F8655B621CF2CBA5AF731FB10FB1AF,814959
bagel/test/hole/rgb/005.png,54B9CDD3BF854DD9B73718BCD377DA4FB33D38E80C00E5EB038082D17F97303E,810243
bagel/test/hole/rgb/006.png,7529F48080C4B21A5CC3E48C80021AADF7DA882171D0D6E69D14ADB42E4426BE,809912
bagel/test/hole/rgb/007.png,0A6BAFCEAE8BFD31E4C8DC4C97DB87806B47BB8E04919400630456483C6FF778,824721
bagel/test/hole/rgb/008.png,4CE726B2A3BA3BF21B0F94CF6EDD8BC3BA627E444FFF7396CCF573B0E95007B7,834775
bagel/test/hole/rgb/009.png,1633EB175D8FFF18322CF6972D25AAC5C5913779818EEAF186C7428F1CBF65A4,818556
bagel/test/hole/rgb/010.png,F69C4BF0D9881BCE4D784F1A21643D60043CBC93FA20AF1340A2F3024A42B13B,810451
bagel/test/hole/rgb/011.png,50BDFD9BF22F2DC0B36159DD3C4EAAEEB450D0181D51C34EB7919F4C1213EE01,804164
bagel/test/hole/rgb/012.png,847C3AF41578527C1E6E32BE7DE987255DEF2247BEA5842A639D12987AC4DE14,818347
bagel/test/hole/rgb/013.png,406FFC0FB861B8C88D11005096D92A4957F4D35023E5C93715BDDC03FB9678B7,821983
bagel/test/hole/rgb/014.png,D5EBDB4CAE063B79E16065C093720ECE89BB790DB3796090A6D5B146673F6F56,809056
bagel/test/hole/rgb/015.png,C1BD37B377F00D023BCEC71705344E5094367EB8BA44EE8332D2FE496024AD47,804896
bagel/test/hole/rgb/016.png,2FED6ECACA420A443B8AE401F7235680AC8E52ECFC96E384AAC1EDBBC27C98B3,814330
bagel/test/hole/rgb/017.png,F5F085D732CE0CACA4B1ED0A8F91608B72CA92F6D3C45AAE6C5D97EC195025CE,825313
bagel/test/hole/rgb/018.png,D91D2410A2A82A55D3777C064ADD3EF2B11DBFE69FBD8B0BFDA44497E19ABBA8,830056
bagel/test/hole/rgb/019.png,E6FB45FA3D4D4F4D7E1B5486BCC4D053D4006AA7BE11FB24AE4C6AF2FF2BFA97,802443
bagel/test/hole/rgb/020.png,4B7FA012E427553F37ACDF58294B86227161433A6D8B2BD312C79B832FB5EED3,812041
bagel/test/hole/xyz/000.tiff,84B465AD6EE8BACA7F74BEB3F27F999D767444752D395C6EB98CD45D4855A68F,7788362
bagel/test/hole/xyz/001.tiff,00A82DCA4E4BEC7487CDE0D05F53DDC2BE4438895C14828FCEA95E8E52A4922A,7783184
bagel/test/hole/xyz/002.tiff,0D7A59D0BBA29377EC61D08FC8649E75086A42F06BA40563EF77ED9E8B3270D6,7786880
bagel/test/hole/xyz/003.tiff,8F12254E6FCE478505467330DF2AE61F6FA7421C7F2DFCEE4D7410C607B1F37A,7788864
bagel/test/hole/xyz/004.tiff,6B3D5296E524EEFF994C1B85529A376ABDDB32CE63B20D9C66FC30ABB0F48E58,7788942
bagel/test/hole/xyz/005.tiff,04693843BD4E414F2BFF9025CB2301E697FE06E81FF2809BB044F9767ED25631,7791042
bagel/test/hole/xyz/006.tiff,9CF62C4FC9F76C05C4EE020E27A6B918479E40B1E43DD6BBFD3C6598AB934768,7786122
bagel/test/hole/xyz/007.tiff,0D48A59D19056E28192B3ED8CC593666B9D76143345BF56331493A773F48C94B,7789366
bagel/test/hole/xyz/008.tiff,BD8C851C006B04891F1448E72BBF518C8A027859523D1A2D3A168DEFC5FAC342,7785058
bagel/test/hole/xyz/009.tiff,8124D83555E1638EAFDD573528BFF1EC6707FA5E3FEE80331222100C60CD1002,7776568
bagel/test/hole/xyz/010.tiff,035E30D1DC32F25641573CE195612028E047FFC6097090A688F55CA2DAD6A7C4,7780056
bagel/test/hole/xyz/011.tiff,FB7248B0738F287435E36E43427D1FA8442C1AC6BF3496E32FFB5CE9D9482CEA,7775416
bagel/test/hole/xyz/012.tiff,2AD2CF8E2B8EAE6A3E00B4894C725F60B525B89BB18ECD1240F60D41849D1126,7776486
bagel/test/hole/xyz/013.tiff,40F74331439119D010C7F0C63F4AD6F42FED2A7A4DCE1BD1C39B48699417CC27,7776556
bagel/test/hole/xyz/014.tiff,479F4505B2841847E212922174B6DE40FE4BCE58B30D1A6C4BD8310CE8784771,7776668
bagel/test/hole/xyz/015.tiff,25C04B8AA36FF21F9FA166C5D1E749529919F93929C15701BF5334C6BBC5C60C,7778488
bagel/test/hole/xyz/016.tiff,74CCF85026176673555A907861D7ADA540A8A5630B4B008F38C58171468AB910,7778774
bagel/test/hole/xyz/017.tiff,3AE29C6271EBBEEC19577BFD7C21380C3BEF514142403E665A2FFAB59732298D,7776044
bagel/test/hole/xyz/018.tiff,B9D259C8E9E65FFD8CDE2B47CA6F81F1E45C5735A6473811BF4669E4AD0EB8F9,7777990
bagel/test/hole/xyz/019.tiff,926F2E6913A161F03C7EDBB46528CA7B8D74F92C1F17D2CBD94FA1880CDCBC17,7777778
bagel/test/hole/xyz/020.tiff,EDB41C91CE5C5C9B6147F346195FD5547F587D20DE767C80A5E2167FBAC82714,7774136
bagel/train/good/rgb/000.png,B126EC4B4B35F243144563BEE61E05C09CCFDE63E7F0490E01502505D3435B1A,814866
bagel/train/good/rgb/001.png,EFE8EE12500F7C92DB567AA8742EBAAF2897D784BEB0884415C60D31990A150A,817692
bagel/train/good/rgb/002.png,40F80345B1314F02690924D1C43D13F5E314E4F16863329BF8984C9F181D05A7,822836
bagel/train/good/rgb/003.png,6AA4EA4D5BFEA6A2703329EA99112C671B655C3DE33487548099EBCBE08F965D,809580
bagel/train/good/rgb/004.png,97EFA01609998D076059DD9ABBCFEE8565327BAE2253745CAAFCC282DF0F16B3,821586
bagel/train/good/rgb/005.png,EF60D152DB91FD804707C9CE463679FBA74E88A228215C10A177A91DCEB3B6F4,823110
bagel/train/good/rgb/006.png,288129D1D80E4000BDC1776E307CE3C72977B97CCD1557F2083FD85936EF557B,821429
bagel/train/good/rgb/007.png,58D37AD97117C4ADC9AFD1F97279B5933083BC680DD4205993AE6D6EBEE3454C,816191
bagel/train/good/rgb/008.png,89C3B1537368CC4E4D8E0A8EAAFC2F9F1E0BA865146193912A829F2220D67DFE,831186
bagel/train/good/rgb/009.png,A8001000BD32F909A43C38C5B1635D12CCB163AD048325070E48625312DAA9EA,823962
bagel/train/good/rgb/010.png,19C56020B8CD9859D1489B201DAADC5C9F38A441A1C6AB1D0FAFB1680CF919DC,825790
bagel/train/good/rgb/011.png,8B37B7E7F17849E924899BD462D7DFE6C83EFA270223CAECDF5CC182E7B1F031,821519
bagel/train/good/rgb/012.png,647C7423DC82F62D720FCA98FD8792FAA7AD65E9CD491A66028245C449895D02,828992
bagel/train/good/rgb/013.png,F936217473DE81F35001CAB1217EAAB638F2B0D9E4B44244C4EF7278EBD6BD12,820917
bagel/train/good/rgb/014.png,15F380F3FC91912DD8AD0BC39BED1401D913D34865C86E1EA4EB8B8623A3FE39,826023
bagel/train/good/rgb/015.png,A335C2FDCCA7598F998324C5AFE6B4C7EAA69E26B06A0B3355FDA5C9C30C7EDC,832008
bagel/train/good/rgb/016.png,5BA9E06A38980B9B7946DE0844AE74FC4ED20FC58C607E4C7F9330AA7C067983,817156
bagel/train/good/rgb/017.png,C2ED5384231C1396C12B9607A88A773EB7F98B0A7205BA1BBF897D04E387EA09,828404
bagel/train/good/rgb/018.png,4DCB0D20C8329CB31B02A8108539813CC3C6547692602C49BDF6FD5E51FC1C6F,830516
bagel/train/good/rgb/019.png,506076D160310DA7B606E9AD8E8FDA7FD516399565C464A8FDB03C9DC220A488,814062
bagel/train/good/rgb/020.png,AFED0C6FE775943CA45B8B12FB2257C3D6CAA28BDDAC362B6DB797ADA8BC614A,810421
bagel/train/good/rgb/021.png,4D62B5B802EBE27B7CC6ADFF3D12E8A2D5CE8ACCD708D8936BA6ABFA3588137B,814099
bagel/train/good/rgb/022.png,C1ED5701048DCA1C096EEBB56604DA4C929D3BD85117234DB2E1FCC40EA6A765,810579
bagel/train/good/rgb/023.png,6D582941A421B1F0106130461A8C7A6447E85F6A16038097DE808B7A2F6CA244,828795
bagel/train/good/rgb/024.png,08C2F8102B5A0BC6810BD0187918DD17BBCBA0D0E6976A7A2DB61B84F2448214,822640
bagel/train/good/rgb/025.png,CA7232C840B2971ECCFA4768FA886534445336B9A357D3445CAC46183DD8EBDA,825065
bagel/train/good/rgb/026.png,506030C40C7B3495E70E10875ADACE517A13E17A8045F21A7D5484884B6D4B97,823132
bagel/train/good/rgb/027.png,E09ACCEB32D8684DD25EEE229C4690020523237B8811F0570B2BEC0F4B10693B,832618
bagel/train/good/rgb/028.png,B1FF0945F1F4808215AB7BAAC4AF4A108FA292D848048405E21518FF017EBF90,821396
bagel/train/good/rgb/029.png,EEA17FD799CCE34403B0982EC5FDA91AE78E07E81EC307B47E7A9B09082CF0FF,828455
bagel/train/good/rgb/030.png,59E8F5DA6567FFB599819FCC2CA1518BA7D09DFC783012C97A0CF09604740FB8,823572
bagel/train/good/rgb/031.png,FFD693F8A86AC1407D3B802E04B5A7EB7B3463E3AA1FA93ECC90F64FC2442386,830901
bagel/train/good/rgb/032.png,C4A914C7E4E3FEFE6FFE6E71AD219757EA40BFFDFBE8FDC1B2BED196EE388D3F,823042
bagel/train/good/rgb/033.png,5CB461B12F9B3894CD2DF4666BA592289D280CD7663186D566A02F3FB3C8DA58,822561
bagel/train/good/rgb/034.png,E889D2E8856266C76FEA2F5A1662532E1F7BFC019364D8551B271C61A5ECC01C,804640
bagel/train/good/rgb/035.png,7E55297F4C646AAF7D639624ECDB8CE0C9139B0D870D78A3C9B55FE41DA25811,820642
bagel/train/good/rgb/036.png,2C02397E029E24D289E660153FC4768DE992E967F5A3AC76F2F28733941E298C,811497
bagel/train/good/rgb/037.png,D4F6F7A6173FDA9338C20B817C826E0FAFECC471EB939C918D1FDAD5F834442D,819048
bagel/train/good/rgb/038.png,CE170026047789A74930E72A74125F70E7C5A6FC04102E166889FDE87AAEFD44,817492
bagel/train/good/rgb/039.png,0364469D341CEA9BF108976684CB086575AC5C07F30B71CCCA5BF0968CFF925F,820646
bagel/train/good/rgb/040.png,792A1C9E7BD71141AD8D6852DC173681591036D3409A7A7D00A6F566FE1D43D5,822674
bagel/train/good/rgb/041.png,5BEDA178CF0E580047241F272CED473871CABF9CFE67835D487C7FA03D1C9FA1,810141
bagel/train/good/rgb/042.png,EFBB5CE8102910BFF230FA81751BA2D0A9111B22E394640489A45C79707FBCAB,822700
bagel/train/good/rgb/043.png,9970D3864002F88003545D23D358B4822C70FE76B8B6F1FF4A36800B2B4ED25E,815804
bagel/train/good/rgb/044.png,139DC3894E2047DFA71601B327419FCDC65810FCF33C269812ADED28C836424B,807770
bagel/train/good/rgb/045.png,1A111CCD263260734E9BF73A5885D06A665E3B68A360ADDFA2EFE0FBA6B9366F,817572
bagel/train/good/rgb/046.png,F93BF693AF7F305089DA5889032B56D9AA73765E204CDD1808FF0378863CC669,812025
bagel/train/good/rgb/047.png,9A4C4A32CFA8E1CCF6074A569AF3B766C8158C7A71BAFA5399215486A6291152,818825
bagel/train/good/rgb/048.png,1703C41F3DB546DD2E83E186D8CD1AD2913482D96BB5413F6E9B471314E3BC67,823008
bagel/train/good/rgb/049.png,5CE5269617A34FC8DA1A556C48128558A2028219C9B9D33076414515432B9C81,827988
bagel/train/good/rgb/050.png,0AA3EE7901E518D213CBBB863F55568B6F72B9681B28233AD202611410383877,817952
bagel/train/good/rgb/051.png,492740628A23F68FB7C1A2F36B3842DDDABCB38578BD12588A419A4E326F0146,816795
bagel/train/good/rgb/052.png,5AF59BA5A3F732B9397766D0BA31EFFBB418B11F4FC3065FD568F3796E2A5B87,799748
bagel/train/good/rgb/053.png,73F3DAF9219E83F05223FC511E9B62061D4974F1CA7F3E523AE38C5F01D68FD3,817076
bagel/train/good/rgb/054.png,65920F5616957D09C59871DCC6C62B10288D34ED23A664BE2FC8ABEE4A6FC5DB,815126
bagel/train/good/rgb/055.png,9CAAC9D1FF29BF99BCE39AD02E4D8784411CF45D753AD9FC30FE1CCFBE0D28E6,813072
bagel/train/good/rgb/056.png,7A885968C4F4B79D7A9D3D37A95B8FCAB51DD78BAA40C340F2C4500FEC1BF9C7,810275
bagel/train/good/rgb/057.png,DAA92B3C8AD473060E09105FB3F842027262C0535D3680CB075D8FEDBDC6B0E4,816230
bagel/train/good/rgb/058.png,4A6C4B3892EA7F21BECF7151B94DF3726A792A464574B0C77A4F411149D67AA8,812358
bagel/train/good/rgb/059.png,4B92A572EEE2C534F3A55E08092AD48019C6339B69219641EB5F19FB38CDBF02,820920
bagel/train/good/rgb/060.png,4D6C5A777403C18D2E4F57ED974626862771E5D11709BE741BEA6CAC32CE2BA7,813542
bagel/train/good/rgb/061.png,1753D6C4F2D236B2C79DCA64DFEA6D1B5B6D4F62C4222764E19F6D5B3F891AA9,817322
bagel/train/good/rgb/062.png,7BD0E6104CCA91F6C5E5079B2D943B2352D225E8A18C128018A66E28BD58FC22,817554
bagel/train/good/rgb/063.png,BF32D5E342BD398DE25413E273B7FE2C07702AA58D012543D1180821F9EFBE6A,814203
bagel/train/good/rgb/064.png,C164CB2E91A6AF5BA6204A320DC46EBA9F9FB3A4917006070D97CC842CE671CD,811566
bagel/train/good/rgb/065.png,F4753147CA3AB01A1207107789BA52BEC428E934C6155B27A362C21FF1338D8A,825382
bagel/train/good/rgb/066.png,2AADF90EC91EFCEDA058B1ED62D223CA4050CC3187C230BE1808EC8B341B0FAC,813903
bagel/train/good/rgb/067.png,9C100E933E174687685984A92432B5772B9A00B0A82BAD226FF87B5F0BC8285C,806761
bagel/train/good/rgb/068.png,6DAA49E2971EC243E122A41A74F21985F7DE17FC16602A8339633CEC82BC982D,817103
bagel/train/good/rgb/069.png,1FA63A6960CDC3E2B278A5886E965F1225FD40D553292BA9CEEACA716DEB9D0D,836047
bagel/train/good/rgb/070.png,DE9D49671F16AEAFC7F3A8443F7E475317CA860E78F5ABA5E1CB21C495EF6510,826616
bagel/train/good/rgb/071.png,0474EC55F535AF0E2B69EC4A92C5B2A25F81F3827A3ADD5249ABCB7D8D538A7C,824150
bagel/train/good/rgb/072.png,4A5A542AE271141584CECA750C5BBD594EF560B04322E81F9D82787F1E18BC7E,809655
bagel/train/good/rgb/073.png,B134D266155454F6C39E28DAAB6C773716D3F6040E188F59F62EB55B807D0E69,816584
bagel/train/good/rgb/074.png,19DF34F7A455FE55B54D117097C538A0A594F9248C70BB80845E7461CB08D8AD,806063
bagel/train/good/rgb/075.png,C1AE6040F2116B6EEABA8549D170C75F039684A68933871C1F776AF8150C25BF,815855
bagel/train/good/rgb/076.png,88B9CF3B4EEE54A0CDA053D68241FE917507EC2F225E86374E8C50D6E1F86A74,816694
bagel/train/good/rgb/077.png,5CC85BD50B50A5FF545E1D550A4C88DB29021A75EC0C24C786230255DAD9459B,802513
bagel/train/good/rgb/078.png,5B0883DEF8290DF2666EFE6C1B7677319700B0463C6EF32378693319E4C3C19B,802727
bagel/train/good/rgb/079.png,94BF5ADB09C9F36AB204125BE87B07E36C6EE01EAFB723D4FEDF252EC0173D1F,814599
bagel/train/good/rgb/080.png,90402949111DE1BEE5B1DD22824DD15671C6C34AB7852A7FBB1C56DAE167F2B4,820940
bagel/train/good/rgb/081.png,0DB7DBE9439E3E9A3065AED271186FEA30F1EF665E09B89B72F9967AEB66A3CE,831752
bagel/train/good/rgb/082.png,55FFBC9B10FD39BC0468AEE3B71671409C71F32927AB3B3539D6309CEE126298,814927
bagel/train/good/rgb/083.png,9AD048C526B5E06C3355B778998BF5404CBB6DA7718BF807D0DDBF4838B2D137,809358
bagel/train/good/rgb/084.png,BB95A53739630DA8D7CEB68F105530BEF59A235535972D919CC19423E5538BC1,802193
bagel/train/good/rgb/085.png,2E228FEC6EE1E3320E44428897BE9396CFA4B7E164408A63147401743C8F327D,836511
bagel/train/good/rgb/086.png,52C88788EAD84FCD147596E466C4FBE9715D53CBFFDD195B2835AAD47460DEAB,826614
bagel/train/good/rgb/087.png,544C191C18A3E807599A435D6600CDCD973306C84920FE1EDD0D6CAA48A068E9,817742
bagel/train/good/rgb/088.png,A4CABC94B060A79E2AD3CB24AB875D1C1B27C7D2522594D9F99038CAD5164C66,830074
bagel/train/good/rgb/089.png,6716096809DBF850E730577AA298917380868F2AE8C9235673B08BC3069F00FB,833584
bagel/train/good/rgb/090.png,D4F54FF538FAAB574C7EDCC1547C9D0FD78C23E2A293DB262A94A3374721406F,827141
bagel/train/good/rgb/091.png,EAD4C7407089AB9FB89EE298A50D796B45248F1255453617B38D153B527A114E,825880
bagel/train/good/rgb/092.png,8BECB487F4BD464988B6E27D3DDD83E0F7E0783E37C7528C53D1277733D92A2D,831718
bagel/train/good/rgb/093.png,986C1BCA6E999D68265DAEF86964749413AAF64D14D1C9B4FC1D5E5982A07FAC,824414
bagel/train/good/rgb/094.png,BAD5B8271E45E2DA26CF61C4B3E0BFFE4E90F408C34F536039433B4A42300067,814048
bagel/train/good/rgb/095.png,6D2FFC9A77CBEAAC632815254462F4995D907D5C51E3B0BB17A7C6BED9637E91,823413
bagel/train/good/rgb/096.png,AE4CDA23D2F53CE43E3766C86E9E873943C4CD7931972614B6F1CBCC06FA914D,810414
bagel/train/good/rgb/097.png,C2F12CD5419DDAB3771A8DE87AB68B3BEC4EC68F5F2650D664BBBF686895879C,817018
bagel/train/good/rgb/098.png,AE8513EFF553C997F68C6440E18D1E357A64029534079A75F03864F8A9D04FB9,811651
bagel/train/good/rgb/099.png,4BF10AEF71EE1D0393EEBE6DB71CFE581B91B50BA0DA640B432F298D4CFFF925,823145
bagel/train/good/rgb/100.png,D71D5BB9613577CC2A1E9D666C6257F82D2916F01187971A78B4C44041119EE1,820680
bagel/train/good/rgb/101.png,23174C05F6DC1A45C50D23ED1482F36D45C4174684D1393513E8F30700BEBA30,824014
bagel/train/good/rgb/102.png,1FB895268C74C4F280402D6DA03FF719FB2AC931A75B7C14FF174787290B4315,805942
bagel/train/good/rgb/103.png,FADBAD788B9274CAF9E894D7AA7A1A350742C77337381E0D75A458332A301CC1,824006
bagel/train/good/rgb/104.png,2EC72E1D9CC1C34BE66ABD832171A73245840247EA532D89A2F5E5FE656194D4,806406
bagel/train/good/rgb/105.png,D15D24067D7ACAEB52A5344CC6460287C4A82F8148B60B9C99B193EF6E39E4E2,814823
bagel/train/good/rgb/106.png,6303650A86793CE8CFC092A95CDF8E240156A77EFBFE54A0776E59ED0C61773C,820385
bagel/train/good/rgb/107.png,DD3E381B40328F33F0B6B14A9A7765B82B2C40BA7D5BC1A76901A5D18B3FBE8B,813984
bagel/train/good/rgb/108.png,8495D7CE51680D885211FF4772F5064073E69AB7C90E0790CF80B7D57134718C,808794
bagel/train/good/rgb/109.png,56AE198DEB0E994154F03B5379725F55D3470352EA531D95FB74B9120DDF26C5,809825
bagel/train/good/rgb/110.png,0477CBC73DCB404036351E688E779492F085C4133E49210001D4AAED52E5E6E2,816137
bagel/train/good/rgb/111.png,73956A9A2ACA8F3B6C56541E33F1C703B880741B44783E95F8701B3AAEFAF42C,820636
bagel/train/good/rgb/112.png,B7C6DF60A3A081FF56969D7083427B556FD417811A324815761ECC93A59E9484,813308
bagel/train/good/rgb/113.png,5E9F9000F1E2E2E72A3D0AB3E013162900D29412B958D8E98DBB72B0D12D994C,826157
bagel/train/good/rgb/114.png,6736564D357302C48B057D9B732870D1366321BAF3C7F127C4FBCBD41F02E6FF,804134
bagel/train/good/rgb/115.png,EB1559405B6C8AA423A4FD27E480A7A920AE61BFC531F52869FF083E50F9A11D,810107
bagel/train/good/rgb/116.png,B0F943CF5898E9BA87564B572CFABF3A26A47CEB72EA8D75D19A85C7E7F9721C,820064
bagel/train/good/rgb/117.png,9ED119410E117A0BB0813DF7BF8D2179FD56B0E1FA0FF9EC984BA5777E4B3489,810402
bagel/train/good/rgb/118.png,AAF259F72FEE0084F8C40B350B4D7BA149056813E12DA11765496998EA461A6C,808959
bagel/train/good/rgb/119.png,3C5B9E3A6166C0FD64BD3DAA581163EFE7AC97CC9DC04E962CACE60DFABEE787,817077
bagel/train/good/rgb/120.png,53F61B804B57BD8FC9F4681D27FA1F8A9D760E8D3C7F9A67F99000C39AFDF5F7,810071
bagel/train/good/rgb/121.png,A0C5DD6346D80D7A005C94E09A6B9E436A7579DA9A39DE8B70782591985D08FB,815897
bagel/train/good/rgb/122.png,51E5D84C84D379998ED8512A5359419A50F01DC75A0C389057EA795B0CACDA4C,813290
bagel/train/good/rgb/123.png,BE4E5211AE5BA2146EB7FF16F45E7ECA8F2619324220C3C4ACB5C02E1494C086,808983
bagel/train/good/rgb/124.png,B9A72623E241CCD10C13892E3F92D19619140A50495AECF88E132110E2C9D4BB,821534
bagel/train/good/rgb/125.png,5A1AD4549699AAA3A6B300C77A8EFCDA397E0A30653E2298545431838A433B55,818548
bagel/train/good/rgb/126.png,F2952B35B0972FEE55F689D29A5D093811AC395AEE6F41CAF3082E1B0B29126E,817307
bagel/train/good/rgb/127.png,65070ED4C9A36A0DEC6A7E4B699F851648F007360E66436C2AEE12FF18D31147,830840
bagel/train/good/rgb/128.png,9C3787F1CEA5F7D3307ECABF5A6ED367416F24754F26AF226AB7EED874749CC5,822151
bagel/train/good/rgb/129.png,20AFE3C566EC6F2CCA25F66426E5D7406CB6B44804F8AA59AC235DF58FB289DC,802894
bagel/train/good/rgb/130.png,35040C893F11467E22106AA6560C90ED116B4644A4F506A1FBC35C790F074C80,808444
bagel/train/good/rgb/131.png,8229E11209C35BFC9A1736793BFBC53E79BCEF4A593160BAE26A9A9CDA0DB6B8,811259
bagel/train/good/rgb/132.png,2A7216C1A9C37A82D08EC3BF3D701C23E507E1D65AEBFC415EC34B8383F59C08,813451
bagel/train/good/rgb/133.png,457DDF90C46F41C855DEAD1ED8025DBF98F5E5C0B4B48027EE1EF19C6B6550DA,805534
bagel/train/good/rgb/134.png,D5CDAAE4E87B5066207CCB51149EE05B2F1A369F3CDD0BD079FBAA559937623A,807413
bagel/train/good/rgb/135.png,400387D603D7A09AC4A595AE49B1B47E0F1241B57E918842D5D81100BEEC7693,814480
bagel/train/good/rgb/136.png,F80FB05003F476D872AE8A1F26B2C23606AC5F9DF6827DF113371A6B10DAEE57,812448
bagel/train/good/rgb/137.png,309DC5FD32F10E65A710A84FEE9F2D2EA0B969E06BCDF21105741C61C0FAF823,824701
bagel/train/good/rgb/138.png,011B2DDA6FF70A7C3063A56EB792BA0C25EA653764693F9209CFF57FCB2912B6,813626
bagel/train/good/rgb/139.png,CEFA205C2D22E385769A8D6481706CA9A0D615F2AE883BB3F7C382B00F397D95,812286
bagel/train/good/rgb/140.png,A748778088B7003040A346DC134E2D3E16979C79245701156E94D5247825D86B,809577
bagel/train/good/rgb/141.png,A97E4CE98A68F03343C519E8123960C4610287A65C49A27E23FA9D2817F31847,804410
bagel/train/good/rgb/142.png,2353FD6DA3D97AF365EAC716E6A0896A8F85626189DAAB1DDB566BE391D8FA45,821367
bagel/train/good/rgb/143.png,9016869F16A26A9F7269F522B40B23B7EBA613D4B5B92D70348F77B37CF8F79D,816668
bagel/train/good/rgb/144.png,E0B682BA026B7949F17E68FD41F642CBC4A29C6DE14F4028B5D74FBDC1999148,820571
bagel/train/good/rgb/145.png,751E8C65AA3C236527E7BB064D379AD0F3C0AEC3285BCBF7C6EEE05731930857,804540
bagel/train/good/rgb/146.png,2C91CABCFB58A5EB96C6B91D93FFA87626203FA750662B3005DEB51644FAD7FA,815039
bagel/train/good/rgb/147.png,3C0E53C32B37B8172981AA969EAB27710FDBD66A8BC49C3F0FA101B6B6BADE7B,812792
bagel/train/good/rgb/148.png,2C5583FA6F0233742CE2343ED50EC388382E2F86362CA8B67A3A8F614C9E250A,812649
bagel/train/good/rgb/149.png,F6D75BC68C3C65F4B9EF1495A596B18053A68EA17BB32E568B1EA0C6D777A47D,813398
bagel/train/good/rgb/150.png,5AEFBA9662A1408E30CC219E1B6ABD6CB8E261644E6FAFF06DB9EFF1E840AC91,813737
bagel/train/good/rgb/151.png,A79E2EEFC7819B90B1447EF6D6475CABB51CD327F467747EF37E3CD7C6D6544A,816319
bagel/train/good/rgb/152.png,40E43A95C15BCB00DF758B8A310A7AB054FB8E6275966560E07D6581ABB96583,814094
bagel/train/good/rgb/153.png,490F5BDB726CD759270B2AB4BEE81210B41B5E6C279AF7F41CEC8C8138D1EEE4,804824
bagel/train/good/rgb/154.png,67B9F48018024819CE8A32E4B44DAA9C9231A8AA0BC24C8966927F4FE959DCE9,800139
bagel/train/good/rgb/155.png,FCA92C79EFC777E0A72B47D3F897119A62F92390E98A9CD17E125CC3B203A8E4,812520
bagel/train/good/rgb/156.png,70525B612A8C90FB5073E9A9C3B1983F4B508F73CBB75872C92210E8EF81A85E,798241
bagel/train/good/rgb/157.png,3B880C2BD67257111AD5D0D057995229E57E946019D2EEBFD1E6270A7EE46484,795416
bagel/train/good/rgb/158.png,C5F9841C02996CC69A9ED84E897476E23006FEB318A9043791CBDCA7D614549A,831217
bagel/train/good/rgb/159.png,591B2197A36963A12E061875CB67440891B1771E51E1A80F4DEB8D6006AE8FD2,806220
bagel/train/good/rgb/160.png,63DDF858F610624FB9F1D06753E7A69E070457E9CC44C3E1EEC447BA9C0D3546,808879
bagel/train/good/rgb/161.png,36DE038BCD76B683C0555158F3CC5DE0D9B4AAB88BED809D12EB86C319DFACB7,804036
bagel/train/good/rgb/162.png,597F52A134FEDB83351D8C47C5FD2196AA628F31F855A6E4E7EE126719194C2C,818609
bagel/train/good/rgb/163.png,01794519228A09FC64B350CA46AED51D9D7AF06513BA3DFEF8740AA7367B62BB,815045
bagel/train/good/rgb/164.png,5A545C1FF76B41B37D3B67944E818CAB60CA7C0F86CD59D68A454A7520A6E952,823462
bagel/train/good/rgb/165.png,834AEB282EB8026E88516F58E31253F8489AE78FF3AA1C0B479E8E75550F6D8B,805972
bagel/train/good/rgb/166.png,C19ECEC3809467B2D998BC1DF40007400790E6DA6A7C8BD4D3F60E3EB5AAAFD3,826642
bagel/train/good/rgb/167.png,7685297379C3AB20BACEA661815292E78B83948214FF95E87653E75919419164,813073
bagel/train/good/rgb/168.png,E00BF812030E42FB23AF173D344D1B467DF7C26418910ACD022B7A2B1BCC3860,822538
bagel/train/good/rgb/169.png,82193C7BA47659F310248F423BAC7123056369C512EBD203E7915C168AECC9E9,812560
bagel/train/good/rgb/170.png,ABC03653552B4C38F1CA4A3020586DC0EFB05BED224375FAB0F17E8B48AA10D0,808119
bagel/train/good/rgb/171.png,F78C397222005E479759C2C71DEE4A68F5D670742FC5864F0C080F06EE4BA254,808358
bagel/train/good/rgb/172.png,BD88BD7017AAF44D35DF9F1B77AD46CFED7AD0E5A177502F7416641B4A307C03,809997
bagel/train/good/rgb/173.png,7C9BE8C277A4BCB921D41437B0B620992A4E344BE6176840D40F23614C47C2B0,809584
bagel/train/good/rgb/174.png,001A183EC4159487690F026E02FBB919D464610B352F70189398FC40E06D68AF,816595
bagel/train/good/rgb/175.png,2C1288605F936D1A9C97D6A6E32618FEEFC1912A41F39C62CC4AF540EEF43BF3,806801
bagel/train/good/rgb/176.png,91DA2FFB940FF1DB9F58756EE709CCAE8174BC2865349C0A95B9E3CDD2A9723C,812743
bagel/train/good/rgb/177.png,D69382E273D1421B33A60D4356B74AABC9BCCE5E0F890A4CA3B9B3E3F11CF2B9,796908
bagel/train/good/rgb/178.png,E463A2D3D74979FAD942A0166DAC9991343EA940BA29A084EEB74A3E297F9216,814299
bagel/train/good/rgb/179.png,9C4111A0B35547A45040F3399699D6DAF7A409607309E8F2D1D6D060F0ED87BC,810385
bagel/train/good/rgb/180.png,EE8F1FA0180C8FF4BF41288193DE25E92FC26BBECD7554F94C3CADA2DA6E68AD,806799
bagel/train/good/rgb/181.png,DB21CA32AFFC71573151E4EC3D009874B0A04731BEF995DEA4D8846F350DC86C,800902
bagel/train/good/rgb/182.png,426B7C44F2EE127F79A7F9D1AB85E0FBF0F8E9854DC35552489C6FC5ADBBCB1B,791916
bagel/train/good/rgb/183.png,B828A26721C3C2FB88553F2E8E4AA78DBEB02AE3FB65FBB3FF5A42DD85B1C130,805464
bagel/train/good/rgb/184.png,BE53A99E9215900EE8F759963F10E6E1FFEFCB2B209F00A1F8FE1B9DABD0F2CA,797830
bagel/train/good/rgb/185.png,A6938673D814DD0950D3605A3B63842A4FDEAE5246D11DF340A7833BFCE813C0,810062
bagel/train/good/rgb/186.png,3B2078E7264E3A4B3AB400D7EA4B32482C5CDC59E92AC4FD930BAD71ECA0570A,800731
bagel/train/good/rgb/187.png,96B30533BB081D01CF5D89329294EDE639EAF49F49952DA9A57914DAEB08E7B3,803273
bagel/train/good/rgb/188.png,3B00680C46B0D818151E51FD65CB9C44C9A0597D2F7DDAF65E1DB10157614494,808697
bagel/train/good/rgb/189.png,1272BF0C6A48D4ED113AD6EF533AD6BC507DE1746807A5224F26AECC7DBC1537,801991
bagel/train/good/rgb/190.png,BEB250FC266223B72D31F8A579D92DFF00550E1F0EEEE5A5BDD31F03B8D9A169,807155
bagel/train/good/rgb/191.png,289FF434858592ACF8668F31C600F4DB74CCA7E82D02362DD48DCC2EBA0ABFEF,805436
bagel/train/good/rgb/192.png,8579B1DB6B37694B725F5236DDFF5E2F31B28B83258D4C4A9C1D2A9D30D1637D,816198
bagel/train/good/rgb/193.png,DD2AECADE2671FC75B04C24EDCE6E9EE55E21EA6F83E7629527C48E05F882CC8,796451
bagel/train/good/rgb/194.png,190990618B3C4E10B5D470A06CB3C3EB2A2E6878563D5A06F6E64D3B6617AB65,786938
bagel/train/good/rgb/195.png,0194E0F0523975AB9F245B6678DE93E0E20E04BE9B7DD4A6F6A18E8A3EE2A905,805919
bagel/train/good/rgb/196.png,74876F8B2C973ECD431B471953A4BECC040304F0E674DCDEEDD351F18B0E3C56,801176
bagel/train/good/rgb/197.png,799DF144F057C70C008342F36824E22813309A2761605F179FEEADA3379957FB,798507
bagel/train/good/rgb/198.png,C2C31C121417BDD2917BD18C27B9C665EEE52FDBA162341E415F0F0559DD6A19,799947
bagel/train/good/rgb/199.png,2BF6FC6F34C0FC09A260C0B72D8E6D0FEAD5C1C395868FE787CD4AEF8A702BBB,809658
bagel/train/good/rgb/200.png,680927E695595A125CF8A583179070A8188F7B00386909834C9AE1F4EB30E2A6,785039
bagel/train/good/rgb/201.png,C1F25657A54620236A8A432B749BC255D2820D7E2CEE95250EC19C5F7980A140,788861
bagel/train/good/rgb/202.png,D84B799FC14316814753BF04721E53808021A99D3EB1D2E4BED2435B8BBCCF05,792016
bagel/train/good/rgb/203.png,471058C0288C332A2D09F32BD6FDA4A161B19B8C0827AC61237817A2C2A5ADCE,787473
bagel/train/good/rgb/204.png,4C57ECA0D228DB56283E261C354DD3C49E234E644770109AC29FA096DA6E166D,794147
bagel/train/good/rgb/205.png,1D999F2F34F08921CC9240722A79F9B0E873C08DD3F86BBC5EF48FC1741D0607,801285
bagel/train/good/rgb/206.png,79058F4658EC4B38B89C7B81FAB1F3DE5DB7EC7752107F9A76D7E825A6B48257,802307
bagel/train/good/rgb/207.png,CCA59594149985A83022E3A05E60860335139877FA0E5B8600C5771EBB28E898,790153
bagel/train/good/rgb/208.png,E4F5E24A714CDA1C0456B572F94EBC5DA821E35131FB94CFD9117CEA8D502807,796981
bagel/train/good/rgb/209.png,FD84C89FE40032C31A3B37EB1187CCAF299E32033C54311BA9AFCCDD93F583D1,796363
bagel/train/good/rgb/210.png,41800D410B599C9A90115F09343F79FF72BA8E9E266DE7F66B3E4674E6D712CC,819344
bagel/train/good/rgb/211.png,F2810839A6BE6EAAF57962F81DADF070D17EBFD8D4D49735CC2442E7DB884FEC,797270
bagel/train/good/rgb/212.png,182DCBAD6399C2E70EA6693EB3536E3751D489A653A09526DD50EC7C0E9FC88F,795303
bagel/train/good/rgb/213.png,82D181FA55E2C00E41AF3BC78174D140F3EF04A8D97D2EFD36260C4DF520E1B4,801801
bagel/train/good/rgb/214.png,6C621D2CFB4805E76E310B64E84B721BEF662ED825B60D90D3027F21B50D85D6,798884
bagel/train/good/rgb/215.png,DD011F6A5B1077C6E086671F9C5CC1A3400FDBC35060724CC3D8FAA36FC255FF,800210
bagel/train/good/rgb/216.png,5A239806F75CDDC397FC50320FEBF952E3FCB465C6C58E761A81F4F24D7E7A58,797531
bagel/train/good/rgb/217.png,6E6A1B1F2C598F37A4DAD1760A7375A58B078575D6F56D0C4027236560D8DB50,795331
bagel/train/good/rgb/218.png,D1D83C9F93AFB3C6C8D5B1DB1969088F2F18D0960F62CA5A9FD1625DB24E7EC6,794566
bagel/train/good/rgb/219.png,5A2A2F9783624E786B43CC0DC96F0B79647CB78AE76F106FAE7F04A4C958B98A,796146
bagel/train/good/rgb/220.png,69CA4DAE3B3886DE90B83352923A9D88B2D6566A35E3F4F5A0A23AC32BC4EDF1,793826
bagel/train/good/rgb/221.png,816492C5B6DCB8C2AB250248C6BF41C34F1129201D76F100FA10A077C9A1FCE8,821797
bagel/train/good/rgb/222.png,F3312342C4D4B68168CFAFC59048B3966AD3E5E5634A06103ADEFEA2F96B2301,811513
bagel/train/good/rgb/223.png,E7B0C3379B677F4DC7BD4DD3093CF26A0618D8DE65157ED3C531C3AA464A028A,817546
bagel/train/good/rgb/224.png,2252C46A52E0C3E56F456F3EDD55AB336B148B0E668A0E3744A67BF94A0D64C0,817114
bagel/train/good/rgb/225.png,A9F9DF961BB6A6AF55CBDC4C9371CD1C63A1130B4DE158BA03B2895670ADFF50,790695
bagel/train/good/rgb/226.png,4FF202BBF80DD1E73FC868C2A001FBBA44F8A38CE0B1AC10CCA7F18D66B957AF,795818
bagel/train/good/rgb/227.png,23713D1FB74F3EB0E10BCCCD1D0C315903F37E8B8A3354E07C8E6BB03BA241FD,797497
bagel/train/good/rgb/228.png,ECEE6FD11D7E9436F55578ACCE72CAB51015BC5D0132EC50874C3C42EF1078FB,794057
bagel/train/good/rgb/229.png,F3FDCFF8EE55F98172DBE929CA33B045DF39C91014237870E22317458719DA16,804967
bagel/train/good/rgb/230.png,772E8BAFC15F4FF624AA2B6C9DFC7E2764459D4D851B06E0C056CB03F0C077B9,805336
bagel/train/good/rgb/231.png,08BFE6F4D2A0281327E9A1E4B739A0901518C7AFE131D32C4F66CC30E84DB2E5,804897
bagel/train/good/rgb/232.png,C7C89D6AACDFDB42AE60D627C0FFECCA13A5AD0DFCC364FD2C990F315A853585,801408
bagel/train/good/rgb/233.png,A2770C843E4A46666A1C3C869167363095DE082809F48A46CEF4B233FC0A7C1F,805144
bagel/train/good/rgb/234.png,CAD16457B89348EEA812486FEF2416C3E02E72DAE240CB7D53A094B29176A301,805222
bagel/train/good/rgb/235.png,80559F681BF2ED6AB0F305C76C554E4BF6DDABE633D553EDB78A35AA408B090E,798531
bagel/train/good/rgb/236.png,5ED64B170465D77AACD1EA47E63C22EE2F7483B072AEBEEADF49A1B3D85B13B3,797754
bagel/train/good/rgb/237.png,55C978D8CB496B857948102D77D0BF18DC639B57DA6C73C337C465064503AECB,808693
bagel/train/good/rgb/238.png,C0D709DA96AA89110E302B421D82BA96688BFD94F76C91B5177A1EB98D916AD4,806739
bagel/train/good/rgb/239.png,8FCE692C1CA61A51408D94177526C9FB0733E6988F4C6B436C339D7F4B005229,811441
bagel/train/good/rgb/240.png,2AEC687F83ED39099AA22B557EB419F6DA34783C45E64E6E7D772361458AFCEF,809007
bagel/train/good/rgb/241.png,0939D909EAD40160CD866DF81AEB9B6FF452520C662324F4EA330F1EBEBE4BFA,810663
bagel/train/good/rgb/242.png,95FBC0CE5CC0D3EF3C95EBCBA504704475F14481D5735CAF98C6FD12D27B094B,802667
bagel/train/good/rgb/243.png,2D4D98D7D0CAED7F8C726CD5761E26578D985145D909E6BAD7E9AC9F409C40E1,808325
bagel/train/good/xyz/000.tiff,55879260628AF1B71A568E333F7DFAEBC5D91F507CE5BF333F6CE7B61F53102D,7782430
bagel/train/good/xyz/001.tiff,90A850D0AAB4AA5EF68B9323E9E97BC7DBC8EB2DD1A2E3FE7CB33B5EC2CA78E5,7782804
bagel/train/good/xyz/002.tiff,1517A2D8B5C5B90D070E0A74F28A739B273A814E5DFDB1162876AF7183942632,7779432
bagel/train/good/xyz/003.tiff,224E352AAD9474FDDA45C8337F3E3431804184035678360C23888FF4537B76BB,7781078
bagel/train/good/xyz/004.tiff,652EADD26FBF460404B4EE02AD17D9F60D8407B8A51C489639A949D9AEBBC337,7781098
bagel/train/good/xyz/005.tiff,5D8046BD5A00B98DE92D16A222E5278D8E2007E4166705042A6B375F9D7B66D2,7782884
bagel/train/good/xyz/006.tiff,2084927F27C4FC2B1B98704466005687A75C8238CA03462F67EB2B8EDFFD2077,7782570
bagel/train/good/xyz/007.tiff,7ACA72FF70AF540095F26E32564475E0F7237D50E458440452E06C1AF4DD8F8F,7784440
bagel/train/good/xyz/008.tiff,4721B4B0B72E2B5586C3FB0A740DC0250239F346897152560A116E8462E1507D,7777298
bagel/train/good/xyz/009.tiff,88D7A41EEC373242F3343AB1BDFDF24BF6D3C49B6CD914693DAC97C144496DEC,7778526
bagel/train/good/xyz/010.tiff,D5C042D399B57395138082C39AEB10B12A48B9833AE3A1F7783A3E96679073CB,7777618
bagel/train/good/xyz/011.tiff,B03A819A7E583E99379147DE7A471C12E8571D59D7953AEE44619CCAF59A81AC,7778264
bagel/train/good/xyz/012.tiff,9C5C54B790D1B876EF334B598490B55C5A1BCA01247833AE4866EFF45AD30302,7778036
bagel/train/good/xyz/013.tiff,DA2DA484328C2D3C554CA573A727622FD79AB8B9AF7D7FDD806238817AB3153A,7779994
bagel/train/good/xyz/014.tiff,88F679F71CC379CD77955563A5284C6E33D014809B13B4BFF24C0E0A01100264,7781162
bagel/train/good/xyz/015.tiff,E025C6E8DA5C0782D4AE32F5894F4580D6FD7A5329896E780188F76CF32CD1EE,7781434
bagel/train/good/xyz/016.tiff,8F1A4BCD8EDEAD0D18913EFC906345DCE1E4E38F6816BAE474F86B15DC89DDDD,7781018
bagel/train/good/xyz/017.tiff,331A3AA233279B15BEEB7C7D826B12F1B209BD9BA12420245DE37953126BE9E9,7780016
bagel/train/good/xyz/018.tiff,1AE2A749F4DF5D8B1DA878D1FE0533E79CC62EF743E1C72EB3C1E72D2549B372,7781492
bagel/train/good/xyz/019.tiff,48AD93FCC20BBD2796D507CFFCBCE6A6247AAE60C0D08CBBB3F64C1FCF1ED530,7781678
bagel/train/good/xyz/020.tiff,9F216574B67D3A558335D4880AF13F0007FDE6A4B4D10A9C1FA363D7932B8835,7781750
bagel/train/good/xyz/021.tiff,4AA43B6D7132393837DBE31DB517EE935703A3BE2EFA91AB3AF08E92F0D47D2B,7780226
bagel/train/good/xyz/022.tiff,DDFCB684085592BDE8C7A2F65D849D6A9113E5FAB9918F55BA0C7E3E06A06275,7781088
bagel/train/good/xyz/023.tiff,D9E6A1253F2F3690FAA0FD5659238A33364B49D8DB9BFC2A0D34162B11B5F958,7781580
bagel/train/good/xyz/024.tiff,EF070ECA074548B925698EA03299E612BD0C60ACAEE2EF3700224475E28DC14A,7781122
bagel/train/good/xyz/025.tiff,373A82F8BBDFA89AE74E692F76BA0235BB4D8C5AA69B449CF60B890430F3918D,7779918
bagel/train/good/xyz/026.tiff,5C82937F828BAA308DC743EF8D4684804AEFF310321CADF0E2CBE607E449F0F4,7781798
bagel/train/good/xyz/027.tiff,97E09756104B560D2B0AB22F28FDA7A8F0664057B6463D4F6142A418CDD3D94F,7781452
bagel/train/good/xyz/028.tiff,51E9DC742718EA9B35B5B505BBB753AE85FC56DE2E67228002E57C21B0326F47,7781664
bagel/train/good/xyz/029.tiff,932377CFF09E3DA40FD2FA6708F9114F79EB9FC578E86659B530E50D17238B03,7779910
bagel/train/good/xyz/030.tiff,89855BB612A5D6BB9A4808066C7DD323C37A588F06DD957917779265AF5DEC94,7778534
bagel/train/good/xyz/031.tiff,331C33170E119FCF2E26A91287AA7DA1114E5A986DFFB2E9C50057692147D90B,7778506
bagel/train/good/xyz/032.tiff,8EEE5725941FAD986988F02E9A5AA0DDE48B060AE2BA7C2143452BB3B6EFED6C,7781338
bagel/train/good/xyz/033.tiff,24097FE1EFD40F26BF9553AE98A06D4712ED6AC13183C49FC7F510D61A9B5A9A,7783272
bagel/train/good/xyz/034.tiff,3D8A345778BBF619BAC83000C2913906AAD6FC1E65C78070327802D7F6F9D912,7782022
bagel/train/good/xyz/035.tiff,BC1EC5FAF000727AE7C0E8CBFA562358C6DF48AA33567052B4138B7695B07315,7780370
bagel/train/good/xyz/036.tiff,4CCBC707067A26966DABCC42E60F0977A44AF0BAD3F6C240D80DBE77C919377E,7780864
bagel/train/good/xyz/037.tiff,CAB244ACFC026E221FDA2FAFD0E3E4F2039493D1F2181147D3A474783C4AB744,7781120
bagel/train/good/xyz/038.tiff,9EC0F6068FEBF8672BA4A16B8D0EABAE3AA834CADE681FB19548845AA40A0C21,7777584
bagel/train/good/xyz/039.tiff,77DF297405EBF592861DBF86A8D1897DE3DC58EA6CC3B9810EEECF2A180D9C7D,7778440
bagel/train/good/xyz/040.tiff,EE8FA58AEC26AE2F94FC0584268B4533748D143DB28D6D8EA1734EEC59D6037A,7779064
bagel/train/good/xyz/041.tiff,B490655983C66A636AA5FA87F19D8263D8E7279949CDCE1BB567C317D4E57ECC,7780266
bagel/train/good/xyz/042.tiff,12FC4075974BFD93B47E900FE5362C7830976D9AAA997CE101E476427D281E59,7778604
bagel/train/good/xyz/043.tiff,9037DCB3C078501FFF0AB534EFD81E980ACC9F9838E7AB10DB4FEA8D528F8012,7782186
bagel/train/good/xyz/044.tiff,213F65A9A35A3CAA2496F2E56820C15CECD1826305273665DDB1700F16B19236,7780064
bagel/train/good/xyz/045.tiff,74C971BD57D9F0C312A66F60F840884F3A21E46B7AECCD9D556BB62617D5BB9B,7780294
bagel/train/good/xyz/046.tiff,DC435240AFCCE1569EF054A4B9D7439DEEED2A2987C0CBAE00015F664648204A,7780654
bagel/train/good/xyz/047.tiff,19175B1BC148F45EE3EA967C361A2D98DF4BE1CB62F6219C197AFBC9B89C5DBF,7784282
bagel/train/good/xyz/048.tiff,E8360FE2E28D89BE05038EFF7523F203317D4062AB56F82D1C1CDCA888DE0ECB,7784216
bagel/train/good/xyz/049.tiff,74C039164B6776EE149B2A502572AA5DC3760A4C7DE4280D05420EF51AAEA96B,7779320
bagel/train/good/xyz/050.tiff,2FD77BD9F1E36E249CD0E3DCF1D410EC28AB0D480F5EB09F56F7B5E4FAA741FA,7779652
bagel/train/good/xyz/051.tiff,9C6D572A8F2E6D605F3C12F68926CC3C10D0F34252F7060A588029323913624F,7780352
bagel/train/good/xyz/052.tiff,6E3E299D407F27D1B0B0755DF4BAA74122A9098B786CDEF2459B4E21CEA99236,7779984
bagel/train/good/xyz/053.tiff,D0D64B0E06E0A8E13737A4B0E33E0AC1042BC1785F7F49B9881763B93AE65FBF,7779158
bagel/train/good/xyz/054.tiff,6DFB1E6184C344E9DB879F9928BFA338AF9A5242F629194B96DF964FC1E51963,7780404
bagel/train/good/xyz/055.tiff,90AEDC60BDCE77D6734BC8206F464276E408FCB8FFEA4AB9A08527C5B8589D0B,7781196
bagel/train/good/xyz/056.tiff,2878622795F0774AE30B4D1280D61F51D0E89B96131A14C1BA70F318AC1B5A64,7781854
bagel/train/good/xyz/057.tiff,8A138CB1E542B4BA8AFE1281573B4732B77A7AD9DBD0D79A2F35539AC65FEF33,7781760
bagel/train/good/xyz/058.tiff,F8495F8A2CD144131E6E58BC4C0445541E68AFA87DB515B3E71A8BB93B75FCAD,7780496
bagel/train/good/xyz/059.tiff,3C465EB961F4B88CD17C6C6E7FAD91A149F620245FCAADEEDD7E400336EB561D,7779726
bagel/train/good/xyz/060.tiff,94AE4F5A06418389CECF604AE01060DDF90C6F153718963BC09423EDA9BAA745,7780990
bagel/train/good/xyz/061.tiff,0F8DCD598E9F76AB78CB4588FC6879178CE15CB98A6404E580356AE5CAC5D25E,7783096
bagel/train/good/xyz/062.tiff,166FCE67355A12E02A9F7C39F36D7AC22FBBFE50DA040418EF7037AA1F19049C,7783222
bagel/train/good/xyz/063.tiff,6215C77053531BECD366AC71F44BBF0F7B257DF7FEC2407E107D53FABDE27F71,7784218
bagel/train/good/xyz/064.tiff,6743713FCF26D08FEF5BDD51629E999E39910DAB40E88942584D7B81E7BC24FE,7779422
bagel/train/good/xyz/065.tiff,AD1639A9D2A42972743D79BF66EFD60DA086CC9EE38A53654FF80B4674F260AF,7780208
bagel/train/good/xyz/066.tiff,4F7B025015F7598FC169B7FF3CC4213B29EBDE479491AA034743558F2AF622B8,7784034
bagel/train/good/xyz/067.tiff,A28E4BB77BB9F30811047A69E68ECF85E3FC5E14462429A67E50011AB47BE9CC,7781930
bagel/train/good/xyz/068.tiff,FBC818D68DDB386B84CD2C966001912E9A33A9844180ECEFBA14648483CDF0EB,7783322
bagel/train/good/xyz/069.tiff,6A34D228185397E5288BAE021A2FFE04EFBC3101A81671AC1DD80B01281CB273,7779358
bagel/train/good/xyz/070.tiff,8F5FE80859A60E6471BADD7AEB9ED40D235F852657E5C37CBF89C23586F67541,7780956
bagel/train/good/xyz/071.tiff,A0496F91BA2F6AE6BAE0D9DD17A9AD6EE9150467DD11CF1DBE4303E2E9A943BC,7782218
bagel/train/good/xyz/072.tiff,58ABCAE73C07FFA7E2C08A41943094A27D4BDF0258F9E00515C8AE7622B0BFA1,7779522
bagel/train/good/xyz/073.tiff,21E29F0AF612EE4FCCACF6C1D48F214B44FD7DF2BD02693EA24285C094E7507D,7779096
bagel/train/good/xyz/074.tiff,5912B694312D90B71B568B006091C168925E8A6C55F2CA225205743765E669E0,7779394
bagel/train/good/xyz/075.tiff,4688742F7D77434293F9D94A791E7A08966B3A7FAE93A2C9703355F93038B7E8,7778348
bagel/train/good/xyz/076.tiff,6E300B6A9648971659939A4E9612D90AC8EC08EAE38AAFD7DA0A4A8998317A1A,7778454
bagel/train/good/xyz/077.tiff,93A18601EA689C5F0B6F0FCBB34936D12E8CF8D4D192B9AE14AADA4E66467EF0,7778930
bagel/train/good/xyz/078.tiff,9D4C8D2FD7C46CB5109061991377E2744F8D9C49CF825AE614D274C1C2C14D8E,7780594
bagel/train/good/xyz/079.tiff,FBF51AB21B6EDEFC9A94E856445082D46021DF1E71CFA955F6F3889DF91AE304,7779070
bagel/train/good/xyz/080.tiff,0AF5E4D7985BB4CF2B763AB1AB4893AFE96CE0E9FC300E8F31BF16AE352416D3,7780044
bagel/train/good/xyz/081.tiff,645B9E9FDA67A7029AD93202151448C26C058A3D8CE0FB7AFA4E75585B4C07C4,7777190
bagel/train/good/xyz/082.tiff,2474A1E4579DFC7F31F350CE67C6EE2FA45597D3A6C7685F53A3E966CF2E8D2F,7777922
bagel/train/good/xyz/083.tiff,8B826464EBCE3ED75D80DC40747DBE8F4664857CF66401400FBE64621ED0436B,7782846
bagel/train/good/xyz/084.tiff,B5A3B8731CF4559EED93D1BE01BDDD965BC08FA72CD3356CFD5D9746F7F0B43F,7781576
bagel/train/good/xyz/085.tiff,1AA9B098F3438BB1D10A183303FE2754A52FFE3F06C0746B18539C63F4EC4CC7,7779224
bagel/train/good/xyz/086.tiff,58E2A342B185B3BF8105C0729BBD5E82D9A0053A9F766A9C6CCD7A88A3C04D8B,7780222
bagel/train/good/xyz/087.tiff,E171BBBB9A07E47B59EE3F5E26F607E4E611DB572A5DC72B4B7BAE745BDBF6A7,7779698
bagel/train/good/xyz/088.tiff,88DD7B8661BDCD6479FC36086C247724845BDCF41EAA01B654DAFDC6A23911D6,7780916
bagel/train/good/xyz/089.tiff,C01E9B8E0C531F3A03A6AEA2919ADE7357E1AD96F40C5057105D9F655C2F13FA,7782162
bagel/train/good/xyz/090.tiff,B20C8FE7899280DB41263BB867D673A663ED407E294930FF4C4E89E769628BA8,7781874
bagel/train/good/xyz/091.tiff,2A684C9E55DBAA69C88D2863D5C94BC579CC636458160C0F0FD2C461D66F5EF7,7782452
bagel/train/good/xyz/092.tiff,07BF7679493AC020617495378D93F135385DFF4AD2842468DCD38B0D107D434F,7782420
bagel/train/good/xyz/093.tiff,020CA6223EB98146C2FED5704405732819071399BC16360B2BBA7D0A8ABD1655,7782950
bagel/train/good/xyz/094.tiff,141D19C6238AE2BD62611FDDE7DDD4F95E8B6EBB4A10A9C27E2B2C7BE34F8978,7779848
bagel/train/good/xyz/095.tiff,241859A66C7F015D6FCD5691A4ED1AC4293C7896DB493B21905E52F3BFADCA1B,7778876
bagel/train/good/xyz/096.tiff,57CDE1F0BA6D9C5808BC28E4BBF155E738E554CF663F4464A30C91F01F047699,7779680
bagel/train/good/xyz/097.tiff,F6E6696B4822F04B08262529C3BFDC89222D17942737DE1C6E63D75AE456549D,7780212
bagel/train/good/xyz/098.tiff,6950E5E50BDB69A7E993B22ED3BA79B4C6E389207B8BB2783624171BB6EF0DED,7780756
bagel/train/good/xyz/099.tiff,0FDC7A3B55B474CE5F9114AC22C6D45FA6EE2D86244E0506F3F2843BFDDB6B1A,7779618
bagel/train/good/xyz/100.tiff,A49579909C546FCDEC6A59A2738787F1717AE3391DA8F52FF9B916032F02073D,7786116
bagel/train/good/xyz/101.tiff,2F511B857FC78E333151B48F576245E5B715CE5076700B7C71F3C65997C9643F,7784912
bagel/train/good/xyz/102.tiff,93836D5AACE51901A7C046EA640EC464CF7D35966199AD18B6DE4F18C155B458,7787666
bagel/train/good/xyz/103.tiff,153EFA7FB506C1FAB63C490942937E13678E2AAD4E704A143600E20DD7CF8858,7784142
bagel/train/good/xyz/104.tiff,5B641D80DF0C0E9EC116041C0D02FB7DE6BA84C1519BF8BF15CA63B0350087BC,7784788
bagel/train/good/xyz/105.tiff,02BAD64A6D543DE6353EE7B67DD59626267F7383074832E395E942C1034F4D6C,7786816
bagel/train/good/xyz/106.tiff,8F6804B990184326A7708887ECD5BE1BBDC5A1156439B8B8AC63B36DB46C2CAB,7786606
bagel/train/good/xyz/107.tiff,CE418A913840CA2588FA9583A2EFC54DB42ED4D6745ACF7B262900D6DA16322B,7787188
bagel/train/good/xyz/108.tiff,D64638BB78C9EC27A32CF0B27649AFC78E2EC7FABF3A6956B55939EC2D72E375,7786556
bagel/train/good/xyz/109.tiff,E1023D432100BFCECB6C620BA3F5236BCA925553DE64A82DF858310FA92B2383,7785548
bagel/train/good/xyz/110.tiff,060360243538CE135D7E496AA45E97E130137C8AD3665287670A736B1859866B,7786092
bagel/train/good/xyz/111.tiff,70C922D98D6B698C82731941C85593D2067B6B3E8C1FEE31215B259CCB52FD8C,7787136
bagel/train/good/xyz/112.tiff,2DA8C6FE1590F8C448D1C858934689828475AAA4E6A2084B48AAEE4C25E07168,7785480
bagel/train/good/xyz/113.tiff,6C43D1B5C8684347F8460BD6F1043FFF8F6C810CE04AEC2D32D80835E01C2EAA,7784858
bagel/train/good/xyz/114.tiff,259787EBB5945DB6D39EBB4A7E85C5891C18C185A2EC895B72C2683C3ED75563,7784364
bagel/train/good/xyz/115.tiff,8EF6BF9AB703707488DDB59AA817426D888627C4D8B76B62187D9EC47B3B2A39,7784228
bagel/train/good/xyz/116.tiff,8FEFC4C2732AC395D6541A2B13E6EADE50AC00A6EA9AF39CC154CE7AC26280F1,7784042
bagel/train/good/xyz/117.tiff,C117662257F09A1B72B1F66061AD08FEE5E50DC87F97057A6BB36EF7BDC6F7B8,7784358
bagel/train/good/xyz/118.tiff,CA6744B76DBDA1AB52417BF711CCFA81EC4E1BD353AFC654BDFCA35E31BD167D,7784112
bagel/train/good/xyz/119.tiff,791913A54BBABA3668269AFAB4B5716F2FA4D21A67DD9556FFC539EA8FA7F8D5,7783466
bagel/train/good/xyz/120.tiff,B19F2DCB65B1045A6FAFA35D42687D1A2E2C51B4ACDA098C782B7366D389CCD4,7785184
bagel/train/good/xyz/121.tiff,AABDB7874ED17B1157B3F158A7437B259514F82BD29B222C03A2B4D467E72B65,7785822
bagel/train/good/xyz/122.tiff,4068DF7AA5088B3ED761A19628DC828D1B5348D0922EF53A389DA9AEAE767FB6,7784920
bagel/train/good/xyz/123.tiff,5D80EB3A922BB2BCDB16AA5565F66A330FF8C6131409F546A0DA45232638821B,7785310
bagel/train/good/xyz/124.tiff,84200118CF8F315054A1ACE7E17065354DFF6D4B4DD5A21CD2FE7F84AA9CE816,7784040
bagel/train/good/xyz/125.tiff,95D12F94B8E8610DF07763D8385C4D4F63DB801F961EA367BFBD1FEBAB222E1E,7784444
bagel/train/good/xyz/126.tiff,B2096142C95FC61924CBEBA6877D3A5D33B085E1A8D4D81AE452380BAF3DD38E,7789304
bagel/train/good/xyz/127.tiff,B9FE1D38BDFE226846B05EA44091AFFCAF502F87673263CFA2822968381FC178,7790054
bagel/train/good/xyz/128.tiff,1E20D26F11E48DBA292E0BC11B8E7D92A4CB8CDBEB89476F788DE9FDDAEF57BE,7790660
bagel/train/good/xyz/129.tiff,25E1BE780E4F739CF9FB25519DD46DF2354553125C1D05F258E40E2241752E1A,7781754
bagel/train/good/xyz/130.tiff,AC2958F163810DB88C4CB623D03820A8D500C2F22150F52D4091FC96B267512D,7782010
bagel/train/good/xyz/131.tiff,952ED604AA4746D7B4A27F66A684BDF9E51F435234A13C53B4ACB42345EC0D8E,7780668
bagel/train/good/xyz/132.tiff,F3E9BD1A7383F18D3A6E6A15E4B1CE2898F27D4AF28385BF0486E33834792F7B,7783528
bagel/train/good/xyz/133.tiff,AE1ED51E061894E24103A733391FD996874BA5B277748950C2AEFB5B37464254,7784458
bagel/train/good/xyz/134.tiff,EDC64497FB370204D78D3DC912237BC0802D0C90802EBB5CF44C7E513112AB44,7783566
bagel/train/good/xyz/135.tiff,40DD9BB0BD3EC0A4641EECD3ECE8375F81BD6DC21B8E67CE3D6312712ABD1AA4,7789122
bagel/train/good/xyz/136.tiff,25E674319B419A3AAA9AA128C838EF15F009F7AE2A850727ADE3F62DB3CFD51E,7787296
bagel/train/good/xyz/137.tiff,D7A997E6432171D2502F39E13188C3D7B229CB5E69DED170549F4A9A07703A3B,7787010
bagel/train/good/xyz/138.tiff,B46B2F92CCD7FC3C9A3A5F508CE1F2ACC5C4F4C1091899FCA8A9F8DD3027D712,7783122
bagel/train/good/xyz/139.tiff,22C501CF4A46E9EB088BF6231650A156B7962406B7C5ED2BE65A9921851CBF98,7782996
bagel/train/good/xyz/140.tiff,11E8A433EB2070CCE702E4BBDEAACA50046001C4DBA09B43DFFC8EF0FA94171C,7783120
bagel/train/good/xyz/141.tiff,9B7E16382A1D58DF26E47EAD4695CAAFAC7DFA0A44C3A45A00454649EBD49ACC,7782014
bagel/train/good/xyz/142.tiff,15222B60329DC43BCE559B0293FFAE838CF2CF66303FA6F085035C24DFE0DA06,7780470
bagel/train/good/xyz/143.tiff,ECCE90B53960F37949269C1E53D284F42754ED5FABCEC7353B2ADEC984666C11,7780252
bagel/train/good/xyz/144.tiff,D6DE0F45574C2888E47DCBF5A2A903CADDD17AC70B87A0D79139C4203063BF9B,7782994
bagel/train/good/xyz/145.tiff,AB307A6A47CADE4D600CEE91024116A2F4DA192E8C68BF415596F2348DE1C155,7783410
bagel/train/good/xyz/146.tiff,9D39D8D3194286CAE63A87C6C2E74F8B2727922527B64B6D849EC1395974428E,7785934
bagel/train/good/xyz/147.tiff,4396B2C304453EA31C153983BD91A5FA0A5EFD0850733559354B7E635385DC31,7786258
bagel/train/good/xyz/148.tiff,9EC0530CC14DA4B92280CF4EE112DF485B02738C72CE7218E3C9E964A2B0E27F,7785912
bagel/train/good/xyz/149.tiff,39AE38FC86172E092C1BB09D5CCA6C7ECBF41CE76B926C0D1FADA8BFB44813CF,7783612
bagel/train/good/xyz/150.tiff,DDF4D66310C2ABA2A5262A1FB953E4260D1A208106D2BEDFF3FE2077B39BD996,7782966
bagel/train/good/xyz/151.tiff,3298A72CB41D501E48ED327671DCE9DC34618FCFBD69057BD32902017DD0A20C,7783740
bagel/train/good/xyz/152.tiff,3EAE0CD045B16D3E4A3AE2F646A2CC3F976EE0D717E4C492A735F93CD1F9EAC7,7781628
bagel/train/good/xyz/153.tiff,0E31EE689637BA5D652F4689669624DBE04F4B285D707A76C1D7B23326411834,7783006
bagel/train/good/xyz/154.tiff,7EA9B6418C97285E8DD55289432B1B4CA36EE23318C9BAFA24DB9673C5F87E02,7782484
bagel/train/good/xyz/155.tiff,6F6A059548A5DE0A6DFE479A80F4620D195CBBCD2EC3E93B3E9D1B853D2B7824,7780162
bagel/train/good/xyz/156.tiff,973FFBE0C2C8B91D29CAFE58B55482A04FAD93EC40FC9DFE9B45A09DFD329936,7782400
bagel/train/good/xyz/157.tiff,E00C6669362585867F528446ED073C34167D56EAFF3CDDBE69CB067C01795C18,7781086
bagel/train/good/xyz/158.tiff,EEE58A2CE00CF09D13F705DED689E8CD7A519A7420B768935F5C17456C070B47,7782724
bagel/train/good/xyz/159.tiff,7C35989F77C4DCB39BC053C4141AFC4FBD7938567077C18F0E05A3F21DCB3ECD,7784584
bagel/train/good/xyz/160.tiff,F8718693DD6B3E3C0782607863C3CD68F9AB966E0D913495E53ECA7E501A2383,7783154
bagel/train/good/xyz/161.tiff,43CE306D12C27251EE4CD11AB66C33B68A7582CB4E628D9D2609E999C8F849CE,7785774
bagel/train/good/xyz/162.tiff,AD4735F75E7B33EB2B06A8BCFA2AE959F72857A6094611FF367F056054F23929,7785680
bagel/train/good/xyz/163.tiff,C176FC189A75A713159B1CF3FE86142418F1A7BA4B51C883A6C7D82150198FDB,7785756
bagel/train/good/xyz/164.tiff,EDF5C3B30036A023623D0201F5BBBEA328876D009C82F4AE441289A040E9DC2F,7783374
bagel/train/good/xyz/165.tiff,063B88276C18E8F151B3CB2339E24EC03F90F58CA845C05582D46E517546336A,7783178
bagel/train/good/xyz/166.tiff,08F8ADB19757EEF2D344F50E3BEFEBE84903E1C7F3416EC02122BD67D56518BE,7781386
bagel/train/good/xyz/167.tiff,3DCE999C194C3003E38D8D2A8DAA79C11AE2E12597EF8E55FF50E29DF23FFD2F,7787486
bagel/train/good/xyz/168.tiff,EDD8435B3FEBE2C375DD6518B75F86AE6AD97A005F880DCEE57DB83B93A0086B,7785250
bagel/train/good/xyz/169.tiff,B130619BD2BC7D66A162BB63FB9A25D31CBE637D4A5D79F672C87399C391CBA6,7785020
bagel/train/good/xyz/170.tiff,DA884B6B9D8C5816E1DCC19AB5BF74117DE0B02B47F4A1857303D59CFC6560CB,7784412
bagel/train/good/xyz/171.tiff,4DB24369268F5F2A0CA2518937D74DD07AB7B5F151C3C8C04B59A99979CCBAFB,7784312
bagel/train/good/xyz/172.tiff,6B31C60CD2F8D979BB034F796F512CE8D6B493694E014630B1D44C545D4AB4F4,7784098
bagel/train/good/xyz/173.tiff,E6D455602024EB5BD08E9BAEA729E5ECB4C4AB18F0D8128A09D761B41D821423,7785284
bagel/train/good/xyz/174.tiff,4F7E20FD54F7C9ED8F1A0311AD73344A34025FF817FFF729F712961371510739,7786452
bagel/train/good/xyz/175.tiff,CE28A0489D3A702920122DB80A0FD14CCE3C1439E19488526F30796A833289FC,7786450
bagel/train/good/xyz/176.tiff,BA736A910A0FE769CF7A7F7BC5F479AFBF1C2FC7CB5872C093267CC8AD8F0F87,7787150
bagel/train/good/xyz/177.tiff,FDF8DB7BB704957ACF75D45FD3131E2148E3E0C51485081104615E046D71A6DD,7785576
bagel/train/good/xyz/178.tiff,F876BDD3BEE520D8E7FA96F38FC07A8222E5D4C756B0660F1FC7B1F38D8E3CC9,7784312
bagel/train/good/xyz/179.tiff,E9665A97D2772A219A3952D73B74FF3348B8185800179D9C129E36D7D04FB0BD,7784202
bagel/train/good/xyz/180.tiff,02759BED0547C87662383C49830E340703FF8FCA8C423033551C2E0C088CD186,7784070
bagel/train/good/xyz/181.tiff,554ED4A7B66DF5E0E058D6A5D96F06BE555A6886DCE7F1DE83071E0580CFE59A,7785868
bagel/train/good/xyz/182.tiff,CF1939129CD246BFBBEA1A01C33340EA888E1014B2EB8A39AEBAE7D9EAA7C770,7788032
bagel/train/good/xyz/183.tiff,3243F9B365C88CA89A9E5B97EFB36E2FA3508843BCFCE5D7BCF4DFCC90B27B6F,7787166
bagel/train/good/xyz/184.tiff,4F81D0F0BBB450B9284C39B9C4D5BD2C7A8708CE1091959B0DC22B70BCD61830,7785704
bagel/train/good/xyz/185.tiff,DF878640C39619BC397198E7ECD486CEA2E26F39D3AFFD9875D6951E2A3D28F8,7785458
bagel/train/good/xyz/186.tiff,196FC79971E293BCFD79E63E06A68B7EB1C4DAD247A8C290356D6DB7EFC32AB4,7786146
bagel/train/good/xyz/187.tiff,BAFDE86E21A5A352C004AAB353F07FAC327BBBED3E323BB664BD142F3DA6DFAF,7788022
bagel/train/good/xyz/188.tiff,27532E537BF0C4A33E439740EE1257A0B5B553067D2E9005F8EE8F261CE17BEF,7787340
bagel/train/good/xyz/189.tiff,1605FFE78318FC48CBD8B20A981282FD4FF465AA90B9AC35592103057CCAF481,7787964
bagel/train/good/xyz/190.tiff,EF0A9D2433DEDCC18150099D279FCC0CACF47AD93F39AA733E21915EDEF448F3,7786058
bagel/train/good/xyz/191.tiff,6AA4DB7B79A0C37840A916776BCAC7C3337BA7777A70D98C9C4E884EA8A54DA6,7786244
bagel/train/good/xyz/192.tiff,86C614D0AC5E76A91602E5BED3A36ADAF49C1BB67821540A781FA6A73EAB6BF2,7785004
bagel/train/good/xyz/193.tiff,829F29A4D7021BDD5D164315462D31EE7F1B9DBFFD9A109DC4A8542D3F231E8C,7786474
bagel/train/good/xyz/194.tiff,350B16826CE7CEF5BC30CFF8B066D6365F241FEBB87C55C3C26560575E298854,7785768
bagel/train/good/xyz/195.tiff,A02F7354FEAADFA7999F8A5136D10BA9AC6FF093CA9ABF44A8D715A9C1B0208B,7785970
bagel/train/good/xyz/196.tiff,DE026201E4C83CB797178AFA3C8E4A0660DD40D95BC04878CFD0018D2A247DE1,7787108
bagel/train/good/xyz/197.tiff,3BEFC30A714F0F53118E1F25C3D397B907D11DCA7FFEBCD8CF2034BEBB3826FA,7786562
bagel/train/good/xyz/198.tiff,02DA7CA3270A109FF4860B6F089046B8119A772E83754C97DF824464678A9523,7787998
bagel/train/good/xyz/199.tiff,0E8E12B56F5009B1025B9A21CE2ED655286BA99EDC1F50B3A27D19924523A3E4,7787480
bagel/train/good/xyz/200.tiff,072319CAE91C5A6D72B25BB50758BD8327D8E21701B4E72EDD2D4A549668EAC9,7787512
bagel/train/good/xyz/201.tiff,EDE88BAC5E4572F0EF065071147E3852F9619825742DD6D40327B10FDADBE232,7785430
bagel/train/good/xyz/202.tiff,70EEA9A6D5D151D6854BB9549D9784476384983E8315B5CE0B141BB9995B1EA9,7786426
bagel/train/good/xyz/203.tiff,B790BD659158E7B89D9AAB78382685A2B0613FE1C206D91895A15394CFD43A12,7786582
bagel/train/good/xyz/204.tiff,34D75DBCD611AE9A3BA9CEB49DDB6FCDD4B57BAE4E2210450D9F9AE1B9BF60B0,7786900
bagel/train/good/xyz/205.tiff,ECBE2AB56508913E9506A36AAD50DB2C715C81007B89C3AA3C22AEAAFDB2189D,7785100
bagel/train/good/xyz/206.tiff,2984F07124D2C4D687E25B23ADED3811F99C69BBEC02663E02D5A3F2D3BBCD8D,7785488
bagel/train/good/xyz/207.tiff,5EF0E136FCDAB199B923FF63173DFA3681FC092C4B76E7C39E24105FB2E9870C,7786768
bagel/train/good/xyz/208.tiff,039694A8CA81266A6B59F3E416C41A2CA686F5D2B5FD563074E5BA12FDC284E3,7783552
bagel/train/good/xyz/209.tiff,0DDA097EA5398F069BE75FE9360A022200FB7DE7D2BBB4AE95C4C39E6B905B5F,7783792
bagel/train/good/xyz/210.tiff,C0E1DFD8FDA7DA146AD9B64252254A144B1E6F30D2F6603D0DC54F5C90E746ED,7783146
bagel/train/good/xyz/211.tiff,0BB5F78B56369A0212F725EB0B0C50225848C9BA047100ABBBF3209E4E6440C2,7786618
bagel/train/good/xyz/212.tiff,423CEE018A1E089112B4DCCA1F19966F5460456F5ED7D0910FCBA4771AFD14EF,7785816
bagel/train/good/xyz/213.tiff,95084C0AD4A09AE889CB409EFDA5A70D0C9890FB1941390A2F95989F784A40BB,7787084
bagel/train/good/xyz/214.tiff,EE53A5E2397374E96C9ABB02B0037699CA98ACDE7F7C707C1840F5221B2064DE,7785760
bagel/train/good/xyz/215.tiff,4FD6F020BC747F2E018330B04FDBEAFECDF13B71455BCBA4945FEC1E7343FBF7,7785782
bagel/train/good/xyz/216.tiff,EC5F531D7B346A4A0CDE845811295A85346F5964CFC07017B9FD38D9D38C401D,7786132
bagel/train/good/xyz/217.tiff,8F7238E7A168C38F4291BE7B9010836B9C97EEE37AB41B68A2293713C82741E3,7787278
bagel/train/good/xyz/218.tiff,F2251EB18D3893C0FB7B324351008F06114AE9C782C880BBB44414C52EDA2B3E,7786460
bagel/train/good/xyz/219.tiff,657C248ABE739C96063B3F74FF6E11D356CF389EC8F841DD8F6054600A683CE1,7785672
bagel/train/good/xyz/220.tiff,BEC4B6408456210B6E1A40632507791344F23579A6004FE6BEF4A09084553606,7786224
bagel/train/good/xyz/221.tiff,33E59744AF3355440B0BA17721E4A0D6AEA7F938DF35C4FA10857A63912DBC24,7784702
bagel/train/good/xyz/222.tiff,115BF00F9E43E2E9CF0D393925D62443C2404C682A192B6846F2332298FA3284,7784488
bagel/train/good/xyz/223.tiff,F8D4285C4823437F7A6534214C4B87D9561856652949FD70CEAD97DFB6C82E9F,7784728
bagel/train/good/xyz/224.tiff,D9FA2B662292B467F88A7EAF48A66C9E36D58DD356E07F63E86D24A8DAA12306,7783200
bagel/train/good/xyz/225.tiff,36CFBC08C40F6719945F5454FF5F57BB9EF169DC5DB80C6B843C6C81294F43E9,7787162
bagel/train/good/xyz/226.tiff,815A970CEFE4A4737B6C342ADB002ADD922B94F227FA61A29EC1BCEDCA5C6193,7785984
bagel/train/good/xyz/227.tiff,EFD1F0613A7E46FEA460DB3A53D6DEC50C4BA186AD4CCF7471915566B1D5297E,7786226
bagel/train/good/xyz/228.tiff,D33277FA232013EC90647672E67B661F8D3CF4954D41D74CA2246F1409F4F494,7785834
bagel/train/good/xyz/229.tiff,30C090E9F9D5BAE02439CF1F307D5BE549EE6E331F9CE0ADE06696332C490B79,7788272
bagel/train/good/xyz/230.tiff,4C5818B90C21FCBCD2F46FA2193986FDF27924FDF127DFBCD17068757DF7D92E,7788560
bagel/train/good/xyz/231.tiff,1C332278EF43EB9931218BFC95CC723618FF278563FCEE5486E3A5CB2FF76F46,7788810
bagel/train/good/xyz/232.tiff,24468D024357D9E249A430E24187D51B8025CEBB46F777029ACCB76EA1F21DC4,7789746
bagel/train/good/xyz/233.tiff,E2FAD3B60034F0A4F116747073A729F5813F72A2E7EAC3907D21A845284714E0,7786982
bagel/train/good/xyz/234.tiff,DC9134FB4DA831F9910BA8EE50379EAC5CA16063BBB9368C5C42E18CE2759929,7786946
bagel/train/good/xyz/235.tiff,C60EBD8CCABACD42D76ACF0F4E527E46B2D76B45C81538DCC737F7F6355A340F,7787496
bagel/train/good/xyz/236.tiff,E04D61B1979422272CE9979C1CECFC8FAAEF1BE3DF89999C31C5D112A1A9AA0B,7788628
bagel/train/good/xyz/237.tiff,3155A03B686BE420FC0E6BBBA903CC0F212DBB421CFFAA8B2B4522D036037A08,7783820
bagel/train/good/xyz/238.tiff,081D301D835C04375599E9BAA9DB8C1AC1C4C09EB09945B900A825BF0E601792,7783610
bagel/train/good/xyz/239.tiff,CF7DE82684460B2F46E59F20CD091422BE673CEE99680C0E4327CE3D90B0A1D8,7783128
bagel/train/good/xyz/240.tiff,55B8064BEEE5F85C65638EA21BF84C135B8C0C668A2BB292D9F9D7AE2E0521C6,7787266
bagel/train/good/xyz/241.tiff,4C4916367C7BDF6ABACE26AE86604850BB91FBC9C6D8CA55D9281066931C6D22,7787238
bagel/train/good/xyz/242.tiff,67B56620A8B4B97BEE51092574901C6B1A7DE1CF15B52DAD8CCAB740F19A3CA3,7787420
bagel/train/good/xyz/243.tiff,107E869CFB5ABF10FD4B2DBE2BF701E062A522E235551E4F4D04D2E57104105B,7787760
bagel/validation/good/rgb/000.png,EF30C8B5F55F0DDBD0FCDE341372029CD787D8BB0B7676F8AF4B7583B8E115EC,825869
bagel/validation/good/rgb/001.png,FF62DB7EEE3887784BD81B93DC42701D7F46A0930079991A48E968344E9D8AE2,801632
bagel/validation/good/rgb/002.png,181DEDE94F910A8E32C73CDDF9746A1B7FF5B7A50816D0313F6602DF2BF864C2,801077
bagel/validation/good/rgb/003.png,034F44613295C9651E276881F78B24212569EEEA78F9B448923D7321BDBE6AE9,805200
bagel/validation/good/rgb/004.png,B8C40767429AB7424ADD3718A7B3E4CE7F3E854AF835BF0D49E365DB944DA602,807419
bagel/validation/good/rgb/005.png,F57FE49805AD4E59E3ADF834AD4F4AEAC1DDABC16D246582ABD90BCFF5967063,822692
bagel/validation/good/rgb/006.png,F3CF42A6B73E48319AC7DA9607ACF5EC86F4451CED5638C4C7F7FFABF8CE8EF3,809952
bagel/validation/good/rgb/007.png,2A6DDBAA738CD95313E6C7439D871F077FC2CCD252E7EFD8E8B6F33C3C071057,818416
bagel/validation/good/rgb/008.png,C16A2F2FA310F2285388675F1389525A947EBA8DB365971546B3A214B9A8D2BD,810745
bagel/validation/good/rgb/009.png,8AC8737D444C95ACAD22BCD88CF65E5FED481D45E854363AD2F059EA26E3D908,816578
bagel/validation/good/rgb/010.png,3DBA5AC1B3DE7218EF63368BBA8E162901C396C42818F4E723A68F7262AB42F0,822262
bagel/validation/good/rgb/011.png,B743ED3E263EFB397586409D0DD3B387117B6DCBA24CF4FC496935C0425A5124,828260
bagel/validation/good/rgb/012.png,345C65CD81EE82CE938F8322881FF5E2F89E148CE807E1C011E01666DA9B6033,816757
bagel/validation/good/rgb/013.png,B4DC14CD21D404E2EDD1B6B8CECD28D89D1F87F5E0E8E39286D22A3955FA7FDB,829707
bagel/validation/good/rgb/014.png,628441E50CF05AD7882C092D02B3D2A717D2A211DCA2A11ACDCB6A4A32C359D3,822842
bagel/validation/good/rgb/015.png,62AB975B2DABDEE033867188E583AF939225FCB909FF19296F52C792BE925272,816040
bagel/validation/good/rgb/016.png,2EA6FE615DC7EFD2E5A6B6571FB3FE505D9410CFA51891D41772ED21FA67FEDF,816975
bagel/validation/good/rgb/017.png,4DF97425B0D520A7B718B05C1D663A43682ADF8035D234D04CC1548A3AC12DBA,828893
bagel/validation/good/rgb/018.png,7CB0C92813B59BA0E748F4C2AF4E2D88137411B77C2D92BACA6A8E342AFC5502,808313
bagel/validation/good/rgb/019.png,4AEAD6963AA7363E984C6F4D8DFCF9C19A217B10EA0FC221642C456C328522D2,815691
bagel/validation/good/rgb/020.png,CE6BE054F8FB0EE64ECF73182E07B740A3B3A1715D39F0ED2D7C052BCD3C859E,828826
bagel/validation/good/rgb/021.png,3984A23C89676C78CC62EE352FB303598360E64FACBD3CFA1A56853EF3BB8843,827879
bagel/validation/good/xyz/000.tiff,DD314F09145994D0F1A24D43673FDA70C61F5062FF6796C930FC7FC048D6D709,7790330
bagel/validation/good/xyz/001.tiff,D137C837DDA35EA0FAE01EEB3DC6B33E416440E0E2A9A977A9B240155A35B6C4,7788550
bagel/validation/good/xyz/002.tiff,0F49A68C3BC85C2481D246C41479BA487F8258C7F5CBD081AEAFF8542BDFBE05,7787134
bagel/validation/good/xyz/003.tiff,767681230EE51A510912BACCC237610CC403CE14FF645E312B79E5164BC2918E,7790272
bagel/validation/good/xyz/004.tiff,55BDECFA2D6587BA9E56C076CC8C2C8E3CB318BA8AA9201300831852786B5925,7785816
bagel/validation/good/xyz/005.tiff,CD426A3D8931BA10B837DB3A9C04BDC015A99C241B4FC47AF25ED0EA6FC3DF79,7785486
bagel/validation/good/xyz/006.tiff,A96838528A3A737BD8934A64C710ADF8FC8C280DCF8894B1A4EA4205D61E16FC,7786906
bagel/validation/good/xyz/007.tiff,DB57D50C15C4BC6C7EFB934981901DDFD1E6E11E523326B0C64C0EEB92A70096,7787638
bagel/validation/good/xyz/008.tiff,265E8C3A25D7BC16E1A3ED2627DF0CCF08688F53173E96E87D99CE7B4B2C0F2E,7789788
bagel/validation/good/xyz/009.tiff,841998DFC7C025D1181D13694BC9181F801388B3E7CB42BBC71B72BC4DD8D175,7788892
bagel/validation/good/xyz/010.tiff,3D4335417B84AEBDFEBC4EB2913C89FA2D49812F12DF14FEDE91CB930C060713,7786822
bagel/validation/good/xyz/011.tiff,AD637E86184E0D63A21113F497434FA8D11D567D24C6D3F9714CC31F27FBC4A1,7786156
bagel/validation/good/xyz/012.tiff,6664D57F2E35556D5D3B3C7D8435FAC032C07734C6FDE75ABB79C22507B19A6B,7787234
bagel/validation/good/xyz/013.tiff,2F3C27292301825D44BBC3683F8F9A65DB3B96A490F55FB874873E2DC83CEB99,7788440
bagel/validation/good/xyz/014.tiff,49CC800F144266D81BC764927BFEB71D88ED1B20514F32B837C32E18B177DBDC,7789376
bagel/validation/good/xyz/015.tiff,CAD3091E85AEB3E987B230B27EBBC6D2F02B9D824A30E7A8B0B26EDF1A9DFD7C,7790212
bagel/validation/good/xyz/016.tiff,EC32E898E3D327D843BBA5A9E262DD63F0A731965B87C25B29FAAC360E3181FB,7788334
bagel/validation/good/xyz/017.tiff,281FCFE0A1E95F1577FA668808F6640A112452CB948001AC140EBC5FE30E2EE8,7787832
bagel/validation/good/xyz/018.tiff,D727DF2062DB272E9B17EF8E82BBE1667166A0CF79EF0D5E91CFD5A89383839B,7788608
bagel/validation/good/xyz/019.tiff,D6D0F4A472BB6BD8B52FE787E96045F21BBA0200891A1AA6FBA017CE60AE9074,7788332
bagel/validation/good/xyz/020.tiff,E5385765B08B594230B696CFDBF5F81555B455BC056F65FADBF614831337E1EF,7787112
bagel/validation/good/xyz/021.tiff,B5EF5BC6232D4964F248246CBD5C2DB28E546C09889A6EECDF83375C6B437F2D,7786618
cable_gland/calibration/camera_parameters.json,D31D2908CCDCDD5B415E8EA1784541712DED2E82216E874DD3BC252D7737732B,201
cable_gland/class_ids.json,EB670B9A7DC369ED33E58ABB6B82109FFED6182E5D88D63ACAE84552F30B6CDB,86
cable_gland/license.txt,221519EB7AF2A395DA4474E7E136BCD4E0848D8ABBF346ACB2FB0B6D6BD2277E,20880
cable_gland/readme.txt,CAF14511A62020E45ADF34A0CEB679E220CD688B3734CA495D71A97D561F508A,982
cable_gland/test/bent/gt/000.png,C9AA1CB677E0D127213395AA4617881A4205B09BF3A98A09AF7F329B3F95CCC4,449
cable_gland/test/bent/gt/001.png,3AC102BF5BD9FF1F2EBBC7884D38E3064821CFF46CE4AB5D515E9661BA3E4250,588
cable_gland/test/bent/gt/002.png,317B16D55526F85C4E88056C6902A30933557E29ACD69AE9F4C207EAE3964FB2,449
cable_gland/test/bent/gt/003.png,683A47F0940453D918881C7E4A9E6ED687DB0899665DE3E42F9FF42AFB2EB81D,528
cable_gland/test/bent/gt/004.png,479873C0B80E1382F6EC4C8FD1A0B0975F174E883F2DC95ACD830AD8DC7A6389,501
cable_gland/test/bent/gt/005.png,4C3BAE88D0534C10617306232D09C92C6EE8E450DE39AEEC1BE514D30982C67A,549
cable_gland/test/bent/gt/006.png,516E4B9B15D016F264F1542B60F6FE2B1FA2AA8CF39800A12C15C593FFA9B1C6,428
cable_gland/test/bent/gt/007.png,52AAC00A9D2EF0F813A1F20934B57F1A848D3D0A22E026E2693CC1C0A0C4825D,456
cable_gland/test/bent/gt/008.png,BFD320DE775585E3733A60D795FBE79B63F50BEA88F38C45C23DDB9742BA8185,386
cable_gland/test/bent/gt/009.png,735147C511B0FAE0B20F99069116998542491C4B288D159899E8903F6E610FB4,547
cable_gland/test/bent/gt/010.png,C27909D62482792EB8864187375225E50E44F22CC95C7B98E9DB603880C90354,496
cable_gland/test/bent/gt/011.png,B83038246DF8AFBCCFEF978CD55056DB40521018970D6E9AA5950BBBECC5E29B,490
cable_gland/test/bent/gt/012.png,8EAB6C8437D727E6141036C1AF52629CFD7EBBBC4B330376392ED0D9F27303F2,451
cable_gland/test/bent/gt/013.png,C330CC7959EA98AAB4F200677C2EC053C259B40616687DDA8F47C9C15961A300,410
cable_gland/test/bent/gt/014.png,B572D7729F40ECD152739782F79CA61A5E7E7FA39CA6A146F5F7053124DFBD95,564
cable_gland/test/bent/gt/015.png,53A9124AF83A875432B763B901C7CBE2D8FCE21A8ADDF13A01F31015C1A52B1C,514
cable_gland/test/bent/gt/016.png,D8A9F8C270A6BF1B1BE7D8FC7EBA596D1947BADBA6355AC8C8F481A054F949D5,404
cable_gland/test/bent/gt/017.png,6D6E97D8A1A770C645D9868978E4FFDCE1A5A8CAE33196F7AE11E8C20E917171,466
cable_gland/test/bent/gt/018.png,2361CC93DF7BA16187E3E6DED5557DF240FDFAEF7DD9A402DB47D902D41FF174,538
cable_gland/test/bent/gt/019.png,16B170D7E181C584D9D79A655FAF33450A9C4B5A76EDC8FE2E4C15F66956E552,442
cable_gland/test/bent/gt/020.png,8736FC21F2DB8A0B94CD9572B97B6AA6E57DF610FFA9017E2180E2F8E4E78482,352
cable_gland/test/bent/rgb/000.png,7B0AC97D0DDE5688DB3C92D0F5FB1C330B201159775AFCAB587FB91DCD6F33F9,172739
cable_gland/test/bent/rgb/001.png,1FAD553FBCFFA10454F806C371A334C6F8B5AA18894B826D242B549041C99F12,174550
cable_gland/test/bent/rgb/002.png,3424FDCFBB4630EB16B3B9DB8FBC2369AF681F668B8B062C15FD12585606B871,172949
cable_gland/test/bent/rgb/003.png,8B1C04F46BD5F90F0EC0E48D811F317C31084C0A31B9AB43CF95B0D74BC7E72A,173887
cable_gland/test/bent/rgb/004.png,AFAA1A1A8977A5453EDF22EFD4051640A14D33573BEB580A4C7E100F8B946295,176119
cable_gland/test/bent/rgb/005.png,95DBD5C2F1DB706CAAD4680DB245EA4C98D2079B781C450F064F3102CF799814,175816
cable_gland/test/bent/rgb/006.png,11E0BC5584D08AA49C7DB508A3AC0CA5B04F8CFCAABFB768770B5D3DC150AC78,175090
cable_gland/test/bent/rgb/007.png,AD34A0FAC366879439B7E9CFA59E99CF128EBCD43F954BB1E8181FBA2FB78E40,172824
cable_gland/test/bent/rgb/008.png,A136558297947B2F732F89E37924E50982122C3F8D261FDA81F8AAEE609D88BB,173750
cable_gland/test/bent/rgb/009.png,FB0E580086A33F2F96E0F2854132CB83AF22E5546B157DE5BCE9009F31A981BF,174821
cable_gland/test/bent/rgb/010.png,DF0A4A5706177FD1D79C80A2361751457A5861BB86F9B584B62C43BE3F5CF64B,176013
cable_gland/test/bent/rgb/011.png,48D607DCEF667647EE9418CD4BFD6C950D02D380D06D64136EB32419FEDD0A9A,175917
cable_gland/test/bent/rgb/012.png,03D3799C627B46714FEC7259AD5C78E313D9806C7D2059A707139D29D76F6098,174233
cable_gland/test/bent/rgb/013.png,37AD25225A1F05009FDD3D33E077D1D523845DF1381579B9CB5ECA404B5F0E65,170511
cable_gland/test/bent/rgb/014.png,E9F99CFF387D6E17BB2745C818B4C453D88DA67490C705977B83E2FB6DF951FC,172043
cable_gland/test/bent/rgb/015.png,1CFB2A31EFDDFFE05CC4EAD68B7811060AFCCFC982E9C4F471DDEC4557A9B5D4,177698
cable_gland/test/bent/rgb/016.png,CCCE8A1ED6758DA2722C9DB289C217E3B37D9BDB4BA030D69DAB82D35E687936,169671
cable_gland/test/bent/rgb/017.png,490466147406C191963E4C01A5943E02E2CFE1FF4508B437A20C60C9CF4038FB,170889
cable_gland/test/bent/rgb/018.png,310FC6D87307EAE84EFC3FAE03963D61011C023C2CD432E92CB36A64865CA01C,177343
cable_gland/test/bent/rgb/019.png,460413488544E804E3DC012D4246E9579E92D46A9B8649D6E2738EECED31EE21,170881
cable_gland/test/bent/rgb/020.png,03195FE50CB708BA9CEB78D8390DDACB900F11F012158A38800381625945ACF4,170285
cable_gland/test/bent/xyz/000.tiff,7A4EE86FC1C3E6D97ED2FC904E6559B15F028EC279496665038D1C09C6A206F1,1958522
cable_gland/test/bent/xyz/001.tiff,E848277CDB5CC04797C3B1E008C1FE8B6B5C4991A66BD567088A98B892D88870,1958730
cable_gland/test/bent/xyz/002.tiff,1DFB65F1393594A22A4555CBBDFBD60C121A89C82CB7BC9B8842AFAC9156C160,1958488
cable_gland/test/bent/xyz/003.tiff,FD888662FCFE2763FA1046F48EC9D5FCC3CF4B5B397EA019CA95E62985BD1CCA,1959636
cable_gland/test/bent/xyz/004.tiff,66B56616BDA9664809793305C1B710C0CBE118BA08849A7513EE57D34C109EBD,1959312
cable_gland/test/bent/xyz/005.tiff,CB3A9153F9551C12C4FC6B6BCE54088D2CF6CFF1DE03B39F58663C4E1F30F28B,1959230
cable_gland/test/bent/xyz/006.tiff,40CFCD313BB12A74DFAA71700D9722661984FA8760728BAEB44DC42782AB8CDA,1959572
cable_gland/test/bent/xyz/007.tiff,136C4327E6556EE62D548B550465185E3C720799BA012FDD82C6ED516F2CC706,1959456
cable_gland/test/bent/xyz/008.tiff,C5907BF42719674F1E1B669FB1036604A78459A13ADFE367B52953E6999E4840,1959358
cable_gland/test/bent/xyz/009.tiff,34C93721A28044108AEB9AD0C1C6CAD6BF8DB6DFA10FB91427C724F653B3B3BA,1959322
cable_gland/test/bent/xyz/010.tiff,BF46F9170316B8D1D998AC5F0E9F72EDFE2C59DE504581A51849D142E3FD79F1,1959186
cable_gland/test/bent/xyz/011.tiff,825A7D96DB99E765508FFAEC4190AEA7532E7E9DDB671F46D026E9177C559918,1959358
cable_gland/test/bent/xyz/012.tiff,BF2A8A35832B087EEFE5A5A39E60763E355CFC7E286DB0325C10727BFD47B1A7,1959674
cable_gland/test/bent/xyz/013.tiff,0EF3F7321DD5EE011FF82F9DB50334A361FB5C873A825EA86E52D7DA2402278D,1959742
cable_gland/test/bent/xyz/014.tiff,FF0210A0D57D1A8E317C78608B9B08FD3B70911A02B49A9BB27E31EF9082C702,1959542
cable_gland/test/bent/xyz/015.tiff,72843DC2B07A0041A5A842B2E904D661C4EC15A88D3E2FB38F2CC30804B362E5,1959006
cable_gland/test/bent/xyz/016.tiff,BD132F933140095BC17D71CE043B827E5842EEA2BF10DB5497D1433A81E52769,1959630
cable_gland/test/bent/xyz/017.tiff,C7E08F8D1C510C9E141F952CBFD0A930A8C399F712067E0AC0F6A334338F06EE,1958294
cable_gland/test/bent/xyz/018.tiff,56E84A5927070BE45D127F14958C46F6F9BF1550AAE3374853310DBBD123221C,1958900
cable_gland/test/bent/xyz/019.tiff,EDD80C0F09579C4D549CA9EDFC011ACC5C93993D7EEFFA50DF49FC74294E8CD1,1959062
cable_gland/test/bent/xyz/020.tiff,3A1049BDCB8FC0409956AF87787ABBD64DB8F0F9E42DB3EE366D0EEF634A9885,1959784
cable_gland/test/cut/gt/000.png,58A1EE0AB7826866D6A138036413700C86BD0F8BACCF984B2FE8018D6197459F,471
cable_gland/test/cut/gt/001.png,A7BE544D78ADDA19638316AC9DC6ACB4173BB02F01AD73F825945A7317BC523D,706
cable_gland/test/cut/gt/002.png,09709AC4BECE0B2440044FF544470E57A694C2B547D4D027095619EF0633BA83,439
cable_gland/test/cut/gt/003.png,EA604900314DF07137A985C8251060DC0E9557F8332389A9238B379414C4AA23,501
cable_gland/test/cut/gt/004.png,D7488935E2FF72F53292A3413542306D3FB3CCF87DC9EFCD60357925DCA37C1F,454
cable_gland/test/cut/gt/005.png,BC15308085D8C6BC3E42B56237BB39BB513CEBB742F2A566691EE9AE22E59B78,452
cable_gland/test/cut/gt/006.png,08806A276582356A8D9366EFF66395873F98C0C3998326138BA1FE092FF2793D,452
cable_gland/test/cut/gt/007.png,99566B3C056A44DBFC642456408888EEDA275E382756DF1BF76ABEBAF01274E3,536
cable_gland/test/cut/gt/008.png,CF08E3794E53360874BF8114F0A25BCF1857F41EF14AE2A2EFF909E37D4331F5,480
cable_gland/test/cut/gt/009.png,E4BEA095997169B4E61D966A7A4479497399F3B303092551C74AAC983E517705,511
cable_gland/test/cut/gt/010.png,2E0ABFEE77605224A7180AAA11E8D69FB66A81B3A0D87921722319C45AB4E489,662
cable_gland/test/cut/gt/011.png,746A029DDAF82CA871FF81DDB4E1D9909016F3E6424D1EDFB4762BEA9F6DE6C9,492
cable_gland/test/cut/gt/012.png,B7687E325FB7B7CFFD776956DEF7EE658A40FCD0EDBB490981981F581C740036,384
cable_gland/test/cut/gt/013.png,6183D221382D9A37F7793F11E4079FDC726A32F1FE8A01A299F46CF77EC878AD,487
cable_gland/test/cut/gt/014.png,5DF7E3219207332AC4A367D997DB1BE45E03E0E5153BD2107F54F27D078D18FF,406
cable_gland/test/cut/gt/015.png,2C285E59322AEC1448E43BEFA642741FBE781525B386E7501CD8E258327CFAA8,541
cable_gland/test/cut/gt/016.png,187EC95FA09BE0A4BB551E869E17077C07B942FB95AD2B5394C5E252D4E29DD6,507
cable_gland/test/cut/gt/017.png,012D7B4E85469FC99C840189B00C57964D3347F55BACDD3A27C398E762482BB5,475
cable_gland/test/cut/gt/018.png,91CA527DA1413B50A30BA43D74036E411E95BCF65ECE6C81DC2BCE74351BB5D3,510
cable_gland/test/cut/gt/019.png,B6C78DCB83486EDF074DE26CF7D4125346AE56FFF5D4BC07602594C519B06EF8,442
cable_gland/test/cut/gt/020.png,B36C43D4D87E9ED14A0FB1DA9E663606F4F301B1E61FA033B20C06F8888DC9ED,407
cable_gland/test/cut/gt/021.png,3708D71F1D3AC12ACE58432DB72FBD333BCD01DA2771D1786EF46AF386F9521A,504
cable_gland/test/cut/rgb/000.png,64B77A40E5266B1B080CCF6DE8480494A5A178592229298EB5ACCF2BF5632883,173748
cable_gland/test/cut/rgb/001.png,34ED31E8DF1E4795F2104D8339F9730070DF180B3F86A7B7EAC7C0FD4D015A31,177772
cable_gland/test/cut/rgb/002.png,023C4DE46CD9007EDD1CDA2642039DAB9E0A239B3A86D62AF822F8F010B797C7,171569
cable_gland/test/cut/rgb/003.png,816126C64928BCC5D8956A19A2464D3CC5C48401EA037B61E97915D1DC12379C,177416
cable_gland/test/cut/rgb/004.png,BD5388024EE9E6700E72D73E4045A1B41D78F6051DED73FC382A5D06381E3DC1,176836
cable_gland/test/cut/rgb/005.png,95EE7C9BA47FD091817F81B744D8B8F8C5B7386ED505ACB354FA3DC35AD56319,171439
cable_gland/test/cut/rgb/006.png,91EEBF75C042F478624EBB9702F5529693DE0A86965424534DA5DC6B261E5B0B,177397
cable_gland/test/cut/rgb/007.png,1B73C7CF797C393FBDE0E0830B678B9363F9FCA8BC505B90C6A83EE8B0F914AB,169599
cable_gland/test/cut/rgb/008.png,938F10DF361034B226F5E3A6CB4DBEF9336CD121593E5A568D0B66739EC36F2F,175731
cable_gland/test/cut/rgb/009.png,F7066EEF17B9FEF944055703E631AC6A1CEF62A25F71904D2D9CDB0EC596E5C1,170699
cable_gland/test/cut/rgb/010.png,E0184821A677ADB945915735B254B15157BBF2E5EF03E00390F88C13A189116B,170852
cable_gland/test/cut/rgb/011.png,DBF9B0822F8E76CA55BC35CAA2A5465EBB5B5AA085134902E254B7F8E3EEA1AE,174109
cable_gland/test/cut/rgb/012.png,2035B7E1A05BAB49A5A642710E76F5802DC9433BB50E9A3072959ACA83F2844A,172152
cable_gland/test/cut/rgb/013.png,FD347189DEAD36A9D649583560ABD5CE5E25F9A459B675DFA17D9BC1B14CE7CC,177989
cable_gland/test/cut/rgb/014.png,CF173362C8FD5A0E305990F545FD59A523B9551A2587F010F49D1D12728C9475,171561
cable_gland/test/cut/rgb/015.png,869E7DDA9984F3EE1BD17EA2BF79958BF7A755AC4353A939085055BC07093058,169449
cable_gland/test/cut/rgb/016.png,363AAE5883A521E01FE62CAB197AFB8DAA84B62431F59914333B3B66F4DA6DBF,170337
cable_gland/test/cut/rgb/017.png,476FD0AF05B39DA83FF86AEF5562B89465B61A5197B8176320F87CF15CCA3324,169629
cable_gland/test/cut/rgb/018.png,278EC4D999BE154F3441AFC2F9799571838518F5987445DC3942774618A1A3B7,174423
cable_gland/test/cut/rgb/019.png,89497C58A29BC1EC59DD5951D351C9D0A9FC8E332942CAF618280EB3A67277B5,171013
cable_gland/test/cut/rgb/020.png,14FB44CB4F8642E7ECB7C021D302CD3DAE4B6F5E4F3B228A99845B4DD1E7ECFE,172278
cable_gland/test/cut/rgb/021.png,4472D4E487E747EF48DBD00E8250908D8BBB9BC5F4FB603CE955533A76C19A94,170799
cable_gland/test/cut/xyz/000.tiff,0F20D8B10CE2E70B57821400D1DAC25CAE03CAF59CB57FEB16A6E3C23F823102,1957796
cable_gland/test/cut/xyz/001.tiff,1E1B813A7815545EE6D45FA084B9B4F3B771363B8F2E95AFF8C0ADA574ACDAF4,1958018
cable_gland/test/cut/xyz/002.tiff,FDCB9089E1C4A3B17BC90E586CAFE290A9223EFF8BD700142EA8BBFFF74BBFF5,1957714
cable_gland/test/cut/xyz/003.tiff,21AFAC35FD21348CFB92F147AC54EA7923FFD7726A9F953DBCA127132C042F24,1958998
cable_gland/test/cut/xyz/004.tiff,9D539A2C7804307DC22A2191F959EB222B1F54C1C7220DC0AED1A660AEB65D4F,1959210
cable_gland/test/cut/xyz/005.tiff,237A6E0878674A98777E59F87B81C4CAB1C94E8F58BDA9F10A378E0D1CEB24FD,1958532
cable_gland/test/cut/xyz/006.tiff,FF965312E7ED2E51775CDA3755809B8990DCD6E67B2C9FEC78E5170F026341BE,1959246
cable_gland/test/cut/xyz/007.tiff,11D2D5506D6348B47E8D713992C16A49A5C6E50DA32E4BF04DDA8C3C4E6F641D,1959678
cable_gland/test/cut/xyz/008.tiff,68981ED5584D4169593D20DAA4E300FDC0A9909ACCA0904E1BF40CA19A97E597,1958720
cable_gland/test/cut/xyz/009.tiff,ECF02FB82B612AE30330F9ADD6578B0D37E0C4D80F1464C7031442E1EBCB3923,1959826
cable_gland/test/cut/xyz/010.tiff,4361C17A15C4A368E02EFE3300684CEC5CF775AA09D666EBACD352B8DDE9DAA5,1959956
cable_gland/test/cut/xyz/011.tiff,A80CA510D66370A556349D445D4A91D59C7CAE2502ED4D335A97E6E6E4008E69,1959316
cable_gland/test/cut/xyz/012.tiff,575D8A6030AF62C359E2F0ED45312BBB8B5AA00B5C3135BC19CCB63882016987,1959152
cable_gland/test/cut/xyz/013.tiff,995D302B8930615D64CF8832063855E790F3FA31590F42A12CC55AD32D333391,1959354
cable_gland/test/cut/xyz/014.tiff,6D9378F54B8483B60445696DBE045AA37220FB440BA88B8AF5AA1E47927C2B48,1959168
cable_gland/test/cut/xyz/015.tiff,B365F5C2AA486CC8B44AF04824180DE255D3BBE6FACF1AEC41D428BE94A4E03C,1959842
cable_gland/test/cut/xyz/016.tiff,8162EDD78829F55A91C56F9AAF4B270173242C8E8F8A8F88AAF2408320F17EFA,1959572
cable_gland/test/cut/xyz/017.tiff,43D12DDE1AE55FF6757D74F48B383E0F86E10FF81E5355A21F1C7611C999DD38,1958680
cable_gland/test/cut/xyz/018.tiff,692B381C62F30874F29FF459AE0763F41DFB3D46B93C8BDE7184402641710B63,1958878
cable_gland/test/cut/xyz/019.tiff,7DC9953822CCDEC8F0536509ABAD916DB5F4F6442300A2AA046A26D90851300D,1958666
cable_gland/test/cut/xyz/020.tiff,C838AA08848D0F8B13691047C8F3AD80213F6316265CEC4B6539678870612459,1958600
cable_gland/test/cut/xyz/021.tiff,D9E22D725EC90D28FE31F4198C8231C9DCA591788E90E7FC8F36FC231E77FA5C,1958488
cable_gland/test/good/gt/000.png,53DBE9DBCE43717A6F1DB6C53AF1C457E3A52E530E44A4D1C5B89F8332C49F24,291
cable_gland/test/good/gt/001.png,7F322DA34CF695D18F6AE3FC557322FB569EB3C919A04DB134C12AE25F66B0FB,291
cable_gland/test/good/gt/002.png,B3F4A5B40C9DC1C8C01AE71037086240D1E048404B9577D8D0853FEEEB88883D,291
cable_gland/test/good/gt/003.png,CF9158523056E6B2734537E779CFB4833EDE6514BC52FD6DB08151B4EEC1D70D,291
cable_gland/test/good/gt/004.png,CF9158523056E6B2734537E779CFB4833EDE6514BC52FD6DB08151B4EEC1D70D,291
cable_gland/test/good/gt/005.png,949B75909137D95B12C77D8EE4FACD3EDF356DF2047BC34FEC01479937A04263,291
cable_gland/test/good/gt/006.png,949B75909137D95B12C77D8EE4FACD3EDF356DF2047BC34FEC01479937A04263,291
cable_gland/test/good/gt/007.png,949B75909137D95B12C77D8EE4FACD3EDF356DF2047BC34FEC01479937A04263,291
cable_gland/test/good/gt/008.png,A16B7173B161BC02B1B5C09F2507CD47C6F8E9877FC241C42F42D8A0E0DE5D36,291
cable_gland/test/good/gt/009.png,A16B7173B161BC02B1B5C09F2507CD47C6F8E9877FC241C42F42D8A0E0DE5D36,291
cable_gland/test/good/gt/010.png,DA21215F0CDB26966BB57C7380A58B80128194E46D50E56AB4C21ADEB6DE3D28,291
cable_gland/test/good/gt/011.png,DA21215F0CDB26966BB57C7380A58B80128194E46D50E56AB4C21ADEB6DE3D28,291
cable_gland/test/good/gt/012.png,DA21215F0CDB26966BB57C7380A58B80128194E46D50E56AB4C21ADEB6DE3D28,291
cable_gland/test/good/gt/013.png,F4128EE12748FF854E57751AADEB02CBD83B9EECCE26C4F156E013B1056E872A,291
cable_gland/test/good/gt/014.png,F4128EE12748FF854E57751AADEB02CBD83B9EECCE26C4F156E013B1056E872A,291
cable_gland/test/good/gt/015.png,F4128EE12748FF854E57751AADEB02CBD83B9EECCE26C4F156E013B1056E872A,291
cable_gland/test/good/gt/016.png,F56CA8A412881CBB77234BE9D9AFC514444CAF7DA49D28C89F020C5425AFFB10,291
cable_gland/test/good/gt/017.png,F56CA8A412881CBB77234BE9D9AFC514444CAF7DA49D28C89F020C5425AFFB10,291
cable_gland/test/good/gt/018.png,F56CA8A412881CBB77234BE9D9AFC514444CAF7DA49D28C89F020C5425AFFB10,291
cable_gland/test/good/gt/019.png,352E8154EA781CCF66F329B0167F3A76770F18251CC49F3D087849AF93B062F7,291
cable_gland/test/good/gt/020.png,352E8154EA781CCF66F329B0167F3A76770F18251CC49F3D087849AF93B062F7,291
cable_gland/test/good/rgb/000.png,88AED719E6C730586906F5C1B345B5301A9139C6CF09D2E33AEF0C4538B8BB67,185184
cable_gland/test/good/rgb/001.png,EE27951C72DDE182A6D866EAD8D8E3971A842B3C46167B8B0265D942DA32FBD3,186519
cable_gland/test/good/rgb/002.png,A3E9A55F8FA1FAE9D8D62CFA41A79BFB3919A28C4351AC7588C5635608D68538,187584
cable_gland/test/good/rgb/003.png,49AC430A81AA5398AB4F8C1D3EF783E9B7663D0DABD41C893773519540305839,180733
cable_gland/test/good/rgb/004.png,E107735001EA5EB46BCF5642BC6AFE34D1CDC279CE2BDC5254F270C27A9244F4,186817
cable_gland/test/good/rgb/005.png,F5117471ACF0D5BF71B6E5B347494AAFAEA4849355B571E67621999E02144C6F,184116
cable_gland/test/good/rgb/006.png,516D657D570176EEB93CB9711B70691A24ABB969017D51CD7DE8FB7904B14295,185186
cable_gland/test/good/rgb/007.png,BBF4A353EC83F2A6AE1C11E3F9BCAA8175E222D765F7A3FAAE3350FEED1B4272,181029
cable_gland/test/good/rgb/008.png,C26574DB7392ACA9E110017E40B5EF70809E5306352EF1B6602E3E4851FC2E3B,182516
cable_gland/test/good/rgb/009.png,28DAFCED1F81338E7C5E3800536820A01E4F2113351A56FB69998BC0413861E8,183637
cable_gland/test/good/rgb/010.png,B8AFA3092477500FFC0251F6F2F32E936B95AABF6BEEF501CD2B7209C2C860CC,181069
cable_gland/test/good/rgb/011.png,ACED6093A535C340DBFB102F359DC4A12E80255F4F47933490404B18B00BF38E,180116
cable_gland/test/good/rgb/012.png,5E4C3A345C419FF7B73A72431CD64449FA8C0EEBE6D8CCB4579284C3C587DE40,180122
cable_gland/test/good/rgb/013.png,6F4302B0B72287B0D108F00141C5FDC07CDBEE9877F61C481E808522AE117671,185935
cable_gland/test/good/rgb/014.png,8178F31FC5235305EA5DF42BAC7826F03A9C49BC11955447DBA0261695A43C5C,187124
cable_gland/test/good/rgb/015.png,9778D4AEA36224EC7F6CEF569E420FD7252CCF4D4B89AD0BF51808C19C6F73FB,183439
cable_gland/test/good/rgb/016.png,DE9132529214CB01D4AC968180065B465DF0B10C0DA8F7157A53D9F839CB8CC0,182902
cable_gland/test/good/rgb/017.png,774275A1BA48B9779C4FAB9EE3417AED0F41B1FBD536FB08E01F096B925869CF,188783
cable_gland/test/good/rgb/018.png,F1F4BCB676CE0C866E60F51BB7019873E13F716FF4C57A876F07DB89BFD0EEF8,187409
cable_gland/test/good/rgb/019.png,6B4B66F377BF6D69BD0ED854D0E01C960D686ABFFB785291C917741B3927E4F8,182008
cable_gland/test/good/rgb/020.png,74D9CA83889D9F4CD54BBBDEEE76E649D0E1A413016122F06DE9AB3AF0C92493,181035
cable_gland/test/good/xyz/000.tiff,0DAA854EFED22F1886E6D6594D73C7F8DC3AFC80CC3E8FDD33AFD936A3670F92,1960464
cable_gland/test/good/xyz/001.tiff,9979EE039130D56171426E85F47FD373A04467D8E362B0686FFC49AF2A605988,1960436
cable_gland/test/good/xyz/002.tiff,8B18BE3567C05703141D258D7C3B4D180E10C8B3A85F88A4F92BF170245FF1D6,1959732
cable_gland/test/good/xyz/003.tiff,9FE71068C5EBB41DE79B7101563A19EC7FFF375EC2E5D048ADD97E6C004E0293,1960608
cable_gland/test/good/xyz/004.tiff,D88C61A555917C62CA765AC1DC57D93BDEB46179B3FF67032B6D189D50F747BE,1959996
cable_gland/test/good/xyz/005.tiff,B479ED6E61275AD529F43ECAE0E54A926CC64879DED2EC7219460B424BB2F6CE,1960054
cable_gland/test/good/xyz/006.tiff,498DF1BA2BDFFA033E6D88A447D187B53E18F2E170CFCAF0FF64D414B1319BEA,1960528
cable_gland/test/good/xyz/007.tiff,D6D3DAD5E68144226E2DE721E7C008AF6F0BF315B47313A7B01E1C9015FDDA51,1959824
cable_gland/test/good/xyz/008.tiff,AAEEACB4AC97D0816DE4FBC63A731A2CC2B75D757F7EEBF3FC7E4A8EB0188959,1959684
cable_gland/test/good/xyz/009.tiff,3C7BAFD59FE8B0DFE4DA4E159321721C7ED501A34F6D1DA5F394840F7684BB69,1960280
cable_gland/test/good/xyz/010.tiff,7B27243C8154A043D599156CCE2BA82A1323C2E73940C233B700572DD70DF272,1961006
cable_gland/test/good/xyz/011.tiff,F5B53520A8FDBB913CB13B61FE0F1A6491E6C6DCDA49E8F134A0360EFEC91F40,1961154
cable_gland/test/good/xyz/012.tiff,B85481BBA911F53703CE6CB90CBEEB0B7901455ADE6D58D8DFEC411F98512F6B,1959786
cable_gland/test/good/xyz/013.tiff,2AFBA76BABC1B8432843092E1B719F828159D548A7BB17ED7478574927CF9ED1,1960574
cable_gland/test/good/xyz/014.tiff,918AD1668E9C56E871D21A32BE536D73F8D446C799F425F907E8CDB35B7D2BEA,1960306
cable_gland/test/good/xyz/015.tiff,5B45B12D29228276008620AAC356E307DC5B052C19A23A0E817856015C8F6DEB,1960180
cable_gland/test/good/xyz/016.tiff,99EF7CBA26396F55692706E037EB55A1C0C57FD66A5B97C4E5569762BC5C4BB7,1959710
cable_gland/test/good/xyz/017.tiff,52DFA1A59019C3E3E4BDA0CB9CDB31893A494A99CD9A6848621B84C98F7B53DE,1960572
cable_gland/test/good/xyz/018.tiff,31CBE8073F72AD927EDD0DCFA40E484145EEF772B7CF1659C611963E66B16FF6,1960570
cable_gland/test/good/xyz/019.tiff,C56B35A3436A09ABC87C08820C49D46891DED0AB54EFBDF010A68C078BB74B11,1960906
cable_gland/test/good/xyz/020.tiff,568A3A50BEA329CD46C052D8EFF5B2A8689BD84F1ACAFE05714730D6B91657B5,1960922
cable_gland/test/hole/gt/000.png,C9ADE0FD9CA34C2B8FF61FD38BBBEDA536C92512A798A5FDFF96C1B4A101D733,422
cable_gland/test/hole/gt/001.png,AF7BB5050F2DF259529CC80BBA313E72E219BBD5F257B36B33492950017CE1FF,370
cable_gland/test/hole/gt/002.png,BC91B24EAE405FD160CB4EDB10926545F98BED9924A9E66047627076626782F4,365
cable_gland/test/hole/gt/003.png,0E9621186BE7BD9CFC9A7E8D3A4ECD2D18592349FCA3651D1ED510584D4F4090,398
cable_gland/test/hole/gt/004.png,D8B7EBE2941E0A4D82269A8D8A93CDEEE355A38C0ECDFBEC0AAF26A67ECC1834,363
cable_gland/test/hole/gt/005.png,CE6C834D93DF9743A44860CADD529C6685F5027794782641B0BD9B1EB3E87535,368
cable_gland/test/hole/gt/006.png,37A9C2AE88319AEB40398F2B034AFD1ED9BC398F1AF3A722807FD234EEBBE15F,369
cable_gland/test/hole/gt/007.png,693599D696CCE6CE58F52D417CBDCF1196508AA73BFCED1A4CC5873BFED6FD27,353
cable_gland/test/hole/gt/008.png,B6EF37E1658164C3931C2A279EBDBF8651C139F662D0B0726C393BCDDD0D7F3E,410
cable_gland/test/hole/gt/009.png,1338D4F9673CA10E785D1A3B8505A904C5A2F2D379BA3BA1E313EE42728156F7,374
cable_gland/test/hole/gt/010.png,00EED771FC18378A81FD40988B2F77CFD9426CCB8DF1DBD15584F93A77B974B8,368
cable_gland/test/hole/gt/011.png,98740746379F8EA2595DA85EE2E5A1CE38043C7155B6B882DE0ABF7968A0FB74,361
cable_gland/test/hole/gt/012.png,C0F4FBA9ECFD65F6D6695BBB0D5480CE8952EF5F7E79A716870BB3F32BE8A896,397
cable_gland/test/hole/gt/013.png,EF80FDCB175333B4CD1E04F01A1856EB4FE4C65ED9F67E34931C86541A5A6C69,380
cable_gland/test/hole/gt/014.png,AD81542564DB9527A11D39FE51EDFEBC3642F527107911CF06C52E9B0A4E3B2F,374
cable_gland/test/hole/gt/015.png,F22FD809CA5F978980A7935A64F9BD40908C5C8841DC6D44BCC766110E738EB7,438
cable_gland/test/hole/gt/016.png,E435FFD7D28218DDC3344E5DB286FBDD00651942A4C7E2832FB9AE48983931FE,417
cable_gland/test/hole/gt/017.png,17BAF9398771206B0A1FDCDA5232930C9010DDCB6B7250C966619FFE4123EF33,375
cable_gland/test/hole/gt/018.png,9E4F040A59D5D05B1727DC705119DB72E9392E1C5BCA49A687714A4B852B4C51,363
cable_gland/test/hole/gt/019.png,6E5F5540098C28007B787E923FACB1C2F847525287D29BD20EF5AD626547F30C,368
cable_gland/test/hole/gt/020.png,02BF58A739785919643E329D2BDEEE94AF721A2E210731BD6458C6CD0AE9904D,370
cable_gland/test/hole/gt/021.png,5E84930F91974DA132CC8D9DD62B8CFD48F65FD414D3E8FA7BE4EF5F0F4F686C,408
cable_gland/test/hole/rgb/000.png,866665FC73F86AF86B8BD57EB1FCB4F46F29EFFDF208563D86740FEB52677270,175310
cable_gland/test/hole/rgb/001.png,87AB2B6B0DBF33E45935102F85E95FC023C5B660940F79CAE44B1A65F84B6D8F,178480
cable_gland/test/hole/rgb/002.png,9368EE391093C93A748FDB60F6818BFBD685360ED79B123B52CAD6029119C84D,175501
cable_gland/test/hole/rgb/003.png,87474370AB495B8BAC24BE6A5618A1C29D8676AE9DD0F23B15C3C4C1573E6928,176427
cable_gland/test/hole/rgb/004.png,A258214DF3EF877BB5877C7BF1B25808EC0CFDBA9EE5096A08CFA27DA943FAC7,178055
cable_gland/test/hole/rgb/005.png,C532E3A58AF360CCC5A8B818064DC92DC02FD40DA8A66204C3DDD51FF2105833,175346
cable_gland/test/hole/rgb/006.png,ED7E1E0677F3167FD5C4460634CF8747688126707C49B609AF6AB476E87E617E,171100
cable_gland/test/hole/rgb/007.png,A394BA627FAEE0F729AB5280F7DCDFF6CC68E6B3E1A3CEE273E9BC1E9D2395F5,173260
cable_gland/test/hole/rgb/008.png,1C1FDC5977B1FC505AEE2EE06D7F3DD4E65B37814CCC801D6F7059DEBD771177,173783
cable_gland/test/hole/rgb/009.png,4608BDE86AADDCDF5BF2B85FF55A3B0BFC2723D1200885DDDCEC59A0BCF73D84,169741
cable_gland/test/hole/rgb/010.png,9E0C62EAE8B22A98CA2666D734759BC8298D49928F1D99DD670FA7F7619F059C,172838
cable_gland/test/hole/rgb/011.png,360AD8B2B1168A0D87D0538583DA2124937A7645666CD8DB3C9A9659C2304876,170599
cable_gland/test/hole/rgb/012.png,76B948746C69581F0BDA0EACEEE9DD4B68069CCD569590BF2FE192C250F1A7B1,173364
cable_gland/test/hole/rgb/013.png,7DB039AFA898F81151CDBFECB5EFD8924F5E062DF00F44E6C221BEC635AEE6FC,173503
cable_gland/test/hole/rgb/014.png,79988D56C181BA154829A09CE5504851F424BA6E233718784377CEFDDB93B1F1,170310
cable_gland/test/hole/rgb/015.png,E7FB9CB950088DDDBF4C9791D515965F620BD7A6BE9C5D52AD800A782A123E54,170378
cable_gland/test/hole/rgb/016.png,7A9C80963A9FD052EC99C9F401E8D463B528D7DF4145CFC09DF4D6CFBC69ABF1,173909
cable_gland/test/hole/rgb/017.png,13E4AC57A8C0E51042501CBD40BB0BD79977EE41993DFB677F23CA162DFC0D2C,169256
cable_gland/test/hole/rgb/018.png,298D6948243E22BE4FB5A0D5C41F29F14FCCFE0F1B993C18E0E0BAF95A8DC10C,169779
cable_gland/test/hole/rgb/019.png,E3E4CC00F9E75997894BF07A4DF77D72D705FA68F874BE77E433221C882E49C5,168859
cable_gland/test/hole/rgb/020.png,B0692B6D74095A78A4D5A864592EF65E4C4F89BA028F9070D33C121F8BACD9CD,173740
cable_gland/test/hole/rgb/021.png,CC5BE5F7D5B50DA856BFD7482EE9327BFD6277F79F3C6F94AC37B006EED47C07,170765
cable_gland/test/hole/xyz/000.tiff,5AEE6A9385F3E6947F4AC62BCEAB09B4C77761BF0B7C38CD13860E4664845935,1957778
cable_gland/test/hole/xyz/001.tiff,2CD40E99635A14174B539D531139613DD54BB22D2FE06322DA5FECBC8746F18F,1958208
cable_gland/test/hole/xyz/002.tiff,7C299D83352CD6B077CA8CF9944B29CAF382190B0496D766CBC3050F4D151AF4,1957800
cable_gland/test/hole/xyz/003.tiff,C0B09640FD5F85ABDBE7217CA6AA5880C43F07D4D206FDA84DEF0939280174E9,1958726
cable_gland/test/hole/xyz/004.tiff,5ABA2B30B3C51E605844FAEE16017BAB708D70E4F04CB2C8B57CD915EAE04B22,1958796
cable_gland/test/hole/xyz/005.tiff,B42849EADA5B657363278140021C5740E96F6EA673A8A172A665A92A989A2E1E,1959278
cable_gland/test/hole/xyz/006.tiff,766F6CF6C403D3D0E443828FB6C4995CD32493C1F590C7FF85EEDDE27A572CF9,1958612
cable_gland/test/hole/xyz/007.tiff,E52EE97234505CA2360D8F93229906286CE4A777DD462C87F40A3C8C2DC51FD5,1959548
cable_gland/test/hole/xyz/008.tiff,850CA022832B8904EFF4DAEC88CFDFD59CEAD47DF27854057A660254EA55D76D,1959170
cable_gland/test/hole/xyz/009.tiff,753CAAFED648BA43AEE5D25DD3D140034DA24BEF1DA3534D6455AA4BFCBEE938,1959792
cable_gland/test/hole/xyz/010.tiff,936D8D69722268A3A56D84AB20D9850ADF10F40FB5E0F4E58D36E2E4CBDA301A,1958692
cable_gland/test/hole/xyz/011.tiff,6965F7B154E7C9EAEBF16005353E511D732F1D8C92D03D223AF018301141C450,1958898
cable_gland/test/hole/xyz/012.tiff,B3F7D20A41F9A1638A95C679A2271DAF9D2657FB9C6A5E4B816DBC991B94F22D,1959662
cable_gland/test/hole/xyz/013.tiff,DAE33CF9B916AF10DF84D58B44E08ABCB696B261EB5498B74C2933AAF8626169,1959540
cable_gland/test/hole/xyz/014.tiff,C02200AE9C2C3ED640B87E925025B409C6FC0EAA8651C6226D0A50BADBAA8E14,1958618
cable_gland/test/hole/xyz/015.tiff,AA326A6D11E30CEB47E9966BA1B3762985E1BDC0BB7F45C9110602CE3F70E29B,1959198
cable_gland/test/hole/xyz/016.tiff,2EE47E3B2C9BA2B8AF377B847936E1DD2CE2BA44267FDADF0CAC4EECF6B1F517,1959262
cable_gland/test/hole/xyz/017.tiff,711288EFB31E102270871D460DFD08E402A6BBA14A51883BF6C9D1CDDAEBDB3C,1959688
cable_gland/test/hole/xyz/018.tiff,0E0F3973A4C8987EBFB7E3B820733DBB7C746ACC6B8683A74D46481B46C330CF,1958300
cable_gland/test/hole/xyz/019.tiff,CD72A73543D8138E5D9C1E1696487E8ABA3C909A8AB8966D380CEF93FC25B506,1960012
cable_gland/test/hole/xyz/020.tiff,4D5FD4AE78B18BF209113327DE1316DF40CD3F6451E8F643CCF7E6752779DB0D,1959402
cable_gland/test/hole/xyz/021.tiff,7996FAC343D0EEBDC36EC624295A1404799E2DAC2C136A074DA79D46B2A7AE9E,1958724
cable_gland/test/thread/gt/000.png,2C95693FAED72A032F11C7CC4C9F7CC9EEADB1479C7B0907DC3612200EE01E14,463
cable_gland/test/thread/gt/001.png,8B4FA09759711C04704A5D60EFFB1D9A0611A632AC953A155AF740B3B51FB3FA,427
cable_gland/test/thread/gt/002.png,3A9A347D5DE227456530132825A5C8ED52E55243CD5DCAEE8BC1EF263F37E7BB,539
cable_gland/test/thread/gt/003.png,3A246D7257606FC030F8D8D4B2F2E07763CFCDC52F8F751EE7ADCFFCFA15E459,494
cable_gland/test/thread/gt/004.png,3DB6CCD82B137EDA360469799E1678F200A06F0B63BAF16A0AF6299BBE0206E9,562
cable_gland/test/thread/gt/005.png,6AD4A168AB9D062EE4760E36B69126F95D4B2D26AEBB67F25388F0E29928D551,392
cable_gland/test/thread/gt/006.png,373F62CD1E580EB308B75F666CB3A15509A35629C7CD7923477B00FB442B6807,475
cable_gland/test/thread/gt/007.png,0FBFD19FE8EF7B40111060DC429FB9ACD0F1CB50841CD55C19DB77BB13665F7A,433
cable_gland/test/thread/gt/008.png,460DF7970AEC3803A03AF9D028472CFE0CF1347BEDA6376FA8621240754DD2AE,521
cable_gland/test/thread/gt/009.png,2DFE51A8B1E6AE97CBA0B9BE00FD35556A6883AA1DA36D19E7DCC3AC1C81688E,454
cable_gland/test/thread/gt/010.png,5B8AD15F657E2FDAC52D95E24697D83FCD8A2F5FB257563E4014B64F37BBA9CF,446
cable_gland/test/thread/gt/011.png,7133E790BF069FB428C7C5163D35BD1F9E136C2C1F22D9322DBE13F535F60CD1,484
cable_gland/test/thread/gt/012.png,68EAEAE50EF053272A0C916D9591FCC83BE0D26A65D80DC56E41C4D7637C0579,463
cable_gland/test/thread/gt/013.png,B5DBD063026C5D5396905AD8E336B6070BE1B73C025BD4E108516AD9F5DCFE78,540
cable_gland/test/thread/gt/014.png,0831684412BDFD9F9B1D084EACE7A88DA91F34B454C52551F70ADC1D6AEDF782,482
cable_gland/test/thread/gt/015.png,2F7247E7894DE0C24AB8860E0046DF767CCF326FB929EF59C89DD403E3638215,498
cable_gland/test/thread/gt/016.png,ADC0B2B44331E74D75CB5D5D0AE517DFDE92063C0A1B05D12CF8CD3371860624,505
cable_gland/test/thread/gt/017.png,C16A16F1C3D5B64CEAD086315AC929E7CD400AE2FE7DBC4999F909ADAF2AD8A3,464
cable_gland/test/thread/gt/018.png,FB8365FDCE0C93D71881A3FF6A10B6CBAAE617209876C566E7EE2C184A44E41B,442
cable_gland/test/thread/gt/019.png,C6005425267551AC69B490828F70BF24A92DEBAC6C7D9D7C6F52A187C5C627E8,542
cable_gland/test/thread/gt/020.png,F086BF30606E5FB78C5BA621BDC5D39758B04ECC1DEDE2FEEE6EF267F3B1C136,425
cable_gland/test/thread/gt/021.png,60D9E12B75FE6101E2E929CCF25025EFEF5011EA536FC184F419C6EEC88055C4,508
cable_gland/test/thread/rgb/000.png,3C763041FAD85F24DE467ED71562C7D332FC232949E09987E58A280B5DC55312,174345
cable_gland/test/thread/rgb/001.png,3D86E5AB606EF3E786E1BE02EBA9B93B5292D1DD7505570B8F6B0A6587A21B9F,175509
cable_gland/test/thread/rgb/002.png,66EC3624638B0A577D769C3361BD2569BB56ADD406BDF56892D133E347D48EA6,172853
cable_gland/test/thread/rgb/003.png,5CDD5B0C0C1F09E1BCB3581458314077868B42FF16DB8D4F381C3E999B3AB3B6,175592
cable_gland/test/thread/rgb/004.png,31ECF8F4E4D182D92A8BFE5EF63405E014DE05C213F7B1B41CDA5CA5FCD0AF41,176891
cable_gland/test/thread/rgb/005.png,DF320B667071206146C416B85F914341894F6A542473DA5E40832DE1D0ABF223,173044
cable_gland/test/thread/rgb/006.png,68F3FDEF7E05CD6B18602588EDCF8601A0EF144F0B1182F17CC0B8E46191DACF,178097
cable_gland/test/thread/rgb/007.png,AF607A68BB967194959E07F6AB42E61BF44487D9C58D53811986E311C6448BF8,175259
cable_gland/test/thread/rgb/008.png,BE791DE29ACF16D52029DACE85FA284EBCDC49E0385AAC6E71A8A7207DF7E702,172822
cable_gland/test/thread/rgb/009.png,05AC5171CA77E5D2D358CC13A0E26A1AFA3C8CC8A27BE8F1BD7A20A492153CFE,169625
cable_gland/test/thread/rgb/010.png,63A7F15992C499B9016767995A6064FD1377C1EACF45F05024286F569502BDA2,170464
cable_gland/test/thread/rgb/011.png,41471E53973A8C2C33021F2C7B350B1A7DC57140A469657227412AE1A2043F31,170411
cable_gland/test/thread/rgb/012.png,6A73EA82751DDA4C0FAEE792D4B9D7D494D7FBAC685FC48AC0ECA0020716631E,172375
cable_gland/test/thread/rgb/013.png,B9EEED3329A1C022AB1D6DC8FCF72CB1B8BEB388AA94A9C7DE604689064049EB,174984
cable_gland/test/thread/rgb/014.png,03086AAAD02E7B5EAC9073BEE8CE93B10E60EE0FB303DF63CDC6BD870522D432,170093
cable_gland/test/thread/rgb/015.png,8E8F2388C305AF5084F897FF6E13A5D15F124E536306D90551D1F9678993ED9C,178209
cable_gland/test/thread/rgb/016.png,7E0D4D8E2CAD5E922D85AC1D3C1DF78E0E81A7900D582E86DF43A19716CDFDC4,171210
cable_gland/test/thread/rgb/017.png,10B59D5815BDDF846A25370774144C57393FE5C5A4EF014C50D33614D2D7E7A9,171196
cable_gland/test/thread/rgb/018.png,B000FC88D43BF1B97E92A289B9CC0678F3E8CEAE1FC645490C5B634F6A2F46F9,170845
cable_gland/test/thread/rgb/019.png,2AE0F2CD04C53FB1B5ABAD7E2B8F0F8948EBADFD2F781731AA3845CACA65369E,170372
cable_gland/test/thread/rgb/020.png,F7E825E11AD5E292FA11268B6CCDF00338586514BFDF6E78CB3999DF366CB89B,170378
cable_gland/test/thread/rgb/021.png,46D258CB95309F57AE4DD29B72E16C8E289865DC8FA08FF48A7EFD85BB58D59D,174442
cable_gland/test/thread/xyz/000.tiff,DCC1554D9CE3B576841FDC6AA0FBEBA0696258E9C97F756D09B71E7DC37B480C,1958536
cable_gland/test/thread/xyz/001.tiff,CDB2875165B88195113B2A4417B86C950950EAD4886084FE5E077B373CFA0B58,1958550
cable_gland/test/thread/xyz/002.tiff,91A47E8444DD330C1E1325509E135D23072A3996F4ABF41CD66D90D38FEE7100,1958962
cable_gland/test/thread/xyz/003.tiff,ED33C612BA8C9AD1F07D08558B41984BA303B7F015A2BE23E95E25338D03112A,1959208
cable_gland/test/thread/xyz/004.tiff,28738FA3A8CD4B1BB7F33AAB0FE231C7DC21470371F5AA8816F3E32DE24F722F,1959570
cable_gland/test/thread/xyz/005.tiff,C91B152E97A100052F49E2270E4E4EDD6A866FC779F2D740B411CFACC8840487,1959524
cable_gland/test/thread/xyz/006.tiff,69C693857B68B55C64D9B42398BB892DA55DD920A2FE572EB3A388A2A80930AB,1959446
cable_gland/test/thread/xyz/007.tiff,D6F1E3FCE3C58C848D79762E485C6A02CEC48104C1388B2929AC55E81386AF1F,1959170
cable_gland/test/thread/xyz/008.tiff,5DDC262CC99969AAC771AE0BB2EADE6DEFDDEBBAF9452A9D91906F99D9A70E01,1959458
cable_gland/test/thread/xyz/009.tiff,1E6092299B6DC0B206B1E0F354074884889830283D167B0F0A8174CF3B77938C,1959932
cable_gland/test/thread/xyz/010.tiff,2A1C1E3AAD694EFC9F0CDAE7EF82F87685F8E7FDD01B7E219042FE32F2B4CA48,1959820
cable_gland/test/thread/xyz/011.tiff,8A1F55D3B7E7E22A8256B2B21199A4A7B08A6F2615B5CF9503ABB3B58D61BDB4,1959706
cable_gland/test/thread/xyz/012.tiff,284EE26151A18DBF0CBA34C15A16F3D14F5098303EB0D0209CFCE39417FC74E8,1959054
cable_gland/test/thread/xyz/013.tiff,DC0559D34335CF02ADCD69AC6026D8D0F4A2B8B5E653AAD84F23A672FD439E0C,1959314
cable_gland/test/thread/xyz/014.tiff,0B287921F02D93B90CCC212D6A66A616A4E89771FB4C8D48202D76EED240F55F,1958940
cable_gland/test/thread/xyz/015.tiff,D1042254DDB22F71F9ABA361D478106B7737938781FC5BAB15AE5920C9C7274B,1958942
cable_gland/test/thread/xyz/016.tiff,24657F5AEDC134AFB58AAAD286CCB4E9B188D3CFBB25F3D5D615F467B167B219,1958524
cable_gland/test/thread/xyz/017.tiff,0A1E1F2364E0EB40701A23E941DAB88379C12FB83F949994BD5ABEA57B14EF86,1959254
cable_gland/test/thread/xyz/018.tiff,A0E316557143AE51FD8E80A22619BA8BCE79F67893B60238A38171EA630C2D13,1959820
cable_gland/test/thread/xyz/019.tiff,E7C076E9E60397D9F6D34EF6138FA9A29F5133946E90C76D97A85B42C13D5C30,1959614
cable_gland/test/thread/xyz/020.tiff,4F608DC2CCA8F08A4D99096CEA225F74079CE8C51A7E3C64AFA1FA7EBF93509E,1959136
cable_gland/test/thread/xyz/021.tiff,81C85EA90C36C8E95A6209728AB492BCBDC4A60667D60B93E1664323AAC740EB,1959344
cable_gland/train/good/rgb/000.png,A7EECE3D45C0B6D16ED810C9C3EF506B578912448228EDE96947A1C83FB5FD6E,196416
cable_gland/train/good/rgb/001.png,1FBCF02D548C8EBDCF137C69AB27C7D27D61EE233A837D3CEB43D300F51F812F,194834
cable_gland/train/good/rgb/002.png,2D63BD8BFD938E4A14ACBA05B8F0DFD70AEF823C599FD4194DF0D21025663E8E,191855
cable_gland/train/good/rgb/003.png,28C696864CD3B0E273A78FF7022FA149E6EF42BF3552DF1BC1415FAB019E4F5D,190211
cable_gland/train/good/rgb/004.png,AD107690040E1538286225C35F20DB18A88C1982F216579FFF3AFBAE07775EBE,198130
cable_gland/train/good/rgb/005.png,B6C26C4C1D73F498987C1F8982B6B5FC263C5CB53AE357F8AFC67586466691D4,196285
cable_gland/train/good/rgb/006.png,A2167148B20321C08B2546917C30F96A4497D9E7D8867356D0B07FADDD9AEEFD,193481
cable_gland/train/good/rgb/007.png,4FC00C88AF2664C5CE90144208764C6B91A4F9ABB8DFFBABC81E7AC2BB118020,191552
cable_gland/train/good/rgb/008.png,F632E623FCCDA39F5ADC63C582144982147F52E8C3C672604812035B0C27D36B,194779
cable_gland/train/good/rgb/009.png,6B26C71C61A469C31A89BD969433C00E68EDB10394F9E927B2CD491B6CBF0852,194822
cable_gland/train/good/rgb/010.png,2B43E9A992251D534B59A8036327485BEF74A01116B3FAFDFF54745F68ADF8DD,198451
cable_gland/train/good/rgb/011.png,94AE7739093F1C97FD7A35B69A157490E0159E5EC5D76753F9F7ED708AFBD25D,190092
cable_gland/train/good/rgb/012.png,70CDA7305E66B432572EA8E649C51B1C0A08FD085905AAC049BAFB294EB4536B,190983
cable_gland/train/good/rgb/013.png,485B013E86E7726426D1B5B00CF8EB8417ABB59D00AABA9B886BA4CB2FDA2A43,191272
cable_gland/train/good/rgb/014.png,D7120FB4E25CDA910A0F1549DBD424221D3151F200BC6EF3067A76ED116235E6,199045
cable_gland/train/good/rgb/015.png,7B34C63898BC9B997C8323ABE7C59E870B31B38526C999FCF3BD37B55F95DDE9,191568
cable_gland/train/good/rgb/016.png,7642C2E9222ADFD6B0D1CC1CC379BAD6083A673F9E5985931A4C44ED3E0EEFE0,197539
cable_gland/train/good/rgb/017.png,B626F3436E04561F288CC4BF4CA979FC02317509CD6133A5C75790EF9707D480,193763
cable_gland/train/good/rgb/018.png,AEE8561173BC9F2A21D41CD86BA858852C675F8118B7714FA183477C37120642,197060
cable_gland/train/good/rgb/019.png,08C02893B8350C2D0BD7487EDDA709EA461E8FC02FB57284BC24142FD84FD79D,190670
cable_gland/train/good/rgb/020.png,15567CE58971C9687FBBC283F5A38493D9AD1FFD19B5CAA04CF49ABDC98BE3CF,194907
cable_gland/train/good/rgb/021.png,07A5EAFCAEC259C49E84BB8F0D115EEE175B028C970D5FD5C264D70A5DDF9115,193879
cable_gland/train/good/rgb/022.png,2D5256AF5626323E0B4C3725250ADFDDE9F222004EBA7A99F2B68A5E65321EAB,197761
cable_gland/train/good/rgb/023.png,23DE0CC07F7E0DF47E10F7FAF5E65AB3FA9184170E9AB6C05A98EAC72C728761,189498
cable_gland/train/good/rgb/024.png,6787B0934D0A6A131B10BED87357DFACC49866FE590FA584DFC7250BC92ECCAF,195394
cable_gland/train/good/rgb/025.png,8E1D489680F867D6FF20296A311D04E875540A7EB906EB48BD4DF8702E27F272,194676
cable_gland/train/good/rgb/026.png,90F76756D2352EAE26A5C18EDA7EFA261A7BEB13CC7B9456AFFA9781B4141636,196288
cable_gland/train/good/rgb/027.png,3A3971BD4673355639189618626F877BAC555C71FA529FC74F3BBFBFF20B93D2,190304
cable_gland/train/good/rgb/028.png,7148A6F9BC792F34C2E8221C0773C958732916E2CFE0D7881410308F4C57C15F,195768
cable_gland/train/good/rgb/029.png,C1592C15771E7B6FD5BD243CF0F04D92A3D9C45718462C9484A9C4ACC40793DC,194897
cable_gland/train/good/rgb/030.png,D28F5160B6AB8F4D9993015BAA874E9C3E4FEC616EC2CC1DF8F62F131152CA2E,195884
cable_gland/train/good/rgb/031.png,167E045C5D469C5A305FD0F1DF83ADA95C168AD785618D705CDC789E2495E32B,189480
cable_gland/train/good/rgb/032.png,5A6B4874E5EE3E0233407137B75685DD49D26E2D0FA20D838B7BA216D847A452,192378
cable_gland/train/good/rgb/033.png,F3AAD18E8F1AF17CAF07409C3A0ADE1D4BCD6AE21908ABE9D32B9DAC2417AF5C,195104
cable_gland/train/good/rgb/034.png,7004D153901446BC532D1CDB45C1C459E2E96482850B23F5C7E5CA0B2B2BBC77,198554
cable_gland/train/good/rgb/035.png,BEE7024A0310793F11C68D9390DA217D1D1F2EDA31A46BF500F4AC9502FA218D,188347
cable_gland/train/good/rgb/036.png,EE401C2DE0221D2A34922B19804F978EF59096EA455DBD30D700B05164AD72D0,192804
cable_gland/train/good/rgb/037.png,6C2BCB4D62143AE753E42CAAD686A32F6AF4B395D0BFA1234DA9C7AA3D394EE9,193845
cable_gland/train/good/rgb/038.png,451F81650A9F97D54C291093880C6DB07B54A2F1DBB6C48A7A8EC07359B15A73,197814
cable_gland/train/good/rgb/039.png,00C840CA4A17FCD5317E8EA1E8483980FC498DC1F66A1C091375BFF141FB49BE,189677
cable_gland/train/good/rgb/040.png,A5999230D706651E76D25B537F97D21FAFFF9FA01D247292E67B11DF41DC8AC6,198175
cable_gland/train/good/rgb/041.png,24C7B3DCFFE7673E062E983713D9926DC5FAF573FD71B78482662237E871448E,194435
cable_gland/train/good/rgb/042.png,3CF19AF761AC209A76D9156EF4B808CBE80E9E3D8DCCB1817CE37AAA1A145A7C,197859
cable_gland/train/good/rgb/043.png,26369BE7D9E81E6096FEBD419480B34868E0893962EFA4598A0A5BDA2C78C3C3,189473
cable_gland/train/good/rgb/044.png,2F866A2FF8F2D0971C396C357BDA42A9C9DBBDD9ADDAD72282E511762C5CC493,194814
cable_gland/train/good/rgb/045.png,FDA85B282C6658A94D76B1746B4D32C720094358C4B5859460430ECCF2E5E7C7,193345
cable_gland/train/good/rgb/046.png,5F81C2303376958D21DE70C7E8B0D4A1FB07B390A3B2F13075A10C511119DAB7,197785
cable_gland/train/good/rgb/047.png,D2B8ED0F9F4EF8443F522F593BDFC7BC0C0661CFB61381AFD09D6B7096EC8728,189944
cable_gland/train/good/rgb/048.png,28A402320C2F9EA12F7FB28B0E5E8AEB31AF0FC823C46428A635495DA95E07D0,197505
cable_gland/train/good/rgb/049.png,38C26CD180C4B2D1C6B4C30E74F32DD878C6FDC26C957E32C562B4379B060541,193626
cable_gland/train/good/rgb/050.png,E37E4C815A54675538014941CE5F5A8AB5AC674EF76892B2D5186E1FA1CDD3D0,196646
cable_gland/train/good/rgb/051.png,8E68E66EA52D831250A03695C5E70AEB2A5DBB42EB6611E62791927A4B2F24B5,189921
cable_gland/train/good/rgb/052.png,1535A07AD930270D4FC61F350C648CCD5ACAB4A2B54A55EC0CF1BD8584D38232,195960
cable_gland/train/good/rgb/053.png,E461FD32B2485869E98AC8773D0986BD626BEF6B51D2D218BB2B4DE5CCA3EB38,193987
cable_gland/train/good/rgb/054.png,13C30239B40EA6CCE7E70554E14A97D443D361B835553E91ADD1BA89F3BF7349,196994
cable_gland/train/good/rgb/055.png,B90E898D43A509C0DD83A4C53E1F1E26743683EB2B37C78C4A21E9E84FA713A8,189527
cable_gland/train/good/rgb/056.png,39DBE41EBC5BB6DB5CF33721ACF0569B88E4BE0D8207765F5B1437F353F5AAFD,196613
cable_gland/train/good/rgb/057.png,95BC213B8D5B7C2339A57183CFCFD4CA2275F264D3D3CC8A5594F6AB50F52E76,193798
cable_gland/train/good/rgb/058.png,8736724B156285213B3761764D553866A4DD2462AE1B3F21703DFBE7D3C8FC86,190264
cable_gland/train/good/rgb/059.png,485C1D60EDFCFD4B829EF1E0A925AA5625644A63B97E67C5C14C7B92A5FCC439,190471
cable_gland/train/good/rgb/060.png,C61AD411051F593B704EBE039F9DF3E2CCEDBAFE94A3EAED45D96023D32A965B,197191
cable_gland/train/good/rgb/061.png,8EAFE436C3AD077A3062450FB82B0259F7D82373A3254A53356973600AE4AEC1,193731
cable_gland/train/good/rgb/062.png,CB11F269C1027CFA62BD487875FF5B08D00F6061DCE93E6F8E2EB012415A2B2C,196744
cable_gland/train/good/rgb/063.png,AE0D193DDA88311F9AC115A543D5D9F250ABC327EF7D715D8183932C6A560068,189319
cable_gland/train/good/rgb/064.png,5595708EED7A13A8163638B281EEF763D7EC04A58B2BE8CCEC127002AF60AC5D,198084
cable_gland/train/good/rgb/065.png,D73AB7F03824B2ACDAF92814B754F07D64D422532C297C6B07F2BB89940EC665,193923
cable_gland/train/good/rgb/066.png,D3B2F979BBF62F005A5C5B2F1D9D54B66A0DEB3ADAFF3F6AFF861FD8CE278025,192030
cable_gland/train/good/rgb/067.png,074D20AF67525F530E440149AA13847A70A25AC287619E6B36EF0B151EF8E66B,189332
cable_gland/train/good/rgb/068.png,8E9051DBBD71729B532F203516D90E3F69C2ADB293DB4167999A7B75C95E03E3,197921
cable_gland/train/good/rgb/069.png,3B80746094E0D9BC394C5198E5F359CCE21D24A8A309F2EE8D15767C2B50BB4E,194646
cable_gland/train/good/rgb/070.png,FCF429033153B0BFEA65B29ECC39E8B4E0B3C8454B49B06D9DB25C1BC620B0BA,195686
cable_gland/train/good/rgb/071.png,6B62978BED8B040823750EB9226C99BEACA0072596EFFC70E507764465873A70,190850
cable_gland/train/good/rgb/072.png,AF0EE8858C879B0A2946A952BBB930584BB5D97A14271C1619A1FDBD4545DB2A,196128
cable_gland/train/good/rgb/073.png,E52337EB4C4F5F0BE02D14A9CBF6112BB2D5C741E3E00623A647D6D06E122569,192691
cable_gland/train/good/rgb/074.png,FA74CBD19506B3B083BA5C4B3DC99E9313C66B3B93C10BC327430BB99B38AB9E,197046
cable_gland/train/good/rgb/075.png,97AE9A4CF41100894B33E68BE9DB2D665E3B7A2BFA91283FD003CEBA9C8634E7,188890
cable_gland/train/good/rgb/076.png,77A90E852AE3E44A3236DAD48E1B95D734AB9360EAB6795290D00AFE2D35F0E5,196529
cable_gland/train/good/rgb/077.png,3BB252FD0B085348BB0A92DEF2C730E848A674ACC0D0C060536C600112048F56,192938
cable_gland/train/good/rgb/078.png,622346F22A53602444F75CE9E714031E0BCC78AD2059A6809610E79B28CF499B,189794
cable_gland/train/good/rgb/079.png,5842BDF3D39266DB780017D0A2653D3EF7E4AC164099483D885CD6D29BC7EE2D,189787
cable_gland/train/good/rgb/080.png,2EC2DC4CF51063ECA3063D0FEECEC3D2964F6018DF3C2E2ABB6D0353C56CEDEB,188321
cable_gland/train/good/rgb/081.png,3C47900A0FDDF4BE1B65FF140A4F5AF743BB2ED8875827B82FB073A9EFAEACC9,191702
cable_gland/train/good/rgb/082.png,279932C753A5C29ADC0D4F0D841DBEDFF1A15A3D4DB31B78F7E5829412ABC211,191194
cable_gland/train/good/rgb/083.png,868DC660D54A7C5AB16403F68F9D74FB31BD97CDF6497224DAF2538611CA887C,197172
cable_gland/train/good/rgb/084.png,AAF6BCFC23B03A9823DBEC8E90E8A4FCD70037A7D133AC19110EECF6D4849027,191952
cable_gland/train/good/rgb/085.png,9534834E7DE9E1EAC49AA7C3EF95C0C881A99AC9DA7D8836C0229F6521A09C0B,193580
cable_gland/train/good/rgb/086.png,B40884086E35E3EA9AD392D6E0E8E1E5D6D9D1411AFCA284E672F3BE59881063,189533
cable_gland/train/good/rgb/087.png,86F75AE0A0DBD24C8AEAE25C3088E239AFC14735FFB612BDE08254AC60C8973A,189347
cable_gland/train/good/rgb/088.png,1D5A71E46593F6EBDE60AA8C28F4B49D9E100EED516A75F86D176AD50CA3143C,195195
cable_gland/train/good/rgb/089.png,7506E88CD3BBB2BADA662AE74EDA18BD84380C344608CCBF9B7312BDE2BAED22,189394
cable_gland/train/good/rgb/090.png,474671C898B34B43161D3A4876F9708662229922CC90AD620F046F6183B377B4,189261
cable_gland/train/good/rgb/091.png,4E238F8F36D3E548B323E65BB5425C0FCA8133F0228099D69C5AE85DAAFDB93B,196163
cable_gland/train/good/rgb/092.png,983EE2AB5C2C2DC864911F76C45B4570747026E0DADFB9B59D6BD2B9F3552C0A,189110
cable_gland/train/good/rgb/093.png,E50A5C052A3AC46E66F177FFA8409EAB74CF0373AABB35D2B24468FE2CD2E8CA,188492
cable_gland/train/good/rgb/094.png,DC9B54926B94491158D1D05C8911C1D40C9738C82CCF3285CF762E5F2255EF75,188350
cable_gland/train/good/rgb/095.png,61E783721774B3C12902A34A1218D72386A2141CA4F5C27D8D03B079D37CA9DB,194743
cable_gland/train/good/rgb/096.png,3E3A5D49680A411AE613140A75A03ED4E3D5B1A0BB27F0C720E3C887F08FD2D2,193353
cable_gland/train/good/rgb/097.png,3E18690ED698124BE6B8D4A896C5433B81B1E54A97F04E75F429BBB18948DD46,190136
cable_gland/train/good/rgb/098.png,11E4BFF76604E33060F4B40CEADEBF5318D29E1B1BFF959538915EB77CF0AC35,184076
cable_gland/train/good/rgb/099.png,8C42F79752B7ABB434CDED92E074BD2E2806DC6F5C67BEC40D3A28842F739099,183049
cable_gland/train/good/rgb/100.png,7964F3C62E177BC5C2B0B7351C69014F816C8D0F47858DE3CE52F3A64ED7D407,183704
cable_gland/train/good/rgb/101.png,32F409B15F9BFE61EF1E2633A5AEEBD0D77135D0826AE0E8616CFD6378B9CD5C,184789
cable_gland/train/good/rgb/102.png,DDF76A962BE8B82227106E1B99C142E7EFC8D207B7B18650610C18A1E5DB83A1,187979
cable_gland/train/good/rgb/103.png,280D0A554E6A2D5439546ECF90CCFF8C53AC9392D661E53AF2FE9571C00D3CA0,181345
cable_gland/train/good/rgb/104.png,AE7CB25508456F0525FC1F8A4BD037A9355F9DF97A27537A7A4D8F5224C3E381,182930
cable_gland/train/good/rgb/105.png,836762A058D0BFFD1FDBB44B4477F7B30BA1D334E537CCD4F28163B24156146D,186186
cable_gland/train/good/rgb/106.png,B6DBE2219DF77D59870E2CD711856B29D197A59FDE9D59CCE72D8717DE620105,184756
cable_gland/train/good/rgb/107.png,CA23DFF1A3B13CB19994C21CF6706A56E3320A122C0B4951FF5FC72A643E44C4,181422
cable_gland/train/good/rgb/108.png,5C1FF27ECFE001EBD940B8BD55700247D6507874190683C8E760B38A60B5C146,181822
cable_gland/train/good/rgb/109.png,5C3E44EE52959299E26C02011AE57B40EB91E79920FF171B71BDAB412990911C,182580
cable_gland/train/good/rgb/110.png,A2158FA96A380BC91A3E58B118268802DB7816CF96F23E09054DBA975E00D1AD,188650
cable_gland/train/good/rgb/111.png,D1B6D0A61C58367BCA398704DFACDCA2EA1E82574CEA83265D15CABA80A8D234,183974
cable_gland/train/good/rgb/112.png,756EA556609D61D41D502951CC25F19962FDC0E74443010F6785970AE44502B1,183954
cable_gland/train/good/rgb/113.png,50919F770C8406E64F0A484A75C5BA6D075BE4EE01A2E22AA96051505C550453,182361
cable_gland/train/good/rgb/114.png,F38C70DC2081F4A91FB2B65B8557AAFD7A0B5E24C28A5305DE41DC1AED47DEDD,185991
cable_gland/train/good/rgb/115.png,9ECB1F96CC3D194DEE7181677E04FE3AD98160CB2D568BE44D173981B779BAF2,181474
cable_gland/train/good/rgb/116.png,26AAE2F53936E62A4AE1D1BABC3FA15D7BB9D0AEDF4B9D515BBE7107F23EDCA0,183247
cable_gland/train/good/rgb/117.png,391CC4EB6CD7C0F8A5358B90C5AF8A0D34229BF4EE0C33A1A2E4D3CFED4D2365,183315
cable_gland/train/good/rgb/118.png,6DDB7FED8ABCF449F3AA100119C43CA68C32D851267496F8DAF86166A20F4AA5,183827
cable_gland/train/good/rgb/119.png,82A2982146386369F504DE152A1982142C9EC6CACD29AE5F9BBBC18C15E0AB52,186509
cable_gland/train/good/rgb/120.png,332862791AF8ADC09A9511F49B037D99ADF6CF6FE3402F1E2EEE7455FB6A3846,182465
cable_gland/train/good/rgb/121.png,5FA69A80E36B9BEF8D1746106D6063FA4B9BC538CD72297024D2796530983778,187298
cable_gland/train/good/rgb/122.png,A1987D829DAF095CAC1ED5B83830404A93EB93A59801B0A1235DE8D80AE836F3,185019
cable_gland/train/good/rgb/123.png,E017B504C52D305A532E74AD74099F9B433F634FB5E4A5BC1D8C629AFF5F8D76,183276
cable_gland/train/good/rgb/124.png,890B7A2343A99D439E4941AECD61588C89D2BEC39A1E7D55120E2DD4FB76EDBC,183249
cable_gland/train/good/rgb/125.png,AE2D81182E5345307A15737EC5022338F6FF618DBF9064E00242AF312514AEA5,182029
cable_gland/train/good/rgb/126.png,FCF30050704B55E1CBC415033701DF96505B0A7E0B1FC80619BF2D29DAC620A1,189866
cable_gland/train/good/rgb/127.png,ECEA325D9B5EEE86E00F3A618BA21D39B86DA2F4AF18C5B24D0D17EEA53FD46E,185820
cable_gland/train/good/rgb/128.png,5B29057CFB876521AC246A9BF79A0820BDA47D427F89239B9FC00E66A77D0FB6,183189
cable_gland/train/good/rgb/129.png,F60150C4FFC39E54C765CADE22BD6C4AC37AAF51CEC478B7F52767D22C80A05D,188271
cable_gland/train/good/rgb/130.png,F83A05E204C0C5A3CC4E8501CFDA1F265676BF13CCCEB6F6FEEBE342E87C2949,187205
cable_gland/train/good/rgb/131.png,9F08D7B832A91AC5E465096CA16CEC173407D8D79CD62C19DC834874F4CF6F21,187193
cable_gland/train/good/rgb/132.png,935B78F0954BD457DFD92657F48140F18AEB7BB6B1575F2311A24722EE285B8F,183447
cable_gland/train/good/rgb/133.png,272A48027EB6762D9DA4026B2888C850C2CA6A0C622C3DF32585C7C35BF664FE,183036
cable_gland/train/good/rgb/134.png,342B8CB8FA6AA4E9052B5F138F13E14A38424B054D2656DDA0703BA4BFAD841C,187247
cable_gland/train/good/rgb/135.png,9E8DEAC3A06E8F851D580097B2269E8FCFEAA3785877910C253F48ACF7605C5B,184467
cable_gland/train/good/rgb/136.png,AC8415A203A52DA1C94523FD905A934E15705EE2EBDA69F3F2C4E9D3CAD6663E,183152
cable_gland/train/good/rgb/137.png,49A1142463D1FB8C68C1B5E3DE88A4486FB914017313DC1A59C065B1FE9D0741,182414
cable_gland/train/good/rgb/138.png,F3565386E8753585BA5B52F57EFA5C2B672CBA43679C2F4EB167CD62F0DEA8EC,187574
cable_gland/train/good/rgb/139.png,D2C06C8E0F0D908A8EBC09D5F55C6A8758270B1A5DE2267C3ADA0D0E3D810355,183298
cable_gland/train/good/rgb/140.png,F1C85DE6141AFB3DEB06CC2308CE04C3784B165A95FB5D9DA820A176AAED867B,182645
cable_gland/train/good/rgb/141.png,C86865517ADB5953B1BB50D99B830A8F631A405172E0607C62671383D4CA7D01,189187
cable_gland/train/good/rgb/142.png,F581542707EE1E4FF8126AA9B696AD98277DB1940483C8189665169C2E077A11,185917
cable_gland/train/good/rgb/143.png,09D8A1DBE7C8D5F1D875DB479C09DCCDC4987221BADD67744121005A3325A6F4,190403
cable_gland/train/good/rgb/144.png,A7CAE92EF107891327BB0D999175433835ABAD478D60608471EEBC134FE339EF,182637
cable_gland/train/good/rgb/145.png,B707CDDCC06903AF441FCE9F51CF7E51C0E82F697B29F0AE4CB25326CE851AF7,185126
cable_gland/train/good/rgb/146.png,032172F6B992B3D222C8F2089D3B096235EDFE9BB997275FA5FE9DF111465531,182941
cable_gland/train/good/rgb/147.png,3246AB9F9E55F3725CE7A74E536AE04272D4CD6C13DA38814AE60D114C634258,181491
cable_gland/train/good/rgb/148.png,AD8B3E86361A81F2C9EB2881AF8EE12776CED35E45903D101788DCAEF341A88F,188926
cable_gland/train/good/rgb/149.png,B9587DD8C4DE79E9400C7C9417A3FABC98DDD0D19587D205546EE77993C89014,186342
cable_gland/train/good/rgb/150.png,D1D886464A2A3BDF0B6BFA267E5EAEA0BA6981BECAF848341E56FFC44FF65FD6,180268
cable_gland/train/good/rgb/151.png,45E8DF9834F83EACDB50282AA0FF232B0E500567B08044D1C1BA6CC36BDC979F,183687
cable_gland/train/good/rgb/152.png,580A7076E4130BA0D1661D6F736727AC62ECDC5A180FDA96B62B8BA92DD16500,182530
cable_gland/train/good/rgb/153.png,B5D1839FBD0123E7958CDC322A8EC9775004864ECA32F44F9F45F5F432232EC8,185406
cable_gland/train/good/rgb/154.png,8C87D6317C75D24BCA1DBA3866B9379592576EDF57EDB49F3E890190DA1DC0E4,182949
cable_gland/train/good/rgb/155.png,7017B5AE1016CB050F5E31D79F9CDC28C6D315EDF83E05DE019E4FEB6B3BEDB1,180655
cable_gland/train/good/rgb/156.png,5B114C3F4061A183B6017304A44BCDE2F6F802B9A9CC1459ABD5BC7D122478E4,188235
cable_gland/train/good/rgb/157.png,18CF6724CB1D12BAF74C0AFD2BCDCFD936236C30CC39F63198D52645DAA72F68,186380
cable_gland/train/good/rgb/158.png,06802B0B52098655AA08B1E851951F73CD1E9D58DF06344ED7D4178D29D2C99A,186284
cable_gland/train/good/rgb/159.png,D58537400A33F4C7F3A576A6DAB7456D096A68A26A1F618181FB885F471F6807,180390
cable_gland/train/good/rgb/160.png,968DC74C4A314F8BBDC563C1B1D8F4000B725A6A9A87AA51F330F281F5DEBAEC,186750
cable_gland/train/good/rgb/161.png,505820842FDB92CC7EA45B7E9C95DF30C24EE2DD5848718A44EDA8595E6252A0,183641
cable_gland/train/good/rgb/162.png,E1E6310BE2F428C3B308B6CCC576DFABC4D012A753E3A4133688D0ADE39BF86A,188402
cable_gland/train/good/rgb/163.png,5DE2A3C1FF57521740B09977F02F5787FB64395AE47AA5FA942A9B3391CF5285,179822
cable_gland/train/good/rgb/164.png,3BB439EC859FE24E2338F0B11F4AE64FFF19933EB360909B8B68102111008131,185693
cable_gland/train/good/rgb/165.png,D3AA6EE295D5A1E12A58240842C03E33304622EA1B85086005621448194CB457,185445
cable_gland/train/good/rgb/166.png,2CDAD42FD17F365A81F3F8C0C8ECFD05309987547E8D7A4CD018E53351DDB08D,180296
cable_gland/train/good/rgb/167.png,3CEA4BD0B77BCEC49BFA82E6D0E0EA0D99DD1BA7541E1C14CEC8A00647B666C6,181784
cable_gland/train/good/rgb/168.png,A98374CE2854DFFCB73B91D9DAC9FEAE87B9FBC4F8FFCB1646B1CED55D717153,185163
cable_gland/train/good/rgb/169.png,19375D33ACFF2D42326DB48E0F1A2536F9A81E7EED2703601F7648D1639252F0,187557
cable_gland/train/good/rgb/170.png,2977A37BA031E3B3F4B0D748B87A92524EC877CEA2FD412F798F53DC7ABDFDB1,180897
cable_gland/train/good/rgb/171.png,1ACCAB75DED86A4EB43C7E81C474BA55E27CB9F93A9D38056401B2B9C2EEABED,181459
cable_gland/train/good/rgb/172.png,BE9F6E5B256A1538DDCD913963C5EF2DAE38880A5D4BFD5F8E8EE7E53D2737DB,183257
cable_gland/train/good/rgb/173.png,183E17D546AE2A6CCADC02148B85882F379C7CD5D656430140F6F8EBBFDD9C5F,182512
cable_gland/train/good/rgb/174.png,B6B858A7385089DB690FB46D80BB819FD8C82E63A521FB8554D1C9DCF28691C9,181295
cable_gland/train/good/rgb/175.png,6D2B1A2CE52B71CF99D84538EBBAEF7EE6ACD865BC862ABCCE83B5580C03236B,179544
cable_gland/train/good/rgb/176.png,F818996B57DDABF37440551285FE826D1E896BBE6FCFB7C0587CC637CBBD4CEB,182482
cable_gland/train/good/rgb/177.png,D99D8E99FE0AA55E651C7BAC0C760DBDFA0C290D5492F466C3FC26955079C02F,181774
cable_gland/train/good/rgb/178.png,285B42FA90CD0839069701723A2A05B7B14A825BBCF04E0D6E66E0F69A0B1ED3,180750
cable_gland/train/good/rgb/179.png,83C59C0B8CD299435EC7A4BE5C227B95C6A1A9272E02A47FC5FA09456F88DF2F,183780
cable_gland/train/good/rgb/180.png,3C3DF1BA98D93EA1A43543CD06A72DB1C19286D592ED47B61C9586CE6DB2EEA3,183575
cable_gland/train/good/rgb/181.png,1B019E0A40D812C91BE4E5A601D98735D124080E40C2CE0891D21702A67DF661,182856
cable_gland/train/good/rgb/182.png,72316CC2BDFE04CB5A149D9F0BACA5DC7726DEC1654C7D5BC6480B74053D96D1,181120
cable_gland/train/good/rgb/183.png,8237F8BD7363ADCD65C0D63F7B08AFDA4B780D9D02269B957402DD5BCDD60738,189233
cable_gland/train/good/rgb/184.png,2F0AC06B3FD0A9F39F7A944D5B1C047F60AA490695604A14EF70939030B07907,184193
cable_gland/train/good/rgb/185.png,A6F2C421C63DD4877D14A9F037695570CE2305C1AB007A785BFCC69772EA150D,187385
cable_gland/train/good/rgb/186.png,E4952A1EA8A67AD53EAB8A6D2113A9D768839C8B450A0D3A1ABDD16CCA9B5236,180620
cable_gland/train/good/rgb/187.png,16AD6FADE3C3B900D4CA196423B3FA66F683B60F51051A171CFE7D80360E6779,182054
cable_gland/train/good/rgb/188.png,7FA81EE8F13593F211405D60ADB15E46EACF99D10181E86A790087AF62DD131E,185513
cable_gland/train/good/rgb/189.png,2F0D6D6EDC84CAEACBF55D95BEFBC5A930EA386EC0B6E290A2C53799340621F6,187530
cable_gland/train/good/rgb/190.png,8B5F7187C3939F25131932DA409B8D806F2E6937FA8D2DA0F8399451FFCF1A32,180676
cable_gland/train/good/rgb/191.png,097C3F213824D61E87994BEE3CCA6A4C915572111DB05AFFE791D11404AF612C,180369
cable_gland/train/good/rgb/192.png,87F773994D64CEA232953B23CB23B1BB6DB85CD6D4FDF2F278F52FE34F034E9D,184634
cable_gland/train/good/rgb/193.png,1509739A4D009F8C88830E5C0A9261A70A5BD50E0E23BCA47AAFC780C4495FD5,179806
cable_gland/train/good/rgb/194.png,85D79CE1754D8C63DCD6072A2667E8CC0249ECFE14BE0A23001F071EFE6745B3,180270
cable_gland/train/good/rgb/195.png,3FEB67089038582E65F07FC1825759CEEBD22B72C7E14D87E85A3093EE097A6D,182803
cable_gland/train/good/rgb/196.png,34808FA62C23F07D6F4F945C309CC1E9124F03F04837DFD973635733DD742E84,184958
cable_gland/train/good/rgb/197.png,239292840793D123FB024BBB6D888C09E74DB966D672D66FBC0903329D693591,188988
cable_gland/train/good/rgb/198.png,C6DA99CCCC5320B3ACD582568357CB879356192D564B6B2E240175C0562F3C5D,180028
cable_gland/train/good/rgb/199.png,B6C026A7E0199D5DCF6B4FC3683DDD36B050308B49D78BD89842065B4EABF32C,179780
cable_gland/train/good/rgb/200.png,C1AB405D4E41F25A2B6D8486B0487D86D9E1403E9E51873EF78805E75E1317C7,182623
cable_gland/train/good/rgb/201.png,7EC203EA984085E42189935E72BAA8BACB36620F2520CE7214FB18F565B0AA3F,179177
cable_gland/train/good/rgb/202.png,219F42D9D3435C20EF6C5494884D03A5E6D02E217334CA3797483214FFC44814,180502
cable_gland/train/good/rgb/203.png,23DAC600923BA9CB4601DCFB65463C52766E6E72B21342B19C12F41BDA09F80C,186502
cable_gland/train/good/rgb/204.png,425F6E411B1266708E05C60A9EB48AC2BC2C17FD3DECB45B13558CD9623378E1,183488
cable_gland/train/good/rgb/205.png,B9B4A5499DA4A33351D80B961B7C789FEC47654321CE5224E9495DB8CFAEB145,180424
cable_gland/train/good/rgb/206.png,C38A33B78B611CB44D3F4808FF65CD94A820155983FEA1B5FE1B05E075472EC4,180090
cable_gland/train/good/rgb/207.png,220B4E288877AA4F363C7F99053134571F3059E4F3D9DCC47644931A12EC98E7,182450
cable_gland/train/good/rgb/208.png,6C69386F0855BDC878C302BE78D109B034E201A1A5DF0DF210BCA79E81838DEA,181972
cable_gland/train/good/rgb/209.png,7E46BDD1A055F523AAE1C4CAC0AEBA9FCEB043A35F59B129ACD5E4FC704B8B1E,180061
cable_gland/train/good/rgb/210.png,12161E12005ADD0DE9DB936F06144348CE26ED1EA2CBBDD826815B06B2EAAD1A,186740
cable_gland/train/good/rgb/211.png,B0A910136FE8086E807D69028C10F0BE2355A8BC74164915BEB7A6C737AE247B,185606
cable_gland/train/good/rgb/212.png,8C475C1848BDFDCE201989C43306283B949DC9C83D3CE1DA991993A21F635CD3,187175
cable_gland/train/good/rgb/213.png,61C19CDA815DD2A960349AF5FCA0DF9F454375743C7458B43AC0F5ED9CD93728,179125
cable_gland/train/good/rgb/214.png,0E2DBB829694BF6143866FF03DB0A70B799302473525E319C40A7EB2CC665E9C,185191
cable_gland/train/good/rgb/215.png,C718B45A0843A567B8B9B2C8F0D39387DB6619362103AB3E47F5BA43B643E965,183915
cable_gland/train/good/rgb/216.png,DADF6321F4DACAB970A308CC688879DEB985E673C4D8C7FCA72D4246684193C6,180909
cable_gland/train/good/rgb/217.png,CA03E9AA7A3CBF6A2BD809DE4D3ADD7F6946BCD4F460DAF4F6423197A56A0E82,180632
cable_gland/train/good/rgb/218.png,2066F04DE1EB869B8225C86C539A8914E488182CD61E2680AF483230D97DE509,180650
cable_gland/train/good/rgb/219.png,1B58BA40B797068A619DF3DA9FCF5E25567F69530B4C5ED00AD42E2E9607C7C4,183908
cable_gland/train/good/rgb/220.png,0065FD4836211AFD6E1657FFD435FCCA20F98A288872C25E7AB43ADAE2B07BFD,184511
cable_gland/train/good/rgb/221.png,A3CBFBE56160982E26201E94D883AF192B4A6947234C6D76AE1A588324CE9E49,181075
cable_gland/train/good/rgb/222.png,B9C11A0D8D2D977E113FDAAD3818169F1FF254A942A834B50959E5B0407124B4,180634
cable_gland/train/good/xyz/000.tiff,623FA2E88C2827D39736E4B03A403F8F7F531502EC805F439DD748F07AB2B964,1960124
cable_gland/train/good/xyz/001.tiff,298CB899337B7A846ED6117C94804462B6ACE34DC7277A8A3A6FA96B41DA55A1,1960036
cable_gland/train/good/xyz/002.tiff,4C458EB8A893BE76EC44F1058B49526776632560A2BFAB93D05641A6D8AA964E,1959074
cable_gland/train/good/xyz/003.tiff,1ADE20476966765D1FDFED8ED76D68A6E30AA2B78DC3E3A254948C55FD61B886,1961026
cable_gland/train/good/xyz/004.tiff,D887EB52E2AF235F392C1E0D6BF931AD3596791185B0FF1261AE5BD597C3B085,1960786
cable_gland/train/good/xyz/005.tiff,46DEE0867A035654545CB6A4D2832D9A32E035EACC06D381C6839ED85B7411A8,1960562
cable_gland/train/good/xyz/006.tiff,309B24ABC6A5F22A5806AB675C91AB85D0432E64C8CD3102C6A8EBFD3CA3F43B,1960980
cable_gland/train/good/xyz/007.tiff,6BA14F5C5B7469CFEE3B99F219AEA18B294353BF6A8344144B2D25284C4932A9,1960220
cable_gland/train/good/xyz/008.tiff,EBBE7908339A1C583DC54FB8D127A53D1DB57FB062333B4DEFFE9231F97D1F79,1960610
cable_gland/train/good/xyz/009.tiff,C376188768D6AF686B54EF36739DC542DFC061C6C9A6DBCFF3E14C63F05CB72A,1960868
cable_gland/train/good/xyz/010.tiff,05B7B1AE7981194836A23A0F4DAAE478F2AD25523FB72D1DC2697425E1C178E2,1959966
cable_gland/train/good/xyz/011.tiff,F54F3954CDCDE0EA5108B37A894423DA4FA99184A38E7A47248DCBEFB41AF90C,1960496
cable_gland/train/good/xyz/012.tiff,A2A95234B37AAFC57B98FB868D2946B82740D48103D3BB2A6E8D18D09484E9AB,1960712
cable_gland/train/good/xyz/013.tiff,DF392B134BF1C5BFC65F234923B1F8226E997D4BF1CC64C05AA04524BEFA2F02,1960302
cable_gland/train/good/xyz/014.tiff,7A7BD6D6B49E549E7343C559AC3B14A0650FA1B33A23572866096E64CBA7AE17,1960434
cable_gland/train/good/xyz/015.tiff,73ED313E93899DFC730138AFD5EA8C9E6EA571C09690C15DA06699B0D524E9D6,1960018
cable_gland/train/good/xyz/016.tiff,CDAC6EB5FE77142EEF52ADF7B304878960DC1BC08F87573979E1C66BD1634422,1960360
cable_gland/train/good/xyz/017.tiff,9FCD1B24F4154975FB8AE09F90B2FEB4D18E2CA50999C43BD39F90806D0AABBB,1960874
cable_gland/train/good/xyz/018.tiff,F1F5F91A620A9FD207636A80BA9E46802450BF684C90A777F4EA873957653751,1959822
cable_gland/train/good/xyz/019.tiff,3CF21FC38C1A9EEC9ADD0768ECAD6B788ACA5BE0879CBE8F813EBFC4339B3675,1960248
cable_gland/train/good/xyz/020.tiff,E2ED77F2FF84B07615CF4F461367BA3D6B62B7447A425C49807B2A963E809BCC,1960812
cable_gland/train/good/xyz/021.tiff,286A499411CE4E0586B9367FB5F1B887070CC90612DD49950A5AD4334E5062FF,1960238
cable_gland/train/good/xyz/022.tiff,7510D7BAB0EA051077C448A952A2D0C417624627BDBE6D8587C5E72BCFC7E969,1960830
cable_gland/train/good/xyz/023.tiff,E891D9AD9F5BF4BAF7080F2CDBCB8BE7D1F6FBEB68E354C6244E6F7197519847,1960012
cable_gland/train/good/xyz/024.tiff,C435D7E96186568773A06405784705F75E4E704756DB2D00B22B7EF8DE087971,1961012
cable_gland/train/good/xyz/025.tiff,0879B178ECD4E0C6CFCD57D23E0F020DF9EF30E913D76DBE03CFBC67BC61B0FF,1960604
cable_gland/train/good/xyz/026.tiff,E7100EBBCC213C5A65FFFB5A7612411DA02F1606A320C8B93D72D0FC6BB4B7A8,1960650
cable_gland/train/good/xyz/027.tiff,30E349947C1234F85560A792790ECC0BCB49BE24A2AF014615738CBF4A09886F,1960156
cable_gland/train/good/xyz/028.tiff,4525F0B96EAB7E4A3DB2E501D996A99C46F4CFC3EFF1429043C7C20EA4914713,1960550
cable_gland/train/good/xyz/029.tiff,D43247B7601BF50E79A997401B6B99F11A87726058CAB7EC0E2EFE7BB0ADF04F,1960836
cable_gland/train/good/xyz/030.tiff,7A0C5ED4EE982075270723ACDA37926CE43768DC1DB55811BC2D81BE32472333,1960438
cable_gland/train/good/xyz/031.tiff,9BBFB29C1B484B8477C9239EF59BF0D8CA5C924AEFCA29FF0416FDAB1FAFB070,1960098
cable_gland/train/good/xyz/032.tiff,0A50D9DAF395D723EED14A22C55A494BBBA6804E090927D0BBC996780DF1ED85,1961012
cable_gland/train/good/xyz/033.tiff,C4C873EE6D4B4C285D5CA6D9DA25DEEB1887ACB119A07ACA9D69120C4B3FE441,1960320
cable_gland/train/good/xyz/034.tiff,6D6CC037289ADC249729A63C3D247F8876A3A28F1014908C8A7EEB0866007DD8,1960236
cable_gland/train/good/xyz/035.tiff,1B47FF97B7D2849D284A81450CB6D168769D0526AC94AA680A0001DC622C1A67,1959858
cable_gland/train/good/xyz/036.tiff,0E2356448B03B41B00A99F2E65416B2FA9C20E57B4E16154A32BE0490A10593C,1961172
cable_gland/train/good/xyz/037.tiff,8A87A522715AA0C684FF8C25707BB7B6D5D351E80697CC9A19D4AB66E7CBD91E,1960532
cable_gland/train/good/xyz/038.tiff,05D6DCDB554C5CE02B3EC12F75E77F30B5BC27FCBCEF0218998EF0EEE6E276AA,1960018
cable_gland/train/good/xyz/039.tiff,80F0D7A9D9DE0C99FDCB41F7F279AD0689F871F2CCC7CB8FC850DAC9AFD0AA19,1960056
cable_gland/train/good/xyz/040.tiff,289A4EBD18928C6931961A1165D339EE23C1E5BF665889A148FB33B1EA783D1D,1960566
cable_gland/train/good/xyz/041.tiff,B6529764E447E4F2C79A861BD61601312D7ACEC80AD5EB98FE12A20A2A7A7600,1960826
cable_gland/train/good/xyz/042.tiff,A05E401E12E76B6832B05ECD77D408C299AB304AE7FA5B28259439B744C27523,1960372
cable_gland/train/good/xyz/043.tiff,6F5ADA5F20A184E5332BD04993DCC3B6B8DE9E8B977C221818BE784A3D73B8B3,1959608
cable_gland/train/good/xyz/044.tiff,6E4D374D4A36724AE19B50395CDD3975D717328BA9087DCF9FC8D44655FB6DB2,1960774
cable_gland/train/good/xyz/045.tiff,F1863AA4CD6D20F938B1B8856F2FA8B43C9C6B92B2628A3FEDE7CB4ECFE932AA,1960308
cable_gland/train/good/xyz/046.tiff,2F651C841697BB0E105324FB963DD499C9EE4091EDAEE0751A79FBB4E40FB918,1960162
cable_gland/train/good/xyz/047.tiff,86E3957F9A624374CAE43DAE9D50024B56B83C657B3DB5C86244CFAC01D1415A,1959616
cable_gland/train/good/xyz/048.tiff,4111E373A609192D677579BB80FEF46C45CABA3AED2C42FF5F00CC11B56C1FA2,1960592
cable_gland/train/good/xyz/049.tiff,6FADAF1D3307CF4CD3302C38F97155ED25DEF257BBC1424B289635DE174238DF,1960984
cable_gland/train/good/xyz/050.tiff,C3FBB2C1A9DFE2F54596EA6A800DDD504B41D5A58A68607753007B77F8C8472D,1960708
cable_gland/train/good/xyz/051.tiff,B4C157C69962844B0B3E474D4744FE3940D020FF356A1FE8F2DA802AA085ADD7,1960274
cable_gland/train/good/xyz/052.tiff,BE4574D05D0FC4E7ADA74EEFA6F72A53D84989EAD97BA64269A0FE4BFFF2F830,1960692
cable_gland/train/good/xyz/053.tiff,DD81DAEE38305372255C222C0842E0E43FAB0FBB29F42E9530C0E57A6FED3745,1960724
cable_gland/train/good/xyz/054.tiff,6D5F3CDA6B5D5BAED0315255A052B3C14194CB02B2EDACE67E48BE92FF7BD352,1960334
cable_gland/train/good/xyz/055.tiff,1CBAEB4E5A1E64A49D20B8448D6E2C928CE21AABAD7E351F365F2F69C248971C,1959976
cable_gland/train/good/xyz/056.tiff,3D8C7FFDC9C090A7D37511A4293AA96CD86391930931E75B400E1F92BBD94B7B,1960526
cable_gland/train/good/xyz/057.tiff,F4F35C0DBEF9371B93F5B2A680D63DB17CD2AA96D88E9CADB4433BD0F4EC0716,1960820
cable_gland/train/good/xyz/058.tiff,D5A1472D637E89894DD66D300B3E021DB0A13C3E71638B64A9310AB7C4F3730D,1959844
cable_gland/train/good/xyz/059.tiff,BD049CB69CF47B99FEBDF007C8B1B6939BEF2238FC9D43CDA6F43F69CCA68C45,1960578
cable_gland/train/good/xyz/060.tiff,8E92C9FA5D8CA217EA88C2AD0B5C32B0A63795E9F38E0931CC638AC5A5B9776D,1960796
cable_gland/train/good/xyz/061.tiff,8D78EB7146B839A3C8EC740F4729FDB170C7748C292A8AAD390AA035CFA025DC,1960764
cable_gland/train/good/xyz/062.tiff,6D3775875DF16ABCA7B1B68774CB56D3982EADAF686BC6EB3D32F0E2784E4F95,1960362
cable_gland/train/good/xyz/063.tiff,1A6E54E8D12121740C184623653AAC3DB371C5A25C7B2E78C2B631753A09A4D4,1960158
cable_gland/train/good/xyz/064.tiff,FDFA91BE1C36D59DD4C2583B079F105B67A69E3B3A1F907488D5728352560674,1960738
cable_gland/train/good/xyz/065.tiff,95DE76B5E3F1598B02314E512BFAF2504B1BE4E838E92927F08D24173DB04E95,1960368
cable_gland/train/good/xyz/066.tiff,4A2DAFA18DD1B2A91A9F8BC87A7EF95D72C300D8B88414D20A1DA26767E1693B,1960976
cable_gland/train/good/xyz/067.tiff,CDD74C3054625F0B8178C82904931694A55FE4C94ABBD571DEC90AEE09E3ED78,1959790
cable_gland/train/good/xyz/068.tiff,9A3BA1BF04CF453B77E3CC04FB91FE35D0E4989BD18D01946F6DD5286F8890C5,1960856
cable_gland/train/good/xyz/069.tiff,B9246C877BE28FB6405BDE82FF012BB6FE0A0F4F56A29A3BA4130421BA81C932,1960404
cable_gland/train/good/xyz/070.tiff,289029985216D84CB77470FE1E77A2E86D421B0F25D22932E83515D289DFD5A4,1960454
cable_gland/train/good/xyz/071.tiff,074F2DB0090D0E83330507FCBD6F6B2CE85832591A3421CC2C9AC7187E6FDD38,1959806
cable_gland/train/good/xyz/072.tiff,3C3194032B4FEDA7CE365BB67D019932E30B5BC0607A896E4AA7AEBC7BA4AC50,1960608
cable_gland/train/good/xyz/073.tiff,691305222B6FEBF02B6EB3FA05548745198354DC824CDA0711665C5822D8FD77,1960736
cable_gland/train/good/xyz/074.tiff,4271073DB2A3F7DAFA722BF683953651D6C1F3A6E06457409BA429ADDBE250CF,1960574
cable_gland/train/good/xyz/075.tiff,DEF2EF10D83058658753FE9DC57AA1E3A7F2A2EC0DD1429893283D4EDAC4F4FD,1959698
cable_gland/train/good/xyz/076.tiff,619DDA94ED1677D1ABC800767B2372F478614FB8C09DF6EA0C55629CC780E71E,1960612
cable_gland/train/good/xyz/077.tiff,06C944CD8FD66CA3B1E8D06FE30274644E295785892A9E92A1619031B2DF72A2,1960658
cable_gland/train/good/xyz/078.tiff,EAFC8EDAF2D85F9B750368CE1C099CA06A89C30F533956E2408A6F8883CED1CF,1961128
cable_gland/train/good/xyz/079.tiff,7C935041C8771DFF7F8C0101652018E2D7C578569426AADC3EDBD5E007837970,1959738
cable_gland/train/good/xyz/080.tiff,F0A6EA89D86E96FCE57887FB2A6456B446EE9735FC22350F580EB1C469B06243,1961114
cable_gland/train/good/xyz/081.tiff,17F830EF50A7741517A8196FC80F5CECFB79AA5816E231208F4F63A926646FE3,1960538
cable_gland/train/good/xyz/082.tiff,85B8B55B61D8C0E01922D56E8B7E7EB524E2A137A4FBC497BF4735D316738F3C,1959760
cable_gland/train/good/xyz/083.tiff,5615A96E8860B75351B02A9BB9DFF3F36F8DEAAF4976B666639A4EC669B9B970,1960750
cable_gland/train/good/xyz/084.tiff,9C96D015C81B76BDA4464823685147576D726CAACC00243684D43F0643C426B7,1960516
cable_gland/train/good/xyz/085.tiff,7BF68614E5FF3E0000F7EC80E901809ADFD45A357C7D0B34BB3A293D0F7E2F65,1960918
cable_gland/train/good/xyz/086.tiff,9BD6D1D32A1EF83D85717B3DA2F466A9995CE1F39931A25E6129F6D10EC9C1D0,1959560
cable_gland/train/good/xyz/087.tiff,59D1B8BE706B28E5207782328BEF565E388CEF7F3245463EC42BACB2410BCF1B,1961148
cable_gland/train/good/xyz/088.tiff,0F650BA8CF53D5859C13BA5657801C9C58541575693F4ACD66878ACE0F7D1286,1960630
cable_gland/train/good/xyz/089.tiff,21CB76B0C9CAD2F46711772F2D42A7DF64923D5BD56F8B4657E942C55EAFBD47,1960194
cable_gland/train/good/xyz/090.tiff,40C6525A5ACBBF09BDDC9F9E34AF1E51BEB482DBFA3FDBADE270712067C1C1F5,1961238
cable_gland/train/good/xyz/091.tiff,290F80AC8930D1502E6D52601990692ED9F2512C36CC5708180CE464BC80397A,1960770
cable_gland/train/good/xyz/092.tiff,F7A96F109F4E458D1E43C0C086212B78FB7061DB6FD7F974E34349ABF4992F25,1961042
cable_gland/train/good/xyz/093.tiff,C2BBC3B632F663322B71732B27F6E90A4F58A77E2DCDD2513E3D245F5E5EDC67,1959892
cable_gland/train/good/xyz/094.tiff,F5ED1CDA8CB6BB4775F8B71BD7F83D8A0F3172B036DAF8D00EE8054A18D82B6F,1961100
cable_gland/train/good/xyz/095.tiff,5BFE3BB6B9FDCD2C03F76E32C9FE7287310B3847B413ADC182540555C542AC2C,1960428
cable_gland/train/good/xyz/096.tiff,3FBFFCAE87798F4DD13A66980FCF3C95F0639196E487CA2A5236C44C29937B7B,1960762
cable_gland/train/good/xyz/097.tiff,F23FCF57EF6C0F2AF1B31A4F9D4F808320C1463E37E2CC81593C6D307ADE54B7,1959612
cable_gland/train/good/xyz/098.tiff,07476A57E0FFE86E0A884B8C61BC025A5BF46C3AAD1534504B113B1C7AF31E70,1960552
cable_gland/train/good/xyz/099.tiff,BFEF28B086CF55F1CA427D9B72C67291985FFFBB7E4C3F3F15EC74B13488A90B,1960130
cable_gland/train/good/xyz/100.tiff,BDFABE5AD775E78FEC2078FA26F0DDEE5AD1F32A7AC37BF29E97364622C497A0,1959672
cable_gland/train/good/xyz/101.tiff,C1556E71AA4DC2F168FA46BB3AB9F0C8843CACBF764A150FB258F2AFE2828786,1960894
cable_gland/train/good/xyz/102.tiff,2E7F8D55B3C808FB57D1039510EDE53A26CCDBD65E8EEF19B4F691BD8CBA753E,1960134
cable_gland/train/good/xyz/103.tiff,739C37C72BE5E619B182580C4FD933E82A1BDB8901D4B5EB757653DBBD4A5102,1960988
cable_gland/train/good/xyz/104.tiff,915D12D68653C07FAB28B1F2A8FCE6FD284A693D835633E56497E5ABFD68C26C,1959606
cable_gland/train/good/xyz/105.tiff,37B26B73B9B6DF30BC4C2780500E2BED5782914964524C946A7C88ACD675A0A1,1960764
cable_gland/train/good/xyz/106.tiff,E72C90587C98D9C6373F0DB4B723E264F6247AC3D73962742131EF869907A5CA,1960168
cable_gland/train/good/xyz/107.tiff,0B9CECF091B774E0283C7C67B6079DFACB62A5CB2390AC6C0FC5BF4287310565,1960816
cable_gland/train/good/xyz/108.tiff,E7D6364A61C27F44E24EE8C0878777BC3290FAF9769BE3B3602500950369EAE5,1959564
cable_gland/train/good/xyz/109.tiff,2ABCE41D3F24D81E7D5D1A390822824398F5F293E25E8611E2719E4ABE0DD3C6,1960698
cable_gland/train/good/xyz/110.tiff,D47ACF3F0D559905B14094A47BCFE227CBC3EB3201B288171D07F94522CDF41B,1960334
cable_gland/train/good/xyz/111.tiff,7A8F63367C096C60674B59F061D2485D15CA8D58B64409E67F5D3D63DCFDBF72,1960680
cable_gland/train/good/xyz/112.tiff,6DFDFECB4CB69D4C2ED774167D6BD5D166DDD238DC209E130469B9E13EA66A60,1959904
cable_gland/train/good/xyz/113.tiff,BEDAF7768F62B2CA6FDEF235BECC5D687F1950A41E0203A027D018FEB005F3F6,1960916
cable_gland/train/good/xyz/114.tiff,7B52121A7D3C1953C2BC58070E25C3DFC63EC7D6D94C03F538F8A9C519638B7B,1960324
cable_gland/train/good/xyz/115.tiff,A3E8A4E0FECF45AAE13FAB54D6048F69DD8CDBD92517B0E4A2E6E98C018170AE,1960792
cable_gland/train/good/xyz/116.tiff,516455839C88D71EB89F631EA48D356835FC5F335EAC017E5FE0BBB64AE7D831,1959476
cable_gland/train/good/xyz/117.tiff,E17B05EECC5479CA4D0A285AC9E4B03A0814FE1564ECD3574EE89489F38C1C0D,1960658
cable_gland/train/good/xyz/118.tiff,1D9BBA091D19A0D988A6E6C890D96FD820C868B718A8F5BC33E805C4D057A620,1960142
cable_gland/train/good/xyz/119.tiff,44289EE06157A3E58A7149B7D988E8E9F4A798B404E4799CC9F9DBD0E821940C,1960784
cable_gland/train/good/xyz/120.tiff,C8BE8425F4CDF61CD48B463D6A81C6CA629F0713A8FC76089B6A908487719C45,1959538
cable_gland/train/good/xyz/121.tiff,845B50D3CCCDBF4BD839FFCB13608BA5DF9200376C5596D979726B2EC5597E1C,1960834
cable_gland/train/good/xyz/122.tiff,3B5C3E1CA1A54937A19037A42235649EC694AB4FB91AD625E99C795B451D69B4,1960010
cable_gland/train/good/xyz/123.tiff,A562BFEE4D9A0FD25297F860EFC13BB04EC9758EB4E31819D3ECD59CAC8A52F5,1960906
cable_gland/train/good/xyz/124.tiff,ECF0AEC6D011B8AB904DA8695879C4E4364C9093F28D8BAB60448E7BC6B0B2A9,1959532
cable_gland/train/good/xyz/125.tiff,F74D66F6389AE1CF214E2014098A12E87720017F60DABF13FB2C962D4AE38291,1960472
cable_gland/train/good/xyz/126.tiff,13325F5BC5183405B981A32431C80E19135262FD719856A5ACD2B5DC46761C83,1960488
cable_gland/train/good/xyz/127.tiff,95E3A1E69673006F138F0EF8A56B211A53FCAAE89001B8229550E479FCA5108A,1960700
cable_gland/train/good/xyz/128.tiff,94A3DDB4F497CAD867C30111D01ADBAA3F8D754EC17B3BC14C18AAE889BBA7E2,1959526
cable_gland/train/good/xyz/129.tiff,2ECAF57B18555C5F283315E572A03B5BF0EF414876045B729148A7001214C522,1960538
cable_gland/train/good/xyz/130.tiff,2C1533A8076150CBEDB3C1FE34E4D26DDA6A861AF3BBE6E292E2ECD74B8FB1B9,1960450
cable_gland/train/good/xyz/131.tiff,945DC4D54255517A358A6EF270F0ED35946123FE0C924A9969DE614EA6BA720B,1960664
cable_gland/train/good/xyz/132.tiff,85BD741530640CA4C852FD6C244BD4F1D2576A0CD9C3D616042E380EF7BB9774,1959634
cable_gland/train/good/xyz/133.tiff,6937AC62669FEB58203983DE305C7354C73933CD02D392AB6BC923E704997AAD,1960678
cable_gland/train/good/xyz/134.tiff,FF765B95F41F6176C7B092602F3178254AD9F3B2D413A56E29EBB9426E5E6DF6,1960192
cable_gland/train/good/xyz/135.tiff,D2AA3758E29045F55C8AA10EDFCCAF0E016EF78C03CD0D7CF4CA5E742EBA8F8D,1960576
cable_gland/train/good/xyz/136.tiff,8FE9A32CB70E0AD2148FB0534454A36ACD87CF566B42E2CE85F5146F01D41EE4,1959496
cable_gland/train/good/xyz/137.tiff,95EAB698820832BB1377DE537011CFB624C2CF75FD99701EF01116A0CEB1E5A0,1960996
cable_gland/train/good/xyz/138.tiff,8F8861B0D432D4F896EC166B4526EFCA4C7B3AFEEB53DA275B196CB19EE8C27E,1960352
cable_gland/train/good/xyz/139.tiff,A672CEA198E38690169A02CADEF9043DAB1961386B00A961B2453177ED25703E,1960780
cable_gland/train/good/xyz/140.tiff,CA0985E214B8CA90F81AE598F1B936802C1D70E04F18C32594B7F2D53D84E815,1959428
cable_gland/train/good/xyz/141.tiff,38B5BA0BA39E4B92EAC446465BA3D59A1C91908ADA928171F990406571ECD95A,1960402
cable_gland/train/good/xyz/142.tiff,98803E9E6ABFF5A2DBC9609F8B581B8B525723967188F2E98896E6C6631389A3,1960584
cable_gland/train/good/xyz/143.tiff,69F12A26B6D2720D7A841914004FE4ED4F8EE55C16EA84F0EB94EFDDACB18A76,1960422
cable_gland/train/good/xyz/144.tiff,8EEB3E11FD9A1FA1A479D22629850E1840CD217EF06F4919F7BD44A24348F4E4,1959612
cable_gland/train/good/xyz/145.tiff,A2D09B9445F56FFA3E5E5308076C239E908553A917F8B2B9BDE833641691956D,1960472
cable_gland/train/good/xyz/146.tiff,01A7049FA7835458F0E240140E8C337F71FE7294FFD030AA25E3615EAD438EC6,1959764
cable_gland/train/good/xyz/147.tiff,9DFCA0AD889E01EC4E800767B27A2DE6D3859F09FBCB9D1D1FBBAAD0C8879B70,1959276
cable_gland/train/good/xyz/148.tiff,36F8BE3E3AAF9380B21C3C79D3185741C7C611C93F0CAF213CE890B03A6E57B8,1960018
cable_gland/train/good/xyz/149.tiff,EF25B6DA84CFE34CA876DAEB170B117480A175921E9540404E32899844E57300,1960078
cable_gland/train/good/xyz/150.tiff,D7DA1FC41615F9C45DB6B677D9587C4D19CC25AE0CFD276A3302AE2AFA4CD565,1960464
cable_gland/train/good/xyz/151.tiff,3A9AA3A03D4943286A94D976F68C046B8E6076C30A3FC247E68B0E93798063A7,1959402
cable_gland/train/good/xyz/152.tiff,FD813CEDE07BC285C1EB56EB163F4E1BE24A9E92E51153B6F9B363B25367F51A,1960480
cable_gland/train/good/xyz/153.tiff,C8AFA22186539ED01C1CAFDDA5B2382DCEEF771FA3F8AAE0D2923A7490E6E245,1960040
cable_gland/train/good/xyz/154.tiff,64EA522DA4AD72D4616CC4407F9956392DB37D494394A9888657B8394CDD7CFE,1960638
cable_gland/train/good/xyz/155.tiff,D1F35C138A001322D07879B7098EDB1B1310F71D05481A62847F81A980C048EE,1959732
cable_gland/train/good/xyz/156.tiff,0DADB6BBBD5E45F9E4B0773ED9DB7D3084C21B61EA0A36D6EB767E23311F8AFF,1960392
cable_gland/train/good/xyz/157.tiff,4F81F758491619A478BF95E71BB90FA55BA200042D96AF203528183ECED3214E,1960010
cable_gland/train/good/xyz/158.tiff,16E817A2C681A84FAD8454791AB1D41FCE1F94CC4963961534D8CBE507BCD42F,1960158
cable_gland/train/good/xyz/159.tiff,8FCD77EA506409F0CF06D0576EAC2EAC526B58C0727F3A9E1DD4C83A7D7AAFDC,1959632
cable_gland/train/good/xyz/160.tiff,36B70CA4E893C2D40C741F6A2B1FCF17AAFA08CD303217770F9D512C317E6D48,1960184
cable_gland/train/good/xyz/161.tiff,BD312D90BC35B0F9BD9C62F8D601C3D8E2E090692869C57ECF3C153305CA5473,1960302
cable_gland/train/good/xyz/162.tiff,1058524F06BD0C3DD2BDDB988C939362B1389FC708850F57D4BB5129904A9302,1959918
cable_gland/train/good/xyz/163.tiff,CAF4C594CB3D41325C0DF0EC987E66034FB28ED0C33D0B3002E2E9E269657B73,1959560
cable_gland/train/good/xyz/164.tiff,4C91CE3EE78ACAC0367B42469B7BB16F3C89825177A56DD49630CC94C1995B8A,1960626
cable_gland/train/good/xyz/165.tiff,3AE6E05AC693A56906E6E515F4025A7112E281C01A177B8F99D69574108E8F74,1959926
cable_gland/train/good/xyz/166.tiff,D39E7FECAC7517F94680A76DDACEB19B6511A1AB4C5BB42C305396F6EC1D6103,1960586
cable_gland/train/good/xyz/167.tiff,30910CE4DFB37BFF447E68CF71CA57B26389CF9D25F394735AF197D25858E615,1959602
cable_gland/train/good/xyz/168.tiff,096C324FA6880A0EF1E2F52D79FB062B12AE376E8F33959AC09136C3F409C552,1960142
cable_gland/train/good/xyz/169.tiff,03105C29571B28D2660717FE36E0BE94E9EA688C878B97D3F4E781A379B880AB,1960036
cable_gland/train/good/xyz/170.tiff,378D07668AB842A0455DC1978B21780047D9FF0C46BF67AC3FB4DA4864ACB82A,1959498
cable_gland/train/good/xyz/171.tiff,B484A62DD64780348F66F6355F48CBEEA9FABC8FB9F8C013FB10B0886BC76524,1960642
cable_gland/train/good/xyz/172.tiff,0C8A23F05E41095CC786322D114823E1980E7ECF1CD04FD573EE1E5E4346D113,1960014
cable_gland/train/good/xyz/173.tiff,8E635501E0E845416AAC659F666A6EDAD2E987C7FAA24446EF96DE1EEEB0AF2D,1960692
cable_gland/train/good/xyz/174.tiff,2FA1E4BD3C9DFB571032E374EB0BCCD11D88C6B9B3EE321A1700FCB7070F55F5,1959208
cable_gland/train/good/xyz/175.tiff,EC71384B869FBBDE90B6DD8E3D528A23767E0D0619C5D43083802975672AEE93,1960560
cable_gland/train/good/xyz/176.tiff,D15A9F058734DFC2395DDD033E711859E220378078C928D9070B368E459AD270,1960024
cable_gland/train/good/xyz/177.tiff,1A4F9847E776E226E928BB66F9A75D54C79581E0B92059A73B597ECA2A9A02F2,1960552
cable_gland/train/good/xyz/178.tiff,CE8D83631B5260AA4D4862A0A9C40BAE60B72FC5266C93E8F9FF8797C5A6B866,1959274
cable_gland/train/good/xyz/179.tiff,6C4274189C2C9F77A0AB94589BD3D6E442565223CE9581558E3F40D596B7A5B7,1960570
cable_gland/train/good/xyz/180.tiff,B9915CCC72FDA92C8E8E5CAFA9B1B9F62BF5457BD898EB4119A8B994727D7A5D,1960190
cable_gland/train/good/xyz/181.tiff,93E4160D4DA95348A0E164C3A38D0E32F9D209A1A4D7E39377FEF442C9AB2D6E,1960542
cable_gland/train/good/xyz/182.tiff,98163849D6B674CDD355D1A72D8FF6D1910F5D9DF753257F94A86B58313A8B51,1959278
cable_gland/train/good/xyz/183.tiff,517E6916FEF914ED4CC16705BD52422B9EDEA057EEAF33F5CEA521A4C4449E9E,1960410
cable_gland/train/good/xyz/184.tiff,1B4AD235B0401E70C08A36E07C220C36AA0B7CD43EFEF9A000DD7D5B03984B8C,1960352
cable_gland/train/good/xyz/185.tiff,D3E61D1899BD2118C3FA37C6C290D19CC092A3D54E6E0350A04814DBBD96987B,1959924
cable_gland/train/good/xyz/186.tiff,1491F0A523EF97434F5A94D6F2FCFE6124C290B3F715C7DE903E603F3DEFF271,1960534
cable_gland/train/good/xyz/187.tiff,CF31F0521E329B92145C45B541415A4DD9AA1709FB51934BC6EB9B552C335028,1960596
cable_gland/train/good/xyz/188.tiff,F542F2CFB1E6205D6E0B575754B009075AAA3E580033CEF653FC6EB745E8A7BF,1960270
cable_gland/train/good/xyz/189.tiff,1634FB1C52CFEAFA444FF1306E18FFF2A0C4C0F394DAF2FAB711FE9D385BFD64,1960000
cable_gland/train/good/xyz/190.tiff,61E112651A807064CF5C6326AF755E8CE37D8354B43D24AD48996C0416B9BB04,1959604
cable_gland/train/good/xyz/191.tiff,0C03771BEEB022AAF0908BD575E9E1BD5A7692E7A4FA6AD3E590F8BD086BCDE8,1960646
cable_gland/train/good/xyz/192.tiff,45D65AD10FBEE7DDD7E91E7135CAF56D3369877B8B2B804906B6B99C81D5D99F,1960070
cable_gland/train/good/xyz/193.tiff,D2A8584BE389DD588038C7422A04798ED356D4E267BFA3742A73F10F738D4404,1960558
cable_gland/train/good/xyz/194.tiff,209BD7D3F16F891375C5EF5006AB7600BB4D143BCC7329DCF296261AD21E679E,1959518
cable_gland/train/good/xyz/195.tiff,CF87CC1C3FC5B0FA7925D31EB7BD37D74B7D4B18D3249194A14B2283B343DD85,1960562
cable_gland/train/good/xyz/196.tiff,33352583115BF90D94DD570C8A068F823A6B323D8C3F439534961CB01216F8B1,1960212
cable_gland/train/good/xyz/197.tiff,E9350CC4D75A4D4C304BCDAE1DFA938EAE047C9FE032A11D8CCB7CC4658F6ECA,1960208
cable_gland/train/good/xyz/198.tiff,8B67E576DA77ED23CB1A4C76B0212A94D24400A3AEC1CCC4C73003A722D044F5,1959558
cable_gland/train/good/xyz/199.tiff,14AFE0D96DFFA7B629BC96343191576B1C3D799732CC29457868DC3C7068C4B8,1960710
cable_gland/train/good/xyz/200.tiff,7DDD9901C2B22C2371BC94F1C8C0542A5E4D9579A7BD3FBAD7C35E01614EC6D1,1960176
cable_gland/train/good/xyz/201.tiff,943CA383F4C301F6FCAB77A91CDCA5D43CAA8E42D624BBCA9E4056224873555E,1960882
cable_gland/train/good/xyz/202.tiff,92C0B883427BD6599D852A72531E69D3861E13EFA79CCCEB6F75CE81588CB2C0,1959464
cable_gland/train/good/xyz/203.tiff,2D2C67C303C2FF2614E7CE618C4B274F9A255A4DE564D100444A0DF6B052BFDE,1960508
cable_gland/train/good/xyz/204.tiff,42828056C74C21A50CB12F2C574882F88A0A590F2E065BEE6D79FFF6087B96D1,1960502
cable_gland/train/good/xyz/205.tiff,107D9F8921F061EB3DA9C9313DF1E6C7C869AB57E54FDC898C99B393A91ED76F,1959642
cable_gland/train/good/xyz/206.tiff,38588589DC21A1F7112C9C2B36F35BCF3C2735EB352A9C1B73A38D922A5F5812,1960512
cable_gland/train/good/xyz/207.tiff,AEDBA3B3D09A49C44A53BBCEACA93867180CBC8502C941EE62A3A8B02A90DCEA,1960074
cable_gland/train/good/xyz/208.tiff,864D73EB15111F99B3D8AFB81605A5DB9FC558596684F5325487584E59F85800,1960752
cable_gland/train/good/xyz/209.tiff,4A8FFEFAA9618E588B57647AE5EF5E1434277D23FB6EC530455535D5FFC96BE3,1959298
cable_gland/train/good/xyz/210.tiff,001AFEE28192B66E4CB726E4BF96D82995019D6743F3F96FE04CA9F985720F11,1960592
cable_gland/train/good/xyz/211.tiff,D3A0D67CED9E6096F14A4D12250C40CDC498BA170B38B974B89690EB7656A242,1960258
cable_gland/train/good/xyz/212.tiff,4A0986480CE7FA1566FCCA1D289025FD840CE75A65AA95DE42B28A0237B1075D,1960056
cable_gland/train/good/xyz/213.tiff,0EBCCA65FE8AF3CAA7ACB26AC0BAFD3CBD4E754FCF3EC6B516511AB6ACA52EB3,1959476
cable_gland/train/good/xyz/214.tiff,C2C69A27E91C5CB133BA7A87AA5A198A243096A4C99B5927D952EC1DA954F33C,1960368
cable_gland/train/good/xyz/215.tiff,32D120CA3101DD99F3D24F759004EDDD6047877A90F299D398779FD647DDE3B7,1959988
cable_gland/train/good/xyz/216.tiff,15F0CCF6EB3E2164CEBB93C3F9456B9889B065AE6132822FBF3E4544B55E6053,1960786
cable_gland/train/good/xyz/217.tiff,26E638205BEA2D1902EEB3FDA689722695F0ADC8FBA214176D9A3E5B658A18AB,1959366
cable_gland/train/good/xyz/218.tiff,C5498F3CA28E23994757BDDA8072EE8765AAF4F2176929D4BD1572C637C0C62B,1960570
cable_gland/train/good/xyz/219.tiff,EAB31726156042A4017DA944644C3DCF7FBE0FEDE53488A79A2A81CDBD2A9972,1960560
cable_gland/train/good/xyz/220.tiff,384D1192F38F89FA631B0B16679A0725D168EA893C43CDDAC7B8EF8D7006B6DB,1960356
cable_gland/train/good/xyz/221.tiff,EE87766B1551166FF488FEEBB195EB9FE6962D0564C645AB9059C713BD1EF753,1960550
cable_gland/train/good/xyz/222.tiff,9CA1DC6A211AC3AECD45C5649EF5EF0E46F62BCBAA9968B9FB84CCEA186A0529,1959420
cable_gland/validation/good/rgb/000.png,D06A1CB688807550F1F9FEE60A7F6A2B33843AE03019F364106330732E806A4E,185898
cable_gland/validation/good/rgb/001.png,221195052CFC286E0F5FE1E81957FB815C28D473DD8712D2F3BB2E2A2CE66C7B,189093
cable_gland/validation/good/rgb/002.png,BF5A83FDF92266D2AFF09AE094E487C28DCA51B4037D8C0AC0B899F29657032A,184770
cable_gland/validation/good/rgb/003.png,4F52AEC7CE917120755D55912A49FAB46DAFDC1FA6A373814489EA0AD401B755,188441
cable_gland/validation/good/rgb/004.png,2C6C3B125DFA75F54D040EEE51F2B7502EAF5350113D90082B1345F23DB8EF41,185055
cable_gland/validation/good/rgb/005.png,99A5962EB0E8CAE798CDC524E13DEC8D77C9A4027F322BC50BE52F84FC2BCBCB,188280
cable_gland/validation/good/rgb/006.png,E73D34BCC62A15BFA28C6E99D9FE65CD8B889128E884C410B4AE034F1E6927CB,189905
cable_gland/validation/good/rgb/007.png,70093E94D2A8087689DAD0DE02209D6646C0C36EEA77F0476316C0F19FF54558,185677
cable_gland/validation/good/rgb/008.png,7D19E38A5B90F2861872992150F1FBAA7A972FD9E0BC73561D2294294ED6A3EF,184186
cable_gland/validation/good/rgb/009.png,F19C61EB7337D199D66139EF5C7EE1AA9DFD798E777A674CE1AD41F4387B497F,186748
cable_gland/validation/good/rgb/010.png,AF2C229A35879B20F3EADD9E7EB81B824C78337FC8FB2FDA935497A5A9C88CA6,184911
cable_gland/validation/good/rgb/011.png,2F32EA97E7B023457B158074EF9C24858FDAE60EA3B4E0FB3BBDAEE77E517897,186310
cable_gland/validation/good/rgb/012.png,230E328E9B11427350DDDC725324CB3B146A03451DF8380D913F3C6883DE2EC1,186367
cable_gland/validation/good/rgb/013.png,FD1C899787115F9FA0BB5D9C74528C3CA558616355F97402587C8C8A8850C2A8,191863
cable_gland/validation/good/rgb/014.png,5BBFC6232E23B4BEB57A0C903DF6D9A3A5ED194CF9345F49B1D25FB8E321F656,187994
cable_gland/validation/good/rgb/015.png,552F699FB6322DE25271A2B9E91E455B8CEAFA76E68DCAEB2295AFD8B37C47CF,187767
cable_gland/validation/good/rgb/016.png,4C185588198ED4B1D6AB3D0A301951FD0201FC6F095D4E1F663B194EBB3FE9BD,191152
cable_gland/validation/good/rgb/017.png,F9591DB86EA854833621E70588B45B8BF069B2EFD22E76DEA49B2DDB4D75668A,193426
cable_gland/validation/good/rgb/018.png,24A1656518B3E6953872C215E8234472DD5B62797BABF922A4E7E0E247ED8D60,185897
cable_gland/validation/good/rgb/019.png,5F556EA36F02D81DC9A455FD3B406AE231631140A76FEE93B3E72305669C415E,185581
cable_gland/validation/good/rgb/020.png,C8A0DAE82C64998833821F940C757AF854692A4463BEB1D7D1B7CD4A8BB31A4E,187725
cable_gland/validation/good/rgb/021.png,CFB02713870AB02F758CF3CAABDD33012C2BE08D17DC626030D685A3656D0EDE,186039
cable_gland/validation/good/rgb/022.png,7AF91EA4BE27C0C70DE329E884A95E7A6E4176492A42B64D569AB632E0B54D63,186157
cable_gland/validation/good/xyz/000.tiff,7ACDFBF5BC68FD2877251EE0B51E97F821C70303112B15DBEBA2C440880882FD,1959306
cable_gland/validation/good/xyz/001.tiff,ED26B05982D63B2A889FB113D82E23F4F4FD9FADB7A127497F200FBFB608D57A,1959554
cable_gland/validation/good/xyz/002.tiff,9B28A57CC753E8C3B7653963402191EF970AE00BAC50EF6C78098731FEEF0FBE,1960192
cable_gland/validation/good/xyz/003.tiff,F1806C1E333A0258E35EBFC67E13B79A2763D93370CCE372EF09C85E73199EC0,1959630
cable_gland/validation/good/xyz/004.tiff,CE9E2B059826E53D71848A9EC94AD54E258FBAA5299BA2CD496061B3683E8C34,1961108
cable_gland/validation/good/xyz/005.tiff,A830595D07AEF5EDC601F2794C1099765264E55D0AE8F8D94AF2A94DFF0060B6,1960342
cable_gland/validation/good/xyz/006.tiff,38EA2B5D77542634DE037AB4E8F4AF831381611366B2B5E29446FC9F5030ABE8,1960684
cable_gland/validation/good/xyz/007.tiff,71396E4FDF52D9E1174875CE11B4EB6AA71A7716F147C34C436888BF5057FAF7,1959578
cable_gland/validation/good/xyz/008.tiff,C2CBBFAD35BAF76688D513C2241192460CBC9C828AE173AE2CD0DC77392ABFD2,1960808
cable_gland/validation/good/xyz/009.tiff,A073554D37666ED7FCDAD2AF58B81E4A222512FC56520C425B18AA12BBE34BF8,1960264
cable_gland/validation/good/xyz/010.tiff,6DC0C9C6CB23AAD15A2A2446105DBEB861E29810C9C8CCA8615988D29C9B831C,1960826
cable_gland/validation/good/xyz/011.tiff,83357E3AC4405548C5F5C457301D587F43867A5750C69BB56F8321BEC252E4D1,1959532
cable_gland/validation/good/xyz/012.tiff,B989DF8EE6A16BB77AF0DA748EA9E1400C3048BA2E00FC89EE945AF8526D3268,1960900
cable_gland/validation/good/xyz/013.tiff,C085E5238552F03DFF9E5F9B122D9F3CCB3DF5796136731EB8B6437E09257702,1960546
cable_gland/validation/good/xyz/014.tiff,FCACE043455895B2900D59B0AE6E877DCEBF3AC27C2DB036E064E0A3144EAB72,1959516
cable_gland/validation/good/xyz/015.tiff,DB0B54541BC0BC8709C3E58207676EE23B8BFD74F8B6BB46D70B0AC0E00CAE85,1961058
cable_gland/validation/good/xyz/016.tiff,0292D4D2D5E0096485AE32E194DB1E02D04930BE3F87AF4FDCFA0EC4D5F240E0,1960344
cable_gland/validation/good/xyz/017.tiff,BD1D891F23E8F8024FB5276BFB2E5B96E7B5C5F69034DCE7D5BF027D85E311DD,1960698
cable_gland/validation/good/xyz/018.tiff,6557FA410B9C23D3D6DA7733C045481A9B66461E489916FA523B8D07F7EDF2C8,1959708
cable_gland/validation/good/xyz/019.tiff,08153EF9A81AEABBC4823630EAA62AFB6D22EDA68BC5DE66D8A59B10852004DE,1960878
cable_gland/validation/good/xyz/020.tiff,95D9CB4EE4B18807912BA59C4832824B9916148AAE38C356507A45C3142F3B2D,1960262
cable_gland/validation/good/xyz/021.tiff,0886FD040C6DBA0A218F5D4E3CDE9F21E6247B185166D0CF2033C8E4AD7C9B2B,1960844
cable_gland/validation/good/xyz/022.tiff,89ACCBF828CD9976FEBFA68E353AE7C24D2E11B11FD827447F3730E78896F5FD,1959642
carrot/calibration/camera_parameters.json,257178E8FBF171F0757044BB3008C3EF0C4646AA736BFACAFF7E7AC5DE7E940D,201
carrot/class_ids.json,54A146BA349F16D7D8AB9BB6CCC038D43A8866DFBE87076DFC463798CE18B0D9,94
carrot/license.txt,221519EB7AF2A395DA4474E7E136BCD4E0848D8ABBF346ACB2FB0B6D6BD2277E,20880
carrot/readme.txt,CAF14511A62020E45ADF34A0CEB679E220CD688B3734CA495D71A97D561F508A,982
carrot/test/combined/gt/000.png,E385A648F23F910829B97E19F817B3268203140AE9CE909A3CCE7AE9E0905354,1571
carrot/test/combined/gt/001.png,B0DE6E069EB51D7C4A4C78B6EAADD4D3039486C33998660B800E17E72A7C7C87,1046
carrot/test/combined/gt/002.png,2511459027D833089A9DFB85703117AFC45D449BCFF80180687E5C5A0C2F01D4,1192
carrot/test/combined/gt/003.png,89915CCD223AC335554B854065B0785C6B39D920D019BA3C3D0EB4292F85C552,1301
carrot/test/combined/gt/004.png,7EB6B73FE824A38D7090F1F610B92850C40BD767FD31350D7738371C5C933E04,1268
carrot/test/combined/gt/005.png,C56AA66096D264043E49AA7927A95D593E50DF566BF65A819A456334AA6BCA9C,1259
carrot/test/combined/gt/006.png,AAAB870B19838C08CCFA105C02C7AB5491F4B8C875B665A49EC2FA7728802D05,1212
carrot/test/combined/gt/007.png,274ACB18BE748F36FCA2732C0D85177C6E4E104F7D53AF3BF3FF95C810CABEE4,1045
carrot/test/combined/gt/008.png,9F0EEB4968F7AE82F9DAECE796235D2E2722643C0684B990D77F104DB63B6C4D,1229
carrot/test/combined/gt/009.png,CDEA0B1F053A2F789CC93FA71A8770F3F0A7CFE1C97512941F3E2129D9AB08E5,1181
carrot/test/combined/gt/010.png,F47FDB64ECE553F33BA2121ACD39DDAA54016173AD397B009D9131F98F35B996,1157
carrot/test/combined/gt/011.png,31485078CCB490CB92E073B5D00B472BEA10EC7BBD98B11C9ABC52EA14FDF1A6,1013
carrot/test/combined/gt/012.png,57DAE3FD2B34D57EA873D7AA296659924684E3E3FBD488994583A6EBF327781B,1312
carrot/test/combined/gt/013.png,AAB62AA53DC7EEE6B92A69747682D4BE6D65B670487BFA2299A555E6EE92BDC8,1037
carrot/test/combined/gt/014.png,374071B1A9EDB74BD533C2B99EFBA04880CE74675B4F141BB2D573CCB5E2215C,1051
carrot/test/combined/gt/015.png,8E65ED7EF35C1F9AD2B37C4FA2D39C3CDF410EDD219FB1BD9A5DBB6E79DDDBBE,1165
carrot/test/combined/gt/016.png,4B5322937B7AFADDFB200FE43BF7B1C6FD1B49D0689004CC59CADBE8947113E9,1116
carrot/test/combined/gt/017.png,E96194F86833A669219AE514F8EEDE20A79FBA3EC11DDFA353B403F4777F873A,1143
carrot/test/combined/gt/018.png,3207C574723C2025CC3B7EE4F3B541681B73BFB9E6271705CF4F1C7F0D30562D,1140
carrot/test/combined/gt/019.png,59DD853733D733D2DB64CA3A1C3A70E578887F3820A5BC4C11C4699AA9F22CF2,1028
carrot/test/combined/gt/020.png,6D22030E420A12285F06E2266E4F939E56A594FD53EED6155DB15C01DB5C5E93,1136
carrot/test/combined/gt/021.png,65C0C510C87092F4912DC4BB85D11056B3327908322CAFCBAF437D720943CCBE,1088
carrot/test/combined/gt/022.png,7E29E07C8EF9A458038197DC1E916A9CBC5A6B526F76F584CC3804153F5B4899,1247
carrot/test/combined/gt/023.png,594ED9748CFD079C07E7FE73B095F503CF28A9FA099F20BA158B70E7AAE337F5,1282
carrot/test/combined/gt/024.png,26086665012B73B9B55762383D2A8E338E96F5BD05AF234E1025D0ADA7934767,1239
carrot/test/combined/gt/025.png,2B4E481B578D9709A7DFC5DFDBE0271B47ED26ADDD72EBE52229E46BB7BBCB08,1022
carrot/test/combined/gt/026.png,C3E3429DEA114BA8AF94764077388C6A2D928F77E0A58BB163CCE3CB7CEA7EB6,1360
carrot/test/combined/rgb/000.png,A332608B16863C8C89F4A61F16C9ED0C5B7219D871B076BB03319587C40AD0C8,791392
carrot/test/combined/rgb/001.png,4AFF36A5FB3413930EABE57668C5860B5D77D2D00D13B523941FD1BEDBD65960,789757
carrot/test/combined/rgb/002.png,B55615A7344C0A23AF0479D1E4C0144DD862820C546C75BF5F729915B3D595FB,787447
carrot/test/combined/rgb/003.png,FC5ECE9B38340D912784507BA903BF2B2F9E4B4EA603CA68A8DA2107CB112D8E,788642
carrot/test/combined/rgb/004.png,2E3277B3EBE17827FCB4A009FCE3D0F66F86313C0DD3594744B3B326B8965437,791016
carrot/test/combined/rgb/005.png,FFD3E34FF265C4BEEF2E30C8B1408516BD86C45DD5351B3CA2104A745F35AF70,792935
carrot/test/combined/rgb/006.png,3165BB594A79AE1D0F197C23A3EA5D6756EB0E07F81FB246342AFD9B87A380C0,809292
carrot/test/combined/rgb/007.png,35A69FFD9E6A2FA0F65C4FE9CEBD37AB6D351A27DC912AE5078D9A2A6FC7D731,807320
carrot/test/combined/rgb/008.png,B2B4F012D363E3202925CDD9581373AE9D1473F666B0C41C3807045461C8B5F3,810336
carrot/test/combined/rgb/009.png,23DC73E674390E114C2088E7552E5D192282B1C381278CC2613E942132E981A1,808563
carrot/test/combined/rgb/010.png,FBE3189B59B1B4268DC5A8174C6617E83D2C825D13563993456D31F72A0B8EDF,809167
carrot/test/combined/rgb/011.png,C02A97753E9613326E67EF92767AAF9C8F0868162F593958F8D9C5A0F2C12A86,813297
carrot/test/combined/rgb/012.png,E69FF0C780A9A9F501050BFE32BD585A3B59FE3369888E46E5E8BDC7BC2A2528,808549
carrot/test/combined/rgb/013.png,7A4A1669F2CE08F9813429CF979454C717934BD66082FBF1F2F00398FA57726E,807558
carrot/test/combined/rgb/014.png,E26F3812DA8575F06AEDB44FDD1E0EE5D2D9A1C0A321D6493ADFA19953C22F85,745858
carrot/test/combined/rgb/015.png,81044A5218EA219B7EB987D595DBD0138522DE95EE08E034512A9C7C5096F002,746554
carrot/test/combined/rgb/016.png,A2AC7C0CF6295DB3840515900CA8FC611D0C141868E8B0BE2FCF834438FBF65D,743173
carrot/test/combined/rgb/017.png,53B0C99582EED58D410B5815BEE7D79F32262AEBE6CF29736236C3F78B0B8881,740168
carrot/test/combined/rgb/018.png,E907B4427775F815FAC214376B9198A67FA3717874F9403B81D12482542D54B9,734776
carrot/test/combined/rgb/019.png,F4C11DDE4461B09409F7B1396C60583D21AECC76644A302A5BD5C4630B252A8E,734121
carrot/test/combined/rgb/020.png,79F7058F450327173316CA17809A64C7D9EF0208E11984B9466C418B2D37C580,740877
carrot/test/combined/rgb/021.png,77086B707D549D6F9B0056B443C67E8FAC9893D285940F0F12E3D88C4075E96B,738391
carrot/test/combined/rgb/022.png,A6D527EC8868027966FAD323DDC513F91FD170F6A9FF9F49B5FCAB2AB65569CB,742593
carrot/test/combined/rgb/023.png,4761F5289ADCAA615E4906F8639720A8D4363915E8E23886F6E39DAB9974D647,742388
carrot/test/combined/rgb/024.png,6EE853AB73BB0DCFDFECCB7BB288CDD75ED14DA6CEE5F96B6F132700C01E7947,741210
carrot/test/combined/rgb/025.png,714513002ECED91AAABB60D7879565374ED6797D6BF259078287D4B94F855979,742194
carrot/test/combined/rgb/026.png,1BB7EB9790F0E57FC76FC6ABB5F91D8965BC01AE8D69A64F99529EF7FE542C9C,740221
carrot/test/combined/xyz/000.tiff,6EF79A46C8407901AC7E5E24ADE4ADFAFE0FD54815B392524DE3054157AC00C5,7692850
carrot/test/combined/xyz/001.tiff,819C5D91A228C5188F7219A45DA8A91920F993CBDEC7C387962B247CE332533E,7693052
carrot/test/combined/xyz/002.tiff,174CF5EF537C8AA7F6F6F7CCFC533210B5F540388835B7FFDF46FB4D7C11F384,7692790
carrot/test/combined/xyz/003.tiff,1C3156801A0D45EC00D8B8968ADB4CA7AD57E948A4BBD428D9255110DAA79380,7694208
carrot/test/combined/xyz/004.tiff,E716BAC9D9EAF86B97B7C5C1F97A527B2F3A1F75CC14EC02ACC07F7F528B1E9D,7694366
carrot/test/combined/xyz/005.tiff,FE6094A59890CF3AA2CC83491424B4F9E53CE9BF3AA34274E6E3B576D9F40A17,7694206
carrot/test/combined/xyz/006.tiff,6B5A0E123907E48CA39C5BD868D6385ABADEF8395D90D91AAAC20B14B2C06AE4,7693354
carrot/test/combined/xyz/007.tiff,E66E71592D7DB28F3FD0268E814CC6219C8B12A92D512C48732C73351F5CDF8E,7692898
carrot/test/combined/xyz/008.tiff,A81DDE764C967F96F13E5F343A7178E3158F5825B79341C0E5DC85E45669621E,7693244
carrot/test/combined/xyz/009.tiff,70A6E5585772C950ED2DB2C0618EFC0FC2210CFE571A66AEDBACD9A71CB6E99F,7693144
carrot/test/combined/xyz/010.tiff,9453B8CF10000E4117C47225FF8B14101A3491CED29C0FB811525D46DE5EEED4,7693540
carrot/test/combined/xyz/011.tiff,EF1544969DB6B922DBEFEA905BD57C6D4F4F0AA364510583CD54A3A5517A5489,7692848
carrot/test/combined/xyz/012.tiff,D7CB815EE531D0AA9E22AD981DCC402F4CB88E41ED949C79C2177B2D9CA008FE,7693086
carrot/test/combined/xyz/013.tiff,3C7A0B32BA99E0F6B828ECD625687F37A96F0FF6C4497AB1DCC1B47015BC115F,7693070
carrot/test/combined/xyz/014.tiff,F535C9E79DFF119DC03257A89BC78C2E64DD42FB5C5CCAFB9A200C810371A5AC,7695658
carrot/test/combined/xyz/015.tiff,56E159AC94527377028DC396CB58BB10F465C234593735E0CBC903FECE04CCF2,7695740
carrot/test/combined/xyz/016.tiff,5E195810B80CE6EA80E326F4F524E2E8E3A471A26ABB2F57422C86FD572BDFB3,7695642
carrot/test/combined/xyz/017.tiff,9FEA2E8E2BE0F0805F6EC1A99DBCDD6DF340046F28E570D1E0A303C602794B8B,7695338
carrot/test/combined/xyz/018.tiff,361199E6FA98B2808D8E2C27A2174FC84292F0F332B5F1CC7035277543DEB150,7694976
carrot/test/combined/xyz/019.tiff,F50AB0F3D2149BBCD9759059FCF8455EF0E23E77833A7523A8E39DEA8CD78695,7695392
carrot/test/combined/xyz/020.tiff,C290D04929854CDFF70CFE9C0C14B869655ADA63A77D531D51FADAD40D3B0D7E,7694978
carrot/test/combined/xyz/021.tiff,A4559FE0E6105EC75AD2968E4926B05A28303F01B810A6EA47960E876D1ED9F5,7695370
carrot/test/combined/xyz/022.tiff,BDFBC721D92E5DDBC0E2CF21E0F8A9D78CFE124ADEFA108F3D4C954BD1C31A95,7695742
carrot/test/combined/xyz/023.tiff,26B1EA078B3037214DA5217975A0370AA2F978EDCA6A00482164DDA2D3A4C785,7695436
carrot/test/combined/xyz/024.tiff,AC1412A18843B1D0DBA99CC972FEA04C195617889CC7681C519EB609F25A819B,7695428
carrot/test/combined/xyz/025.tiff,2ACBB83CAA6C4A3145B1624D75142C0CAC9734CFB0B2313D8CF283BFC9F593C6,7695616
carrot/test/combined/xyz/026.tiff,ECE3673D56E7A3DE453DA04A98EC9FC806678CED5879DE0BAD6D03E6A5C9C7D8,7695386
carrot/test/contamination/gt/000.png,0E69AF26D76F3C915441ABF12869B372969D6517E36E30F4FAB7C3A696CAD215,899
carrot/test/contamination/gt/001.png,904D5F40D81C1F1511C480B4B2A0ED6973FD64D478BAE5359905A85B5BD66B1C,946
carrot/test/contamination/gt/002.png,D3323CDF85C5D0BA1FED99124211DAE7372FED5C04F609856D860FD7E42823DB,927
carrot/test/contamination/gt/003.png,762244E8DBA519162749A22815D901FE93AFD983CFEB3FBE741CCBEF730FCFE0,979
carrot/test/contamination/gt/004.png,A188C1C4F8408A9295966530DEC687DB7AB809FB0388EE9D47210D5BEF7C74E3,947
carrot/test/contamination/gt/005.png,527A84E3D6DC30B5EBE384C84D0D2AAD3B187F4DF061E195708C98F807983111,1022
carrot/test/contamination/gt/006.png,396363283C3DCA0A105167283B1F67E3E7C7E1A465476B6B5332CC3DC4C80A26,1022
carrot/test/contamination/gt/007.png,3FDF5E7D7715F81089DCCD463246BB41D4616FD5F02BDD5E5602C76E948BE427,1041
carrot/test/contamination/gt/008.png,B91312E7FEBE726F5825D373E49AD7F50605C87C3092B89A737A4255C93C279D,983
carrot/test/contamination/gt/009.png,62EE641BB9203E9D9157106782C1A4002AFF05129765F40B54FBD335E43AFE03,1013
carrot/test/contamination/gt/010.png,AE11C3B5023753CF1A08BEB0B31ECEA3DB0D462FE3D45D072CE62C9518BEE6C7,1050
carrot/test/contamination/gt/011.png,4D797F0D2A4E655F18BC72F81D8B63F0B659A8704E1055207A9112DD6D2BCFD1,1067
carrot/test/contamination/gt/012.png,2C82212F212F405E46D9EE4F76BB7E8F53B890AFB03684FB38B2DAF89F84762D,958
carrot/test/contamination/gt/013.png,B8DC6E71B74C5A5E99A021B4B328BF5CEFDC4AF5E25B9B6AB3592EE9FB989C57,967
carrot/test/contamination/gt/014.png,C228055EC0192FEB8FCAB4C1459AD265964AE7E2C289FF24CBAD72230FAB47AB,890
carrot/test/contamination/gt/015.png,C5708AB9459E8C42306BE729CC6EDFDF15946C915A42ACA18A94E634E76919C5,917
carrot/test/contamination/gt/016.png,F70DC49413F9959398E0FA1432D53F386A2590B4945805CE7B2CD18E8D5E262B,912
carrot/test/contamination/gt/017.png,52C043E169F50A4E44A81CD94134BC500B457FF7E2445EF36C4192D2E458AB73,916
carrot/test/contamination/gt/018.png,553F5AFEB0BC80CC2BFDE49B7D31695BE2CA35EE7B46DC1AFD4C6BA4F2C80AAE,903
carrot/test/contamination/gt/019.png,46D18E4C3157E4A197F9FA0EDF395DD9B0B09998C277A24D1628539B6B6CA6A2,885
carrot/test/contamination/gt/020.png,92E6578081CFB4DCAC74369FAA87B0E6EA7C87B130F5701172BC2E9BE64A4BF8,911
carrot/test/contamination/gt/021.png,2DCD2074D4EA377B2A898ADB667AB48DB60D74A9F6FAF966DF2C16B7DD8C4856,861
carrot/test/contamination/gt/022.png,E7A349D1A1D5E6EA86B7128D4AD4B8FE3FECB2902DC4B5822F25E1A47857BB30,990
carrot/test/contamination/gt/023.png,88C87AF8DC69E13D742A818A7F7BC63F2235AFFB9E2A392FA5BE409882E04C05,940
carrot/test/contamination/gt/024.png,A3D712E08ED464CE2FA36A7519753478C384C0F475D0444563E594A35E260A82,940
carrot/test/contamination/gt/025.png,D92F695C7C6F153F2DC9760FDDA774F46A1AD26A6CFAD8DAF8299E2A8C1C8DC3,944
carrot/test/contamination/gt/026.png,12C01BD4D55E60774D5046BB9CFCF4825253A51BC07A007D7339FEF086CDB1A4,904
carrot/test/contamination/rgb/000.png,120CB3975CD4287FFB99963481090936EF4527B0DE9DF01A8F6B544F4C21B9C6,785957
carrot/test/contamination/rgb/001.png,18F5E0BB3FC7D285B67C6C7765F71F960D0409E33063785EA6B7C94B2E1CB86B,789027
carrot/test/contamination/rgb/002.png,9CE89D8841E77449383D1037C8A5D2B16B6C55766DB4321CD1581E46CA604518,798044
carrot/test/contamination/rgb/003.png,26610D88671DC922F96BEDB56734C26542E364C8840915DE7FA1EF2068FD949D,788681
carrot/test/contamination/rgb/004.png,7D87489395CAC10AA5A30B9245A96FA55EA00ABBDABC42BFA63F0EB1A5835BC6,787366
carrot/test/contamination/rgb/005.png,8A855DB24B7F8C97E810ACF705E8E72A26007908C4CDC08D2F8C715AEEE86389,788879
carrot/test/contamination/rgb/006.png,98A444A4228EF0529B9160518E67312C5FCC6496380BBDB7A27072004C337F08,790483
carrot/test/contamination/rgb/007.png,EA0F76BCA6EA209CF1113FFAF4E5A8FD0D2A85150246E2E8BE732180FE2C7D63,786734
carrot/test/contamination/rgb/008.png,8749EB2397F89287F9D352C421ADE2F1B5ABCE66E4501C4F34E240C9C483F7DA,785341
carrot/test/contamination/rgb/009.png,4B76DCB12CD3CBFC21B772F261C100FFC7365E25C3237AC9C921DBF8201CD626,792514
carrot/test/contamination/rgb/010.png,B687F6EE9C2B4BFEDED4CC2CA94516FAEC745CB890A51409F2EADE9EA3E7A905,790165
carrot/test/contamination/rgb/011.png,C2763E4D7D1F90AD92E35D2085F95753DB7255F6E6C45BD2BBCE30A4E7A0A1B5,790199
carrot/test/contamination/rgb/012.png,6E61CAAFBAB507A553BF6A8486999ABFA2C327E0EB84B89A6EC56F383A0535BC,794997
carrot/test/contamination/rgb/013.png,A4612ABE763F263B22D0BB27066E95CB9D8A203FEDF038EBCEBC5F9A2974C52C,786506
carrot/test/contamination/rgb/014.png,FA436656A76913FE5FD3CDC384687BA7C6A38D81C323FC82F6A9596123BD2F24,826561
carrot/test/contamination/rgb/015.png,488B8F20814AD931A55A65210696B3278618474699E60621202AAB8EFC8EEDC0,828141
carrot/test/contamination/rgb/016.png,7EDDC35C1251298DBC98BE7AAC54CAC0513EADBD37D400CB06DBCA07A118CDC0,827344
carrot/test/contamination/rgb/017.png,059362FE7E06834267A07385B89777677B2836897B331A5028CBF2ADD07D0123,829261
carrot/test/contamination/rgb/018.png,75DE6E3DF1FA0A0A3955E15AA32AEAC04BAB74F458404DD9862CB4F3F9AFB347,828882
carrot/test/contamination/rgb/019.png,AE61235B0E91140F5AD04C94ED11BF04AA20D4CD00775C6C6FB52CD6AEB309DD,827620
carrot/test/contamination/rgb/020.png,82B6751A8541F2F925ED852E30AEF18EF37690D09A8F7C79A51FB4FBFD6860CD,828323
carrot/test/contamination/rgb/021.png,55AD22C7E3D084FFDBE778C9A54C9E5A6E00E5D4139210A46D7C16147B16D69C,826656
carrot/test/contamination/rgb/022.png,68BEABE1672B84F4152C5F16F7C4473A9CBB1EDCCE71C5D6D6C9430ED63A3034,824910
carrot/test/contamination/rgb/023.png,EF1BB53591B28A498B21E23DB46C55447E7EF36DA24E278D492B1CB824B5DE62,831960
carrot/test/contamination/rgb/024.png,B7F9E509BBACAFD809EF6325B651B74F79AEC7EAC852D07911FFE694A0073BCA,824427
carrot/test/contamination/rgb/025.png,99B989CA5722EF7ED97E74D14E8DFFCD5E17F0A5C6C6F93DE000F133FE878838,828015
carrot/test/contamination/rgb/026.png,099B2C0F21D98D9C379F9D835910D9D8FF817CE35ADB9C15B6E0F3875104889D,829212
carrot/test/contamination/xyz/000.tiff,2B01BBEA07A4BFE909747CF4E050829A040D78CB252707DE4AD9B083D11C2600,7692350
carrot/test/contamination/xyz/001.tiff,A2A57EC2361410E1EE0F706240866C176DAE081869009DCCC5C89E61E13A0BE2,7692296
carrot/test/contamination/xyz/002.tiff,E5F16F683852379C14BCC75AECA6866423EEE6E7813770F39C1C6896E02BAC06,7692800
carrot/test/contamination/xyz/003.tiff,0A5D528CAD2B05EA04F7A8DFA3F11F77309734528D61C9DF304C97E8DDD5D092,7694236
carrot/test/contamination/xyz/004.tiff,E8B60701BC560A181CB192B94575A0E1B3E2A59DABF7EC47744FF1A0ADCEA68F,7693910
carrot/test/contamination/xyz/005.tiff,C207EDAA0B3E0225C108621BCEDC3A7BF91D92DC6912357894B1EC3503EE0975,7694270
carrot/test/contamination/xyz/006.tiff,BB4BF6584A4873C823454D4A3F7238973E96DA91B9CE7BD5E7498A06956A74B7,7693922
carrot/test/contamination/xyz/007.tiff,0CDA57062E8985B1384550520E542B70A1AF9DD8BB624342042413AB23743FA1,7694200
carrot/test/contamination/xyz/008.tiff,14786DD91B1C80FDC6FD365B252022185E5A4D71FB42702A5B621D34AE0AD2EB,7693668
carrot/test/contamination/xyz/009.tiff,4B21B93FB927D08E1385F28CDD8B9F22EA90F820D5B2A45BE3E28222CE4772B0,7694038
carrot/test/contamination/xyz/010.tiff,F829725BCA6E5CB5FE4934B8C7AD1252BBB08812102F9D31696FB0CF5B9EA01F,7694000
carrot/test/contamination/xyz/011.tiff,33545326ECDDB744775643A1F84F7FE97F6D9D542077D086A93C777ABCA77E4E,7693986
carrot/test/contamination/xyz/012.tiff,C43967B917569102C109076D6E6C4FA85FA5B1CEDAB038F5421965BC69297FDD,7694268
carrot/test/contamination/xyz/013.tiff,9A4736FDE364C794C2AE94B55E365C0B49E180BCB2B5E1C97199D48C6DFD01AD,7693966
carrot/test/contamination/xyz/014.tiff,8F28296297BACB3B1D55D110B6D0C71B03931F130DF5AB46C3D79BEDCBAE8BCF,7692406
carrot/test/contamination/xyz/015.tiff,E7E9D07AD1B790F8ACF716850F556825BD703F09D246F38AD24128D99DAF7DDF,7692642
carrot/test/contamination/xyz/016.tiff,FBD6C2FE77E4511270ABD6CD63AAEA3E87E01DBF60CF745D14C5D7FAC79C9666,7692620
carrot/test/contamination/xyz/017.tiff,DB55753885C69B8D31ECAE6AAF9BC837266F934BEB5D4B87E3F96C6DBC6F0081,7692644
carrot/test/contamination/xyz/018.tiff,87963165096BA603A706C8AEBF2DFBEC8A0573C74210F730DFFBC881ADC8237F,7692640
carrot/test/contamination/xyz/019.tiff,216A746753993B0F0447ACAE486044DA4B15E066700292780EF158136145E906,7692656
carrot/test/contamination/xyz/020.tiff,2BD720FBC4E67E398F061277051D62D79A4C5B7CF75284B3DB1C87E21E6145C9,7692854
carrot/test/contamination/xyz/021.tiff,917EC81C95CDFEA16DE46B924FF2321334E4A05D6C2FC13916F916C120F39B41,7692686
carrot/test/contamination/xyz/022.tiff,1E6702451ADED081567A36A3549B4C86FB5D3C5E57976CD22AF528ABD3361F01,7692630
carrot/test/contamination/xyz/023.tiff,A7722999585736019157D5A7421B8BD420498B09F4128E9BB1FE89E567369D5A,7692880
carrot/test/contamination/xyz/024.tiff,71535A3A7015D87444A30FC6AC6C5EC271864ABCE6F05CF288EC8C515B8194EB,7692232
carrot/test/contamination/xyz/025.tiff,63FB9E671717DCD4C107F1019E9F8791504AC163C7797F4AED375D125676BA70,7692740
carrot/test/contamination/xyz/026.tiff,6894295EE0372FF2FA20F8017212A4C2725EAB3EC88889609D6A474E75202794,7692948
carrot/test/crack/gt/000.png,DF5DB602F70178B4D41C3E6645774884B863917373B3BC798707804F60C5365F,1084
carrot/test/crack/gt/001.png,8D7EFE47D17729A2AC0656C42D2C318275869DC44B0EA5E33E3A58ECE6922AD3,1250
carrot/test/crack/gt/002.png,D09E975BB0A181F9AF522B50722A949FDF521E951C47C9F0A5F1BB9515935926,1169
carrot/test/crack/gt/003.png,85792610E5E1F15B6F62FB85DFAE594BE76B032722E3BEF51241DEBFB903B2CB,1249
carrot/test/crack/gt/004.png,3B2DCF1DBFE2E3D73736B20F780991D9A5303DD39B32CF5B5AA8217C61A75BB1,1138
carrot/test/crack/gt/005.png,33BB36B52436DDED3E54E256AFDAA7EBE4EAF030E29673058D5EAE9600E9B570,999
carrot/test/crack/gt/006.png,FB1CE2B52F17D386E238F4483BCC6666D068EB2F1099957B1EF15DA075968534,1188
carrot/test/crack/gt/007.png,657971807EBC79322641C13C99E5F7C0BDF0CA67C73D1E7AC9EF203B46D7F108,1201
carrot/test/crack/gt/008.png,B9498EB7BA3B6CD1612A8F85B583B0D2465EC6AC384CA856A694EA37B69C7DE0,1185
carrot/test/crack/gt/009.png,7526EF50971CEAC478074846B5C9AEA9336D5F9260B2C71DCD40C1980BD18619,1128
carrot/test/crack/gt/010.png,F2CDB678CAEE8363D65BE18A897883BD7816CB55C276810F4B57AF1F19401B43,1070
carrot/test/crack/gt/011.png,A58A1F5F61B20E270E2C57C25AD4FC80FADE90092F2BC0FCC4E9012BCA3DCAAC,1078
carrot/test/crack/gt/012.png,1AD2E772B01B55220C493A6323DFFAD7330A77ABA9E5EFE0AF4CC6DE519313F6,1097
carrot/test/crack/gt/013.png,690C0E212FB4A09A74BD78E5D8706C130AF29E470CFE682FFCC10D67DAAE003A,1044
carrot/test/crack/gt/014.png,040C067DD2EA458CB0EA289EBC36168604DAE2613EDC65C0948478DB45BEEC9E,995
carrot/test/crack/gt/015.png,0DE23B2D13C019C5C3B082B36900EABEC45B09F4B53471B9F0EEE6639CFD75DF,1163
carrot/test/crack/gt/016.png,29BA96D71A70D24FE0A4D94B3F0260E3751733BAEF8E2EB9CBCF683378423416,1134
carrot/test/crack/gt/017.png,318C6CBBBA0894D01CBF92229A223AA832DA03F339BD411F5FA7763C13444E1A,1065
carrot/test/crack/gt/018.png,2D8862BBC1AF9D8B80DAFE4234C265BBBFF07851DAD5C1720CFA4E4DA6FC5460,1051
carrot/test/crack/gt/019.png,5E726D88CDDED30C4C5714FE22D3785C7259AAB0E660E9B95D275A78F6D1D533,1077
carrot/test/crack/gt/020.png,D157165A11593C3FE510AAB009EB4806F29F3E4B2F707DAF5CBFC3CA6A698B32,1104
carrot/test/crack/gt/021.png,458629D29179B7A2BA8C2CD4EF169F39AE6E91F6F47CEA327112021DE23DB935,1136
carrot/test/crack/gt/022.png,4CC0966F40DAB18E351DC906790764FB1F78208FF2F873491B485CCE65FADD9A,1022
carrot/test/crack/gt/023.png,1777590C9073FCE33DD886EBEAF8E43670C9CBEEB4A0F59121CAB816F0013228,1075
carrot/test/crack/gt/024.png,2CFEFC160297E9EC1E95CFD54CA17BD51871569CB02CCE00836D2E452BA53749,1070
carrot/test/crack/gt/025.png,439C84E3DE7C254E94110E39817F45FA0B714CF089CE018A91310B7766EF325B,1126
carrot/test/crack/rgb/000.png,A39D122315CB4031435540925F1DF68BA453E7EAE06395E83BCF309808DAD4BE,790937
carrot/test/crack/rgb/001.png,AF8C71396E27CFAE9A76C46A7268A6C0F3E8F933B185B1977CAAED7260717A6C,831938
carrot/test/crack/rgb/002.png,7582CC37C731C0C799F3D25D55CD2CF980351FE151AAF5797AA994636B28CFDB,844503
carrot/test/crack/rgb/003.png,D89DB746A67FBA288D6E9246B1F721AC83AAF41BB396882D39EAF5D3623A03D1,833214
carrot/test/crack/rgb/004.png,6DD1B7BF41E63A5A56CA6EDADFAB410CDE90F241404808C8F5CCAAAA4473C377,831700
carrot/test/crack/rgb/005.png,4FAA648612553A85CE4C0C924B082B5DCDB190E1F81E148422045959F9A33446,834177
carrot/test/crack/rgb/006.png,AB164A53BC323567EF712256C6B3E6F9BABEAE474D10A5D3A6A1CB33B5011C60,834596
carrot/test/crack/rgb/007.png,D8706B20DB632BDC484B3F9E53D0BC8095BA85D6D9EDD05689BCBDF08D01D6B6,829770
carrot/test/crack/rgb/008.png,76BDFAFB239D5CB56B61A2ACF5F5C4B35CD7B442462735E930CFAD1764BAFC34,834746
carrot/test/crack/rgb/009.png,7F8A6F4A089AC9E6B7FD41B8924FFC79C52E94A77D3A3AE6FE3F3DC636CD3786,834334
carrot/test/crack/rgb/010.png,ED881E1F5AABB68F90DF1815DB5DDCF77381BCCF678B15DC8976F41387AD79F8,829967
carrot/test/crack/rgb/011.png,AF19E705974E34981D6FA5F732B75C974E8399FD82CBBFFDB5EC777CECCA2431,830648
carrot/test/crack/rgb/012.png,7AD9D4A2A7D9C390A31862B2CAA2771B1608C9FA72550B8F6B59648219C95648,831805
carrot/test/crack/rgb/013.png,52A24A51B5E2913A0205468C827C40AE0AEA7DF388858686CA5ABA6EB65BCFBB,793569
carrot/test/crack/rgb/014.png,E35E13C3EB519E0526D20E44A396B8839B471906E82612DD29C856D3961CEDA1,792473
carrot/test/crack/rgb/015.png,63C0B1EC474A3A24A4003A5BC17BBA8EB6D2EEDAF7B7C90053364F6CBCE0C534,801544
carrot/test/crack/rgb/016.png,91844DDDE82CEAED057F118779CF30A10AAD6901E39B92DA56C7739CC5652E01,797273
carrot/test/crack/rgb/017.png,428A443BE763DEB8D6751D88EB332F53DE8C962B244F2CAF186B93DAF11ADA47,797403
carrot/test/crack/rgb/018.png,3C9E865CC8D02FC09CEF42294CF9DE8F47DF7E164234F9DB6B41E5F4A9B29171,792748
carrot/test/crack/rgb/019.png,81C771D91D38A1E29811D909BFB331AD1164746189CF195B8DEDC3242AADC3B6,795211
carrot/test/crack/rgb/020.png,1D4B3C189669BA93509428F073E145A2CC28CD397180B8E915A8E5BCE1D9066E,801043
carrot/test/crack/rgb/021.png,F38631D3EB2488B1E74552A107220C67631510D27A9A91E49D8000ED16F97FB4,801867
carrot/test/crack/rgb/022.png,484EE1F3D3BF717C5525F8AF63A68F4FEE7E6A1979EAC2A9E3CC0B6E3A7BFADF,796695
carrot/test/crack/rgb/023.png,4FBCEE4F52191DB3A2C35021D5800869BF283014CA9CD8B991AD49A28CFB2108,797543
carrot/test/crack/rgb/024.png,CC78D0D503A5196633EA92ECE5AAC960E525AB66B1ECFC7B46AF17DA57AE4320,800886
carrot/test/crack/rgb/025.png,5D24A73DC9F27F32D16403B0760277A71EA7BECB6DA068E192DF326466FF187B,797908
carrot/test/crack/xyz/000.tiff,0E843A16851394B27B51963F70C38C3DCD284B2ECFBBFEA8EE6D9571E32C606D,7692914
carrot/test/crack/xyz/001.tiff,8CE3E363AEBBA5A67D7D849D90388A510A1BD6016B4E3A426B20A026F95AAC95,7691438
carrot/test/crack/xyz/002.tiff,64AE7DCED8CB11FE4A106286862005FDC566E489735C4EFD2463283D049C693C,7691488
carrot/test/crack/xyz/003.tiff,9119B749B20AAD6D0050ABF7CD0F8AC1D883F4BA063F3A56D7742768527687EB,7692754
carrot/test/crack/xyz/004.tiff,FACDFE4E0FF537923B11576CFBAE29FD995FE696C8D946FE4BFE88971BC794C8,7692814
carrot/test/crack/xyz/005.tiff,3821BFA682338FED8D751245EC471C875462C020F706C99A66EE9F8FD5A28C35,7693190
carrot/test/crack/xyz/006.tiff,D9F76D28E4A62B4EC93D441F4ED22B057CBA2823AB6ABC6C6F8478F184F76358,7692592
carrot/test/crack/xyz/007.tiff,8D426CE19B05A6A6B4A3AEA5B54F25013A0FA652DF377B41DEA78642F01B82DF,7692940
carrot/test/crack/xyz/008.tiff,EB17D690DD75F0B8807E0C37E0AB366A796A243F7DE7082F662C89E980141FE8,7693108
carrot/test/crack/xyz/009.tiff,131FCCB06D08155163A1F37CCE963AC9C14C34E68A7D9366885165FD00582107,7693004
carrot/test/crack/xyz/010.tiff,B4F737941CB88946D1210976451CB50C1F25F785A26CB5BE4DE9362F78FBE72E,7692492
carrot/test/crack/xyz/011.tiff,90B82E8088B9E88260977B59F91CBED05EDEAF0AC10A982C261C073F06BC7A21,7692786
carrot/test/crack/xyz/012.tiff,A52B2AB11E4939DB45E9BEB2F6205E24EA8741C8B5F3F445DDBBB0FBCE119B0B,7692596
carrot/test/crack/xyz/013.tiff,27EFD0825D193B7AB9E7F47C538785AC342DAF0F0652E25ABB510FD0182E41D9,7693552
carrot/test/crack/xyz/014.tiff,9E145CC8B3BE77A49C18B7C3FAC307B1AA780A29551CF7667C36C72E8A7DEACF,7693374
carrot/test/crack/xyz/015.tiff,1F181F2E646D9E3EBD6E0A0E3C5A16195B71B7911976CA455C369020DCD31259,7693686
carrot/test/crack/xyz/016.tiff,7F0BA23C6400E3BDD9526C4A4929D309CD1F887D746F30FAEE35370CFD48B138,7693352
carrot/test/crack/xyz/017.tiff,C71EAE750E447783EE46F341EC1157575E2825366A81674F039A5C57E629FA2C,7693420
carrot/test/crack/xyz/018.tiff,4B8B6ABCCA628452B913DE117DAE15254C36C17083692DE62FA1C153660501D3,7693534
carrot/test/crack/xyz/019.tiff,E6A6E2808C0E04F806F00ADA6F5E4F42C97A042A4736ACAC26D671FC7439A0EC,7693372
carrot/test/crack/xyz/020.tiff,0F37083107D197F02C974133288242614EBAC94B9E1E8DC6508F3E550BDA9DC8,7693798
carrot/test/crack/xyz/021.tiff,A5C810045DBB289092EC5E10F66BCDC1B3BFF4F8E9BC25351AF69648F084CA22,7693552
carrot/test/crack/xyz/022.tiff,79454486A2C3D50FAFFE8761FB26815DC24AECDE409035712EFE6187307ED4B7,7693784
carrot/test/crack/xyz/023.tiff,D35801CEFBAFA28CEEF8B826860D0788798D840FFA7A5B825AD88BDDC893B609,7693498
carrot/test/crack/xyz/024.tiff,76403C9AEA4DDE1B537984CE730266EDCE82D1143BCD12AED6B9CC3D264E7262,7693510
carrot/test/crack/xyz/025.tiff,156ECDBD676AACAFF6E379B269DCAA2DE5B096B125758BCCE6404833ACA72C03,7693436
carrot/test/cut/gt/000.png,9C4D1AF3E2650D54942114C8345ED57E14EEA5336FC44AEABC3BE4812EB2C300,1057
carrot/test/cut/gt/001.png,64924B6004B916DE67E455E45664056FC1D5C9C06B28DFBE3EE97EDFA1426566,1021
carrot/test/cut/gt/002.png,14773630A1C7C88220A177A43AA4D08C942296896118677D2224AF869AA9F576,1079
carrot/test/cut/gt/003.png,86C1202ADBD9F99A150C631036E6429B88ABF4BA3DC0764C2152D6EF16BF8F88,1091
carrot/test/cut/gt/004.png,FCA86866DF9C14EDE90550C06EEEE5F5C41AF4050A4C982082062294E305854F,968
carrot/test/cut/gt/005.png,B16F4F0A5001AAAC596E481809B001B2698F80E920365C3EC74EF83DC4B0DD7B,1118
carrot/test/cut/gt/006.png,098E41EA91E48E91525B49F850962E3D19BD071C73A71986E3E32D4F6A011578,907
carrot/test/cut/gt/007.png,86630D86DCD49593F29CDCC54E692692CB0BB0879760F420B65B6C0340DEEA88,1035
carrot/test/cut/gt/008.png,84159BC4285E2BF48964E9840DF73A9F75607842CE0ACEDDCFB21F86CC4D6E67,1285
carrot/test/cut/gt/009.png,E4EB4524008EC190A3033C4F8E5ECCC5A7B216023B40F7B08AC5DDE67A2AE25E,997
carrot/test/cut/gt/010.png,5931E6E626B28B8E1557FF68163DF07C620DE6284558528FCA36D11535B31001,1045
carrot/test/cut/gt/011.png,06256B53E322588D06F21949BE1857DA3960094CC3FBB35842323726B350A3AB,1084
carrot/test/cut/gt/012.png,AB8452FA0CBDBD5C32B25BA1AE40A1CABA52239BDD7B40A6E8621512F479BB89,923
carrot/test/cut/gt/013.png,A6F710F7031A835A44A8A276474665D1EF58E5C79E0100EDA1FA72C9E01446F0,1165
carrot/test/cut/gt/014.png,97CBF4DA10049BF6EFEA660A2C41D594E8A32C8FB8077C026298A2A47016750C,1046
carrot/test/cut/gt/015.png,1FA6CD86B283B7F1C1C325C28569D5883A42292CE5D72983B3E8403FC748CB9D,1060
carrot/test/cut/gt/016.png,28E70832846E56D2D481BCFBB54EA68CF02437A9CC198326381A686948D55187,1207
carrot/test/cut/gt/017.png,5FA008577F92FD162BC75ED84AB21F0986890A5BB84676024EABA501CDD86D35,950
carrot/test/cut/gt/018.png,EA9D12480C26F3385BD2B8614FFF6C25691BB6A0D3606D294CFA3507FABC7677,990
carrot/test/cut/gt/019.png,2BD237C6E077FD0F77134A1B891EBEFBA13E5330303D9AF8B051B5ED164632F7,1018
carrot/test/cut/gt/020.png,3C95030BB94D3717DBDBB396A139AE75A6F448787E1CF60E688B3F8BCBAE7617,1084
carrot/test/cut/gt/021.png,FA9F323E2156D0CEBBC5628D8631033EE299E6E655C12C5C97CEF81A1788479B,1062
carrot/test/cut/gt/022.png,7A9A4F761A7436C22812CB787E288AF654A95188C98C2F6E4B0CF8C5DA9BAAC7,1036
carrot/test/cut/gt/023.png,2E64BCEFE7B8C96F3C3D8A7BECEC1BC3468E3F3A9223745257A5BE98B249A222,1096
carrot/test/cut/gt/024.png,EAC763703273A272E7F133CD6C446D2A46A2CF353D8F0938CE8EFE90528B8A4A,977
carrot/test/cut/gt/025.png,903D00A860A8A101A8C63834CF9E48CBC1F0C0743E294260DC2651F5CE424764,1091
carrot/test/cut/rgb/000.png,B1A96EB3C7E00CCE1A0220D30A881DB1813BA3D2606D30B8046FABB9D9E7F8C0,776827
carrot/test/cut/rgb/001.png,53EDC264FABFA132A1481AAFA9C7B6C9D2ACEAA1B462C0785D41592ACCC81DC4,779056
carrot/test/cut/rgb/002.png,A5682A1EA2A4E9933EC4B904C6D81898E9202FBD0F1E98E3F7BD08B24BEF5A2D,777845
carrot/test/cut/rgb/003.png,FCD0FE1D76F9A4DB3D8F9D2129EA3E0D2E503FC14C39AC1C5193BD379A22C236,780448
carrot/test/cut/rgb/004.png,8600FBDA3A1ADE2F060125A4150931AEFDD270DAC1D52BE1E934041D8378FB5C,771875
carrot/test/cut/rgb/005.png,44A98B5A896FF43A8952643D0F2597ECB747B7986DC7CC3F3972957AC2ED2395,780771
carrot/test/cut/rgb/006.png,04902C7A5DF4E65E785D528D780E3AC6880289A73C1000ECDE4F74101C3D5F50,773394
carrot/test/cut/rgb/007.png,574B11CEE77B902D5BC58964E10E9EFB79D8F99EABAF7A00BA225C1632EC5CE4,774311
carrot/test/cut/rgb/008.png,9D4231413F01FB3C90A135030ABA13DCD1724482F89F6E5312AE204786E1ED71,780113
carrot/test/cut/rgb/009.png,E782D6948D61C807CF5E8EA177B88D01E422E9622A1B9E5C079B338D39CB784F,776773
carrot/test/cut/rgb/010.png,E7115BAD464001910DD8CBE482D1269C398721918B4E50A6DD39B9E12568AC23,782152
carrot/test/cut/rgb/011.png,BFC1F095435BCE4D9AF7489176CF207AE490CD7B095B54678CCE5CC54314AC47,778380
carrot/test/cut/rgb/012.png,8D4FA2A7818DE37A77EC78216AC646914C75D5EA7610135D1A3C44A9D5E3C640,779997
carrot/test/cut/rgb/013.png,5B28539355DD906B12220893EAE5E216A27B1896EF68D18EF2B5754BA3F3BC7F,775670
carrot/test/cut/rgb/014.png,E41378B3EBB4E96D3A4CADE8A773B09DC286A8CEA17F60DC31A97B28F2866856,787010
carrot/test/cut/rgb/015.png,87136D05ACD6D8FEEFB74A43A417FC1F2732C7EBDFAF35B954FEAFD07CE6F0C3,781662
carrot/test/cut/rgb/016.png,A48296F50A23658B4BFDE3C058843A08F01DD14EBF72FDFABAB2B7C4FEC87E8E,781731
carrot/test/cut/rgb/017.png,741F4476B5F3BFEA929E77DBCD7CDC7C5F9741F3793F20E15E3D57E4FA0F8FD6,781648
carrot/test/cut/rgb/018.png,3CC20522017C7A1967BCB6DD31BBD98E0DBE89D41035DE15C1CB11C35F9CBC14,788017
carrot/test/cut/rgb/019.png,D5A9E924BC0759038078BABA4E78CFE3B722C6995116EF57DA1C95E35A52E4E2,781537
carrot/test/cut/rgb/020.png,74022F037D1C456C6380283191B6E8E1F468D541085A06D63CA3298FA1B27C1A,784678
carrot/test/cut/rgb/021.png,2F94E2D88AA9F6364433B5E9C3AE59EF14F65DC7775ED7050E57942B0173EA6C,782301
carrot/test/cut/rgb/022.png,960C5C9252FB6B1A6350456CF69DD3A425B750F679B7F2F1253B4ABE517EBA8E,783362
carrot/test/cut/rgb/023.png,2D63C1394FDA6DCCABEE1BCB7C029581CAD345757B069CE7373EC1994AFE0516,782825
carrot/test/cut/rgb/024.png,94F0F4B372E28740D861FF312E58E940FC6BC0B1976D11B95ADE46B49A786C18,782688
carrot/test/cut/rgb/025.png,14C84ED812AF336D335C03FAF9CCA910299D3F1391595C586323D60DBFE62AF7,778574
carrot/test/cut/xyz/000.tiff,14EE7BD9A54AE435066574FE1AA6CC9FB27B5BD2CB6DEDDB9E62312480C7996A,7692652
carrot/test/cut/xyz/001.tiff,6EB5EEBF81CF0E5CF69FBDE02B93C1FF0B1B0A20BC55A9A1E4CA8C94AB38B931,7692348
carrot/test/cut/xyz/002.tiff,F0240884C7DFA5FDCF98972B0C80B4E7B92E561C7A43E481D9B05E8A680726B9,7692426
carrot/test/cut/xyz/003.tiff,3FCA5363AC05ECE4F52959EF7F71E790B4C2227EE0D501E7071C4428B036985A,7694512
carrot/test/cut/xyz/004.tiff,8EC671B47527341965083E33670CAAA5308A3F85EEEA90FC6E5EE96C8C964880,7694678
carrot/test/cut/xyz/005.tiff,59BA18D835FA9954E1B4AAB6CF9BE746FB50EEEC68E874133F6FD66717666C5E,7694334
carrot/test/cut/xyz/006.tiff,ADA8EFFE6C291E3EB4707F09B5BEF30ADA468903BDED49A4AADEE988D94C6485,7693970
carrot/test/cut/xyz/007.tiff,EACB751C0E992529F433DC4FD42C42D16467E9ECA9E3FC97EA9BE4033ED9FC29,7694056
carrot/test/cut/xyz/008.tiff,BAB15CCBCB90F1849B64418240D107C3F80725685CA1D6BEEB19216F52B15AD7,7694476
carrot/test/cut/xyz/009.tiff,2E89EE4F99A60387D3318EEAB1B405E6B939FFCC23173D4AE3D420D08621F27A,7694426
carrot/test/cut/xyz/010.tiff,FA8FFB6F15F8F1234486E913AA188F8648BFB27D536E3AE1061D0E4814719A95,7694248
carrot/test/cut/xyz/011.tiff,8BB93E406C7454DF43EF236CC0A860D6B4BC4A4CAA02DFB9F5414270C076F80B,7694128
carrot/test/cut/xyz/012.tiff,147BFE36C09FFC82C5826CA1E86316126B94E65700EB4772C8F69DA83179F92A,7694356
carrot/test/cut/xyz/013.tiff,5A724AE7D5082B5A3BE7B824983FCD8B31660B221015C3F6D0D6E8724A438C14,7694236
carrot/test/cut/xyz/014.tiff,457609D2B174D4009E035831FBBEBD0F57ECAEBE3DF943FA0AEB2811E91CC28F,7694424
carrot/test/cut/xyz/015.tiff,61FB294B2A312B57CF21286F65D834A179D9576348B03DF591B38A8839FCE4B5,7694082
carrot/test/cut/xyz/016.tiff,EC04C09F6EE1A44AC025E281B0C25FAB9F424973F827DDBB57BE3FFB585D7FCB,7694000
carrot/test/cut/xyz/017.tiff,074DD01763699A4D1237D48E03A2E834DB8239EFB68C715626BB18558F2A7667,7693728
carrot/test/cut/xyz/018.tiff,1EE7AE1A260FE9C25B20E4264990A806A7CA28CFA3A445D6362D3360AC224E12,7694484
carrot/test/cut/xyz/019.tiff,8AD01A80380A524A4FD87C4C216225BABEC52CAA64A063CF7F5B9973AD938962,7694254
carrot/test/cut/xyz/020.tiff,8B7A2215CDF20718F56F5028E415F2654742D55A99F99F1A678B20E5E49FDE0E,7693920
carrot/test/cut/xyz/021.tiff,DEE5AB05D9A30C85CE6CC53C08E95DE827CB54ADCF3469498510E4295B3EF4EA,7694140
carrot/test/cut/xyz/022.tiff,6EC31299B5760FC40F02152626B43621D42A19DB103B5055575C6074FB27AB45,7693884
carrot/test/cut/xyz/023.tiff,306AD891ED4DA836B45CA5F7D7D1AF7ED7A10B5EDC27A36C3409B95298D05A85,7693896
carrot/test/cut/xyz/024.tiff,CC1DA478D473C45AEDDFFCA9148FA80F80E7B075EB0B1F205C0A4C620FEF78C1,7693882
carrot/test/cut/xyz/025.tiff,D2B153108C82CA9D7CE6F8DFC283B3B3D6D9D0453A035AAF8C24FC3114CCEE13,7693866
carrot/test/good/gt/000.png,DC09010D5EF9B31ACDA9D654815834202B38D27A6D667710C2A7059ECAC57A75,757
carrot/test/good/gt/001.png,8EFDF105203FF93D56CEBF31CEEFD28518F9E2326513AD62AF8A5EB9670BD2FF,757
carrot/test/good/gt/002.png,D5FF768826AD25F930F32D4A57F6D689F44E7FBB36DB0AE4DF1F4538C3AB9E0E,757
carrot/test/good/gt/003.png,C5A38B1932A1368B360A7E9F710B7DD8E788D3E08A6A842C837E1FDFB66F0FBB,757
carrot/test/good/gt/004.png,64246D2229EA52578168DCD4A502967FCF42A1F7FDD54FDC0894EE2F75C18127,757
carrot/test/good/gt/005.png,3C600A245DAE863FCEE88233C40ECD692A20D3845C92DDDC551A893148A8691A,757
carrot/test/good/gt/006.png,0B3EF463FB474FD8CA0DBCEAA9B18C9A88CD2053167DC60A35779F6BC3E5D9D0,757
carrot/test/good/gt/007.png,DEC221B6FA385811EF551AA9139302941E61E32A63A0FED6D1EAA7FA5F6B5FEE,757
carrot/test/good/gt/008.png,6F58AA0F3D9EA4FD87A708A82848C011F8B4F051E3F5A548753024B2FB891BCA,757
carrot/test/good/gt/009.png,5D031E4B48F0B924103D47199DF91BC4A74196876C6C0FA2023B62649C1A5617,757
carrot/test/good/gt/010.png,B86B3EC89696237C4EA75F249E9D024E1817ABAD2006D21408FAD946DDA5C999,757
carrot/test/good/gt/011.png,5F45BEECDB160E61A9E65D480C6D87839AB887323C084BE34101A5AB57B19CC5,757
carrot/test/good/gt/012.png,1F9E1F590A8697611F4DC7980471D2251403C15F87CCCD5516A83646E5D79DDC,757
carrot/test/good/gt/013.png,853F697C34F6E7200A182F42E5C743F3DC9066F869A9ED43F30550707BA1A129,757
carrot/test/good/gt/014.png,D19603CB2FF496AA3929C9B0DE8A8C2F106EE4D7F9C2EB899E82E86A1104F936,757
carrot/test/good/gt/015.png,97D37769A09D70BBC34F6EAD5A651A11996047E782265630CA9DFEE0251A9792,757
carrot/test/good/gt/016.png,EAD687606167AA678B8E3C7AB4F71B1A07A15C0EB164C60A1F06E8A0B4915102,757
carrot/test/good/gt/017.png,EAD687606167AA678B8E3C7AB4F71B1A07A15C0EB164C60A1F06E8A0B4915102,757
carrot/test/good/gt/018.png,9B1567FD783668A4A0CDC58A05546C271FD2DDCA512A0B964EA23A76B3953175,757
carrot/test/good/gt/019.png,64A4C05AF1E6BB0846A277AAACBFD12C156E38BE0266680DE9C94BCE26C0583C,757
carrot/test/good/gt/020.png,6ABF13F750804281B6A52C971817844C85162BBF08EFBF3910BC44AD0BC5F620,757
carrot/test/good/gt/021.png,AA1C221FD0DE26425D4EDA8332F23F50D4ABE12DE0464ADEEEAEEFA065FDE717,757
carrot/test/good/gt/022.png,765FDFFB52905B84FA8DBC3A19C434457F7B53DD0482B3723E4866EF5D20ED06,757
carrot/test/good/gt/023.png,979AAFCF5724FB0463A227C7BD3619E6A4C47A17680BA494BE9DA8E24DF5E6D2,757
carrot/test/good/gt/024.png,C2E83F40FFD6127E9B3C79E1DE36C04DB815294D526D72B3DAC0116029890666,757
carrot/test/good/gt/025.png,968A9F3883E758F66AD7DF00F49F1C38716005BFBCCFABF85FC605B497C4B52F,757
carrot/test/good/gt/026.png,1A9ED481DFC1A3F6F36D94BE6A8F4782DDEFC81ACB73F19271AB7534B3384154,757
carrot/test/good/rgb/000.png,4FE02E777E4B42156B88F4219B2F8F15BE7C4A740C12F871054D98EC8E553738,799577
carrot/test/good/rgb/001.png,4FA19D72974CF426683E08C7E5B1ABF9E232B9DC7217589C45607E9F85484B2B,800048
carrot/test/good/rgb/002.png,E24BED1A9A8B9BADE022AAE662A5796A8F4771335F68EA0B9E9494ED716CD4C6,793292
carrot/test/good/rgb/003.png,5A01BE9F2083BB136FD47BA1F497881A4B1B196AD4B7F2B2B9E818CA3DBCC4AC,795794
carrot/test/good/rgb/004.png,46B1137BDD3DC6D3601B668BC46E16D3A5A64F2FCA8FBCF5E82A15A67D2838F3,793420
carrot/test/good/rgb/005.png,EAD35EFD2815468D8970978A77B6C74B7DA8EF26ACAE7EC57F77CDCA44AD504A,794249
carrot/test/good/rgb/006.png,64D76136541F3BBE33D42E6BAC16A5ADCF5F310F269BE9F9A4BD3E1B22E85A4B,799752
carrot/test/good/rgb/007.png,4078F3CA167BDD9E1C739F7E85869C8D427DFFB33304C552DFBE33E08261B87F,791784
carrot/test/good/rgb/008.png,A799C5F14D25D7DBDFAE5FEA0A7BA8DC00516008F56D61B08631832DDA797897,789202
carrot/test/good/rgb/009.png,3F4C8A019EB56C99FABE528FB0EFD13E7ADC14AE236CCE2E89676E99D4061778,792691
carrot/test/good/rgb/010.png,059282AFBB50902171BA92A2F9BFD48C281B6DD71B478A44DF63F87A63BD2E09,787711
carrot/test/good/rgb/011.png,17138D7928298048089FD364B5609E0F280C27E1C39D3149A196414444327D42,784701
carrot/test/good/rgb/012.png,68F7F5324C61FB7FB700EF47F8C5EAB10E920C3EA1DC36F8286587673D37A590,789378
carrot/test/good/rgb/013.png,88F0881E66EF110D95CE954A6D72BEC983D1DA45925D78F195BF5DB9F3B6A92A,785834
carrot/test/good/rgb/014.png,8C8DAE9F0ABDB88F9CF34A6A5844D34ED60B4AD5D66C2D53985F91B3FE7EE44A,753951
carrot/test/good/rgb/015.png,CDB758A780FACFC7E116C9658A701E493B7B0C7EDD644E5D90AA15DA6932453A,754163
carrot/test/good/rgb/016.png,C6B583B3C834C2D741F795CAC230B63C3EC5ADC0A670A870AD25098F38FFF6D3,757234
carrot/test/good/rgb/017.png,941F3C7C51F46CEBAA7233A0C3458F48ED6D97500A5B3D13EBA1E199C13509E2,757053
carrot/test/good/rgb/018.png,E40E1FA5EC15E3BD4F131FCA842ABE68A209FEABBA1769EF8132D7665D72C164,758121
carrot/test/good/rgb/019.png,892AE27E29D0927FD9650C6501F6F956BFA6EBD417E4B4CA8D1E34B9B40D745E,754791
carrot/test/good/rgb/020.png,ACEE85C830410BA528308C99549A7FF2E0A51985B7CD95FB259623E8FBF960C0,751840
carrot/test/good/rgb/021.png,1D71E68AE432E215C634E34C9BFA232A09D93653BE46151654AF1D4E51725C5A,752897
carrot/test/good/rgb/022.png,0D162EF42A6ADAC0257B1842732789182884683084597DE3CC391E133E6F8ED9,760849
carrot/test/good/rgb/023.png,A6BA636AD0B8D68103FFADA8BEC2F845EC6D2FE6974F59366797B6F17AB13B73,753559
carrot/test/good/rgb/024.png,8EA7FABC55B215D7CBA495CABB6C6DD15FA280FE78C74F7772AE8EB8716528CA,763282
carrot/test/good/rgb/025.png,A9BBDD0FBAB24B3B13F147A3227A6426E6A305EC50804B119C966DC82CFC9BBF,755684
carrot/test/good/rgb/026.png,4D84EDF231A18C3A216BBC2D10DC920A4BB0F1ADCB20F76C8971C052D0DB8CD6,754795
carrot/test/good/xyz/000.tiff,EFDAE4B1A9B578D009AC90B4842A5C86AE3D97E72B164CF501DC207089146944,7692840
carrot/test/good/xyz/001.tiff,D2BB30DE9B2A44E94C99FAC542273E7F1974C889D99358AD3E612FFEC9618892,7692624
carrot/test/good/xyz/002.tiff,312960A7D69502B5A0577ECFAA6576B74F25EA5DF7821DE0AE3A9BC3DAB66D36,7692320
carrot/test/good/xyz/003.tiff,828C6AD07C4FE94577675C78C9062B3969A2A657FDA10F2F312FAD1B4E5EF6BE,7694458
carrot/test/good/xyz/004.tiff,BBA8B8380D14C0C71D4BAB9F2FD732C5D5C0D5D97A03B4365F7D08316250EE41,7693994
carrot/test/good/xyz/005.tiff,B33A478E91C50853AE993CE8CA316852A4E078763023504AB2317739F8967C5E,7694130
carrot/test/good/xyz/006.tiff,7A22EF5904C9CF30A574BAA228337C3E08FD5770C4031553FF59F5C6A10E89E6,7694372
carrot/test/good/xyz/007.tiff,29A84FF819DB976E154111BB08611F49211CB5AF0E5FF071D548E5C023B78B7E,7693792
carrot/test/good/xyz/008.tiff,2FAFD0F5C3DCB0421B6B32C8E53E53AFBF17D51F4C520FEDE4D2D0B0C7D9D946,7693788
carrot/test/good/xyz/009.tiff,0871F0709EB0DA3BFD4812102B1C91393569DFBDB4D7FC98233AA3357847E5C7,7693828
carrot/test/good/xyz/010.tiff,60901CCD69E9CFC767250A1AA37B7241686E5D7A6122BF082BF7B3BCB58E220A,7693722
carrot/test/good/xyz/011.tiff,3C7EA01D3EC97A6AB2C1A96F1ED9E1A6E06B0BA4BA1DB2B8874BD2A4BCF84E89,7693524
carrot/test/good/xyz/012.tiff,B690A09EB7C3A97993F2EAE7F5CA7797AA32BF8EC476E4C23F117C209EC3AE70,7693766
carrot/test/good/xyz/013.tiff,6B61F807FD0EBBAC7F64A552A4BA26EEECAA3FC79EC8CB35397F8600FD167FF2,7693830
carrot/test/good/xyz/014.tiff,EA27D9A2384859A3AB4BD39B6124761D9CDCC57B2BBE0A50D6064A3717BF67D0,7694412
carrot/test/good/xyz/015.tiff,6E68BDD896B4E77D61AF0ECCF5844D9EC436B8C635EBF96459908857A63F8B5F,7694152
carrot/test/good/xyz/016.tiff,0702EDADDF4B19DCC3511354521417E3745516E0758AC36D8C5EE14FD4E0BB35,7694790
carrot/test/good/xyz/017.tiff,EE5EEF7E61C65CDBB2EFB9682022B1E4FBD5DC1E4C34F876BB8F678346B6C5D0,7695176
carrot/test/good/xyz/018.tiff,9125A47FE5300562470F4CE1B45D7CB98DB80FE2545CF2FC9976D24DE4AFE549,7695130
carrot/test/good/xyz/019.tiff,8273BF2243A148C6BA7D60DF352A1074631AE275E555B402D92458E8015AFC02,7694480
carrot/test/good/xyz/020.tiff,070BC5B92E646E2B3F52B84562BDE8775EBF5854E0A3A8AF6F888D7EA626D7BF,7694644
carrot/test/good/xyz/021.tiff,DA17A05BFF29FBD688C67AC46B4BD48352080A9E08C537863D0D95B5FAAC3B60,7694888
carrot/test/good/xyz/022.tiff,9A8995473EF55213BF5B6F4CED741216B2AF7C499985FA2AC803C7F23615BE58,7695128
carrot/test/good/xyz/023.tiff,B251EA752BDB2C224B9FE7377C443C34375A430C3E0B0D6A16AC1D2A8DF5C4A0,7694594
carrot/test/good/xyz/024.tiff,F591CBFFB915C383972695308BB0ECFFB22BA37579FEDC6ABE598FB53EFCA30E,7694900
carrot/test/good/xyz/025.tiff,996B87E68B69D075F91B88377C70430DCFC00B9F1A50B768328876DEE874656B,7694778
carrot/test/good/xyz/026.tiff,B853AFFDDF8A9D041CBDF4FB68A5F147F1118FE8B146E719A9676E463B9E494E,7694674
carrot/test/hole/gt/000.png,B5534F1FA91ABDB4133BA986AEF757AF24CC9DE756EF1BA3BDCAC7ED7A364F32,942
carrot/test/hole/gt/001.png,CF7EE534ED3812373EB46FA93CBD718F004A0036F91E9528B9D09A875F4D5199,906
carrot/test/hole/gt/002.png,3461B08A9490CEF4B235A2C9F68DEE237F33A0917880AA25C2C86AB355314EF9,896
carrot/test/hole/gt/003.png,8C8311BA11BBBFF5A7B7E8F6848B131DBF9EA0E178BE495C1DC6D56FC7EA634E,891
carrot/test/hole/gt/004.png,27E9410B29146FD96D03F65EF9C98DF6EF9116FC45A62B9DA9B31CAACF5B7D4B,875
carrot/test/hole/gt/005.png,AA25370992E5DAE9F642EE40BA37CD1622BB8B7A7ADE53BECF2A8230EFBEBE9C,874
carrot/test/hole/gt/006.png,3E0EBFBC211C05FC718A07A2DEAB2F5757F190D13AEA4019ED2BFB933075AF57,933
carrot/test/hole/gt/007.png,50E30EF60D95769C02276BFC018795B810F64D445399140DFCCC9D3246497623,911
carrot/test/hole/gt/008.png,3972EA37BE9BDFC1EA305B514B0FE40189183991E94D1A9B5362A7FE07F473A7,925
carrot/test/hole/gt/009.png,AFFC07A62C62EA7C75830AE0908F199D69F01D1543AE63C565219FFB138B7FC9,903
carrot/test/hole/gt/010.png,A0378CB2B0B7C6DC8499BB74645360A15C664E6C7E1D0C71265A26570C19A199,885
carrot/test/hole/gt/011.png,65AAA3FC97569CA72BCB8A5AD5DC2DAAF764CCFC2AB1C719B4DA68E2AF2198F2,899
carrot/test/hole/gt/012.png,78EC82745E31D9BDE5079101A6C74D0CA4F4482B6AB70172773292380D4EC582,931
carrot/test/hole/gt/013.png,7E98E4BA3D904FFADEC1E841FE42B43C334568CDA67C2D2C0C3EE1DEBAC14DC8,951
carrot/test/hole/gt/014.png,1169112A2D4AE91596EDAFA7C3F4EA289DC38A8AE67566425F2E14BA66FD0547,901
carrot/test/hole/gt/015.png,857E4C802DF542EF0852D636B7F3395BEB055F8EE0B30B59BF2B6F3E9224021D,881
carrot/test/hole/gt/016.png,93211C5AFD9C914D2D9674BAC51FBF3C65C1C523F09715E2E84C1C06FC526141,869
carrot/test/hole/gt/017.png,74B764DF168DD4AEE095856D880D54ABE0E5676EBA18D03C2B54BA30F0EB8B69,915
carrot/test/hole/gt/018.png,628F4493EF4A28DDD608CE157DF233327686D5EFDC700C3E1EFB3B3966232071,943
carrot/test/hole/gt/019.png,0A861C5DAD25BDE5E0AFD7FF785F44A27DC63B773CB130C53250D25D634327BB,937
carrot/test/hole/gt/020.png,3741A5B87CBC90E64CA90D443FE6BE1F62ACE131A5A3B4FBEC39D067AB9795EE,911
carrot/test/hole/gt/021.png,C9E6D0B80204F410F262C8AF000CAF162D9532A99710013509223EA991DD8DB7,966
carrot/test/hole/gt/022.png,A4765440EC7E90C6CDDCCB1FC49C24C35E88543E6F9DDEF33A4B0B6BECE4FB04,929
carrot/test/hole/gt/023.png,7B4D12F21F8561D54B1AC81943C3439023CD4922C72790A6401FBCE93150BA55,907
carrot/test/hole/gt/024.png,638AE60BDD6DE4E66C143BC52DA40630183F7C92CDF573CE28F1E37E50B04C33,872
carrot/test/hole/gt/025.png,509DC8DDB57F91F0EFD6BE88CC9AE8B1CDC19D0FD414C3E4A977554F3B650821,903
carrot/test/hole/rgb/000.png,D5C350F7DB76E10DF79935DC856E68227A7B8A9B09ACA6963A7755289BAACB55,734659
carrot/test/hole/rgb/001.png,7B6DA9CB740C39D2B7F0D023140B1F485A81A0C7C4A613C2DA86E79BE7E4CFCB,734881
carrot/test/hole/rgb/002.png,8B0CF615AADFBEDAB783751B4CA913399C1A1BF4A88B2D4D431B8365AEA49F2A,737228
carrot/test/hole/rgb/003.png,5897A6318BD965F857A0FF579A0668B3B73CA01710A2BED4AA4C36E883CFE89C,734979
carrot/test/hole/rgb/004.png,6AFCC3053DD0A431B44772A67A3625286FC829D17072EFE4B6F6C9A0F2125B7C,733579
carrot/test/hole/rgb/005.png,7BFCE065489FF47BEFF49D036F0B9450E067585C85E20804CC47310F45153A83,735214
carrot/test/hole/rgb/006.png,AFE2C4F16A67979981FD757DA96FC620BCC9D23B1E1AB3242D283C7D5ECBCFCA,730399
carrot/test/hole/rgb/007.png,92D17C605AF043DB82F84B2EA63FDF747FA0147A97EE8E8799B2F429FB9F5AF5,728865
carrot/test/hole/rgb/008.png,D28EE2664340FD79B07518A9EB643CFF52E695FDD936ECC21593EEC16EF720E2,730812
carrot/test/hole/rgb/009.png,6875E2B9E8C789A10336EDC523DABCEC310E7D615E09877A538A9692B91EB3DE,730035
carrot/test/hole/rgb/010.png,67080140C9B870BA512CF379EB860BBF276B4035E63B4029988277E2EBBC3C7F,735072
carrot/test/hole/rgb/011.png,AA9E45EE9A8FE44E19955D9E509A84A4E71205D0E14F7670459924FB0E4D55E3,736534
carrot/test/hole/rgb/012.png,64AC2F4696384FC7AA071211E30664356CD024E2D90663803057716423EAFE79,728719
carrot/test/hole/rgb/013.png,6714152E8E1336FBCBB3E5A5DF0C668B8F5E199AD28EFA3A45FFE017CA559D9C,741470
carrot/test/hole/rgb/014.png,FADE2F7100082A10AD065C58A54A9FEEDA16F2A67D4BD7EDF5CEDCF5C45A5F15,744588
carrot/test/hole/rgb/015.png,9C6B8DBDA1C976EC93C5F58FECE4C0ED87565816D029DF08196A09B2148B5892,744210
carrot/test/hole/rgb/016.png,54D211DE7327D7FAFAA9E6E77B82E9CB5C81AA15E3D69719F6382AEB8F8D221E,743420
carrot/test/hole/rgb/017.png,2A0013E7184752B948DEA9ED47D60BCE6FAAAA7A42ABEE2EB63A3EBA74997D11,743574
carrot/test/hole/rgb/018.png,581F8C0C1BAE5A47F48B8C0749AC5BD004AED1BF0F9B0B31DD652F88378EF085,746105
carrot/test/hole/rgb/019.png,B9686D609613065CFBFF039C6D8D02A3757AC4225F582A20F1D4215DC7D35958,743206
carrot/test/hole/rgb/020.png,DFDEB70B24C6252AABC6F1BE05E4DACA8F5FA804D73C6B824A4B69DBC83C6BCD,743145
carrot/test/hole/rgb/021.png,09E4CE9A468D44EC4E75F01BA25CFD2896820317B2280386AA420580F44EB4C0,742913
carrot/test/hole/rgb/022.png,A4320E413540AC041236050420D1D4FCE2497B53AF61325F4CF230F522B90C7F,743529
carrot/test/hole/rgb/023.png,3D7E859263B05AF68879F8B5771AE308F54EFF6DB688034F567484D1BE072106,750189
carrot/test/hole/rgb/024.png,D879B02DBE763918B17C0C116AA064742712525E47AF745F171F74316E1D2093,742524
carrot/test/hole/rgb/025.png,ACF61F991D7127995250ED635E35434A1B2AD1763ECF0EBA73862E1921637279,747753
carrot/test/hole/xyz/000.tiff,F626662CBEE2DE7FFD32D55E30C60A833B04542BB9395ACF25B859E5CF39FE2B,7694012
carrot/test/hole/xyz/001.tiff,C3BDE174602681E83BF025BD321ADBAE4B4C3BD1F6BF71FE202C3E2A7FC3F61F,7694034
carrot/test/hole/xyz/002.tiff,36627147820CEB6CFDA31592B03D9CCF1D5B8DDE660DA9C07976B1C0BA1CCDD8,7693898
carrot/test/hole/xyz/003.tiff,059BC7707E77662C1677CF40BE261059659C2F4610BDECB3ACD6BFA6C9DB0AF0,7695606
carrot/test/hole/xyz/004.tiff,1B774D2392081FBFE0911AD637AF507C5D58E0EBE2BD92763F333E705162A310,7695722
carrot/test/hole/xyz/005.tiff,A52814A9F397FA153175C422544DEF95F1C516BDBC6860877A7D5F5C31AB7099,7695628
carrot/test/hole/xyz/006.tiff,DF9A4D3B6E5A0561FD4C1860474671069D661F8BE8EB8334B76A7973336DA1C3,7695668
carrot/test/hole/xyz/007.tiff,92541E8E223CD94EF6A96975A8962B0B0EA3456B610B1C97126EFB45FD10F082,7695418
carrot/test/hole/xyz/008.tiff,B1B604DDB3AEFB19C1EDAB6A03577D12CD572E899063C260E0DB9FCD25E51E33,7695572
carrot/test/hole/xyz/009.tiff,A64449CDE7B8C0DEB7D9CF3798EB9A91FA046B0C1000598884B98CB71AEC37A6,7695668
carrot/test/hole/xyz/010.tiff,74FFD274B0B7DCD1B3ED14745BC4C82EFC35662C2B0F289E268D31846465B1FC,7695792
carrot/test/hole/xyz/011.tiff,183DA4D1EE53AB1CE098A9F47BDD4B782161688F5F2A789E7388D74DB778634E,7696062
carrot/test/hole/xyz/012.tiff,2B90DB1B075F4409308F6FA53DF208E0447C6580801F2C97947CF003542AA7FC,7695358
carrot/test/hole/xyz/013.tiff,AE11C212288443E4227A7FDB7E6BFD81B935B2B8A60CE5606126107CE971315C,7695218
carrot/test/hole/xyz/014.tiff,F123A81799A290C73D53BEBAE2E7F0501FD6AB36437DC48082107591A190A0F4,7695440
carrot/test/hole/xyz/015.tiff,ECE929A864A47816AE762F53B06F8FA4629C1C08388CE5C21DE1644A8E7A3972,7695526
carrot/test/hole/xyz/016.tiff,D632FBF1BD150CACB473D08C518B9AC044CDA386F06C6B330FDEAFB64BE26836,7695444
carrot/test/hole/xyz/017.tiff,FF3F3E5869CDB1B69238B0D128CF49FD59A3111E86C6CA08C771505C99814933,7694738
carrot/test/hole/xyz/018.tiff,E2AB66110EBEE073A0731BC3FE5EDEC5D212B74AF9F14D46C7C6330D0AE5E00F,7695226
carrot/test/hole/xyz/019.tiff,6B533588D7DD9AA97795E7F302A70213D73E1892CA374615F389FE7E48EC985B,7695110
carrot/test/hole/xyz/020.tiff,F80FBFEBD4B73930DC15E76FC5B4C91A10B7BD99145F906A29A5934D57A6116C,7695264
carrot/test/hole/xyz/021.tiff,2323A010952E03ABF4C8B14DE687BEBF8BEB4691BFC4BCA465647A5EE14D226A,7695198
carrot/test/hole/xyz/022.tiff,38561640F845F714DAA82ECBFFABFBFD021360AAC8724416210E4154B08DCCE1,7695026
carrot/test/hole/xyz/023.tiff,C8DE260E0AB82555CA1CD541AAA23EEB702F59D44A198D411EDE66353318E5BD,7695492
carrot/test/hole/xyz/024.tiff,56C87143E361524080C4664E0636070621E8750260790D7831E8BF6D9F7FF853,7695232
carrot/test/hole/xyz/025.tiff,0DEFE3A901D2AC8DFD887868BF463A9F0A0F680926BBAD76AA39A261627B5D44,7695066
carrot/train/good/rgb/000.png,F27BC80FC8AE2E989EF42D940307EC82054E7FA6B77A9D13658877448064A2D9,791172
carrot/train/good/rgb/001.png,CD6CB428A09D0947CBA6026B242308341102A742869141DFD27168B8453A0F6B,793608
carrot/train/good/rgb/002.png,F973E20A0B5BB303BF01E1C9B2BD69152AB72E2DEE04A7F9DCCC1411FAF086BC,792372
carrot/train/good/rgb/003.png,3DD89A180AD3ECDFA525AAB1F10D78017B1DDF11CEEDFF3A16502300924D7F62,797390
carrot/train/good/rgb/004.png,5DC22E2C06BBD99EA5B1E60B6F5B54716D240B0C95F8F70F89C11D63EDC06500,792590
carrot/train/good/rgb/005.png,1EEEA78F4F5B4A911879BEE3C394C97D8A543466F808EC4754846AB9A86714BC,792813
carrot/train/good/rgb/006.png,201D2F2A35B3F106B1DBB2E700ECCE2664332E9D37661935A5933399C87EB7DF,792731
carrot/train/good/rgb/007.png,A68F15A1F40C0EFA81F7C7AC9F93928CDE022A8A89D514FF9C40BE413493435A,796918
carrot/train/good/rgb/008.png,9B70392DD5C9075CDA0FA4483DEB4A7DF327B51E57CD93EC55BF8DF48F7C670A,792583
carrot/train/good/rgb/009.png,A43580B574F8048A4EFEE2B9E5D450EFDDC2C2E66E8C571ABA7F04D13B1252F3,789604
carrot/train/good/rgb/010.png,EFF8E47BB78D1DF2FAE636322395B47CB30BFA1093AF08F8AC9D6595AAA3CE2A,794590
carrot/train/good/rgb/011.png,AE4DC5C4659BCC724454D60FD3154DBF970B4DD7305420FD6BBCB0E7B3E502DD,789585
carrot/train/good/rgb/012.png,08120BE55CD8681EF69AC3C5219A8F952AF38D9FD370920EDB009E498168A6B5,785269
carrot/train/good/rgb/013.png,8F0A23E87EB6CFBD47BF4D67DABD1D8C6C46A1573DE2C89BAE717D153F1A46A0,784366
carrot/train/good/rgb/014.png,3BB2BC5DF9E6EBA96A6FA5A50685ECF6E70BF4A45669EC54D77BB21AD122559F,790908
carrot/train/good/rgb/015.png,C447094366EFE56EA399564DED4DC39609551C7FE235724C91FAE25626782C35,792832
carrot/train/good/rgb/016.png,0006F982CF68A11AC2F94013009369450DC61ABE7D90D8F15B265EFC3FDE22AA,790615
carrot/train/good/rgb/017.png,C90BB32C189EB46E8EF1F474EEAE44B70E0547225B7E1043756DFE787AF664B7,790661
carrot/train/good/rgb/018.png,CDD363729C80A83DBC11B6BE966AA3B463FCD352EFC0D76529CAB5043A591419,790100
carrot/train/good/rgb/019.png,C08A7BD5A500F5F4DD03EABF8E5A04FB208D39147760F66EAA32EF87C6E3EEAC,790049
carrot/train/good/rgb/020.png,C5F528707A5C4CF2AC092BE467200F14B0AA1D8E400A9CC21A1A27A2C2D96247,793981
carrot/train/good/rgb/021.png,9ACA950B65ACF29C0EFF5251277BE6877587B43CFEA74681C4F07555E383CDBE,792118
carrot/train/good/rgb/022.png,2DAFC77A75DFB512F830F340A4A57551A0C03A6B358012EBFEA467D0640F0B23,789322
carrot/train/good/rgb/023.png,5EED742B6DA77ADD86DC0AD0D9D5998ADB931CCCDC11013FC48A01D9174D0400,788906
carrot/train/good/rgb/024.png,DDF5E094D418DDCC67DA33EF28204281331E9DBC94042DF80E6FE91895566F8A,786251
carrot/train/good/rgb/025.png,723221F1A783687D30091187F32B5E990533FDF2D0F864AB5E02EAF43F42B800,788856
carrot/train/good/rgb/026.png,12D047D7CA6D9CEAA8ED3E7BE8571C307156D84D3485D716176CCBE512154DAF,787944
carrot/train/good/rgb/027.png,5A37503E0BC44746C2DC5320439E4017DEBC47213EB90FF879EB26A4D7F216EC,793975
carrot/train/good/rgb/028.png,E26090F5F0ED0CFE9B291A25B4C8F9A00B313351DE9E4ED4610EBB0542F9778C,788957
carrot/train/good/rgb/029.png,855300EBA9F9C55F490F24209C17C96022F6BBDCC3520F0DD7C28ACB141E5FEE,790281
carrot/train/good/rgb/030.png,2015F52D531A4471D91450515CEC190519EC3929B971727737D6CF1732FD4054,793024
carrot/train/good/rgb/031.png,9394D30299AB99A3CBCB6DB8FC9BBB1196E87E364146D566006F0FD8A1E62FC2,791303
carrot/train/good/rgb/032.png,3AE2059A74FC1FD3A66387189141BECED9A0E928BC593976CD82D1DCB8FEE46E,787912
carrot/train/good/rgb/033.png,C1BA482058CF2D83F81384FFA17FB7F0BE1CE9D4D4652489FC0712F5A42E3D10,792062
carrot/train/good/rgb/034.png,9973818C5CE76B82952118A7177F73568C9986D5F3A784ABC099CDF21A23C83D,791038
carrot/train/good/rgb/035.png,CF2081A41E950D1FE9E6F585C16BD0015671DD5E19CCE020A05C2688B92F0D25,789417
carrot/train/good/rgb/036.png,034E421371F8AD4192B9EF9F6B132C3715D16DE1E7DB48D66DD1DEA14E5E960B,789468
carrot/train/good/rgb/037.png,244B6FD161968C8FCB018BFA76C129E643CFC4E2F53343B7740A2043DE687615,791074
carrot/train/good/rgb/038.png,853CC8EB0F31CA773E108D40D445A3CD36560C11130BAF16A81756B1D338F13A,790432
carrot/train/good/rgb/039.png,33556DA208F4190F9955E1170EBD39AB13F6F25CCF4E799740B8C633C5785780,791367
carrot/train/good/rgb/040.png,49853E1236ABB37B019757603A3BAE7D74A4469DC888DA38E658719D5745FD8D,788773
carrot/train/good/rgb/041.png,C58CB5EE2C3BFBB0C99948458156536205D056C52C26377FE2A22E6943C15308,792821
carrot/train/good/rgb/042.png,056EEDAD4DE0CFA731CCA6995037305557A22120E5818E1CEC65117CA931D08A,791594
carrot/train/good/rgb/043.png,3135CC4B2C17EBB0848FF8E5BDAEB2BC96EF7567DC603E7E3835F2944F9B161B,783676
carrot/train/good/rgb/044.png,92AD26459D3AD47AEE24496625F6C5EDDF92E566BA48262F5651EBDE8312BEF3,787415
carrot/train/good/rgb/045.png,E24AFC68DB630DD9DF61D9994E21F6B001ACE1D13565AAC2814012553F2E0995,791778
carrot/train/good/rgb/046.png,B5E5E7487DC00FAE51DD1A25438196D59A6C93CDFB92A46D430F98D6A366DA5A,789005
carrot/train/good/rgb/047.png,3FAC4FFF855E115D1F40472F810E04A8C1261103EE525CE49446EFF70A38CA58,787708
carrot/train/good/rgb/048.png,A9D9004ADDCDF168E430CF7E77F4699DC0065C7B63E0EAFEAC08B03336F2BBF4,783870
carrot/train/good/rgb/049.png,CF8B90E36A19BEA490AAF05212BA74F4C62AB089B312F0578456DC034868C814,790877
carrot/train/good/rgb/050.png,B99918779578A3BF7FC5DCDF6010F6BE4A2DA86B81CC7A299DD50F71256E8656,790828
carrot/train/good/rgb/051.png,65CFB55BC661ABF9528B7261A72F1541618832EEF5DD80134EA0BD5DB20A1704,793082
carrot/train/good/rgb/052.png,D3E6AB014009DAE78AE44D2061C3C1548997C8B021471F48F157DDEA269BD3E0,789308
carrot/train/good/rgb/053.png,09A05249C102BC7389266BFFB10B6013738A377289D9F44BA8B2271D2A5A46C6,792567
carrot/train/good/rgb/054.png,402B6E2BA66FEADA26D57922888307C4AD957327B64B9CA2D1F65C7813308C0C,789624
carrot/train/good/rgb/055.png,57197C610001EA245E6F06BF28557280B312C8EF4C8F490CC19C9064A517B48D,788770
carrot/train/good/rgb/056.png,D2E34079F0CDEB1C4157DD6265206EB215668F5A99E6059C2FBBCB5660070B6C,787263
carrot/train/good/rgb/057.png,827D0192DD56E74F17804E96C02E414DF580AF81E47F7A20B9477173C28DFC11,786647
carrot/train/good/rgb/058.png,A55DB87B4524DBD3316824D77B12EF7C8765B59062DB5B093923E1A6588056B7,792410
carrot/train/good/rgb/059.png,E831A6A3E09AF67F5A2F1C6BEA9B2643111E2F3629D2C301615F5BDDA95C1A5F,786871
carrot/train/good/rgb/060.png,3627360A02B109428CCC3852DDF8DEC9762CE01AE248EFB8DB300430CC74B2D0,790329
carrot/train/good/rgb/061.png,C6D1C137D8C7BB5E3C520C4747ED4BB584ED14568C2E32C8360E79A7C5A8A0EE,789685
carrot/train/good/rgb/062.png,FE10BE8D163E934DD5F48CC0C2B9C14CC10B07E9225363F15B407B8A00E5B232,788491
carrot/train/good/rgb/063.png,BB7330A8039C358E0B6ACAE9082E311BF50412B50C81FDC3ED3681E66F30E8A3,790961
carrot/train/good/rgb/064.png,DB1014075F2E6DAC14D3C66BCABB10586DF617BB3361A279B5506436F8B95781,786476
carrot/train/good/rgb/065.png,F74AC626C878536C8D4929E3F83C6A09B2A6FD694BADA262CD4E7CD360A357BC,787199
carrot/train/good/rgb/066.png,9A844329A5DC0120B7E43A7420F90118363E7843C88AE29B8E4A46BE9ACB8C9E,791836
carrot/train/good/rgb/067.png,AD20C17EFAAE6E230600748FBCD5B097AF17FF01C097E273DCED355E12EE185C,786987
carrot/train/good/rgb/068.png,531584DEA0104647993A61C339A42332B41B9B066638A68649B5FD30B23D506A,784530
carrot/train/good/rgb/069.png,8FABDB9E04E1E88DD4CE93E1795ADF9907B354AD7C9EF6DC966949B69D11F0E7,789730
carrot/train/good/rgb/070.png,72F86DD98393E9F1C0929ECB1F20FDB022E2DCF273A58005F658F7D790139B2A,790712
carrot/train/good/rgb/071.png,8DFFAC7CB2985265CDE57BFBD9B4F40BCE30A3CCE144EC55FF0EA6B60379B50D,791247
carrot/train/good/rgb/072.png,91BECCA6425E38122C8BBEA140621D0360D09CB50482A0C9842E6A84F120C04F,789771
carrot/train/good/rgb/073.png,3DA1EDF24D1C1B8C70337029A6E58F85329D8E16DF79A60E5EF32630273F9504,787833
carrot/train/good/rgb/074.png,1E174897BC7FA9142A7CF19D7525C4D6576C3BBBFA2D5041A39BCE04BCAA8BA7,788336
carrot/train/good/rgb/075.png,078C7B90A2FA51B9F3501456C1E84C45901A3C16FF166A4FFB20854F1821B16C,787092
carrot/train/good/rgb/076.png,6D96954C0CB3FA0351545DA08EEC8106E85A7F16E88CBB335FD4202CB8E2AA73,789819
carrot/train/good/rgb/077.png,FC2CF23E65DF8ECD4A44EFD7A3AB97E21DC9CAF5EB9FE6915520846C5B54B3AF,787145
carrot/train/good/rgb/078.png,E0D1821834F7660BC0218CE47BB226552CCDC1A698C8CA8B9200E858CB2A02BE,788045
carrot/train/good/rgb/079.png,29ACDED6710F9E6847BFDD96E79ACA5CC9C3D2474D55F0882EEAF63C8C93E7D2,787068
carrot/train/good/rgb/080.png,EC233A7C75BAA69BBD4886583309436954A821211916C4B2344F769C903316B2,783248
carrot/train/good/rgb/081.png,5690450BA8762F8363A621DDCED9BAA822DE0BB23DB9D20B0A0E6C393F791FE7,789092
carrot/train/good/rgb/082.png,44A9CC0F9DF63D1A66E873E2122259B79A857E9C411965099707742B66A2A1E5,790490
carrot/train/good/rgb/083.png,F8DE2EB188D12626D9A6DBFD26F49C5B94469D35418863BDD23963BE207994F4,790586
carrot/train/good/rgb/084.png,A8B3B9D80F24F0191C70750F05016FA9C03E684E3C42838B92CE124E5FDD2BE8,785620
carrot/train/good/rgb/085.png,146A0E0480C42AE9BF445809ACD23C47DBC33F392C70926A1A634696183143E1,785086
carrot/train/good/rgb/086.png,449F190E7FCF9D4503C4BE81671BEE66B04435D825C3BAF08395552633E5ACBA,789499
carrot/train/good/rgb/087.png,EE9502D6FCFAAABFDD1EC92BDFC90A42FD3F9B134B474D835E0F216BB90C52B9,788012
carrot/train/good/rgb/088.png,6DE6D4F6A2957B59EB309B87BC2AD9AA1655F273AE657F755AA4A746348124E2,791274
carrot/train/good/rgb/089.png,FD47E52768EA82D13FA2B303A21D8AB7A0196391DDCDD53C35D4B6EA21254656,787283
carrot/train/good/rgb/090.png,AF837F861CA57A50FE1987EDA2A0488CD888AD4641EAC09A87C014080084D601,793023
carrot/train/good/rgb/091.png,48B6D4AA4EC52BDD46A12AB838BFE7C869F05F463C7377E9BF07D21E31448D83,789116
carrot/train/good/rgb/092.png,247BFE055C414413E5A957E493F1DB55E113B6583F585D5882D753C934DE56D6,787007
carrot/train/good/rgb/093.png,A0EE3F53C56FA596E784737F2DCF0E7A49F5EDB2055BFE25120CE1806721B8EA,787435
carrot/train/good/rgb/094.png,8D4E4FFCB2D7258709D5C2FD2BB7A322D358DFDF2E9323789003599D068994C6,791034
carrot/train/good/rgb/095.png,EB6A162F8DA8FECA653F3FF2BD5004DD7D540CBB67B02F5774CD5C66C636BFD6,795668
carrot/train/good/rgb/096.png,2E94305835294FFA150E83181FF18EBA90F2E477E71E94DB8B5A8980E8DE871D,786196
carrot/train/good/rgb/097.png,AA019E3C8ED4FE58160CC491E7D039298D9DAE3E251765F6A05A0CDD24687045,789066
carrot/train/good/rgb/098.png,77236F05A832C8768BBFDF3E4F119D6AF96E158FA73AE0EC4A842686E1F10A17,792365
carrot/train/good/rgb/099.png,4CB9317880E339D9B38518442ADF5561404505EAFE469F3B3D4BB9531CCA776B,787546
carrot/train/good/rgb/100.png,DB592717DCBE66406B571F64DB27D8D8455612773D3BEDE75BD96E7EC3A8B174,793927
carrot/train/good/rgb/101.png,6C5329FFCFC2EE723790FCFCE213C78A1D1FED5B777FB3A0391CB2BC7919BF40,793269
carrot/train/good/rgb/102.png,FF909F65D7F46F26CCC68F040AADD84A2638AFD2ED9F56F2F47B5DBA112C9FD1,790246
carrot/train/good/rgb/103.png,68C99F43D0E226C594E8D78D32C0D0C5FB483EF0ECEA30250812A475376359A6,795661
carrot/train/good/rgb/104.png,DD1BEAFC598E65141C31206CF836B206BB45BCE18399FB9B265A90B8E62F97EC,790617
carrot/train/good/rgb/105.png,89D70DA96811911AD6450FCDCEE2361AD177649F36B5D5DEB2334546C620C3BF,791815
carrot/train/good/rgb/106.png,A4C05D0F432C245D0A1CE5681998B163C3AC06255086FFFAD58EEA9D5643DE81,788824
carrot/train/good/rgb/107.png,7E11EAFA1A8F067C57C06412062F75507457E804C215CAB236DED13D9837E054,794461
carrot/train/good/rgb/108.png,2177D385450CAAA0D4F3347AC5139064251B2EE833BB28D76C738E8FA3BA5C41,789216
carrot/train/good/rgb/109.png,543838DB1B0233FDE8C044A4277A8A6B009D4A900C8EEF027E79B8268CEF068E,789038
carrot/train/good/rgb/110.png,520DF9AD3AD512C0D124AAB47D3FFBC8E22727D6CD44C75D732310980589325C,785455
carrot/train/good/rgb/111.png,55C374FD60AB738C21F5E417A8C5FE2CDA8C3025D21A9BA1188B93E7CC20FA99,793737
carrot/train/good/rgb/112.png,B2010053FA3F2B92BF0FEDDA19A2CD04B5320357F627DDAB8B70EE6547EB9ACD,793218
carrot/train/good/rgb/113.png,6A072C3A569DBC7C5311382BBB336EDEED905467E3E52ADED9C53EB8F3D4AD93,789413
carrot/train/good/rgb/114.png,3C5D7111E47FEA8403EA4A425E6E8EB4C440823834F432DD15E33841654733C0,786994
carrot/train/good/rgb/115.png,E39A689596448FB7B84AC52821F392D5FDF0BCB2612CCDBBA53806280E9E0BCA,787054
carrot/train/good/rgb/116.png,E87C995FC4DF6E9ABE9815DA8265E7CB6DFF2781E393B312131CA65C837C9FC1,787589
carrot/train/good/rgb/117.png,AF320F0C838C8898C2896EE1A8D640C2586C0DB695B2DD20938E53C67C2A02DB,784002
carrot/train/good/rgb/118.png,EB544960C772E3B4317F930637AD2CCEC29671AF6D141E7F36DC7253649125C2,783550
carrot/train/good/rgb/119.png,66AEF4BB981EE46EF10A4BAD712F58562F938B329984D4F0A8D09EE8183C459F,793169
carrot/train/good/rgb/120.png,A87C0E3472E3C0F148D350ADE32EBAAD0AFCA054C946D4C8A3CB9A3D5FF8B88A,789818
carrot/train/good/rgb/121.png,AEB26B3A9B83A67879E5C694D639A1E649E308592FB1FF153BE8EAEFFC726CBA,785735
carrot/train/good/rgb/122.png,4EAAD34B034A30A008C040750733D6D02DF7F324675B8CA811F3C9CDA8844642,787748
carrot/train/good/rgb/123.png,EC8338B73EF2B986F766528029BB26F07497BF0422C8B0FDD7889993C0E2499F,793615
carrot/train/good/rgb/124.png,14790506B17214D97A3675D755F7D0281981CD37E7AAECF5D40CEB5D26155920,796126
carrot/train/good/rgb/125.png,9857DAFA76697C0C4C6DA0B727F0F9C618CF957D3F3CBA76CA9C9A1AF67D1122,784114
carrot/train/good/rgb/126.png,8ED939F0D8DF7AD317ABF8B7912601DF284F47527D7DC838977912EE79885F32,759170
carrot/train/good/rgb/127.png,13A0C0B96B5CA1B5DD8453023B7970C842E7B7E6E24E242AFEE118AEE180F794,759734
carrot/train/good/rgb/128.png,D8B8F27D1479E074856AD5FA8DD4AE1DEFC979F8F4D91BD3B07D96FAE82D0751,763695
carrot/train/good/rgb/129.png,1FCDA19E6042B58C78E2460BF46544CF099AABD41B4E8CCC68B614EB52D89E71,762163
carrot/train/good/rgb/130.png,62D389C47991277DF0F4F96FF9F6D5C8B2B7DEEB5128A034F5FB63BF942B0D97,757142
carrot/train/good/rgb/131.png,F04ED6381DFFE3F58E612D702AF915FFA22A3A5FD13188B25747ED12D791D0BD,757027
carrot/train/good/rgb/132.png,616CB14A56FF6FEA6B30B511D8474C7DDBFE03626273302BC5F466AF442D0D4E,762958
carrot/train/good/rgb/133.png,B4F3B699D352088E4CF47891C6959E9C63D019013B969B54C30B00BAFCC561B7,761374
carrot/train/good/rgb/134.png,3D0803BBCA6F0A34DE1B24D1E4B920A5394D3DD6DEF221D7D26F4347472AB9F4,760829
carrot/train/good/rgb/135.png,D13F79DC7453CC54C56E56691B39542834B50416EFF0C60271C89C9B57FA9407,760214
carrot/train/good/rgb/136.png,4592B8EA18B2093C21D3291CC2367111165BA3B63336D4E62CA2F5E2A3083268,761315
carrot/train/good/rgb/137.png,708D61CF42FFDF9F50C260DE36DB96B414E65306F846CF2D22B61C7B7630F547,762631
carrot/train/good/rgb/138.png,0BEB8992CAF02116CFF46AE2C62C64C732EDD38CA6594B5FA6C86B118CA5F1E3,760256
carrot/train/good/rgb/139.png,9B2079655CE202E2B90F90E986ADFFBB09E657619FA73903100614D2545FB0C4,758033
carrot/train/good/rgb/140.png,8071F542D20423CAA9066EC63DD3FE6D80AC37E18B978BBF922668D9051BB26F,757775
carrot/train/good/rgb/141.png,AA56BAE10FB3E4C111A9379DB6706F2911C0D40770E95FBCB00320BDB51DB6AD,756247
carrot/train/good/rgb/142.png,41501F2497726AB27939AE976883153F0EDF369D1DB364B4E0A1087264E85969,760355
carrot/train/good/rgb/143.png,73DD3C0BD965BACE06BBFBECA950AD3DBCB2FF2CCFF31AE37BDC34066EB1E5CF,758612
carrot/train/good/rgb/144.png,6C57A39BE24003B3C5624BD4446084C32744264ADC3447CF6094BD1B98C222D9,756510
carrot/train/good/rgb/145.png,4E418DA42771AEB68BA5ED38F274DE1B09F5A457DB0270CAF2C703A287CBF22A,757719
carrot/train/good/rgb/146.png,4C40BC383895D298E74CFB505044350A69DCFD696927EC36C1C349923D1F0759,759829
carrot/train/good/rgb/147.png,060E1AE25772A4924B1BE50FA4D74A0F7FE15D9C861452DE4C89D63D30906C90,762204
carrot/train/good/rgb/148.png,738AAD7578E2BC4A8EE6E79F32D7331431ADB84C2D1B0AEB2F3EEC597668A50A,757325
carrot/train/good/rgb/149.png,D113211178952A25187BA8851DE1C8D07DEDF0F8E5132D1D755C2465A4BB4C57,756785
carrot/train/good/rgb/150.png,C68F46B5CCBA92812FBED189E8A7B6B3BB2021DAC10C462861E7D0A021B7C957,807457
carrot/train/good/rgb/151.png,6AA3F46643FC53662F9A75DC9767E6B2214C4BA859747275D4D38E6BEAB732D1,806965
carrot/train/good/rgb/152.png,FB762D539A0EEDCE41D2417369A381B138AD72DFE96C20A5575ED1568641D52F,796613
carrot/train/good/rgb/153.png,96E7388E64F8F08B59AB3AB67AA03CDFACED42DB708D257B800277B666F51910,796231
carrot/train/good/rgb/154.png,D1151272922D2A0E5B39A0E2E1953F9556CB0DB9E0F6627B86B42D79ACDBBC09,799754
carrot/train/good/rgb/155.png,80EE77EC33C6D8D9DB7EC78F9006E33ED0DE3B4698C1829D60B3CA5F78615ECC,798636
carrot/train/good/rgb/156.png,F1865F26E1D49BD71971E1FED88CC2CEE36E103DEA60FF0CF71E6BE145490825,797710
carrot/train/good/rgb/157.png,D1514BA55E039C9153F90110D10353ABA58B2E333A2BDD656B2082C296715A60,797776
carrot/train/good/rgb/158.png,D60C86C2EC790985C91F4C981459A863C99583B49849E8DCB65C281D91143C33,797036
carrot/train/good/rgb/159.png,2F4290A3308EEF8002BBB3D5DDC7BD9498F507784BA3B4654E1F4E76182666DE,797711
carrot/train/good/rgb/160.png,BB74A88FE91AD89A6DE977ACAFD1366FAC2DBAB529E861CB9A5265CBF8F201FC,797204
carrot/train/good/rgb/161.png,D90D8D1C5AFC7D9154E2A052FEFE51DCBBA9CA380D24E5B4BC20A154DB6BC701,796571
carrot/train/good/rgb/162.png,4FC4E8FD00DAB9D9799C05CEAD842440D830845BEF85EB89F9E82C3FAE312DF3,795201
carrot/train/good/rgb/163.png,54C1FF4166452A65A57D42F854703F3E566ACDCFE376080EF44734E43D194EC7,793427
carrot/train/good/rgb/164.png,478515B4D36E5950D15C98063FF9ECE7E01E69FA8CE988260E9348634EE17104,796771
carrot/train/good/rgb/165.png,D43DF88B918B551A9FCF4B9524004C327F82CAA7B2F4A4BDA3EE3D39DC302D9D,796165
carrot/train/good/rgb/166.png,5F2B9F3CA9698B304B5EB06503BD70581439C70DF0998D0A2A6CB39AA9E02F4F,798923
carrot/train/good/rgb/167.png,BDFA8D91DE7F817948C79F418B5E13621E8C63E4D40A072CDEB6FBC3087A03C4,798079
carrot/train/good/rgb/168.png,9C8537D1473AE4EFB2C7F899828D14512035059B0C28AE8F9A2E6DF3DE5996A9,802706
carrot/train/good/rgb/169.png,C4539BC2DDC6DA5D84B2C0F8E3FF9C477095B6A3823FD7E3FC988033C061B2A1,803862
carrot/train/good/rgb/170.png,A93EAEFC6C0F3DCDE745834BD835FBAFEBD2816E99BBDE2B74DC67DC10A92C59,798069
carrot/train/good/rgb/171.png,07F65B31E1AB43EFDEC984B2DCE22CB73FA5D65353382A369BD54C0FB107A3C0,798351
carrot/train/good/rgb/172.png,D350B3FEA0D6765F06C2A122DE7AD93B1DD115395549C944ECF7F64B65A695E2,799358
carrot/train/good/rgb/173.png,38EE3D740FE217B926E35E1C59B026A170B4D38BA55637BEDE85F7B144287C6A,799099
carrot/train/good/rgb/174.png,FFB26BF884FA64CA21770D27F45645824E28AD7238F8C3E9F937392812765A83,799498
carrot/train/good/rgb/175.png,907E7B353EC74AD9B600A835D5C128E6F02274DA268F5971177C0DE3753C844C,799307
carrot/train/good/rgb/176.png,3559A3F1988D9B7E5073F9ED09052A069594D453FE66FC1E3BC0DE80DA5461FC,803983
carrot/train/good/rgb/177.png,70B87D1DE6A82AB782342A28D5B4F82FEC7D7F0FDD6971CF5DC9A817652E6C46,799224
carrot/train/good/rgb/178.png,D632AE2945D3038B7E0A52F791B365216CA939A6DD462FD7755EA8F8914F90E3,800857
carrot/train/good/rgb/179.png,5F13435DA91674CD5658F0C606ACC20F0FE2C9DCA8F78D358685A460A126FE32,797942
carrot/train/good/rgb/180.png,204E98EE344C2B685297C6E917DAB6DEE33BBE86AC1136DE6E3802C9168753E1,798259
carrot/train/good/rgb/181.png,B8522879D3612CB9CC358DE111CB1EF21A190771157020CD2093643EAFAAC560,798124
carrot/train/good/rgb/182.png,1E0C8F384AD1049053B062E39D263861F658EA63A1BF0EDF74901DD9FD0B5442,798760
carrot/train/good/rgb/183.png,D64F79030DC6E453C67D9AB6B44A9A25B95F8873F0B75D314D6376F5EAB2591A,802580
carrot/train/good/rgb/184.png,1F8E0CBD5CBCC8B8157ED3577B9CF7599A1BE91003B74B55B7A3DAA6F23E02F2,805481
carrot/train/good/rgb/185.png,782066903BF313CBA27EB8C0DFDBD392E628BF5F608EB55F4F1EAC767B56AECF,803813
carrot/train/good/rgb/186.png,E321E899E6CB554FF14D27FB8821652985E9D713C450CEBCD05D5363763ACA1B,801338
carrot/train/good/rgb/187.png,04758B567BBF05EE96333C19C4207A3AD91077C09AE9564B2F6A1715052E155D,800617
carrot/train/good/rgb/188.png,C39618DE01A13ECFF129BF71EC148E76FA88F71B98C09901122C5357C3C45C98,802035
carrot/train/good/rgb/189.png,A0B83F30D1988D4B517C7B1C2E12BD8C3EB0826E3BFFEBD6136B2A661052DF2A,804030
carrot/train/good/rgb/190.png,82D1E6B77C9C3AD84750928F28E13E711B3170F8692097E7D185B578DEEF0640,801647
carrot/train/good/rgb/191.png,2BFD34A1A70F81AAADD29E7CCCAC35640913BB99B3D93BBBB7880E086125D37D,802153
carrot/train/good/rgb/192.png,F3397E10E34487F3BDDF46B40DF971B7B5CE33FA13465CAC9ED81241C94D98FA,801856
carrot/train/good/rgb/193.png,37C41881FA8D07530E29B9EB83B6AF46A98B102FFD4E8DDFAA577C33C533CE91,803416
carrot/train/good/rgb/194.png,0FA53E55F389B83A3F5D72DFC4308BED5996FEB29A5C9747013DFB70BB3FB80F,801535
carrot/train/good/rgb/195.png,7237FC7F8C3662015AFDA459AFCF7B625D7178F00B0730B5E507C249AD336B6D,805095
carrot/train/good/rgb/196.png,C1659EAD45CE65967FD06378631E400CE3C8AEBF15EDB83DF64B3CC2D37AF510,799907
carrot/train/good/rgb/197.png,33D20E1605E54FC160E3A2C64C7207316BC128891BBAAF98E7A766C7BBDD00DB,795652
carrot/train/good/rgb/198.png,418F28A9D6E030B1EDFB22FEC826A84127515394F5AFFE592EAF485A8A5AC42D,798668
carrot/train/good/rgb/199.png,454824E02312042D925A4C6A553824DE34B23A9FD21A17C0F9F267C88F5EC403,798408
carrot/train/good/rgb/200.png,7A908DAD428382474FFC86B142DFF8B1A149A69C0F011FA0628DC422C0F97E60,797654
carrot/train/good/rgb/201.png,386B99366FAFB6FC29D472DE2D8E9711C0920F51BEA65D793C27052BD818CC8A,797857
carrot/train/good/rgb/202.png,DDAAEC115FB2E76506F58A53613AD1AF19BF00D898CA455A2AE05030EEDE022A,794876
carrot/train/good/rgb/203.png,973A61F3F895408DD69BCF57D0F0DCC676368A32D95520599C4943F99FFB3E32,797544
carrot/train/good/rgb/204.png,97A5D26BDF4463CE76C454EE866439594E1DD74FCB88FB4DE80E3DD7145C837B,797204
carrot/train/good/rgb/205.png,D5815AB18B4831D145751FBFA4255DEF3D24A1A3F159ED478E34904E51F6C5E9,799982
carrot/train/good/rgb/206.png,565C7B79CA637FD16C7C7DF831191748077664CCE7586CDE4D5E58FF99F6E3AC,799360
carrot/train/good/rgb/207.png,F46D56A172C0F4DF43E68D316737D861FC4E46E14706BDBB308F3635493D9FD2,798924
carrot/train/good/rgb/208.png,C15B34AB41328C283AC8654EC7D6FCEB7091F5630BD8B51A22F35F8D26F5E5B2,799519
carrot/train/good/rgb/209.png,13E82E189FC6BDBFC3BF098AAAFBDADB861BF3451CB8AA029C0B4C37FE0C9842,799189
carrot/train/good/rgb/210.png,C3BC1182BE246254DDF8BF6E7F6F1B566302485D39719835C075C3B8FC3995E0,799437
carrot/train/good/rgb/211.png,34D42D19662D368B2B86D0D43E81FDA34C07609B6C3BC3AD8AB1AC5526EF7EE9,807469
carrot/train/good/rgb/212.png,583BC268C38221B31DA52F63DDE825CE97D0C021325FA5FD7889419765F2F415,799549
carrot/train/good/rgb/213.png,046E3D63C8E76A0CCB7F85200D1E8FD63864E6DAA2671611B0A9B24756537768,797388
carrot/train/good/rgb/214.png,4844CCCEF63372D89DD931B32C31996607FB568504C3B9AACA9CAE6EA5B6627E,797881
carrot/train/good/rgb/215.png,C33E1A36F66966843AAC786A163DCCE5643772EB1D429B10A15CE05ED04AC73C,798564
carrot/train/good/rgb/216.png,8561DA8F1A5A50B5DC62DE8807ED5AED3CDD1F8E70D5E4F6FA3723B60E19EDB5,798921
carrot/train/good/rgb/217.png,79247B2267E725DA19B59AF27595D32AB4310ADD7719D5F7DAD743A3AE95BA1B,803973
carrot/train/good/rgb/218.png,BF0122D05F5C0520DF9809FBEA13C7245EAA005D1F15226691209DD68FC96C1F,804493
carrot/train/good/rgb/219.png,541A101A0C88D50055A7ED30E48E0DC5103FA592E201CA0D276FDD60D4CBA556,799428
carrot/train/good/rgb/220.png,5081AEA7837FECC69DDDA348BFE97F9748B15CD43E51788F23D455E86525A16C,796706
carrot/train/good/rgb/221.png,E1E6D5862894393826DCCE50F642FF868ED319D7CCB428DCA2D0277F99021D56,795018
carrot/train/good/rgb/222.png,A71FF7AD72144CE927EB399882203F1AF1C3D80A2412C2BDB3AB7843EE938B93,797984
carrot/train/good/rgb/223.png,845258868B5818A22F0BB39A708A4B4430D3286C7C98B9E573E836B099315C51,799667
carrot/train/good/rgb/224.png,8BE59CED04D1B927F05F2FF591DA187D99D194EE4967567DC6E2D607A3C4CFB9,799120
carrot/train/good/rgb/225.png,87438E8DFD208BEA53BC21EEE202AD6933221F25985E4210461007A23EDE7A9A,797366
carrot/train/good/rgb/226.png,A927FA0A41EE8F64F523DDBF798C3D4BA0B8ECD7E66DE49EE2A6294303042F09,795938
carrot/train/good/rgb/227.png,759876711D56349D71028C276F5079BAC5BCF7F6FE57F823A38080C5B217E888,796893
carrot/train/good/rgb/228.png,D097C691A8BF3AB31DA08BD3339B732E4DA4F0469848002BB42CA6F968E20E46,797470
carrot/train/good/rgb/229.png,686246240C345BED67998AA8678514CB29744B18CF59EAFCAEBF20345918FEFE,796698
carrot/train/good/rgb/230.png,E998984A793AA5BDFFC1C0822727605D90B34E8E446D1CD56EC062CF5A6CA951,795156
carrot/train/good/rgb/231.png,F1975FAC3F5C2F1CB0A8CF0F57246DE7307AF29048696B63E563640FD884CFCC,802572
carrot/train/good/rgb/232.png,4F5F22A7B4F19CE5392AE77737DAD0E2E90DDCE8CD8167AE663FDF6C2780B6D0,797994
carrot/train/good/rgb/233.png,078F9F71F16FA86A91688F61B77694580E0B70A3F8CDEDE49D3E486CB571E3EB,804289
carrot/train/good/rgb/234.png,139B3CBD5D50FBAAFB9142FE4C93F489C65A87C026B3D1BAF8E3469F0ABC03FA,801579
carrot/train/good/rgb/235.png,A771ECABB62DAC88B7A606C892E89586B2E99D77E8380DF88FDE85E693768134,804792
carrot/train/good/rgb/236.png,4660CC39C3B9C4EB207803A88C9A6475741E146C98F6D782C6A489441475C52F,800854
carrot/train/good/rgb/237.png,A5B55E0F1E0EE9B633CF2ACA642CFF648DCDFC9240C124A40C12E9751108C57B,798063
carrot/train/good/rgb/238.png,EA170E7E2CB52A515F025625B388A9A11A6A554C8E76FD0A6ABF36C4117D255E,798473
carrot/train/good/rgb/239.png,8413365993882906DF319E4C4526197E9ECB200F4F43A56F15C00DE45CFF7201,801906
carrot/train/good/rgb/240.png,9AFFD0683A5D59AB7F94C8250358C6F6A48030F10B2E80A6E5157754DD0C19BC,801563
carrot/train/good/rgb/241.png,147A93BE2632BE1BF9077F63828517EDD4AE51308899A144A0FD7F4893E910B0,797381
carrot/train/good/rgb/242.png,3EDBE7E40E2D4A8938AE3994DC5B921EBD87D1A7A93F0FF9C1171BC9907B91E8,797297
carrot/train/good/rgb/243.png,44B7BB681A23E98264E62460CA6305404DB6FC3006C41B59DB3B6BAAE73F2309,799437
carrot/train/good/rgb/244.png,C1C45D79D192482C32D232CEE9849CB2A89D0ADA427B51885F63F1CDF0293D50,799115
carrot/train/good/rgb/245.png,2968D3B7059EFCB2BD36E5890F6982F1B1B009A0EF6AA0E655BC3BC0B4EFF4D6,804341
carrot/train/good/rgb/246.png,5FAD954132FCF47C82EBB3A17CA0E09AD8D04C792BE2F0465EF8934B1C769A43,799890
carrot/train/good/rgb/247.png,5B0B84121C281C327DBA58B6F9997194B3E5B9616AE790E85D36DF969538CC7C,802154
carrot/train/good/rgb/248.png,69771C92E1F9025ABD322473F2C07EDBC8B1C276EF5C6472027E7A0D6FDE5427,800089
carrot/train/good/rgb/249.png,4E913DCC214700C46BE89A1E9804C9A7207CF25F848D06478D0FC29766CA5E7C,726627
carrot/train/good/rgb/250.png,21575F86E5059F3E678E5D954C4628A459C38CDEA624F3CC953B3E60757F876A,721506
carrot/train/good/rgb/251.png,9E63BBDEDE7603E507BC1D01A10E0B9A1ECEB70EF2755AA144F3783AF7C2E25F,719408
carrot/train/good/rgb/252.png,735F3A75CADDA299762E488BB4C0F4C8CC3E8E5D1C17CE8E8C99614633A57DC6,719572
carrot/train/good/rgb/253.png,33CE2BD93CB22C3234C95966E271E459C9B953FBE6EE526A93A4AA7C658AF7D7,726569
carrot/train/good/rgb/254.png,12ECA20F42C1ED63D42489BBAFC2EF00EA7D95C007FACD8AFE716953A62F5F9F,725909
carrot/train/good/rgb/255.png,EC77F19FFD67DC17A8646E6575232488D3508BD5C32A1790D6900C7941FFADFD,725579
carrot/train/good/rgb/256.png,56657117FDF117B9E2271A27413D7CCA9094E0E030A539C4412BB36A5C4AC55E,724932
carrot/train/good/rgb/257.png,3A9E32F2DCEBA6CD6CE887378B1FB5D4A1694791DB9D39B8ECB2B100709868E4,724286
carrot/train/good/rgb/258.png,D2B48BD7B3F5F6A484DF4997CF861B44F32F1D00B839292560EFB1369D9C1F63,727058
carrot/train/good/rgb/259.png,C1E314CD38D2234F96DE3BDBBE3AFFC04A7FA0C8DBDD6064ABA55566C0714B7F,719343
carrot/train/good/rgb/260.png,1F7D9943D49B2C6F9121342C86AA4D0A5957538A21B6EDB8A0B48DA6BDAB613E,719424
carrot/train/good/rgb/261.png,4AD384F5D7ACACB9037C72D3C63719686515A7245BEF8AECF43684EC24709F50,725757
carrot/train/good/rgb/262.png,D7FACA8BA6EC7B936AC42B6220C9D7DADFBFDBCCE4C9CB82F2B819120C8BF2DE,726344
carrot/train/good/rgb/263.png,033ADD44FDD58319E1294D57BD7C36B0F50E63F3998F19B5F170DAD7DDAC2787,730679
carrot/train/good/rgb/264.png,256B7B1D091777DA0D7D10CD2043B2E709A925F32110FAF0178A539683B4AD3F,730455
carrot/train/good/rgb/265.png,CC40AF7EF60142F793AAA9B9ABDACDBF5371B5B046074F097FDAAC1E608EB4C2,722138
carrot/train/good/rgb/266.png,ADD18529FBD53ACBE9682BBC2289134766B30A823B5E6F06232AA217B3C6093B,720793
carrot/train/good/rgb/267.png,3AEAE8647D931A826C7063259818D60AA56EC31CE83D6A1F5509CDBC0A758C1D,725116
carrot/train/good/rgb/268.png,2D88F89A771004327FE35CBD745EBB56BF08183980998B563A79E9593B91008A,719894
carrot/train/good/rgb/269.png,171C095DD89519D17F0056AEB269FB64319D3EE49FD07BD3633B5371BD4949B7,721231
carrot/train/good/rgb/270.png,E673148F2545A22BB9F514BBB54B9CF1201D25B8B8FDD4C301993F6670432E39,721654
carrot/train/good/rgb/271.png,22571BA8C41B4CBC71E1D8DD4C082A8F2940E9ACF2005DE3B723D9330E867934,724493
carrot/train/good/rgb/272.png,2204A56F2E4BABD38FFCEE4CF9F8A384EFF843DAD059A050AFCBD28C2B68C65B,722026
carrot/train/good/rgb/273.png,5135CC55FFD5E8A02525232F79EA09675D397276570AE96AD4A2468DB0C2ED5C,721254
carrot/train/good/rgb/274.png,5D3364B13089721DD04F6E35BCEBAEDD151B5FF25CD95E827BDB87C199822788,723959
carrot/train/good/rgb/275.png,FBDAB271BEBD06DA334D15811CCB8C2391EBA9134E0E8DB7F0C44FD363FD43B8,723305
carrot/train/good/rgb/276.png,42FCD293D1F5756DF71A111B26E3ABC9D2C1ECB0FEF11A3C11C10CE9BD76F186,726458
carrot/train/good/rgb/277.png,74314F6F2593836B15BADBFE13CC4D78E99D8998284E74907FE4001E8F2C118D,723456
carrot/train/good/rgb/278.png,029A11CC528D45C8A48FBE066B7BB9386E6D7E781C183DBA427580C8E86B907C,719779
carrot/train/good/rgb/279.png,7693E02E74ECC5504E1921EFBE11D12BA79EADE9EA5F2EE741AD02054D2F949E,718779
carrot/train/good/rgb/280.png,E1985023921AC850155B910F040588D47B78BB2FF204B25903B2A5BE2F05F3BD,728896
carrot/train/good/rgb/281.png,42480B939D66B791D54CA58032598C7762741C491A11E0F45D6640BF59CEDC61,727821
carrot/train/good/rgb/282.png,997D7D1F8C5423B52A8355B42958E1547A474826F57619BAEF5E116CD6C31575,721375
carrot/train/good/rgb/283.png,E557663C13C2837BDF0206E3A61902988A9B897DF5777B7FE39322CC7745D9B8,721613
carrot/train/good/rgb/284.png,D736DD456BD6B0418BDA0700AD4FD01725AC9EF88067BF7C7764EFC239E5A9A7,727654
carrot/train/good/rgb/285.png,7CF64066ADE201B3861730C6E3591040EAB937403AD2A3B66B426F9FF26E4062,722124
carrot/train/good/xyz/000.tiff,A366A4C1162D74F8CE44F0A6AF7FAC02A6922F27BE8AE0DFEDB3C461525D4AB9,7691954
carrot/train/good/xyz/001.tiff,EF967C836F8D6F906D6E6E171DC593B6440669A3EBD25543CA52D72A42E08FB6,7691658
carrot/train/good/xyz/002.tiff,0A87B2D0FF12FE2C8B406850A2F9101B705AF9A629B5D1E3079144DF29D1EE2F,7692394
carrot/train/good/xyz/003.tiff,BF92DED79D0897C428DFEFB9212BE2856DD91F54D4C62DF17F7405B9519668A3,7693934
carrot/train/good/xyz/004.tiff,684BB5F80C16190E3C46F4E7782EC456BEB0C78A0D716B1869E1CF4D41F9716D,7693528
carrot/train/good/xyz/005.tiff,555DE460C3CAF8DD2011454D5684D8934E2D39608FB88D99145A582942A815AF,7693516
carrot/train/good/xyz/006.tiff,0EB037D41E9683C2C56ECC5BD575C8245E3049045E01311F6552B04F02FB2F31,7693776
carrot/train/good/xyz/007.tiff,FAEADD1DCC072677776B47D312DBB67C6639C3FF9724D5BA0CD60EDE5E63CB59,7693812
carrot/train/good/xyz/008.tiff,D6974526D8689CB5B6DF9CD5BF3415936C58D5D4DD9D7AB21C443B8BB158DF49,7693450
carrot/train/good/xyz/009.tiff,30D810CC1B74B7B8F8455CA5506A4FDC1C499713C9E3F9AC06895605D544B13B,7693280
carrot/train/good/xyz/010.tiff,A8FFF426FEDA9938A2EABA129D37DCBDD1B6E41FBB1CCFFA8AD4A92332F22F45,7693144
carrot/train/good/xyz/011.tiff,FE5F191F07B24C1014289A1148ED9825B4D0A93961FB75FC8B84B18B08B16092,7693344
carrot/train/good/xyz/012.tiff,2AE1501E756A3EEA1B09EA149EEB5A9CAD210674830B166D172ECF820BA3F2D8,7693218
carrot/train/good/xyz/013.tiff,AFB4DFD32E85917056F103E3EB798D2EF3ABAF7D5A35DD90B8C786CAAA2A5543,7693568
carrot/train/good/xyz/014.tiff,07517B0FD5F1154D3E79551A8E93F316831F1994CDF64BEC41D732DAFF1BC2D5,7693830
carrot/train/good/xyz/015.tiff,0E42223399221E2C7E7E36210609EC8ACCFB9C39EBAC7D53B4FC3931F6678B6A,7693746
carrot/train/good/xyz/016.tiff,41B07107A743DBEA5B788ABEED22EA6AE11CB54C89D0BA1350AB1FF4286EEADF,7693896
carrot/train/good/xyz/017.tiff,24C5E32F6268FBF4E689EFDD00EAAA9BA2FE3ED0AD9ED5656E2BAFD3EA43569F,7693888
carrot/train/good/xyz/018.tiff,06F4F3EFCBF3D10101B056AB597152C151159E8412670095D0DE0065794FC137,7694196
carrot/train/good/xyz/019.tiff,18B4BA8103AB00F295B09D8F103DE50D78226E9DABE62795957363C55B1BB110,7693700
carrot/train/good/xyz/020.tiff,D000E97DCF3B8759528C12573794300968B5630A8BFF3388B685FBBEED0B63BA,7693984
carrot/train/good/xyz/021.tiff,FEB42B4F98E741A67A266EE38144C33628A48DF205624F0451051E58D36614E9,7694148
carrot/train/good/xyz/022.tiff,ACC0F9F6249E0E5666690C2FAB7BFF24A2371DE959CC5891C820FC4AF55FF6F6,7693780
carrot/train/good/xyz/023.tiff,3B2A33A5DE29F80B151FE5E80C682E5635D69D5C4F93EE685871F9C668C00D06,7693830
carrot/train/good/xyz/024.tiff,F4B7E99B255CC1CFD780022E70002B23D70049B529DBBC46251AB5F408733AD5,7693920
carrot/train/good/xyz/025.tiff,693077C763E29E82DE334F8085F8F95555FF11892EDA7602CBFA6C5307AA0DD2,7693796
carrot/train/good/xyz/026.tiff,958DC6E88DA6F4FA97F3D4E81F22FB7E6218173633790B7CCEFBA2BE25F23816,7694372
carrot/train/good/xyz/027.tiff,901D73C343AC3041A9E20C83C834F7778AF5381950FA8490CECC96886558A06E,7694344
carrot/train/good/xyz/028.tiff,D1679459E07E5F6780882183823451395BCBDD370DCD6B9593143044CBDCC066,7693836
carrot/train/good/xyz/029.tiff,C91AE006E5377BD36A31E99505BF7ABD29317D6426F498A58BA5D1CABB8B5014,7693892
carrot/train/good/xyz/030.tiff,D1C57625B9CD496FFEAD170B7F0093078D2D275BD5F5D5165F6F54299C52AE36,7693536
carrot/train/good/xyz/031.tiff,9A826D9D94900F93153B424612BAEB9F4877AFB8432AB7DC7569FAFBE0CCAAB3,7693870
carrot/train/good/xyz/032.tiff,3451560184070C2A0BFFC6352390A3F77BEAA5FCFDF6855EA3FAEDFBDB59782D,7693616
carrot/train/good/xyz/033.tiff,AA74E55EB2E96684B37C4058B1689BE16ECE779E54D40A4AB422080B6635F9F0,7693776
carrot/train/good/xyz/034.tiff,CF9E993B7CE011431C8B99CD1B5DF32057D02E20915C0EEFA4F9756616056F61,7693972
carrot/train/good/xyz/035.tiff,BBB8B2D8A4057E9B8487949956A2F8D58DD1BA91F8D2EB692B88B78EC23D0EEE,7693580
carrot/train/good/xyz/036.tiff,F054D0392ACA625824043EA5D8194DF3AD21D8FFFF0CAD8763C2CEB209DEE84F,7693796
carrot/train/good/xyz/037.tiff,39DC2293EA976BCDE55B6CACC3B64E3F89CFDBF1D8E200569504D5B1025D7F79,7693934
carrot/train/good/xyz/038.tiff,A2992BACBF0A90E75F90B460A79F9BECFA7502DAF440BC605F8BCFA00A3E4FD6,7693958
carrot/train/good/xyz/039.tiff,9C12531887D73CA518CAF96ED777F31A17756DC6299D699CC1673EFE3D71D961,7693968
carrot/train/good/xyz/040.tiff,8616897ED825C261A8DEEC2148FF496FF2DD16A7CDE40FA3F0AFB29074F04075,7693632
carrot/train/good/xyz/041.tiff,5D20FF66B8114BE1A766C47B64CD2B3BB9CAF46C01B3926C89492FBF718A09DE,7693826
carrot/train/good/xyz/042.tiff,0FC1261CD5C46011F387B73670E509E4649A4B7B4234812C6A3072F06038A78A,7694170
carrot/train/good/xyz/043.tiff,9F2601B0DAF2EBDDDDCC447C9DF437530CAC5E6E164DC71AC2A00D9EF3EC36FE,7693864
carrot/train/good/xyz/044.tiff,F1A79AE96862EF657F4F4C21491EBDEAABC7E89E5F5D7D1E14D892F273A07BF0,7693938
carrot/train/good/xyz/045.tiff,4DEA40395BEF6296A38656F24B7FDAF338DFCDB3825E84B8139627D5C8C47CC3,7693728
carrot/train/good/xyz/046.tiff,3483FEC90DFF88266C56FF309CD587C5C4478F6C909AA1BE0FE6E0C41A043791,7693818
carrot/train/good/xyz/047.tiff,8789673749A6A26F33F720A3B06713013BEB8E5DC00773F8C71D6C4EC32F8DE4,7693998
carrot/train/good/xyz/048.tiff,DA720690FC3082649AE9055F4F4EAFFE8430AE647D25BA1AA9671930654B8F29,7693638
carrot/train/good/xyz/049.tiff,15870E25B0A0D1C600DFB9644B53E3ECE43ECCA22D5FCF0E6380FC44ECBD24DB,7693890
carrot/train/good/xyz/050.tiff,2C9551EE2A9704AFD4DBB608972F8A88CD74364ADA3582E2AD5FA7CADD77480C,7693842
carrot/train/good/xyz/051.tiff,8DAA89A43983B4CFDC142316CF5847DBE28C9ADB55104AE02AD318D413E18C06,7693622
carrot/train/good/xyz/052.tiff,15FA9DC05B998894FB491558136F5881C25072626303816E9FB34BD6B796B402,7693796
carrot/train/good/xyz/053.tiff,404012BC576222794EBB3F771B642BDC12C247864CC2809439FC4A074102E697,7693936
carrot/train/good/xyz/054.tiff,1E909F162A864060D9F4C44936FDAB5CEC7F0796151D5BEF22DB1CEA2718B7EF,7693952
carrot/train/good/xyz/055.tiff,140BFAE31A4C62326F02E08123805ED4312247D7C7180C7546E0EEB60B81AFA1,7693344
carrot/train/good/xyz/056.tiff,07298D0887D251AA0726B64F45C412EAB7E909D0A6C338BD8682CE47511E92F8,7694052
carrot/train/good/xyz/057.tiff,1CECBC8BAB7103B28806414F817847656FA2155E40DFAB0C0FB5AA8C8121E733,7693640
carrot/train/good/xyz/058.tiff,B213423340372234B4A6728E84CC19D2CEFB7D31B281FDE5D3776BDFD7CA4488,7694312
carrot/train/good/xyz/059.tiff,AAA34F5EBF54133B983349EA43DD539CE015BB86BFCC0841D798859D437B0EDA,7693986
carrot/train/good/xyz/060.tiff,42ED2DD0E9F498B371CF776081E8A63692A6ACAE700A1102A364BF57CDEE9336,7693674
carrot/train/good/xyz/061.tiff,A428A20E33F078158C097DDAA44AA12FC0DD235A1A410FE6D5A7F0CC80804F9E,7693782
carrot/train/good/xyz/062.tiff,EB30332B259EC70CAADC3788BCD0E6B8A6E7BDE35E856F865AF495A3FACB9E29,7694296
carrot/train/good/xyz/063.tiff,96FDE06822A96227DFC6D6EF98793C58F3F55BC5407F28BD4E4F1D2E66C5AB66,7694036
carrot/train/good/xyz/064.tiff,FC5841249FA4FABD0EB84EF45627E383E2F67D73299044F953D27D5F949B3821,7693856
carrot/train/good/xyz/065.tiff,691DA405F6141F0FCBA17B4C3CF1ABB8C10454D2103DAED6C8E2BDD2C93C1C77,7693718
carrot/train/good/xyz/066.tiff,CA3EB83EC57691881402BD9F433254447A56E6030984C30F18DD12B20EEE2BD1,7694156
carrot/train/good/xyz/067.tiff,8775FF9B94FB5509BEDF14E25C820A39DD4CBAD445480C08B5CA873A878744A6,7693514
carrot/train/good/xyz/068.tiff,9792638AC53A71D21BA343C1D21A6E8CFF11FCF5CF9592053CC6996D0358430C,7693744
carrot/train/good/xyz/069.tiff,5DB04CBDF22F540A7590A300FCFCE76576B713F15241C0A4B35B5322F2F791F3,7693942
carrot/train/good/xyz/070.tiff,ECDF3EB6CAB3AB83E616A25114A758F8AED893F147D269BFB37E4D427EA79B85,7693850
carrot/train/good/xyz/071.tiff,E41C4D856C67E1F0BA7F517C8B0CA665343F97210199B68153E1BE207CDC52C8,7693920
carrot/train/good/xyz/072.tiff,6AD10866786A8825A53BE4E24105E0882CC6F533086100E94372FC2E9732F482,7693998
carrot/train/good/xyz/073.tiff,0AA94CB3D7A34BFCB6FE436705943A85753D0E3F699C3DF9B0AA06A942E6917D,7693936
carrot/train/good/xyz/074.tiff,64D369D8E63E4A30644D0D79497891AEE925CBC1D3C27FB6DBE98E920AFAE157,7693966
carrot/train/good/xyz/075.tiff,B762ECECE228A5465277592189A6F22419FA4EE91E289E5741DD4F40DC90CFCF,7694152
carrot/train/good/xyz/076.tiff,FAF24852B70B8F349C35088FD25E9D453BA218D2A918B3C73F2992C6C89593A9,7694066
carrot/train/good/xyz/077.tiff,F103F25B4D3E91E32AD793F1F2EA01CA0838D79815DB34D90293A0D1610206D7,7693740
carrot/train/good/xyz/078.tiff,D463622A626403C17CC6F4E3F7E273B288CE97F43F9957AFFD42236FCDE309D8,7693684
carrot/train/good/xyz/079.tiff,E1AA083ED0E248C361E962A8F99E87846C68482E270ADDF5B52406890C6A7A94,7693930
carrot/train/good/xyz/080.tiff,F180E21411FABF916D6A49ABC36FE34D6693F1A49F4099BFBBF3EA7BECFFDFC4,7694266
carrot/train/good/xyz/081.tiff,3D4C2646DC58554462A747CA3A1522FF3DE7349F84C0DF22B5E3524BAF69BC22,7693764
carrot/train/good/xyz/082.tiff,D780C421269F0C1E80C3E2BB6F870CD35AF9D148A6369E2B25D70C92C337DEE4,7693980
carrot/train/good/xyz/083.tiff,41936E3AC167A24C8B01DED0607D38F7572E6ED26AE849D1E981393FFA51C02D,7694096
carrot/train/good/xyz/084.tiff,EDA5DDCABBCB7CDC9F3A4DEEA8AB6D74B1EE4D1E7545B27BF55699815541CB21,7693472
carrot/train/good/xyz/085.tiff,0E9F9018734DAD96AA2BCF2801453ABD4C18E4AF58D8AAF6C55BFD275FCB0303,7693418
carrot/train/good/xyz/086.tiff,C70152B3D0116452ABDA513CC53FA294C6D78A6D17DBDA7544ABE62AD68F26AA,7693890
carrot/train/good/xyz/087.tiff,B6A65C795A1CF99C2159C82699F06DEFBEEC3E1AF4A5E0CBBAB6C9CFE96B8196,7693760
carrot/train/good/xyz/088.tiff,9F669B3430775A473626DD3E2DF702BA288B96F8D5D6F08C92DC423A9B338406,7693838
carrot/train/good/xyz/089.tiff,DB98DC5D1F1ACCAB4AFCAF14F70B366F6F79122E9DC0522E3C702E19E33F089B,7693658
carrot/train/good/xyz/090.tiff,EB09EF5A83E1A564506D4A2EEACDE7A9F6EFA67A89663EB435E25597DCAC953E,7694478
carrot/train/good/xyz/091.tiff,535D9D40DEDD9237349A0D39D726CD5F8CC8F7D9BDC6EACF016DEF966B7F1460,7694188
carrot/train/good/xyz/092.tiff,CBC9E8E006DE6176F6E070F99042D10EA7BD53412BC759154590724C98EA6E63,7693980
carrot/train/good/xyz/093.tiff,0405EA77D87038523CAA56C3DF76641BE71DDE91C297D73E11360436B0B78224,7693876
carrot/train/good/xyz/094.tiff,F352AB7140062042E71F45661EC3358789FEDEC8DDCA4320E673DB1C8842DDF9,7694022
carrot/train/good/xyz/095.tiff,5A9A56232E6D52969BE44F57EBEDB552251CA4EAA59F3D7C93180AFA8ED4677C,7694126
carrot/train/good/xyz/096.tiff,7AB849F4509FC9EB4EE753B5AB91E6B3B4FA552CED755D087E641DD9386EBCB7,7693532
carrot/train/good/xyz/097.tiff,3C455D71DD2241A416DE54C8F17F0DB5B0BA40F6A3A51C9386407965CD53314A,7693510
carrot/train/good/xyz/098.tiff,3B441FD0B11C75D7EAC2F51CCDF74872E9C511106EE5825FAA1E37E14B711077,7694242
carrot/train/good/xyz/099.tiff,8231E6E18FB3D54C276BC21257D803034544C7D94416E26508C1BD27B6533A64,7693848
carrot/train/good/xyz/100.tiff,FB746628C264B06F82E10981ACF8BACC9E6CDC697904CA3A274555702C67956A,7694222
carrot/train/good/xyz/101.tiff,5ACB176F9093F1790AFE3CD0B9B4E79B31CA9E407EB60C7E92720CFD24BDF19A,7694472
carrot/train/good/xyz/102.tiff,A9BF0B6A2C0709EF9BF8C62970E0FB7917228BE1789A5BA15D7B9E52934AD1D3,7694054
carrot/train/good/xyz/103.tiff,518A6D4FFD2C06BD2458D6C11B661D491892DAB47405FF4BD7A1387BCDBFA661,7694144
carrot/train/good/xyz/104.tiff,F390DB35AC42FBFBC89753FD510D1FF02F094F6042962C905EC7909EC48B7C7E,7694048
carrot/train/good/xyz/105.tiff,F4308ACA503EB27BE07E4B9A0ACD30E05029AA6625447B686AEEE4ADD0B7AB06,7693770
carrot/train/good/xyz/106.tiff,D953F70A1EED63C214892C856E486165E359314DEA7EC4356CA1FD889E670430,7693646
carrot/train/good/xyz/107.tiff,C8DF9B5675B091AE750AB6B396EDFCD032FCBF37FC698B65E41C9CB0D227BA2E,7693960
carrot/train/good/xyz/108.tiff,9D6E80E27BC4A10A8218B02E69A727CE4FBB91F58B9A2360713BF613CDE6FEC2,7694032
carrot/train/good/xyz/109.tiff,3A12E89456172133CBB4FFA49AA35C2952B7481BBFC8B2FE94DD58FD37A44647,7693720
carrot/train/good/xyz/110.tiff,A0306A346C299B49AA5D4F9BB9DA72239EEAC0BE00ED9FDD9D8AC9FC588B44B2,7693988
carrot/train/good/xyz/111.tiff,D6B4F1ABC5124EDE29590E2D3408A9D2B39A71EAB52348CBDCB8C039101547A4,7694156
carrot/train/good/xyz/112.tiff,8C8EB54A1C98FCC6B9E4A7E9A8A16FD39BBF79E72FB8A08EAB32E3A95D942599,7694152
carrot/train/good/xyz/113.tiff,7D63E66977CDA4E18CBBE4C3C8448C48F2876355E2C14E7795BB300C8CC21DB3,7693822
carrot/train/good/xyz/114.tiff,8651AF49E61F73F19D25027D93B528DCAC4D8D74D95150C742681EA981C7BFF3,7694078
carrot/train/good/xyz/115.tiff,51D4082367E38D1849EA5AD290B61290390AA65E8DC1007A985F27EEFB1A3707,7693692
carrot/train/good/xyz/116.tiff,C2925023D4FDCA5378D4CB00032BAD801802D0FB200652D1467E28995AB4D4E9,7693834
carrot/train/good/xyz/117.tiff,F7AA68FE3B546E11FCF259C1F8597B9171E2CA609F1ADD42DE87FAABCD922C3D,7693556
carrot/train/good/xyz/118.tiff,3ED7786F1294F016A12818C08C8121E91EF9412EBFBD4FB4B4C36FBF2ED94ED6,7693832
carrot/train/good/xyz/119.tiff,F9452D05BC3DD9D47EF1F5F1C5B2DEB2F74858541A4CF3A86019C31BDBF49A0D,7693626
carrot/train/good/xyz/120.tiff,F16102444B898AF4D9DA12286C25A97AE56BFAFDA46FEDE1CFFEA9FCD9F1B0CA,7693608
carrot/train/good/xyz/121.tiff,DD59208C99AE741C14832FF893323DC0B3D309B6260C076A1936C768247B277D,7693784
carrot/train/good/xyz/122.tiff,370A08BD9D60A56632049D948EA1C96AC6B1B0DB9259F5056F7C404AA83F3C28,7693822
carrot/train/good/xyz/123.tiff,6242DAB25F401A520E03E7C58F52A91352120DB723DC148B51FA61E7AD1F2C46,7694538
carrot/train/good/xyz/124.tiff,C78F0E11066F4FF1DC842002AA49DEE100C0F0375F5CD29C226D8A73F2805CE7,7694570
carrot/train/good/xyz/125.tiff,A187932804764148174323990A6C55A5E6309E28EB62671D4578B3791390F675,7693738
carrot/train/good/xyz/126.tiff,80E16251B4A550354B960F0BB1821A9491A400C9A035E6BD3A99ECB6B1BF7908,7694372
carrot/train/good/xyz/127.tiff,515EE591CAF95038E8CF4EA0128F12EDF40367CFD4BF36F2BBD57A6EFB0DE647,7694470
carrot/train/good/xyz/128.tiff,44B01AAF054E0FFC73A037609ABA7718DFDBB24E39711D1D1AFA4E4AA5DF2A97,7694422
carrot/train/good/xyz/129.tiff,DEBAFE85C34D6D00F04F2780CABC5F25DDCBE5C86558F70808C261E9C5267A29,7694696
carrot/train/good/xyz/130.tiff,3E5EF593991CCFFB4E6169DEB6BCB7F8108A88B1A90AD7FD4FEB6D37CC4E2F3C,7694542
carrot/train/good/xyz/131.tiff,8C6B171FF2095D9C24CA84967A49911BBF83BD86654B253E10362B5FEACE9B19,7694544
carrot/train/good/xyz/132.tiff,B53E1936F924891F9EB805BB36E3748EDE55D2DE811BBF03676D5F0CE7A258E3,7694580
carrot/train/good/xyz/133.tiff,65C9940228CC052C28C65CCA5BC3F5FDCA8D761008AB0984A04C12B176AF210F,7694310
carrot/train/good/xyz/134.tiff,504D0BA6C84B89E3E5F7186276536AFA5F6A8FE321976F574C7750F378BD04E1,7694186
carrot/train/good/xyz/135.tiff,37389D92712FE5CA5EFFDB615734499DE06D16618861C7CA558A601891B3F1F0,7694498
carrot/train/good/xyz/136.tiff,F19032A8C40E113E6D29BD3F089FEBA8D3E683C620DC24898B200B05E68E2C88,7694312
carrot/train/good/xyz/137.tiff,D2E33FE8A17852C461C1574B7D64E77C92CDC439D0194D5D19784A145DD8FBD5,7694416
carrot/train/good/xyz/138.tiff,DD0176FA8DB2294184294CC553619660500EA48CABDA2CA826D0A0C2584017B5,7694582
carrot/train/good/xyz/139.tiff,B395B4BF2A3A612A9DFC36D1419D9501BA0AB62B7BAB151CA8F5461DE5A14F9E,7694634
carrot/train/good/xyz/140.tiff,20E2D5D3DE29ABB56B543ED04DA0ABF41E5225E2226F8BF7F6892450619B4537,7694476
carrot/train/good/xyz/141.tiff,43EDBDF264D72F20E349500979C3D58814B01208109A6BEECE8B6680BA3BD607,7694676
carrot/train/good/xyz/142.tiff,55ED92DD9BB24CF8892CFF5D0B8334D71BE0C84B29E1846B00622B6CA1FD13D6,7694164
carrot/train/good/xyz/143.tiff,7E7BF9F534F5CA2F975D9693854588DA6C9A0ADA7DFDDCD879F377C36D344713,7694318
carrot/train/good/xyz/144.tiff,C105457F694E67812796544D4A684AB1E54CC1E57B80A2CA7A749AA2E991D142,7694184
carrot/train/good/xyz/145.tiff,1D4B8AD8FAE795CC069C31BF35C6F88C7C03CC8745DF0352E0CB179096067696,7694154
carrot/train/good/xyz/146.tiff,0A3A106407DE4B6E97711D6F9FEFEE19703B844D7453B4DED4C3799835EFF044,7694470
carrot/train/good/xyz/147.tiff,049A44034CABE87497C0967A42653A9A06D7A533DFA5109F0FCC9C0C1E646F81,7694510
carrot/train/good/xyz/148.tiff,9288DFB0692955A370E08BF35AEB61238D2A06C36678F4F6D42F04EF75AC619D,7694394
carrot/train/good/xyz/149.tiff,AD50FC46707E252625310BD3217C2A6D8B4D84E43438260F9CC5182AFF64A7DE,7694372
carrot/train/good/xyz/150.tiff,D2F05D508928FA28F82351082FB58E3A76E24CB210988FFBDF04CEF4472F10F3,7694094
carrot/train/good/xyz/151.tiff,19A551444EB5D223D15F20B858E1391D3DE146A1C32C19F7772ED779D796DA54,7693938
carrot/train/good/xyz/152.tiff,DC2B626511AB47753F3CADC173A716A08EAC1A4CC6027D13BF562955C8F15556,7693844
carrot/train/good/xyz/153.tiff,566809CD06E70490F8B0F2BC5CA51B1BC4EF9CCCE9303ECF2D00D13DA95A3F21,7694004
carrot/train/good/xyz/154.tiff,DA180E6E18D08A68EC77C723194172C0AC3E46D39CA79DB3813959F9BEE7355E,7693698
carrot/train/good/xyz/155.tiff,81F3DF731CE5EA811327AEE15E16C2C896ABFA0F146E28B5789875B5FEA8C6E4,7693774
carrot/train/good/xyz/156.tiff,563FE3EDAAFC733A21984393006799ECAC60DA4CA85F046696F652594698E52B,7693758
carrot/train/good/xyz/157.tiff,08EDA644385834695E63C6C54097A3ED05AE52D491291F7B16DFD995F2464461,7694024
carrot/train/good/xyz/158.tiff,CF251CB3F9B569AAF0C9B242D7713AA30BCC1DFA41A60591EDACEC158270AFB1,7693948
carrot/train/good/xyz/159.tiff,9F58F9B51EEE403EA94805F725E72665BB4BDA5E89AC99CB3175AB015D22A924,7694046
carrot/train/good/xyz/160.tiff,3681FA91D4E5F3B107CA838E542A273467D1C39C8E68C3DCECFB32DC4D9F6BD6,7693938
carrot/train/good/xyz/161.tiff,62CF91761B17CF6E7A165D0B9FF55C5C8EE70547C334655DEA487345B9FA8D6B,7693946
carrot/train/good/xyz/162.tiff,B9D4FA30A1EF3BA766FB65A4BB1A8035DB1ED73EB3A8B53532EA6BE4D62977F9,7693514
carrot/train/good/xyz/163.tiff,696E5928BC5B5E6E16FC391BF43952142B1296A071503F61C937A0DAFE99EE91,7693340
carrot/train/good/xyz/164.tiff,74451BDB325C5911163A8EDD69DCCCD3505A96744C100C7141BFAF939C51BD84,7693622
carrot/train/good/xyz/165.tiff,729CCC5D4AF7E6C92C823FC9409798BDF83DE8B901F3A2A07E1408DEAEA3F27C,7693896
carrot/train/good/xyz/166.tiff,D708261A29CFEFAB2361C4EE814D79E51EBB6BDF3E4FBB45EEAFACC7FD2D5373,7693684
carrot/train/good/xyz/167.tiff,5ABD5A3C3065CD4CF17B100BD2A843FC974224A7D87EE94C4C5C5C153C7EB1EB,7694152
carrot/train/good/xyz/168.tiff,64D1D4F253C5D83D66D98081B6526942B405264EDE5CDBBB3D396D916D6D1239,7693846
carrot/train/good/xyz/169.tiff,991557689524BB6BB85239C2C88B625BC0BD2AD5CB699A4A7F1AFC3C12A3A813,7694094
carrot/train/good/xyz/170.tiff,F074D69DCAC48ECAFFAB0C45CE93DED182871A74139D0986CDAB79D7328E34E6,7693816
carrot/train/good/xyz/171.tiff,8D0ECFC4F87948414BAE1986E70D3A4B967CC3858102CDCB5F2CFBEAF305C4C6,7693656
carrot/train/good/xyz/172.tiff,6B0AAAB5B54A3A1506F0CFA8E07E3B1B03AD5365C21FA3245922FBA7779508B0,7693984
carrot/train/good/xyz/173.tiff,2F21577EC729FBDCE4D9F27EA37CA4AE6AC6B7CA76358730CC11759E3A68580D,7694166
carrot/train/good/xyz/174.tiff,43BA617C7649DB23796F2B8DED326291D9795E1EBAA6D8EF57C0BD21FEEBCA3B,7693788
carrot/train/good/xyz/175.tiff,5AEED4ECA6D70B409BAA4F5A3E9FCF434684746C07F0C64345CF008476BD23DB,7693666
carrot/train/good/xyz/176.tiff,A60E4ADCC25D37BAF2500D844FB07EB356EE10DBFE68DBFABF60FA0089AEF4B9,7693628
carrot/train/good/xyz/177.tiff,60988A90991332F89A73695D451CDDA30749AA0BE8E71897F1B860C654367B31,7693378
carrot/train/good/xyz/178.tiff,92C6AC4A207C8547D4E423ACB6453330B7D16B0F182A62CC6CB36079844CB110,7693940
carrot/train/good/xyz/179.tiff,4753110E0CA2867CD887ACA8ADA715583FCEA8AEA276423E2103E97558F8434D,7693688
carrot/train/good/xyz/180.tiff,17EFDBC4B3AD21CA6A8C2FFB20AE589928E466EA83494685ECD08F58AD5D58EF,7693634
carrot/train/good/xyz/181.tiff,50C60905762E92B8ED47111E2E0FB1A283F27ED86AC55E5C4286F033173B2497,7693354
carrot/train/good/xyz/182.tiff,5A8CD265AEFBAFB95CB0A25B94D918DFAC42B421A7CEFA8D9DE56B95B9F67EFF,7693504
carrot/train/good/xyz/183.tiff,8ABA6F2E8590FBC804834455FD070F8D861AD62256AB1E4F030D85EF247C2693,7694104
carrot/train/good/xyz/184.tiff,D5C222D3FD763AF027F9C03D20D32216E781B92F397BD30C35FD64BCCC0652AB,7693738
carrot/train/good/xyz/185.tiff,F5BA1A1828AF82746BC46D50B822EA2EF89FD2B0A81DE0CDF298707DC3ACEDE6,7694006
carrot/train/good/xyz/186.tiff,271118AD9D19F214D6D84B3B1CAB0F19349A5C7CACA572C2B4E650F1261F62AE,7693988
carrot/train/good/xyz/187.tiff,C16D9A8B10B775E113B7AAF1E2741CFE2B9588FC3B0328EB1385E6A11A91801C,7693816
carrot/train/good/xyz/188.tiff,849BD82E1E55E8989F808EC19CA1E72135E8C06C4FD5403B5EC83A15E6BBD518,7693594
carrot/train/good/xyz/189.tiff,77192B3686AD4B02F9C771D3A557F8DA4E5367D8DA5ED3988ED1FA8A0A45FA29,7694012
carrot/train/good/xyz/190.tiff,C2AEEAAEEAB0F92356C3491869307EB3FC2BD20497FD5801F9F30124593DB757,7693576
carrot/train/good/xyz/191.tiff,6D4220B97CCB4F329E7A9CCEADD7F61353D9940BDE4BCBE107508BA4515A9FB8,7693748
carrot/train/good/xyz/192.tiff,D55CFDB59E24997A42F2401B77DA582B339760A2C71B33FB0E063E15AE367C80,7693590
carrot/train/good/xyz/193.tiff,D21DF348EDE9EFF4065B03597780144FC6A0A13BC0F1FB5910A29A8EB938B32F,7693748
carrot/train/good/xyz/194.tiff,B2AFFC8F89589D8CF0FCFA8A74142AB1BBB245946C5191D940644B879C43832E,7693562
carrot/train/good/xyz/195.tiff,C9FC393BF129671DC39D77495643F769D83C443A9FDAAB1D06CEAA967BA5AFFA,7693888
carrot/train/good/xyz/196.tiff,85123B4A620C3803A5AB85FB4ED5CC4D077B06B5002C97927845219217D1067B,7693754
carrot/train/good/xyz/197.tiff,6006474890C5A0B20EF59122D7CC157FB740F6953F495A4AA619B634AB27ACF6,7693510
carrot/train/good/xyz/198.tiff,B5DAFEC4DBF37A97C39E584F6688ED82A08E88A2DA42BB6B054426D1205EC57C,7693466
carrot/train/good/xyz/199.tiff,9CA9ABBED89C0D7CF22CBF8515B31E88F2BD59C41E824B6D1778EDBEA939F307,7693234
carrot/train/good/xyz/200.tiff,A5986A8E14D5CE61CC70915F4FE0E906B38E89C215A79F738984056460A4F7F4,7693266
carrot/train/good/xyz/201.tiff,DB652F7D13C819E07826DC18B142463EEA9F2C28E02EE678E78872C4FD560AC7,7693328
carrot/train/good/xyz/202.tiff,A0E1F0D3A19BF4C30D8768EB99561B04B53017EAFED3B7ECD52E9F6D9123CB14,7693014
carrot/train/good/xyz/203.tiff,35DE31761CBC5230125B57B82F692A3093BAB92BEFBAC813D68E3CE378A01F8A,7693258
carrot/train/good/xyz/204.tiff,8183AB8A6F37FA24FEF2A35B7A5C6EE7A8C866159118058C0D69329771157E1B,7693472
carrot/train/good/xyz/205.tiff,2EF8BB4EB40C938EDE1F6B3D8630363CB5F60ED5075164B64A679F6DB17510AA,7693540
carrot/train/good/xyz/206.tiff,45C6928EE01C65E7C4C71D51169C1D3F8FB65E4F059A56A134FA9D03DBEC0DE7,7693310
carrot/train/good/xyz/207.tiff,0762885877456B8ABE2056A9C552374B8C1566221239B402B7DCC5CA3F4DD0D5,7693788
carrot/train/good/xyz/208.tiff,3B2E7BB22E309E437818C8167CD0C92E40FF36095E977B4614FF6F95834CBBD3,7693328
carrot/train/good/xyz/209.tiff,A61430FEC18AF44EF163066D0EC84550EDCEB0F8A6EA5C9BB104F029599275FD,7693486
carrot/train/good/xyz/210.tiff,B7442298E7EB87C4AA7D306EBE470C8A35AF429AA7107C64993FF2563DD7D1DE,7693166
carrot/train/good/xyz/211.tiff,E667460E2C878243A04F1E25A3BFA1EC986DB15FC39D273AAD0C21C3AC4B4E1F,7693780
carrot/train/good/xyz/212.tiff,3DFA1B0FF0770FB87AC61BC58B06E6ECC6FDAFB089B93FED31D2BFCBE92E5DF2,7693820
carrot/train/good/xyz/213.tiff,91CBFE7686C5E8F6E1269ABD71068E3A1D0A8C1AFBB933BF386AE0C1C87E509A,7693416
carrot/train/good/xyz/214.tiff,82183C81468F5600D6597AF76D32A9F955F2EBF72317134B542DD776A309D1A4,7693134
carrot/train/good/xyz/215.tiff,933F9C7AFFCE93F362A79ABEEA84C51CB60A81EFB17D4632AEC5DE6F0F435A33,7693346
carrot/train/good/xyz/216.tiff,DF1BE0BEB01A57265ACFD703365E40C35669BCF1E5A2054E6D435A80201303C4,7693224
carrot/train/good/xyz/217.tiff,E8DEFEC4423B944C6530CC79EC4DF057D1259D339D1774A196E45BE83664ED12,7693730
carrot/train/good/xyz/218.tiff,99BB1DF2F781D26377238AF259424119C9FF33A7319FCE206C96628AD06E9DD8,7693624
carrot/train/good/xyz/219.tiff,822455849856271D8AC77BA643DEB3FD0F5735FC0F12B14FEB9400D77976EE00,7693282
carrot/train/good/xyz/220.tiff,7242DFC3D613F74FAEF393620EE48425FD1867E3BC3A2AD5DCFB3D8B29B3CA5E,7693044
carrot/train/good/xyz/221.tiff,2F4FB61A12E6959359BEBFB0524FFB193948D67C804F8521A8D4BE8E2A41BA66,7693188
carrot/train/good/xyz/222.tiff,5E733172B837A32F2B9BA27990B97CF14A1E1A3B3B47419A74E9C3C774376AED,7693002
carrot/train/good/xyz/223.tiff,4D173A3028E966623419F9A8BF0983DD9FA8563D19F650CF9FEC207995846D12,7693608
carrot/train/good/xyz/224.tiff,1C826A0CB02BB1DFD488185836F83F65E502607F07FA68EC0B400053939DAC6D,7693466
carrot/train/good/xyz/225.tiff,E51494DFFCCCD4F4719C29AC7632FEB04E73A169777A211C6372C49482BFC401,7693744
carrot/train/good/xyz/226.tiff,5370B05E5BA3A6CDA5826A986DDF1B8B6426E1460A409382DE5F8E80BB399CEB,7693476
carrot/train/good/xyz/227.tiff,E8FC38449B741E315054ED486745F33516CDD40F62DCFF1D24D5502C83F9D93A,7693176
carrot/train/good/xyz/228.tiff,4604A84BD739FA73F6F552A7C323042B2B39FED5CAC667F066AE91E5119F52C9,7693338
carrot/train/good/xyz/229.tiff,F97B26C025788AA02BF3364883F8379F4C8FA93E0591EB855280A28875A9ED41,7692914
carrot/train/good/xyz/230.tiff,DE7EA966E13FBD3EA549CE5966582B7D03092FCDAD467B8F6FC4B96DF5CEADED,7693106
carrot/train/good/xyz/231.tiff,3C31656E25F57D71E280DDD54E61442498CB7B49D3DE51FF3E455182AB822CBA,7693174
carrot/train/good/xyz/232.tiff,786AF7710677FB59969837CB1A7B89AB616107CEE9CFBAA7964DAEF82EF1971B,7692826
carrot/train/good/xyz/233.tiff,409BC12201C705D49917290BF4C6BA6D1860B12FA1A78CDE947076974A150ABB,7693410
carrot/train/good/xyz/234.tiff,DB0ABEFCB329CBA541844A77B2F0968E2C9A35D162236055D406E3F2D79BBBC9,7693550
carrot/train/good/xyz/235.tiff,3B7A1AFAD8E9F68F5E610C95432994489AFB092041A62BF367FCE9FCF900F03A,7693202
carrot/train/good/xyz/236.tiff,CF66DE80A2415204A72ECCC02A3A66A0C132A8A0D2378F48B7FAF0893B780BC6,7693438
carrot/train/good/xyz/237.tiff,4E62C369B0A7CF233DA21CEF924E6304C77B157FC8BEAF2EB816E8A3A6AA1AD1,7693186
carrot/train/good/xyz/238.tiff,719F1BA2B4601773F3F1023F2CEB179BB37D3C548ADFA523C56D8DA8B7FB3F4A,7693480
carrot/train/good/xyz/239.tiff,48E7427D3770F4C8F1BF94812E92E6CB454ED4727B71B53240C890170F3794A4,7693196
carrot/train/good/xyz/240.tiff,E63C45A400C69FEDCBE6BBCB96AEF7C9FAB7F79E6049D3BB275A2B9EE9E475A8,7693432
carrot/train/good/xyz/241.tiff,48BC2A45D7F49BCC8CED224B6F14F8E28326584A7802353B635181B3E21F2C76,7692908
carrot/train/good/xyz/242.tiff,CE65DF246DF34A3B2D1E6E6D45683CF492938172D289936B7EC7050B569B2A8F,7693166
carrot/train/good/xyz/243.tiff,8BA45C2167AABD8FFFC2E9C6362BA91CDCEFA95751CE89BF81704EF79D533924,7693144
carrot/train/good/xyz/244.tiff,6EA5B892CE4AAF0BE476B73FA95B3470A0421431D6EF01BF9D85A0D73B967105,7693090
carrot/train/good/xyz/245.tiff,E4DECC4EE32C17520897B78D61D7407A29C704657E6902431D8FAC6D5DA8B7B3,7693402
carrot/train/good/xyz/246.tiff,37DA49006785BB8EB1A4890DF4DF19AAFC2254E67E371E626F255FFCF650FAFA,7693584
carrot/train/good/xyz/247.tiff,4C78B08746BF5ED3F85ABF6498F92EAB01A8358B95E57BF42DF2791FB867F96A,7693234
carrot/train/good/xyz/248.tiff,99625ACBAED26C6373592538693CEFFB7A5D01B57AABBBFB791940CD61B77CCC,7693354
carrot/train/good/xyz/249.tiff,72CCE52D194DBB7A7700142B3312D7B6C0D8C1C35E6CB5FEDDF3599622D119EE,7696092
carrot/train/good/xyz/250.tiff,FA48FAB786603ED9F62BBC427C4C9652107D7C65823069F20801AE82E9966F3D,7696130
carrot/train/good/xyz/251.tiff,B406ADD6018F9D659E42E3FFC07B2618C4F70F78AE3D039D1082563000B7BB87,7695930
carrot/train/good/xyz/252.tiff,45E05D08E97A643773AD0E580A2A28C94D61F4A6B98CAF689FBABB26906DFF9D,7696002
carrot/train/good/xyz/253.tiff,C0882291159B4CFD4FD7E9E2A19B6DAAADBED8CCD0C0A1B7FE462DBEFD0C007F,7696262
carrot/train/good/xyz/254.tiff,FFA83F654D8F3F7AC417B2B1DBD946DAEBF68C753A70F97292462CB6D5CC28A8,7696144
carrot/train/good/xyz/255.tiff,B356019F7A07A97AC73C35FBBD4809C4F1B3246500DA61AE24E09842B3DDA3C8,7696116
carrot/train/good/xyz/256.tiff,18464FA03224CCC22C72557FD0E40057A856C5832EB2A4804613EFE0E96EEF7E,7696284
carrot/train/good/xyz/257.tiff,74B86E9A9AB6C2C2473CD8EAA712EA9FBA61D846452116F8643F107ECFDD4DE8,7696188
carrot/train/good/xyz/258.tiff,124928AE9DABBAA81D637B45599AE551C3252519D7647C5A2A691827EB7A3B31,7696352
carrot/train/good/xyz/259.tiff,A9B04E84033905F5A71C864F85D31564B1855788AFE1BB377D741C8BE56FF089,7695694
carrot/train/good/xyz/260.tiff,ECD2FC90BC24F9B98ED840C36EC112E34A6860E1002FCC9E51128F0231050585,7695858
carrot/train/good/xyz/261.tiff,72B05C55ADFD47F914EBB066B80FB7EEDE170D7A07FE9DDCAA45934EC2B1C9DA,7696252
carrot/train/good/xyz/262.tiff,A86B4F9FF4E365E8BA6106FA44AD8EE986D62E312ED9440D76CEE47178A2F23F,7695934
carrot/train/good/xyz/263.tiff,92EBF3876F60787828029A27BB1589560A500D0764F572A5AD216ECC7B4474B5,7696254
carrot/train/good/xyz/264.tiff,CF32D2D0957BF53184D57319504FBC0C658342DCB210F4AD0BB25E8137A6C123,7696636
carrot/train/good/xyz/265.tiff,D7B506B5FB0E243F308A5BF1F4336828240F1AAE539E5121C731A20086D058E3,7695784
carrot/train/good/xyz/266.tiff,85EC7C36CE2B60413AD62A52E3A8C384F06A194FEA78928EE7DCFE6E18A79151,7696102
carrot/train/good/xyz/267.tiff,670CC135F7345CE31B59052B3BCA533DAD6B836EF944109D2D2B3AF1FE7B7315,7695880
carrot/train/good/xyz/268.tiff,486B7FFD928FBB761821A544ACBD5DB30D9D34C2446BE2E126AC6A72B3C23558,7695700
carrot/train/good/xyz/269.tiff,FFB782EF5F03084D994DAFF251B5745B196720C4DF97D6CA7EE590FD775CD2FE,7695862
carrot/train/good/xyz/270.tiff,96ECB27CFDCC8DC653497691D820AE989D65972C74BDC265A6B9B14628A05A40,7696054
carrot/train/good/xyz/271.tiff,0576441F1A2D2234BF4FAE9A11D9B07A5D9B2074ABDF7B493844995286F0CCCC,7696074
carrot/train/good/xyz/272.tiff,A0C921E4C07B76288A87D03591AAEC6CE5352904E3B51E35A7422AF1575B26F9,7695940
carrot/train/good/xyz/273.tiff,6C27D2FF8DE545310E3D729B86BA121A543E3701F021839653CE392FF33624F8,7695940
carrot/train/good/xyz/274.tiff,A28B1D2C2E32C8127B76B4C1FAFC72246735065DC543A30EE1CA906E24B3CCB3,7695974
carrot/train/good/xyz/275.tiff,BDA13A3CF4E6D56CC4112CD755286843E6FFC52433A49D81F6CC33C1A8B03FFC,7695696
carrot/train/good/xyz/276.tiff,2ED02F59DD5124E7308059CE488C903A6250C0B717E3A07F9D0C74B7159AA8F1,7695646
carrot/train/good/xyz/277.tiff,F924100586618C0095B458A5CD819D69938B38301203A137B03FE192B42A2848,7695928
carrot/train/good/xyz/278.tiff,1209EBDF384F1F4D51B07F2225368603A37F011574992EC5F35342E6BCB5AFAE,7695890
carrot/train/good/xyz/279.tiff,F5ADFFAA7CA01AAECE9D1D19A30465ECB7794A72A81E7804931B6E19141C1A5A,7695660
carrot/train/good/xyz/280.tiff,3991CD8179EBD1AE5EE24ECCBC9C768A141FD18D6534751E2A2D5AE871CB0BC0,7695768
carrot/train/good/xyz/281.tiff,23450CD50E969902902A299230101D9DFAE829B89EC8F8181C23949E9C9304AE,7696210
carrot/train/good/xyz/282.tiff,E48E6CFF9A3B66EE1F68CFF942A6F1EBA34FEBC93E651CF5ED70BB8B72DD0E3A,7695840
carrot/train/good/xyz/283.tiff,462C78AAB0453CD73494982B3EC9EDEAD684874961ECEA55C511DD26C4C217B3,7695302
carrot/train/good/xyz/284.tiff,FD975AFC31AC20491A8A7DD42D89424DDEE2DC57122F338B748C2972DA95895B,7696226
carrot/train/good/xyz/285.tiff,9D64BFA8E665B6A6719E37C61451F8A0BD188F28EAD5E3FAB4D1CB3D6452A2EF,7696214
carrot/validation/good/rgb/000.png,7477D8AADD95D671A14A517C584C1DCFECE9704B33A31D4E4A1E5C7F09317AEF,799843
carrot/validation/good/rgb/001.png,C7966803B18D931082520ACCDAFB992208B27A319FD3E08C880BB708E8337BFC,800702
carrot/validation/good/rgb/002.png,FD4E845A419FA1C55CCDD91A2BF9F7B3328080F506333FE1CDCEE94B7D4F8D44,805228
carrot/validation/good/rgb/003.png,15818DC073718DE246A8955EE44C47D017CD915571C3FD421FEC901FCA23D246,803553
carrot/validation/good/rgb/004.png,564E494CE4827FF9ADA181CFCBB05872383C8455EE5BBFFBD7D145A63916E606,798763
carrot/validation/good/rgb/005.png,E74FA3FF022D9098D8B1DA73F899D3F74EDF7D70293B3558F38F72C78EEF5882,800675
carrot/validation/good/rgb/006.png,D9F3728195A1F0265F66F62E8ECBC588ECF0EF64AB01A3674B8E15775F05EAEE,829838
carrot/validation/good/rgb/007.png,2F1BAF6C9C181A419019A3AA771CF42E159748AC9D9BD1564B5C67460C6080A5,825559
carrot/validation/good/rgb/008.png,A4254BED88F951FC43620C10BC202879B16D0D23D7063C9D4478D5C27FDD5B97,822999
carrot/validation/good/rgb/009.png,9A4B8AF9B6C2DF7E197420FE18DB1ABE17C8ECAAC09C41C958A63A95EE7A9BA8,825834
carrot/validation/good/rgb/010.png,682DE3B45A5AD432E229E08544C3B7EC9F9F3991CC86DA0E01D090F722DA2266,824465
carrot/validation/good/rgb/011.png,5F6C0E01DD07A98C10F37CF6DED31A3415A67C9E74D0CC36DEEF77A305AA4D72,829806
carrot/validation/good/rgb/012.png,11EFBBB95D9EEB60913611285183EE771293FD470A3496FEDC27DB9973431B15,831877
carrot/validation/good/rgb/013.png,F084E2190F938523E6BF9A8D0AC654867AF146B7EACD784E0C30D812E6B0B649,788357
carrot/validation/good/rgb/014.png,36B643D187A284CA59C691EAA54FA38D025071BFA1D38B99E6061C6C71BAAAF5,785330
carrot/validation/good/rgb/015.png,06FFC8204A3F1EA0763804FB9FD4B64A81873BB735625A98660D3716E09137F6,785260
carrot/validation/good/rgb/016.png,50061BF872632ACFA17FF0DB16DE1116AE11F442E24BC20B2C869A523DB36879,786864
carrot/validation/good/rgb/017.png,32734248A798C1FF61A568C5A03FC31099D1C1BA31B3E89735ABA1283F28B660,784397
carrot/validation/good/rgb/018.png,FB42D17E6534A4AFC533C09917F67FCA168394BE092F7BCA23D5D23184D9144B,787275
carrot/validation/good/rgb/019.png,6C27021B649725EFFC3CAE143C10BF11FF8F0D1E0895D928FEF0C6D6DEB589F5,782646
carrot/validation/good/rgb/020.png,D378A09AD176818A92F526205376EC1037866E87A1A64B248C464BB2B07050D9,783177
carrot/validation/good/rgb/021.png,41EBD50BE06CB0BF4A7E55075014077E04D6C38ABDC45AA4397267AE7FD9F094,785846
carrot/validation/good/rgb/022.png,7B09617C89EEEDD63ADF73744D17AE5FBD37D1B2AEB39F32439A95C2AFE76015,783360
carrot/validation/good/rgb/023.png,46FF431C2ABBF4D8AE3DE816451581B2E59EEDB295B2B30DEB636437BD08ABF6,787669
carrot/validation/good/rgb/024.png,0668836EEC3E429415048E66EF898FF60994368DB89A4171AF846B0A8B7EDEC3,788432
carrot/validation/good/rgb/025.png,19A477425D3C2ED3006E0E4145C9BC4190FE8600A2EF1681D802225EAD1496E8,779721
carrot/validation/good/rgb/026.png,E9E2E1B28373D1EA4872169D4E1F65C3ADAD32A98C8DA4CE683E2CA50D2C537D,781054
carrot/validation/good/rgb/027.png,682F943F4B16F88054F687985CC449938219254FA90B15C27E892491218B54EF,780095
carrot/validation/good/rgb/028.png,B2871D12269EFE77115469B7EA39D38D09402317D49C8800F798F969018927A2,779564
carrot/validation/good/xyz/000.tiff,BFCD4DD9E2D6840C80D007C5F181071B18C68C4EBD42C0EF8FCF24E67DBD507F,7691722
carrot/validation/good/xyz/001.tiff,C657A77849E8C49C1CB116F99D6BD6750036D5BA470AA9C6DD60F727F5D45AE8,7691818
carrot/validation/good/xyz/002.tiff,488309E493C9653CA6D2F1CE2545855B6EDBDB5836E8F5F4278ABFFE2E2AB3B5,7691798
carrot/validation/good/xyz/003.tiff,35B8DF6525E2C344759B67538EFCCCA0061EEEED3A8160C902A0285123FEAD19,7692978
carrot/validation/good/xyz/004.tiff,07F482986D6F4A7BCEB3E381190EF23B7A5105FBF2642B0C874F8594A2788202,7693020
carrot/validation/good/xyz/005.tiff,0C0A0F3DA20589EC8EC3657DDA25583D65C9F9710BB44A3ABCB302CCAFC7CD3B,7693264
carrot/validation/good/xyz/006.tiff,D6266D77AB8CF6BD14126F41C09BE7B8FB14542B65FFADCA21B565467A783D7D,7692622
carrot/validation/good/xyz/007.tiff,FD67060D38F2BC3DE0170D6EAE78B272D11A44A94F5E34D1B4D0D76920198BA6,7692514
carrot/validation/good/xyz/008.tiff,F9B0B4ACA6E9830B61950A4257CD75B430ADB9A8B3C181B274F25E309AC06529,7692442
carrot/validation/good/xyz/009.tiff,CBAE00662F358D0610752C0DECC81C4E991E4B4BDF02A79E3EF94CF0B301AB42,7692494
carrot/validation/good/xyz/010.tiff,D913BF4A79F0CD4698B2AE0853E7985F1E7D74F1900E16AF8B955D3E2A69C7D1,7692470
carrot/validation/good/xyz/011.tiff,6E38FC9CB5486E3C0BEF89358D116E7B42B010DAC019FE48AE0D478C96071344,7692988
carrot/validation/good/xyz/012.tiff,8CC297FB98EF2CFE57C50EAD70B4F8011E677D4C205406B10FF180DCB342A5DC,7693282
carrot/validation/good/xyz/013.tiff,E4708B4DEA5B4EE2151F4B7699C300006CA42AA0FFB5ADD09F60DE07C33228C4,7693628
carrot/validation/good/xyz/014.tiff,97E26DD1B311A72137B8D321197363B3F3E1E50C72B5658D79467F159AA8D5BD,7693540
carrot/validation/good/xyz/015.tiff,96FFD2ECDECD051D3AE6C75F1078E92253B3BB6741ACEF399C8EC93D3DF63D86,7693964
carrot/validation/good/xyz/016.tiff,E58560CAA39034E349EA6BC6410254C3A8EC91CF16F93490FAE49920098617D4,7694118
carrot/validation/good/xyz/017.tiff,5D2E74D82EBB9052E357620C978C54662F516E169517B286F71E483745EA8DA4,7693974
carrot/validation/good/xyz/018.tiff,6644DD5D6413EFB41419C3DB1103B93132B6BFC9F31A3323422088E25D729036,7694014
carrot/validation/good/xyz/019.tiff,AAB38966949FCCD49332E6B21EC46B81ACFE9FB6151BEE20AC4009E130A4E17D,7693828
carrot/validation/good/xyz/020.tiff,20EF7F78DDBE0A2EF2408A0A8F091A8945F3275F003BCD12F5461208D89DA602,7693722
carrot/validation/good/xyz/021.tiff,5C8EDD5CBC2C7C31998A5687369DDE950A2A983D42C3072D6DFC6BCDDF2EDE4D,7693574
carrot/validation/good/xyz/022.tiff,9E0A84EA0EA25D9663191E98F23FF301DB1FC320586C0196018AEA652816038D,7693418
carrot/validation/good/xyz/023.tiff,A24518B5A69AF8213F9706343E1C43E0AA9389B8768EBED38B9631A5A4B95757,7694172
carrot/validation/good/xyz/024.tiff,40DA73BDCA254EBEC3A1168882BD84A483B5E550F66F744C106E4A4B36C0A12C,7694188
carrot/validation/good/xyz/025.tiff,3947F9773495AA41333B67A23CDF6BEC25C13137C594D54C4B071C774E548B71,7693328
carrot/validation/good/xyz/026.tiff,F136D9023F66B6507FE01E6E538F255CA796C7234023A2ABE726C41EE4DA158F,7693434
carrot/validation/good/xyz/027.tiff,8B8915126FD54CF983964EB3738863624C00C9F091E4CA8E0397F674A3617065,7693426
carrot/validation/good/xyz/028.tiff,D50D09BC8287E4933CFFDA92A71A1867DD07ACB9CF38773CEE6B151E9D02A41A,7693546
cookie/calibration/camera_parameters.json,1F0AFC76C0037956DF3FBD79D6DBA4AB841AC53D7263CD3181387D291132B4D8,201
cookie/class_ids.json,06E7D2DE6303C0C838828D2F5FCFD927F352D659D6836343B758FE02D8282CD3,78
cookie/license.txt,221519EB7AF2A395DA4474E7E136BCD4E0848D8ABBF346ACB2FB0B6D6BD2277E,20880
cookie/readme.txt,CAF14511A62020E45ADF34A0CEB679E220CD688B3734CA495D71A97D561F508A,982
cookie/test/combined/gt/000.png,EFE76756985E99CA46D169A159A57146F54838964D4BA771A265BCCB86E2102D,934
cookie/test/combined/gt/001.png,3C18949A99F227529CC34488017388545905B4DA0605B24952105904C3F4ACE6,901
cookie/test/combined/gt/002.png,1FB96838A60689C3740ABE612EA7E25D87B526F57F0CBC24A87ADA475AE056DF,833
cookie/test/combined/gt/003.png,4408F6DC77D3C356CD42896BBB2A7F2A24D8A2BF21548B06DA6F74463B0AB93E,1230
cookie/test/combined/gt/004.png,A3B975084B35A24F5ACFB5C78CE6E183AF3563341F7364C6A05BAD052BC655C6,848
cookie/test/combined/gt/005.png,AC72F9D843DE8D3D5864FFE9C1F934D410480D39FBEF927BD5C34A63582C7023,1198
cookie/test/combined/gt/006.png,E377DA492BB91BB0382CFA5E8424131D484F9981DD99AC649DD66311C9151840,1412
cookie/test/combined/gt/007.png,5FD79F2F2A3AA14867564054467B88E3E4BCF5E37F7E988DF68ADB1F7A829723,1331
cookie/test/combined/gt/008.png,BC341EDFE23062D7BD99AE757540ED8BCA84300116C531124064891EB550D0E7,1079
cookie/test/combined/gt/009.png,58CADAFD232238DB28748C1C3D309DBB41F7B4518A3003728CC8B6E9E764068A,1022
cookie/test/combined/gt/010.png,0620ECC78C8BC35D5F55344532732D15EA2F0D893D80F7D66646136C2482C761,1081
cookie/test/combined/gt/011.png,119A36D0A73F3745F27942C70CA3B409494285F700F4FA3EB8DFC179526805C5,1026
cookie/test/combined/gt/012.png,93C74DAD6D892E2C6CA5FC30DE1B5D43D1C2CF3D6353A038F717693C7FB5A29D,904
cookie/test/combined/gt/013.png,E7A4EE2F63119484EEC21AB73C9D7C450FE50FFF4786609F9D47E9A902E4FAE6,1010
cookie/test/combined/gt/014.png,F9ADE0CAD9F138F5377150B3BCD640485F4BF42A9A6806453EC714E458EA4A58,1203
cookie/test/combined/gt/015.png,844E917B442B28D38380AFA1D337F7DEB846317349B4EE32A395BA3FA15A6D86,845
cookie/test/combined/gt/016.png,C5DB8B3903947EAC6F3946200912AE8C1328BEF333DBC88AB89C8FDEEF8ED1F0,1019
cookie/test/combined/gt/017.png,3BD4DE14E17A1771447314486BA1C59647B9FD127EF5459264B747E5736D14B6,1033
cookie/test/combined/gt/018.png,D2B07304C3762F10BD19AA4B2DC163BDEDE92D3CF863A0FF708BD46EA6E9262F,971
cookie/test/combined/gt/019.png,08A2321E50491C5DB49F48C828FE54387BB0BAC10ADF3B0601680201B41D408C,821
cookie/test/combined/gt/020.png,F9AB37BEF92BE82E77E696B229FAF08F8D71D4F212B5C13CB74B1C94CF040D72,1178
cookie/test/combined/gt/021.png,C41A51D2088456142FB54E761465E191B901771FA73A805B06857E2C1458D9FE,862
cookie/test/combined/gt/022.png,945208402C279FB0DA493C58032B03691AF5082CB0991C0ECBFD4C73900775A9,1381
cookie/test/combined/gt/023.png,6328E59A88635BC33744E670A3AF50BC57D336370ED0F72FF931A4916EB5B2A7,1021
cookie/test/combined/gt/024.png,B95D891DDE73B6CBE50B1F7B719167CD70B3EEB4889A47E5505B87E8D0C0BAD9,835
cookie/test/combined/rgb/000.png,723447396992B71074B9F0BA4114F6F6010110FE19E6331333877A439EBAC6E5,384458
cookie/test/combined/rgb/001.png,95D749B056DC3EDDD3DC1650C12A88ADFC933E6E705672284759A6B89AC83731,384870
cookie/test/combined/rgb/002.png,8591F9FCC7683A60D551221AB87F4E5A2747C1D6E44DE7AE2CFFDAA539AFE1B6,383700
cookie/test/combined/rgb/003.png,3DCC7D65F24054930ED8E292082239C10184CAB69FFBAC2843E2121670B96B40,387199
cookie/test/combined/rgb/004.png,4B8F8D0E86BD0D35A365D2387761907E56C8490F82C2805D4CDCF4267045226A,380377
cookie/test/combined/rgb/005.png,EDF1AC9AAD0D712444CAE05E8FC15BB2C6075D4A50BF6DC6843C3B8CC8A61772,385571
cookie/test/combined/rgb/006.png,BF5118E2F88B34678C25F93E0ADB4A63A023DDC9869F6C3C51E5760017FC0CC7,383085
cookie/test/combined/rgb/007.png,9EA82C6897592F10835623E99306E6B0E55A33FB7B64E9190F7827B19D1F3BE1,382634
cookie/test/combined/rgb/008.png,31B66FC02D88B9143923B25075AF2EC88371694E0C04B375416D3CA964D7D96D,380891
cookie/test/combined/rgb/009.png,B84DED7CFE98FFD5692F68B4681DB812D459B17A5E3883228EAE6C5334E1374B,360127
cookie/test/combined/rgb/010.png,51CF96424D70DCEB861D7AF431B10CC6AF762BFD78396FFDDE7071A88853D0D7,362813
cookie/test/combined/rgb/011.png,744F4F9E6478DC44EEE2793339A9A6B532D99DA07021B8EF7F98C0AA471CCAD4,362700
cookie/test/combined/rgb/012.png,F8C9C54FFE5E1721D0FEE9818576455FD8B4AE2F1D8C8E1B43A361770C6CA027,363274
cookie/test/combined/rgb/013.png,8E4EB55689EA08D03CB32A1958C554174C68AD159E743100FFE81D601F3BC758,363001
cookie/test/combined/rgb/014.png,2BB9B9F14F828B06EFC8AD1CAE425FB19C3A9509BD7F26272154B7937EA00DB0,364627
cookie/test/combined/rgb/015.png,3CDEEF2DC22313986472E4C80A630208531DB498A78A32FF290057A84AF2FFC8,361874
cookie/test/combined/rgb/016.png,FF16A95B195C8E2FBD729D7A71322373A3C3C964D9CBC90F01F267DAB9BDC217,364369
cookie/test/combined/rgb/017.png,42589C74545D369C2CFF677C21382E20B981EAD1CBAE256347F5F8A608B6BD47,362701
cookie/test/combined/rgb/018.png,AD47CAD0980DB34D94278082C8B75BCD71DD6408F0E54F193252E5A007822960,364926
cookie/test/combined/rgb/019.png,A63CE79984D2739C0CBE09ADFF5F19B1DC34ACE487FD749ABDE8DAAB7D2AF5B3,367937
cookie/test/combined/rgb/020.png,8D3696736C4AEEFB47A431D23E1EA2AFB2CEE6897BA13D0AD4FDAF679FE32436,366890
cookie/test/combined/rgb/021.png,9AD13FF143D2CE63DE4FAFAB2C973471A5A0F1183ACD52484A456A8A8AFA4D9C,367997
cookie/test/combined/rgb/022.png,D62B8F6DCAA11449F913A63BBE3276DFA686B1D4B3BB199AAE05A4D5E5D39191,367718
cookie/test/combined/rgb/023.png,B54BA261DBA037316593A61EC7A1A681CE6A765FCFF659EDA036FA483EEB28B5,365209
cookie/test/combined/rgb/024.png,51D3443AF7AD0814131DF995D1988B72BA9368878F34E395682CE8374C0A2190,368472
cookie/test/combined/xyz/000.tiff,687ECDE38E2546A7C357914EE14FCB3C908BDC2B3DF883E09E9A616333480DAE,3028184
cookie/test/combined/xyz/001.tiff,D1B85BDB443D74780B0F05D9C557C5DA78830998E78A388FE8C564D52ECE9A6A,3027440
cookie/test/combined/xyz/002.tiff,E71907BD294C81C76FED2A714CF2A6CAC36C08C372C2B5B34FDF877DBE5FD12F,3027904
cookie/test/combined/xyz/003.tiff,3D2036963E697DC199C8671FA95642DBDEBEDB2A6EC6483A2B79BF0F7955FB03,3028284
cookie/test/combined/xyz/004.tiff,23C1BFCC81BF49E8D75CBAFECD6AC8D2E16B9B8DD69D92833C76D78070E85273,3029164
cookie/test/combined/xyz/005.tiff,0DE1A93ECA537766120455689B52D67D0BFE7A20F5C140A1A28FA7F1AAD69C17,3029466
cookie/test/combined/xyz/006.tiff,433AA800FC2D4BBC3A2B4929142C34BFD3D6864E05BC37BAAEDCF839955B66CB,3029670
cookie/test/combined/xyz/007.tiff,BE98D79F1747334EAE968066443E814FC208A4AE5C33CCA6585087B93830466C,3029144
cookie/test/combined/xyz/008.tiff,27917F1C3FC2568B453DF634B05A17AAF86392F5F7317D76B904AB93150D64ED,3028848
cookie/test/combined/xyz/009.tiff,02DE64D71C174EEFDB574DE202A06452C7DE6FB180CA2E9B9DD96524BAD677C9,3034000
cookie/test/combined/xyz/010.tiff,3E01F71AB8C922BAC029D2B7DD89CB35E6FBC26B034A42549A394814D1595EB1,3033790
cookie/test/combined/xyz/011.tiff,CDD37C4ECA220328B38CE63F6F6CB73355F9A21C0EDC0CAD39D9028E9A04AF63,3033900
cookie/test/combined/xyz/012.tiff,CB24136391F6E83A04B91FD2BBBB1652B08AF15B1ABFA06B1E8D32766C95207F,3033336
cookie/test/combined/xyz/013.tiff,85F4EE3C43C128D278AE29B964C0AE010ACBD3A366635B5AB0DA809B4F0AE276,3034124
cookie/test/combined/xyz/014.tiff,40DDD6FB710EA39FF9EEBFBC35AE29EC127AF97C475C185D2F7272300A298B06,3033552
cookie/test/combined/xyz/015.tiff,10D7EA7A46F2203BF73055CB770709A508271C29B67F4CFC20CA89CB51D880AF,3033032
cookie/test/combined/xyz/016.tiff,0E78C5E1DCA2CF20EE1AF97060DBA6A0A1D029CDD7857A66397479B291B9455C,3032414
cookie/test/combined/xyz/017.tiff,6B6897B8B4CC1635D9CDC46DE2E3567260F35AEC4C5B33EDD5F9B2C941BB8961,3033760
cookie/test/combined/xyz/018.tiff,38D4D765D13D46A1E9F87D6F84626C60C524A2E817E7B003B5A06E4772CAB3BD,3033158
cookie/test/combined/xyz/019.tiff,B18AEE40DB2CA27AEC9922C660E22E99AC9106ECF11CD09EA8D13D079D26730E,3032680
cookie/test/combined/xyz/020.tiff,1AA708FD913D052AE68F1FF464C32DE2C1DE3765D03D2205A2174FB8AED7A967,3032774
cookie/test/combined/xyz/021.tiff,531F1CB07D7E5FBBA6471D9291098D6B00921CC6CC5C9FB33F5C6EFA33DA7282,3032274
cookie/test/combined/xyz/022.tiff,B153DDC41DD81288071F0C1E7F2FD86AA88EF94DFF9E36E396F75A02E824EC69,3033294
cookie/test/combined/xyz/023.tiff,DAA7BDB090A83E4CCCAC7F1FB0CD1FDC934BA2ECA774312EEA83C966F5FC3815,3033214
cookie/test/combined/xyz/024.tiff,F4674C95CA752E7CA7BF152B1E9D95DA5ACB3134FCDD700B770ADBD7FB8E7991,3032580
cookie/test/contamination/gt/000.png,794B1362792E505A95FE8F124D7E58FB19CE48743A019EEC7D077ADA8B3AD224,1095
cookie/test/contamination/gt/001.png,14EE680E3A556EB2B631F56FFCA9D69B201610025BCD70B2D84D65D5B99D9AE2,764
cookie/test/contamination/gt/002.png,691744FBB7FD6CD65740E3270FA36478BF149BACE8074D7CAF7942A97A78DF6B,552
cookie/test/contamination/gt/003.png,403DA0357C0C0C6815DF645A1E68E451C14BA82239368301DFFC474A070F4A66,560
cookie/test/contamination/gt/004.png,5124B303B8FEEEC615AF4E88585BB94CB1CA5FF9038F3AAAEB83DC3E0D62BFC1,691
cookie/test/contamination/gt/005.png,47516A860CF9727E9737815B8970968FE2341529F6F17D4266D207EDEEA19B3F,673
cookie/test/contamination/gt/006.png,405C96DF513CB2025F3CF78FBBC1FD9D4370685845CF56D87203A65E320CF818,675
cookie/test/contamination/gt/007.png,2EB8C39D384AF93384B7C1E46053CCD98CF92768F1446F925085E43689CD5DF2,801
cookie/test/contamination/gt/008.png,3EF230C0217D840C2871F6D1139F149DB86714EFE803DA5C59E2537AB676C2FB,874
cookie/test/contamination/gt/009.png,C243C921AF266363B46EDFE2FD621992DFAE1DD24E8E967CAAAF69BD455B1BB7,608
cookie/test/contamination/gt/010.png,C277A9DB97B75ACB7AD7B845D5F95FCBCCE1A0255503D8A9358AB58EC437E1CD,605
cookie/test/contamination/gt/011.png,514EB0C4D8D608A6E511D3B0B1D23DDFDD02F40792A22DCA6834B1655BB355D9,647
cookie/test/contamination/gt/012.png,8A143CECD30C5E01CE9075A3E9FC838BDC09DCED1538AE4B1B5861DC0A2C9DF0,652
cookie/test/contamination/gt/013.png,D28FFE8E8DBFB973E3B1A8E99EE501B75F009ADB9997D685C1F2A535A44AF133,644
cookie/test/contamination/gt/014.png,FE103988C623E1639CCB8EE064806317DBDE0A7171846CDD0EBD8674CA750370,617
cookie/test/contamination/gt/015.png,C511A627E0084650960C59E596772438E77CA7522B5A2FF54FD567CC6B23FD74,602
cookie/test/contamination/gt/016.png,459E604E824E735B9E1C7A8466D0F9135871CFBF8CC75D149B14CF03176CA37B,715
cookie/test/contamination/gt/017.png,1A350A3829967CE191AD246E59A3E62580A03D70707035F8987698D4AEFACA69,676
cookie/test/contamination/gt/018.png,954D74FBA31BB22086D575D3F01A97EAB57C367FFA2358EC9F336E428A6CF563,768
cookie/test/contamination/gt/019.png,C8FED19361C44931A119A9A437316D0D0887E4F1EC93DDC648E5CF8E49AA6E07,655
cookie/test/contamination/gt/020.png,2908C313DD4F3949A494978791C997AC05523FCCB3A8B8ABDF5A74205F664CF7,658
cookie/test/contamination/gt/021.png,84125784492064757C9DAA90B1880777CF95FB602B65C4A064974FEBBEC2342A,620
cookie/test/contamination/gt/022.png,C62269FD3D35061E3FD19298A0AEA0B46AEA843DD968D25C9EB595FCDFDEC093,681
cookie/test/contamination/gt/023.png,60286EDD50A158FE9FADC16BB1BBC2A2BE34E3C4BE5E4D173F3D47B7EB91DCE0,974
cookie/test/contamination/gt/024.png,81CCBF6B0FD52A67AB7A3BC1B46A40361EDAD507C2B45068EF493492727E50DB,621
cookie/test/contamination/rgb/000.png,187F8ACB2919781846DF237CE3DAEFD86BF4FDFA40474D1F55C637C9DE3BDBC3,371580
cookie/test/contamination/rgb/001.png,546D5B33915453F62842A653D77E255112404694B6CE0E9D3D7C36DDF7580D0B,363175
cookie/test/contamination/rgb/002.png,942AC6A8CF6F4CCE404E1001B57ED8CB549E577FB26EF20F57BF97DCBF0DC2E1,371456
cookie/test/contamination/rgb/003.png,0F4B0E3FD92856C838DF17241A5B6CCDE5866C9066A6302F54CE3B3579FABF83,368454
cookie/test/contamination/rgb/004.png,785A99FC9DA97046F1A099078DC4FDBAD2AA82BB6ED4ED6897179092DC0D5788,365077
cookie/test/contamination/rgb/005.png,88BE3516CFA26A3A399C69CEAB8391CA943A81F9A96DA6F4E18B176DFF60A9E8,365147
cookie/test/contamination/rgb/006.png,DE4E1DA1451E7DA4EC0B24838193C082CC688415E7EA11B72ECFFFB27899924A,365478
cookie/test/contamination/rgb/007.png,0BA5C8967200D18C0B98428FC121288DA622136B5BAA8F5CFC5F38F69946A401,364152
cookie/test/contamination/rgb/008.png,1AD1030E2FDA5499E9020EEEEFF08036C61BFDDE7C7AA98FE3527EA151D3B2CC,369244
cookie/test/contamination/rgb/009.png,D09D359C309FE404641D88E465B97D9FED5F36ECA10429E45B57D2C53C2167C5,364452
cookie/test/contamination/rgb/010.png,FA6A9A0A4BD8F8B2238B7523A7B7E3886B41B6489F72F937CDC79840BAF53032,368161
cookie/test/contamination/rgb/011.png,057E3F1AA5B1DBF564F7EE10F36E737F9D88DED9DD3EEF0EB834B43911C1ACC7,365796
cookie/test/contamination/rgb/012.png,07FC2DA2D2CD6CCCA6DDC081D792144EE1094FE230A88517C138E6705B6DFB1D,368841
cookie/test/contamination/rgb/013.png,4686ECC239F83B20E05AB34E69665C89D1E567984E31B942EC992551AB644CC6,369897
cookie/test/contamination/rgb/014.png,D2EC12582E478FF8AB05414DFE4D92D5B77B58BDF79C07029636D29CBCDB4310,375945
cookie/test/contamination/rgb/015.png,4384B0FBC425045E68F43818991B332D05BB29285FD1CBB88151AEC21EE547C3,370069
cookie/test/contamination/rgb/016.png,CB46752ABD46B94A0016AC8118124C19D11983619340CB0F25A22FB07FB269F7,366485
cookie/test/contamination/rgb/017.png,2F11218E8A8289766FD585DB4A7D5B6C41357937DD98FF85958DD4EC58643E43,365505
cookie/test/contamination/rgb/018.png,8A0054CA6D9BDE26303F652AFE03CDED569BEF6D317F9B5625D6B19E9E864FCA,372490
cookie/test/contamination/rgb/019.png,EC6D0FF4A6A64D378C5D7DC28485B44BAB9D16ED7D1B9B662D697EE4FD097AC6,364727
cookie/test/contamination/rgb/020.png,DC4C0AAC79E3267F5B779DC7C2D35AFEF7B1C93957959FB8230DAC1E33B62F4C,366810
cookie/test/contamination/rgb/021.png,E2D274E84BBB3ADB2B495FD2291ADE4072B2A936459537E59FE5FCFCA658B920,374370
cookie/test/contamination/rgb/022.png,B2396DAED2C18E8A50B0FFD774D4CCF30AEBB5B269DFC42D207AF5990A8A06AF,368035
cookie/test/contamination/rgb/023.png,9BF79BAA631C15F5A2741CC23B9AEC84967B27C6E37520838E5D52233E57BF88,373416
cookie/test/contamination/rgb/024.png,55ACAA5388D7946C8C8923DF0BDC7338B835ACB244084BF7FF87D2C451FA3CF8,367092
cookie/test/contamination/xyz/000.tiff,5C9687D4C2314A20E8FD2670E04239B626A55AEF1854AF3247C4C7A504D69703,3032044
cookie/test/contamination/xyz/001.tiff,9BCA8273D51F2C93336E4AA58861150936A799A3D0068C383B9A4A74D32841BB,3032310
cookie/test/contamination/xyz/002.tiff,70D147739EB42CEA125F0EB2A0FE7E55B726579CFD5BA0FC708625578B417FCB,3032316
cookie/test/contamination/xyz/003.tiff,C860DDBAC715520B6321C617C641DCBB8EA5CE376302B159517EAE3FD44431A2,3032954
cookie/test/contamination/xyz/004.tiff,6D4E69AEAF62916F43E2B85C32BB2CEB4C3BF6595E75F19991E4CD1F7639C3D9,3032960
cookie/test/contamination/xyz/005.tiff,E390A0C4F69C23E4F85C6F1140AE46E549C6B232A5AC50F4E17610A7C522DB52,3032736
cookie/test/contamination/xyz/006.tiff,7739B6A0A8C901211878D6239DDDE2267122F4B78876FD70DCD077C9C4042AFE,3033396
cookie/test/contamination/xyz/007.tiff,40821EA296B474CE631B5C970E98914D733C54BA685F6C8D93E02EC58F9F428B,3033646
cookie/test/contamination/xyz/008.tiff,849F4B55215576AEF6B15E8E8ABC5F8B34E1C0442FD6C820B2934A0B7BA9EFF0,3032440
cookie/test/contamination/xyz/009.tiff,1949315B84F29B772E97432A0244FCE653B4AEA9BB5A06561685912811560EEA,3031756
cookie/test/contamination/xyz/010.tiff,E6541D0999D34C868BF1E67999F29E0874DE4C36211C9124F649DB1BC6638BA9,3031736
cookie/test/contamination/xyz/011.tiff,EBD4799B2CDFCF954BFAA8FF666800949AAAD87DD7A373D80A8E83901890A16F,3032004
cookie/test/contamination/xyz/012.tiff,024DDB3CF599B6E472A7184684137370C1EC60F08D3142DE41FA0755C98D6934,3031508
cookie/test/contamination/xyz/013.tiff,B07B17001AB5F8D2F132D05990480FC99C65C88BD7C02677F17D8FA594358422,3031688
cookie/test/contamination/xyz/014.tiff,9F62BF720FC9844B93B019E327792548B5A7D5B697262B375AFB414A1AA50C5C,3030892
cookie/test/contamination/xyz/015.tiff,3B4CE5D86486823ECED05480F52B5760D3FAF918E0507349DBF5943F558D2C52,3031222
cookie/test/contamination/xyz/016.tiff,0E4F67BC3AE647FBD49D478E7CB7E054857B02C8ACAB490F63C92E23CDC6D754,3031488
cookie/test/contamination/xyz/017.tiff,03E9832DD21EEC7955B845422BE74444E57A4F1086AB313CD87ECF72E32AB5E0,3031872
cookie/test/contamination/xyz/018.tiff,341A36C3CBCCF72FB7F49219131D5963C4EA29EBFE531C78BF9E837EF75F57EF,3032470
cookie/test/contamination/xyz/019.tiff,681D37C78E8D14269B5A9FDB54E5BC1BFE6185D186412407AD00EF495FC9519F,3032216
cookie/test/contamination/xyz/020.tiff,829F39A1368A59D49F24E7E008EFE3D2E9677B47FFD57F607039CF0E04084670,3031976
cookie/test/contamination/xyz/021.tiff,B21B31384D24FD9944671655C09A4A87CFCAB29D9AE4CA3CD103624A96A5E2E3,3030608
cookie/test/contamination/xyz/022.tiff,D84C3676446B785AF9BAC467460176F6A07933AD7F5DFFD73F4FD0ABD7384ADF,3032062
cookie/test/contamination/xyz/023.tiff,80474AB8D618AC226E168C200B8ABC35A37D4FFCA4AC98EB145475BB054DA5F8,3031214
cookie/test/contamination/xyz/024.tiff,F2CAAE0266237142DF0C58DB4468F514E38CB1C06CDE85B68BEAA0066871C1DC,3032466
cookie/test/crack/gt/000.png,4C0A923EB75C0A97542011100C3C9202801FECCC4A56C401348175AA7B16E180,985
cookie/test/crack/gt/001.png,D753D2DECA3BB37273BD1A353D3D9E4AD11FC6EB72404BBD5A8A28B543B7AC53,1763
cookie/test/crack/gt/002.png,6160F6AE1E9C67D0678486041AEC300956AC38444F1A78FD669553FB89D15770,982
cookie/test/crack/gt/003.png,C3B27A848BA8D1237FC630194A80B1184F23BD84DDF72BB2C4A6540EF030A241,922
cookie/test/crack/gt/004.png,33C026A7F5CFACD0C8DDACF97E9E77F50C175309133713CDB2EAA0F8C727EE2E,947
cookie/test/crack/gt/005.png,C32230C0A8315A660979A909BE6C5B7C60A592AE7C313E813B7C4D65A2E65479,1791
cookie/test/crack/gt/006.png,76D515F10BDC9C3BE9D7E1E174E196073BED425A5F33BF04101527391D8A72EA,1072
cookie/test/crack/gt/007.png,A853BD65F75AA491DF911939CF3D8811C24D2D3941F749D73DFBB38EA1B64155,1039
cookie/test/crack/gt/008.png,730C0E375A07929E6E18D760CF8A67D9927867C88259F53190FD7F905D1CE5E7,1403
cookie/test/crack/gt/009.png,AF6E2E9A2E3B0A007CCF15E0B6420D4BADA1DC009095A347A0B4E7CE4EDD23C5,888
cookie/test/crack/gt/010.png,B2117251B034DBEA935B31F33288D3050E767646A419ABBB4EDDAAACE62E6DC3,825
cookie/test/crack/gt/011.png,6EAF40FC65A2F1013CECCBDE0FCEF873281015F19D91026A7F9C38ACC1A4746B,909
cookie/test/crack/gt/012.png,C4D90871601789F26540A68104EF9BC03CA3D3620EBC4A04A4637BB9553255C2,776
cookie/test/crack/gt/013.png,3AF198351D9E6E116BB4A1B39F81F23012D621A64F0FEE3480D8FF67BF1DA668,823
cookie/test/crack/gt/014.png,F80C98BE79AF1E8A5EADED3167595BC0DE928FD20458EA3141934D16DA6DED6C,804
cookie/test/crack/gt/015.png,9DBA6C8214F64D6EDC6D1B0E02C04007E87D300006B4C12713A95119F5475DFA,1752
cookie/test/crack/gt/016.png,79C83C23DABF39DBF9FD3B2E19F55E9F0661D0234AEE532EAD0A58A380CA05EE,718
cookie/test/crack/gt/017.png,2087CC8E54707D4FBB13E57A6E3BD363061E72E899B10746F76CA5896F0FB7C6,712
cookie/test/crack/gt/018.png,3EE41D2CACB364F783249BBDB78AF1DBA0B388CEE4AA03A019E16F4DA53EE7D4,890
cookie/test/crack/gt/019.png,43D0B8418F3D6682E6A5057356F853E78BC53CAE3498658B2CBED1C6F3F70C0E,872
cookie/test/crack/gt/020.png,42DFE025818D6BB5A392BE051147867E23181FAAA1EA21CD0DE27350FCCD78AC,948
cookie/test/crack/gt/021.png,52E270484D9B6D3E6C5FF436CD19DF2D69DD98FEA39617CBD2B7536C549DA1B7,781
cookie/test/crack/gt/022.png,9F8266028BDDA3CB72E968DFBDE7BE3FA4500C3593A7278A803FBE7811DC7886,886
cookie/test/crack/gt/023.png,9B4B993A84E65458749CE9AFFA2DB1EFAEC754702FD3CCCDA5468A99BED86709,852
cookie/test/crack/gt/024.png,6607045AE65F66AB7A06FFC11401AFE83F2C41F92AEBCA96BC8A095D3CCAF16D,843
cookie/test/crack/gt/025.png,55B6B4012AB77367972E4C9E3CD8D552D764686803ABB85607E2CD97D8463F02,872
cookie/test/crack/gt/026.png,FA946422914700B91673BAC0C4A921C804AD1825EBD914A861801BAFE501C621,830
cookie/test/crack/rgb/000.png,A7B66F0776E0F44F5B86027BE03AEE9310178645C087BF460D07A66198D26B75,366921
cookie/test/crack/rgb/001.png,9200C6101DE05E2D9B35572D90656F5A7E378D89F10528AFC020E581E4B198B6,369487
cookie/test/crack/rgb/002.png,2D3D2E382DF45AEE7E68B4A714D4ED6574B1F1ADFF36ED00CAAF9C9BF245115F,365417
cookie/test/crack/rgb/003.png,258B024A02258E908B7634CE0D641755A39B7E57A3FB4A81470311D4684DFEDD,373851
cookie/test/crack/rgb/004.png,13DF45CF671E4FE96A0AA6BB74023C9FABA6AD90A812DA884C192FB844321928,369897
cookie/test/crack/rgb/005.png,6354D7B73C40E78D57E504BD463049566E6E9944EA1AEB43613C4746F943A40D,375658
cookie/test/crack/rgb/006.png,29DAFEBA3978827AA17F677DF14D3EA1A99EAE95D5DF41FE941115FD2554D756,374292
cookie/test/crack/rgb/007.png,C5AC88AA861ECC711BFBB3D359A0351582640FC865BEAF46C38E1B7F8BC57707,371719
cookie/test/crack/rgb/008.png,D6862629467F860A2A304EEF13521E3B4A2B6999312965C3D85C746F73AE66A4,374623
cookie/test/crack/rgb/009.png,4AE8B9BCBD8A66AD65E4E81C823AF2CAD352618596A64EBD8DCD1B6E006E8CF5,364493
cookie/test/crack/rgb/010.png,9550D7FD7F8968ABBBAE3DCFAFCEAE536C0F6B353F22B1A26BC86480523C0F69,368656
cookie/test/crack/rgb/011.png,D023614377A5AD449B0E23670F9E407F6239B2780821A310B772F2B42E1CB259,369032
cookie/test/crack/rgb/012.png,BA5E9216A6F7F91128EFE4D42BC35A62DD7B21FAFEDF66D2170B5894A742C7E6,366698
cookie/test/crack/rgb/013.png,73A1B32EC76CA952243FE8799C5D1A614E7B29CD21B663D4C7847EA79E6DF011,367841
cookie/test/crack/rgb/014.png,9F52643E3ED93594AB41531130188467AA86FD010F1BE7E5E9889A188DE61A7F,370201
cookie/test/crack/rgb/015.png,8530C40AD7D70E08360B04046786695E135BC1112280C9FE2A8752880434C789,368453
cookie/test/crack/rgb/016.png,2A432098FB62CC7EC28024351F1F8D5174EE096D0A65CDCEA81C7AA825F03E01,361998
cookie/test/crack/rgb/017.png,A756E5778D8936B5E2203469294512508CC14028D6FCAE45FFE5B26764C4DD47,365127
cookie/test/crack/rgb/018.png,2361D930BD9CBF2599B04179193E6969C9064FB8A55EDD53C4F79AC889A10456,365749
cookie/test/crack/rgb/019.png,C1BA4F4D7344ABB97E63F45D089AE60FE1C17D055A6D4F97F57339EF2E40C3AD,365254
cookie/test/crack/rgb/020.png,B7939D3072C582E09E61A9B5C22887E37BEDFCAED9F68FB855A4B3CF0C241FDE,367613
cookie/test/crack/rgb/021.png,CD6F626F188DDD1AC8B5573B8CA8777D9958B40A7287595AAB6B04F45A6AA696,365136
cookie/test/crack/rgb/022.png,BC1E0B759FD4F3CA34F1A323DD9597E794949AC0043E5E989A32E6526C5639D5,365309
cookie/test/crack/rgb/023.png,2B4E267736978ACB5D1383C591F96616DEF78D3222C959EAD2C7B8146E796385,364272
cookie/test/crack/rgb/024.png,B9CDE59672BC827E2837F01DF762A117A817008201A62F3FE5E46B2B893F0F3C,369041
cookie/test/crack/rgb/025.png,C70163A6AADC158DF29DEE529F265D214E3AB36BA7A4DD2A4B2568640B43A277,367599
cookie/test/crack/rgb/026.png,2A8ACCA048AF11CEF7B2758A8F77A825675019807F3A299531E5807BFBEE89C1,365145
cookie/test/crack/xyz/000.tiff,4E39721FF5AD59BBC4D3E9837EE921F26C6A7708941C099757BB5D3C2258976F,3032374
cookie/test/crack/xyz/001.tiff,351744D8024AA524DD64F914C6D7DC2BB134C9C2FD22DD070C5448C0275B8512,3032470
cookie/test/crack/xyz/002.tiff,0E08593B720F74E2D8C1D2D529F7AE132AAE691BACA3A30992D540D5F58C4A55,3033180
cookie/test/crack/xyz/003.tiff,F91A178E46633D784E9B4205DA64D1CB5F3FC8E714794E7BF4578DFA6E1FDECE,3032822
cookie/test/crack/xyz/004.tiff,90EDA054D509CCE05712DD23566D5B0F51F30449E07FBBD5E3A2C5F98C7181EA,3031810
cookie/test/crack/xyz/005.tiff,62B655F80BEC0B764ADCAF454352F200892E266DF50580E19CB4D039A09BA3CB,3031888
cookie/test/crack/xyz/006.tiff,903F4A9633C5808649CC167C951280C1A09858972079FA410E2191151056CBF3,3031460
cookie/test/crack/xyz/007.tiff,53A9FAF279AF2D53329E7250FAA6CCDF6A1BE716E1A8FB45B10674A88EC3485A,3032314
cookie/test/crack/xyz/008.tiff,E6D0466AA07D9A797E047A1CA88E0EDD502567002798767E56609C95185AB900,3031018
cookie/test/crack/xyz/009.tiff,9CBA624019D9805BC8B32D8DA8DBE3553AC48A521872739934D0783797F42586,3033128
cookie/test/crack/xyz/010.tiff,1584817692CC2A5A2E163DD338AC03D4DE6CD67D511A47C6E6630158C969A13E,3033674
cookie/test/crack/xyz/011.tiff,57FD8F3E8144D55B3130EBC840435D38B7ABBE2997FF7BC1645623925350CC34,3033672
cookie/test/crack/xyz/012.tiff,4105D938E4716885BA63A8839E2BE138E3FD03B7488BA98D25ABE55416DB31C3,3033198
cookie/test/crack/xyz/013.tiff,9A0F853F7E08E01EEC7CCC399B432ABAB37A2DC217BEABE41B2578FC1E480E9B,3033706
cookie/test/crack/xyz/014.tiff,FBF8290D3B48063FF3ED86459720F7C866DC4E5FDB6D6A0727A73F85CFAA251D,3033118
cookie/test/crack/xyz/015.tiff,7C2B197F17FA2685809D18F2A86E7A735A68C917F18505FD1B1D0718A7A10E8C,3033992
cookie/test/crack/xyz/016.tiff,8410401A6E713B378DAC2BA5E6B3A67CA02F00D68EEC2D9CB6C629ACE7C7E530,3033510
cookie/test/crack/xyz/017.tiff,7E8EA63600D19CF516703073CBB28331795ADB5D808BE47C91772FAB301DB6B9,3032928
cookie/test/crack/xyz/018.tiff,28AB17E5CDF3FD41FDF1E3622F82146660E3F87DBB0422BBAF051872094D1C55,3033320
cookie/test/crack/xyz/019.tiff,2DC934720840D0ACBD62409B4CF3135F0E0D0CB24EEA40C4A5E139971ABB882D,3033500
cookie/test/crack/xyz/020.tiff,4B456B7E5D389631C673F5787AB9F404447B95C4D6D8298992259D03B7B63469,3033668
cookie/test/crack/xyz/021.tiff,CDB7E9D9AFCC68C661EA6C855F4D440E3D192A17F94D1B70C564EC34C473A966,3033812
cookie/test/crack/xyz/022.tiff,59E9815DD9826F9FDD28EDFC136DE8BEA840E2AA7DF09E207E0AE8EA93C80CB2,3033498
cookie/test/crack/xyz/023.tiff,D59B3E34BA217D8D0B6E838DD30620C27C534723ED8EA4756C5A3C2D44F2E4D6,3033504
cookie/test/crack/xyz/024.tiff,B38D947637DC3A008F09B961CAE878C0A1A61BD3F0DE4384EAC2CD875E849535,3032994
cookie/test/crack/xyz/025.tiff,80F257FE4A0479F1B7BD62C223B562F3BA5B5D37C104974642A7317978363DA2,3033518
cookie/test/crack/xyz/026.tiff,1A993831169A529667D5CC9FDF3006ABA4F5072D01F8D0C219EC08D8065E05E8,3033348
cookie/test/good/gt/000.png,451D1648DCABF6F8A9D7E2A61835FA5F67818B95BA16F8D3F4AF4CF73D6E4738,378
cookie/test/good/gt/001.png,14C4FF117A9D7899279E67467E61727A5FFC782A206985859E5234F90BFB7151,378
cookie/test/good/gt/002.png,361DCC9D13FE502DBCEFF8071896CEFAFCB46B854D8DA275F0FAB4FA57B6C626,378
cookie/test/good/gt/003.png,50F12A50FC9A827FF221443FBFC6B61B14DF43043148BDF2DAEAC4126E785AFE,378
cookie/test/good/gt/004.png,C8A2E838E076A23515006E521C0B78896224FF977DF55E1A087BCDAB48380F7E,378
cookie/test/good/gt/005.png,C8A2E838E076A23515006E521C0B78896224FF977DF55E1A087BCDAB48380F7E,378
cookie/test/good/gt/006.png,B0AB74497C1FB4A628159445CEA1EEFE0BC1208CAE9D6CF3FD4A9AD55216AE62,378
cookie/test/good/gt/007.png,3D1D63B33F79CA1AF50C308FED2A863CA71F49A499370A6EB7A6102320BC2178,378
cookie/test/good/gt/008.png,3D1D63B33F79CA1AF50C308FED2A863CA71F49A499370A6EB7A6102320BC2178,378
cookie/test/good/gt/009.png,7B5A77660E43D12D5C408677834977BFABC6AB8C5487FF3B3F27D622178F5634,378
cookie/test/good/gt/010.png,7B5A77660E43D12D5C408677834977BFABC6AB8C5487FF3B3F27D622178F5634,378
cookie/test/good/gt/011.png,4B55F1527D58CF937C9839D2BF3D9F66E661F9AB5E001EDA64B0352F14C66CF1,378
cookie/test/good/gt/012.png,8FD703A2B5628C43260491B14382A4C52F6A3AB747F8C53AF9C4719123C410D9,378
cookie/test/good/gt/013.png,8FD703A2B5628C43260491B14382A4C52F6A3AB747F8C53AF9C4719123C410D9,378
cookie/test/good/gt/014.png,C78FA247AF8ED896661B4818FBA04BD59283B97C75DD3C8D7B8644B7723B9B92,378
cookie/test/good/gt/015.png,F414C5AD57E9678E5F66FFC238F19585A886602A2390D62DB5100167528D2F43,378
cookie/test/good/gt/016.png,F414C5AD57E9678E5F66FFC238F19585A886602A2390D62DB5100167528D2F43,378
cookie/test/good/gt/017.png,71035FA54A050E3552B90658C51EC52F86D41EF645C7393D9E8F66FC159C6FD3,378
cookie/test/good/gt/018.png,71035FA54A050E3552B90658C51EC52F86D41EF645C7393D9E8F66FC159C6FD3,378
cookie/test/good/gt/019.png,5A5FB959565192A9DF6A1A7724C32B507221B242BF4824CB79F28EF18B057551,378
cookie/test/good/gt/020.png,0342542CE19DC109E2E30E8924A0AE1E446B7E1FDF66DD732F1242E8253072B6,378
cookie/test/good/gt/021.png,0342542CE19DC109E2E30E8924A0AE1E446B7E1FDF66DD732F1242E8253072B6,378
cookie/test/good/gt/022.png,14CA19A322114E8812C2AD9203AF179D2E8794B1F7027635066431F008271626,378
cookie/test/good/gt/023.png,287FE8AAFA6E607764B20CD67FCA0E1E614289079D34DF54BB7156D368D817F5,378
cookie/test/good/gt/024.png,287FE8AAFA6E607764B20CD67FCA0E1E614289079D34DF54BB7156D368D817F5,378
cookie/test/good/gt/025.png,CA3547A0F66CD27CC94FB84D9A48D38CE774313F05B90105C6645A3C48FC55BE,378
cookie/test/good/gt/026.png,CA3547A0F66CD27CC94FB84D9A48D38CE774313F05B90105C6645A3C48FC55BE,378
cookie/test/good/gt/027.png,B20D747BC1CE2024760003F877B2A7B6A923BE5EC59505BCBD5BA6959A9F042D,378
cookie/test/good/rgb/000.png,502445DE35066C272167164FEEC23EE97B74B7BE2908555D5F604A222CE9CEE8,379173
cookie/test/good/rgb/001.png,DD5CD9A4E8650D7EB9990A2A72B26E7598AE7490B0CDF138D0DC7565D6443046,382698
cookie/test/good/rgb/002.png,C857E1B23F2CFD1F9AA6EFF5629C4B4F4F689F3CFFDB6F81BEC4BBE28C8992B2,384004
cookie/test/good/rgb/003.png,E1BEA4A4B8FDD4CC1D2761FD7D7EA3168CB2652AF46ED9377665C14D252CDAD6,383641
cookie/test/good/rgb/004.png,C239F377D309A7C4B37E515C81DC391B26671228BE4DC92D8F06DBBDD8976C73,381622
cookie/test/good/rgb/005.png,8710CE39A062397021EC8F4D2622D1147A8C36E43BFB357CED05643E7566C1A9,381587
cookie/test/good/rgb/006.png,3EDBA89661C5DFDD3D1A5DEF035238B4CD2589405F950CD65E3286B30B6E4E96,382402
cookie/test/good/rgb/007.png,645D1FB787A27B2B5064C0C219A1DC7F0852F648923C10F17A102F88EE41B8CE,383285
cookie/test/good/rgb/008.png,E2FA01421DC55A1787F9459F9660563E800A06A675827E932C27B021B4EA8763,379638
cookie/test/good/rgb/009.png,B9B0F736B3F24D3B5C8D70308EAE072629AC51DB439CED228DD418C3172320F8,381527
cookie/test/good/rgb/010.png,C70E29CCDB78569E3D28FC3A9E69A3138C7983FB27598940C744F879515FD943,382112
cookie/test/good/rgb/011.png,1E9A4F0794D5E62DD724D454A8C32555832A8DC1E015692B50CB30DA915F0B86,380451
cookie/test/good/rgb/012.png,C8EAAC78BB70F7D9DC976729EB121F61DAE7A2B18E755DE0A1817DA60A5703DA,379682
cookie/test/good/rgb/013.png,31A145B9568D63A664861AA66BBD385D9D75375C69F5FD1031466B6E43B7EB5C,380918
cookie/test/good/rgb/014.png,A7FF72A9E09E889A8861FCFB1D9A772D955DCB26F60E33A70AB6D437C233484E,381146
cookie/test/good/rgb/015.png,3962322AC70AC293E0117EC4EF8C5A0C432411B75D9065AAE3CE0C96676D5339,379184
cookie/test/good/rgb/016.png,10D99219A4072B7D837A4F593957B34C87962761A460C55F75CA4DF52C32CC1F,379898
cookie/test/good/rgb/017.png,C6A6841BC9348A1541C0D6A05306F74D4D038AAFF330B00508B5FCA0E9A93196,380203
cookie/test/good/rgb/018.png,17B50E604B479C3F869D38E650BF6F0D3027D6302A28795DA68385C9DC5E576F,380564
cookie/test/good/rgb/019.png,9E216A3D78B15104A6BE225F29409A21BC534DDC1A423F083F7F1E8E25793817,378090
cookie/test/good/rgb/020.png,055E44B88CC3EE2EF6E3FCAE78C204742E0DF4007FA5E6F5ECC443E93095F265,381428
cookie/test/good/rgb/021.png,F54AB3A570D08BF20BF19D99193DA7B61D663F9AF68C4ACC95B1DD66124A95A3,380747
cookie/test/good/rgb/022.png,F958CB14327FD9048977A5B634AD58757F56BE34FAB9FAC30AA0091AE87C611E,381314
cookie/test/good/rgb/023.png,596CE12D135BCBAC173E00924471124CC9371A4DD80137E4CAD495B00F948284,375606
cookie/test/good/rgb/024.png,C4FFDD66B4769683AFE71947CB7E838AB16F4444F3DF18F5DD6F189A6F4A02B1,380952
cookie/test/good/rgb/025.png,A5DCF772C3685CD4562A05210D39BB3E4B4E929D75B009F50BC482E806C51737,378792
cookie/test/good/rgb/026.png,C57D95D39758B8401195711E5FA966767A481A78BDCBBA667AA1BDF8730F40DF,377903
cookie/test/good/rgb/027.png,EFC8CA5A6ED20BC8487A367E42824BF1731F9AE99925B55FE75C9643F6739730,379037
cookie/test/good/xyz/000.tiff,4BB715F0AB99AA8FD692131BFFA383B4C571FE89329CD52B53843A198D15F3F7,3028580
cookie/test/good/xyz/001.tiff,CEC321CE9FF9DB91F739B7C85E6D0131DB2DCF484999722241DC20BD9D119371,3028324
cookie/test/good/xyz/002.tiff,8C1D3B718337364D81A48F7809E45B5A2842AD8B92D7731E94C6553553CE9B6C,3027780
cookie/test/good/xyz/003.tiff,E83FA93F9294E56AA0C3533CC2A3E6E1CA6ABC4C315C58F943AFDF6E43963FD5,3029186
cookie/test/good/xyz/004.tiff,49D3D7FD9719B37C688D4551DF06365963A1371F2AF27AA35D19B8F1BAA9B974,3028808
cookie/test/good/xyz/005.tiff,80F599159148854703B0A49CEFE988BD677831799616D4E820CA9207A77126E9,3028696
cookie/test/good/xyz/006.tiff,C0AF31E8724BC3C5F9F611AB5118A67502957625ED678AD73ED09CC0E3E423E1,3028836
cookie/test/good/xyz/007.tiff,C9F82E9D6FB23B270B27929A49820B0AD288FEB02866C499933B7317D68E712D,3028550
cookie/test/good/xyz/008.tiff,800456BE562A3F179F25A8657DCA4906942F238AB3E43D6C168372035628A7A9,3029196
cookie/test/good/xyz/009.tiff,6BA62E071841C2542D55B4458E48A3739EBFB8F6001ECD9F9A5A1C70958971D7,3028632
cookie/test/good/xyz/010.tiff,BEACEC67A5665001AC9908F6EEDABD82D7785E82A1E79C2833940D53839D1C6A,3028462
cookie/test/good/xyz/011.tiff,F14882DE1D1CA5CA6C5039649CAE93B3C0AC4B732298C3C021790187A050CA23,3028886
cookie/test/good/xyz/012.tiff,349FADE5FFF03A81E7B4C460309E4E9E6B14AC9ADF76CA769E828DE7EEB4784F,3028482
cookie/test/good/xyz/013.tiff,B6DD8B3FEEC74EEAB90D742F276F69F3CCEF40BB5606B512E314D687D0F23D2D,3028132
cookie/test/good/xyz/014.tiff,A30412DC61504FCDE2A09F4E22AB39568E55D085AA5E41349A82DEA18D5C21CE,3028694
cookie/test/good/xyz/015.tiff,5BC7D0209836396FE7337F4791431D7BCE857B40ECCC3047BF26F9F4112A7AC7,3028522
cookie/test/good/xyz/016.tiff,1D8DC2AFA900EA6690327928E12032EBC955B64FD2278D5BDF1C2EA16F9E8753,3028440
cookie/test/good/xyz/017.tiff,C0B90DABE75E56953298AEE12CC44447CD6D793CB2AB3917592191F3AD47C78A,3028628
cookie/test/good/xyz/018.tiff,3B10D667FA135E423F1B67DE9C3B602A0DF25268201BEC5D3784F768E8C1A637,3028210
cookie/test/good/xyz/019.tiff,05AE731568B220BEE9645A89F55841C57D0C98DBBF08B2681A1810E5B124C507,3028640
cookie/test/good/xyz/020.tiff,C5466AB79AF391229925370264516E6A2D70FA17D9E7BD047324E3315FC9412C,3028278
cookie/test/good/xyz/021.tiff,246FDE92B3F0827C6019EDE3328FCB79F5812B5F65409AA2D7811D6542EECCF0,3029196
cookie/test/good/xyz/022.tiff,4E6E748BE54F2E8C6AFDA5335D25791CB7EB8BFE8F6E5E32066414C35920E161,3028848
cookie/test/good/xyz/023.tiff,330B3299AFE0696669683E9585848E6C11DB0A5707CD465DE9218313F6C315E0,3028746
cookie/test/good/xyz/024.tiff,8A592BFEA2384226C4D3C7F7CA30EBE9BF847B8F9CFF9854BCC2F0D9417471A4,3028758
cookie/test/good/xyz/025.tiff,2761F7524E4008AFB72AEA7819F8D7AA665C383404E9FC845ECBFD7FF0CFFD81,3028272
cookie/test/good/xyz/026.tiff,46E17EC1896D0CDAC4B01F0BF0F603E0FE14A319F0CD05C8BA44CAEFC1446D27,3028760
cookie/test/good/xyz/027.tiff,03CAE4E41B698ECEC199230ED0255D03126349B7886DAEFB4EE98B82B360EE9C,3028910
cookie/test/hole/gt/000.png,1FC0921287E675066F3CA0B746781126770A5F53875D58154E9608A8A9A59B09,744
cookie/test/hole/gt/001.png,92606B4F44221D75573AB50060CD8EF6ACC176457A358A254EE1716DCC9546B1,810
cookie/test/hole/gt/002.png,5C2A14970901CDA770E56B3444B25405ECB0175EDC111A9943AF056FC1125578,668
cookie/test/hole/gt/003.png,D292E047DED670E1DBE4348FA0B455E19AC536301C25CAAB311C93FBE7170C8E,625
cookie/test/hole/gt/004.png,94B200C5774B5A10E8A59877C5718DCBF036785CC9968F68671FF2060EDFE4B1,612
cookie/test/hole/gt/005.png,280DAFFC5AE61C6E967B44E5D03E3A7B38B674871A4FEE15E1BC3855F046DB1F,611
cookie/test/hole/gt/006.png,88710F9BDD6BD69305769B172B68F6C279759365AD491BA21C0BAE84B3672285,567
cookie/test/hole/gt/007.png,5C5BE9736FB36D4576F637A32CA4DE52D79F1802BDC40D638EF491FFFD0F6B1C,725
cookie/test/hole/gt/008.png,162F83B3747FA9DA584955D3B42AE0C65D44DC8CBE4ABF2101156FA56E1683F4,643
cookie/test/hole/gt/009.png,B380A23747CD2B32B64EA52F4FDE662A40B52D4EAB616E37A366CD3FD20C1DAD,604
cookie/test/hole/gt/010.png,2773CA0ED6E201845C885A33A4627069C9BF22B4B89F43030CAC333B656B4331,638
cookie/test/hole/gt/011.png,C39EBCF7C2548836DE8999FA78A9AC5CAC79AFD925018D07B67F631D1DE41ABA,588
cookie/test/hole/gt/012.png,4CCCFC87DEA9F6AFCCD3C0B75C2B9B491919212F7D687FE246422031EF037E52,590
cookie/test/hole/gt/013.png,F91070BEE05EC539CF6101543DDADBC38D95CAFA80979AEE4C5F2C63A75EE034,689
cookie/test/hole/gt/014.png,2BDFDE51B1DD4F83A9C0F385D394630C5C23E5EA81D1522CDE231F69C772FB0B,594
cookie/test/hole/gt/015.png,1756751A24E3225EB1E309DEFAE535615684B3062BD6C374F5DB6573F922F94C,616
cookie/test/hole/gt/016.png,A22205C6BAC6C294E390A851C40DAF07991000E25D43915C30D4858D945F7D10,625
cookie/test/hole/gt/017.png,53ABE7A43ECCE131A6A27955707A62B5B1BC817DB2257D594286C606EF08621D,656
cookie/test/hole/gt/018.png,156C52C4238AD66D108677B541E67EE28094BB12E711F233AECDB849651FCE6F,596
cookie/test/hole/gt/019.png,56F9FAEDAF1A35E8EDE9863F0BA86F89ABD5D29BD5B7A89EF069028FF7D7F541,706
cookie/test/hole/gt/020.png,964353027C0986560F85141E5737E5A456ABE4F5A56D71BD28E5C5F56C90261B,666
cookie/test/hole/gt/021.png,5B87279E67965C35246E8A05893C7631946317BBB417CEA29E13029B84C72095,607
cookie/test/hole/gt/022.png,02CAD0C7144BF97E9309CF84C890F55ECEC414E4894B6031171C46C2F333076C,600
cookie/test/hole/gt/023.png,98D9C5D88D843809445FC15DE3E2F5B82EC8FC374EEEEA2B4EBC009AA3E2A908,652
cookie/test/hole/gt/024.png,4B20E8E6179E8A6928C9E05FB41EE7C35AC73AA7EB4F17B1F8871F8DA5C2D0D8,700
cookie/test/hole/gt/025.png,9C98510EC226D0B63EDB6885077CF6FEFAF85CFBDC5347759D163EDCF8C1870A,624
cookie/test/hole/rgb/000.png,F0D251D8477051D3497589AA2CF1B6C260BD916068BD53F2846CFFCFBDA8E320,372790
cookie/test/hole/rgb/001.png,083A229D4F0929FB3C7BBEB1AC6604C6503DC8E2998E832395A827ABF222379F,374526
cookie/test/hole/rgb/002.png,EFF2C4E2633E99EC907C1DC0DF434F506DBA5F210E67F594204C7D71ACF57977,372525
cookie/test/hole/rgb/003.png,BC7E29439B4B17056A8467B22DC1304A4B18B6915D80C4EC88C9EB051A2B9777,373238
cookie/test/hole/rgb/004.png,ACCB28822C2F4578AD95ECEE6DA4F6B8AA0780EF0B27266690F0033085281459,372349
cookie/test/hole/rgb/005.png,3C5C0D414453D9E9BA1C40556F8485D3021B662E73D902F3910535F903D92D89,372325
cookie/test/hole/rgb/006.png,AF926F44AA762B362648C95DAE03EE68687CC34E1CB85CE84474C50F5CEC6C65,372537
cookie/test/hole/rgb/007.png,3B677140E95D749049E14155971CB1B2554B92548CC5C9F692757347ABCDBCC3,368475
cookie/test/hole/rgb/008.png,AB2A80F3C1BD61D4DF27DB26F9783F3BDD12CDE3815C56CA028802150B300B5E,371916
cookie/test/hole/rgb/009.png,21D288803478467CD6764BB6DCD4786167980E3DBD9C8BDB20C62514726568B5,359749
cookie/test/hole/rgb/010.png,711D4BB52CAB738D960FF7A92104EE82D49FE309856828CD75266FC0F34C7F05,362786
cookie/test/hole/rgb/011.png,4444DE2361C24AAB30E6E87515C6FB49F79E4D36DB860401FFF0EA67F10DF528,362791
cookie/test/hole/rgb/012.png,4659EEA94F8AE8149436CB9BB62BFD7CC9C3D47ADA39503670DB4CB57CCCF6FF,362679
cookie/test/hole/rgb/013.png,01F9A1716CC022BE5C68774F1614A9FA7FBCCDB9569F6350E2F84FAF91346679,362057
cookie/test/hole/rgb/014.png,3C53FFB5A6FC2963DC2D0521584771BF45F24B11535473585E34D3CB1DC1423B,357736
cookie/test/hole/rgb/015.png,3EEB0472BDA3D92FF40F665CF14624BB4EA496605B3945975C25E1C371320C6F,365062
cookie/test/hole/rgb/016.png,83E595FB5C303F9250D3B5780521F10D46AD79F3A525B2801417D112F40F4C5E,362775
cookie/test/hole/rgb/017.png,766F221BE8851E3F98E173FA4853D628D76EF9B16EEA6E593DF108A9D41C0BED,363897
cookie/test/hole/rgb/018.png,DC315AB67D898078A2DE8BAE341F20E7A470EE7D8CFF24ABAFE9958BB5C09AF4,358149
cookie/test/hole/rgb/019.png,BD77B96EDAD2C521FB63751FF01681BCE74A24A5E748D6515B0C3C0979A82C91,362178
cookie/test/hole/rgb/020.png,74CBF508DC68BBCB7E05E50248B29CDB8B4902BECA99AA5D9E2C819442D6BB70,363218
cookie/test/hole/rgb/021.png,7006D7F45EE9ADC5542BF7DAA878BC9C4F253C1C8A66306503868B44E7EBC0BE,357232
cookie/test/hole/rgb/022.png,9528E043FB3AB6401D1A90F54B574F977648A2034BEAC9399A330ABBFB6FCFA0,364385
cookie/test/hole/rgb/023.png,8619580F6A784154991A48C5877031DA4FD97E2F4AA7C839569353556C7CF75C,360962
cookie/test/hole/rgb/024.png,94D8039DBD0B427C298B5437C320FE32DFB65054175D0332A54B0815DC626B31,362134
cookie/test/hole/rgb/025.png,328949D6D2C3F0A962FDBC4BB9D568AFE7C878162AFC49DEAC02A398A5B4E04A,365277
cookie/test/hole/xyz/000.tiff,7048B1CFF763EFB68A9F98C053FF30B374F2C3614D09687D8440944C784EBEE3,3031306
cookie/test/hole/xyz/001.tiff,159AD4AD8AB009AEFFC2CBB121BC89077FDF04F335C0EA3ADE9C0BB912B156EE,3031214
cookie/test/hole/xyz/002.tiff,80DE7EF615129B5E94E7888C3D664D374B2ADA596DC0DE8EF36D9666A25CC312,3031348
cookie/test/hole/xyz/003.tiff,76C932DF3A13894F9B372348E88F35A991CA92716541E1D977A57CAA081DD1B1,3032670
cookie/test/hole/xyz/004.tiff,D7E5BFE6E3221B204060081EAB3F7BCA6E9F83D9EB518A8244D9E744DF6263C3,3032172
cookie/test/hole/xyz/005.tiff,81982998A2955C9F0C8EA756A503FDB66C90D9C67AD580C85562662E6046C196,3032110
cookie/test/hole/xyz/006.tiff,CD7C7A610DC8263765B9BE74B99794C9DA2731A16477757B1C0DC6E0D02C3BC3,3032976
cookie/test/hole/xyz/007.tiff,90A1841D858EEB99AC320AA7BF098092CD7E9B6EBEB8E5E563A028D6B2F711B3,3033214
cookie/test/hole/xyz/008.tiff,936CEFFDACDD99A66BF00720F8A776CE53AF3775EC4D1E80CD2A6C52550016E0,3032528
cookie/test/hole/xyz/009.tiff,B7773797827FA27EBA4B68C67645A717B301C6A4CD8FC843A892A45D064FEB5F,3033620
cookie/test/hole/xyz/010.tiff,28CD1482B72558E3DDB96627ECC11738E96B9C223D39E26041517F417E904925,3033902
cookie/test/hole/xyz/011.tiff,E6C1A2A027DAB99151753FFB6671502FCED9861EED500A2F4B636E3930F0D422,3033490
cookie/test/hole/xyz/012.tiff,53F1E3334A44C2D8D439897D986DE6A4300EEC318B2D0F89F62C0E32E71995BC,3033232
cookie/test/hole/xyz/013.tiff,78E4397BACCB81658C590A8BFAC380598F2531763508F877ECE857FF692CF1C8,3033592
cookie/test/hole/xyz/014.tiff,6A4381165F214A76AB7D638464782BFAECB2704C2795A9C68ACDF5AC7F0851D3,3034788
cookie/test/hole/xyz/015.tiff,36BBC0B953006BF93378509566E6187B20CD77102DCF6802D109E369FD540BEF,3033474
cookie/test/hole/xyz/016.tiff,C73BDEBDF53C4AB9F9C2C8E1362115A9FF3A49023B9C3306D3E3F9C69CB2E3B9,3033684
cookie/test/hole/xyz/017.tiff,CD2EF9D857492003810D47C76A3C4B0014E4E8AF8A19D779A27F2816AF02C446,3033930
cookie/test/hole/xyz/018.tiff,7EA64ADCE01043F44223FEE2C335A77E733E55BC6F891ED882C0F90B1FA47494,3034006
cookie/test/hole/xyz/019.tiff,FAA484919BF4E3981B799903BDCCFE77C84BD1C1AC8A24CC29444F4A85FC9AA2,3033994
cookie/test/hole/xyz/020.tiff,37821D6DB697A446589CAD9C5C0A5E73ACD678281BA8250CA04CE757D43B7F45,3034270
cookie/test/hole/xyz/021.tiff,83CA1D90A8039C69811B44432D4314DDD25B0FD9F5D1E580F4CFD794CC7CE1E9,3033868
cookie/test/hole/xyz/022.tiff,D1C1DEFCC4E09214D4AD86BB040CC3BBC9C6C1441FB5AD1B530FC66F2F8BEEBC,3033246
cookie/test/hole/xyz/023.tiff,D55A41467979D04FFEE0A686C43BCA6AA9886BD687E7EDA082B69AABEAA64BA4,3033314
cookie/test/hole/xyz/024.tiff,DEC19E3D766BFE1947918825B6C8343DACE1AD775FCF913808FF9BB741388990,3033826
cookie/test/hole/xyz/025.tiff,B8D51BBD0D4563877C463E2EE0EB8E97860124029EE4A5DE1703BB4DD38E5C69,3033750
cookie/train/good/rgb/000.png,175005F540177461F294402405DDB5C87610E67A96F5D470C621CE33FCA5562F,377173
cookie/train/good/rgb/001.png,A5B7AF513D971C42E8202B06E80CA23D67EE0ED00A35EDF7B6B353A591BFF886,376559
cookie/train/good/rgb/002.png,7C5FEAC77BBCD5D3BC271A77624EBDE118640535ACFC1AD47A1EDFAD87280F3E,374166
cookie/train/good/rgb/003.png,44EE71E8CE2AACCB6E2C77E160B6EF73EE8668990CD073AC2C12EF1669C66851,368766
cookie/train/good/rgb/004.png,4BB7A8E884591C3EA49E76FFD2F0DEB335EC71C5B05595F6BB794468AE43DE0C,375407
cookie/train/good/rgb/005.png,FA7CC9309C797AC7D7333449F4AA531A0028E62E4BE347DBC82CBCADB5428344,372816
cookie/train/good/rgb/006.png,E21438B30E503AA81A200E35C07E2A2CC5C12C13AF8361B6AC4CE9AE224CF069,372642
cookie/train/good/rgb/007.png,02D0973CDC92828CB362C42188DC7FCE6FE37E820E45EF25F29EA80A5E53C67C,371765
cookie/train/good/rgb/008.png,041CD9A61016CA8742CD418CE8DD506C12BC860EDB8FA00925AD3417617D83E7,372651
cookie/train/good/rgb/009.png,6B1E18AE086734842999189D58D1FF73D1E2A0EB928EF8A1F03F307A454085FD,372160
cookie/train/good/rgb/010.png,1719FFAA2CC9AB3447ADC052A3CBF38D0A4512AD1A1F402C1BECD86F1C095F9D,369411
cookie/train/good/rgb/011.png,A955FA9CCBB9671BADF7E4E04C5AB3128A201EACB263E9A9ABA3278F16F5283A,374354
cookie/train/good/rgb/012.png,8E241EFB5003353EE3E1ABC0CAD96C7C0D3101F940A815475D9849A41BD5573E,369025
cookie/train/good/rgb/013.png,6C1B20F42E520D5F7B019BBA056A762EFB5D1A3D9C584A9EC8940A6EE446B8FF,371000
cookie/train/good/rgb/014.png,366AE5E396235227CFB4DCA25065C7B40CA489B4F1857BBB27602BB64ACE8FE9,372204
cookie/train/good/rgb/015.png,75FD0E1A2AF0F90852E6CCE0C7115292F6045C9D1325BD2449F09EA62034820B,370570
cookie/train/good/rgb/016.png,BF257E6AC945201DD8D363898ACBB0B2C1159E3C1123A263764E02DA8B7E87FE,370934
cookie/train/good/rgb/017.png,8FD49137355AE00E5F86512BC8B6FE62C88F91389059D7C2998518083F274872,366253
cookie/train/good/rgb/018.png,7BC0EAB8DC656763F4B05C01637BBB813575AE06D2D1DBFA8019DAECA052BE7A,369997
cookie/train/good/rgb/019.png,E66BDD01821A7F46A5D1611C72D17C7CFF94FD506D82EEDC3F199A0232572E56,370287
cookie/train/good/rgb/020.png,ABADD51B745B5022384CC622B9C4114FC0A9571A24FEDD48E7A43F3BFBE46CC2,372978
cookie/train/good/rgb/021.png,0B0EFDC0FA6FE9497C86BDD0BB756BA1353636845AA0E9419DA6ACA5C42F8DC8,371695
cookie/train/good/rgb/022.png,2A212540CCE5FF4519C1E99F1DFF5640415D941AEDBB6E244632BBA8C3F327E6,370543
cookie/train/good/rgb/023.png,93C35B1F1701A2190A12BCAAF9BC156DAFB7E2F72ABD91B56E7190D14F7ECD6B,375366
cookie/train/good/rgb/024.png,82FA5B08C2007CF45422969F32F7460C4A47623F49409E5E25604F9A2420E4C4,372682
cookie/train/good/rgb/025.png,1EAAC09D7DDD61F845C4B1936A2D4DF70DB4B7DAD8967D513E19F8A5B1A83A0C,373783
cookie/train/good/rgb/026.png,5EE5A7D10A68990483C774F04B14BB3744403899C23C870B4B597EF9A7509659,367839
cookie/train/good/rgb/027.png,B5B2FDEA427BE564EFBFAD1011A032F9A5A29A7169380350D6CF056954E39B7F,370667
cookie/train/good/rgb/028.png,21AEF3D6FD2C79A5B1D2219A37DBCD8218B36FFA9EC89269A3549FFDE3E5AFD1,368153
cookie/train/good/rgb/029.png,7F86708973715C42F0EF584CE3836E0983D13384E2F0AFBFE7CB9FC4A1FB9647,367698
cookie/train/good/rgb/030.png,6044DBF8B349324AC3D33AB9C8AE55AC2395B5A02F665FC8527582B266B34EA9,371195
cookie/train/good/rgb/031.png,3675F2E3E85A6E5ED281AB7586C312BA53291C660486C268033D66C8F0B6954C,372420
cookie/train/good/rgb/032.png,CD8BF86D11C492199F95A2BEE0F995223A8662C7C9B81C071BACC3A98F120E6D,370014
cookie/train/good/rgb/033.png,C9807EF124F23D4058660B8789B572CA9B65FF0C2238849AC13DC70B6FD8C8F9,365963
cookie/train/good/rgb/034.png,0A3DC069EDA47A111F54F00968A756015CC5948A66AB94FC9AAAAEAC9454B6A8,365868
cookie/train/good/rgb/035.png,2A2D3AE3AD2F2C0A898C426DE7F0BA0F0B79B96B8ABDA37D623B8D50D82E0E2E,366465
cookie/train/good/rgb/036.png,6007033E9C323B18BE324000AA41D32AE6225D70F2EFFDD1C28D75D7E71DB371,366803
cookie/train/good/rgb/037.png,97CD7EB0C4E9FC9A42FFA52FDF8787250212E083AB62DE77BCEECEB526EB32B9,368281
cookie/train/good/rgb/038.png,DC20B2319222D049889AEAFD1D1CB45A76ECEE62895C4D9EF8FD6A700426D559,366631
cookie/train/good/rgb/039.png,5E6197B135E4A061EDA8BEF062F0A72B3C4A4F3A838551A4833CFA9406485FE2,369317
cookie/train/good/rgb/040.png,F5334BA0C232FD2F16FD9EA5284767337780AEFC8DE0D918086BD4BB72CA1215,365746
cookie/train/good/rgb/041.png,8DE0AF14A71F294AA03FE537304F72FB44624CFD0ACF7C1083725482C3A7646D,367332
cookie/train/good/rgb/042.png,0D5A56E2905C343B2654B3D5B865537EBBF07240338DF1FC685FB7C9B4F92552,369816
cookie/train/good/rgb/043.png,91207EE9D9E9A8E775460DF39D7BBDA5FE6B46D23074485490A20CF976450FE5,365385
cookie/train/good/rgb/044.png,0549E7C53681EE0E6D74F1024D414D25C277B3C039C71F5C7D98FDA33C981785,366876
cookie/train/good/rgb/045.png,4CF450201E275BEDEBF139F7BFFED149526650B1AEFC2B1D6731F79B95B31158,368644
cookie/train/good/rgb/046.png,E3CE767A4B2795E9B42958469A99AA229707AE0E8231407F9994661AA0119524,367982
cookie/train/good/rgb/047.png,D3D61297914F7E886798D8A77A5CE39AD1AC69814C7D47C91C9F7330D2470D40,369037
cookie/train/good/rgb/048.png,8799CC8CD042F304520722613981D92697B2A93F43F42815150BFE7653E167E2,365801
cookie/train/good/rgb/049.png,7B058E895178A9AC6AF08EAB488BDBCB514AD7552F3BF650497601211BF4A56A,366905
cookie/train/good/rgb/050.png,13850375077F6C18FCE9E1E30AB8CCB5E946018A05BF1BAE5382F7A2AF302623,367577
cookie/train/good/rgb/051.png,33E38D55D42595EF5A2D24F9679483379C4C590F800BB9C0819C94DCE3D1D11D,366928
cookie/train/good/rgb/052.png,2C8ACBAFB1B17F1DD7D2BBBB04A459F4AB54D84744F125F899C6D84D7DCA7533,365535
cookie/train/good/rgb/053.png,9BE2F39D101413CB1E050446E9187B1B6ECA91F1209681CE93380BAD1CCC8506,368488
cookie/train/good/rgb/054.png,D01A05C1DEBFEE6D3A84B3A59EF2CC625F528668EF7954EAE504B7BC3E95B168,368864
cookie/train/good/rgb/055.png,3E1971AC5ECDEB900589F9E288878AF881C583DDB9367D9153F923BFADE89F39,363080
cookie/train/good/rgb/056.png,E970FB5CE54351216A67FF488ED61089FD89A5DC6D4B37CFA600DA78434ADC0C,367328
cookie/train/good/rgb/057.png,47D5AEEB0C716E86785D3C832A6C714898E1FB4C014ABBCECB0CD4326D0E6EA7,366559
cookie/train/good/rgb/058.png,A2840C4C05FDE863943C737EDAFE6127E1DD6B033844058E011EF859A5F35AEE,364948
cookie/train/good/rgb/059.png,766990283B6124A091CBFE9AA072CC7AF867C3383A6C459BF36AD35B14F498E9,366607
cookie/train/good/rgb/060.png,5F8298CE993D06597F935CCD64FE81C9C4682980B1F4D03BA4B29EBEBE24082D,369549
cookie/train/good/rgb/061.png,C1B0F564F4EA4AE6528B449A4E8972DDA38B2D979FE8638F15E49A8CA6EA6239,366636
cookie/train/good/rgb/062.png,C12AC70041C34B95338F0A6F6CD62D9A8C92A8816250D2601395FC587F4277FE,367677
cookie/train/good/rgb/063.png,B638768BEBA8305EDEB6BA0D758A9EEF404C975C23D72C60168A60A3E9F5B0A8,363298
cookie/train/good/rgb/064.png,33AD8F58FA43E0A83048AA9E933C9BB6987EA01CFA2A9265F28ADBB1A20377E2,365722
cookie/train/good/rgb/065.png,B0508AFC684CC12ECF54DC9BC9A074F79A67241083BED5FF380208D59A4BF2E1,368663
cookie/train/good/rgb/066.png,DC93F111F4E3095A87300A21BB4141DB3FB3D5C9100975C6149FBD6BF15BB183,368934
cookie/train/good/rgb/067.png,D031199B76CFF006C0508B1BF22E4D20E005FBC4C9913BEFCAB0764E7F6F13C2,368170
cookie/train/good/rgb/068.png,EC63DF00780FC70F1E58216B80E70A6493101135708CB4842C8B7F1C2476A64A,364768
cookie/train/good/rgb/069.png,268ECB14A8C1D56D20999914FCA5D25FC3CB1D463A1651CCC2A5910A0968AA8D,366186
cookie/train/good/rgb/070.png,C577767D44445444BC7D6A92C47BF67ABF63336CBEB1CDF4A6B0D4165859163E,364680
cookie/train/good/rgb/071.png,97FC7E44C5C66C75073BAB0670F3328A943C0E64C33EEA00B3253699B40DE182,363740
cookie/train/good/rgb/072.png,B793A23F66D78274590F3A590A606E535D1AD5DCE0CC2D0C584C4A7C1F3A7CB8,365649
cookie/train/good/rgb/073.png,0253D5C28E78ABA04779A9226325C07337BFFC5D0BF56252D4FBD18525AC8738,368852
cookie/train/good/rgb/074.png,BAEEF875DE9C80D66EDFED1C5C122AC0BB4B6618718E5CEBB76D05A10D6C78E8,369719
cookie/train/good/rgb/075.png,D640CD7B0C5FEED48E04A69F2786D878EE61BEC81B5B7714F622608B2BB9EE6F,371212
cookie/train/good/rgb/076.png,CBB64A8243527065580335E2185C542AD047C0358504B12354CC11876075206C,368118
cookie/train/good/rgb/077.png,42B297F9F056FA2E6E2252880C3FD59CE80D0A4512AD2C8B229A5643FDA8B1CE,369371
cookie/train/good/rgb/078.png,FA5DC7F127737ECF9B30CA8CDC723C9DA50B79CDBB245903CC1F8E978D00BFBF,371251
cookie/train/good/rgb/079.png,1BDBB27FD48DEB34EC80C958A79452609D366B767EFEACF3E1076923A083D3ED,369324
cookie/train/good/rgb/080.png,0CF4EEF7BDC84DE53C421C9F3E779B5E95725B93603175DCF410EFDC7C79F633,372898
cookie/train/good/rgb/081.png,3C05BEF46B5DD2753259CCC0F43118342D9C9061F6B1D5BA389ED2F0DE67BE91,371087
cookie/train/good/rgb/082.png,B9DDCDB2E5306773C71289864095FC20EE45461B2F99A9FE424A79094BD79C32,368934
cookie/train/good/rgb/083.png,7648DE86389C882898C96B90BC7BD85D027464C26C59102B4F9136DC6416945B,367164
cookie/train/good/rgb/084.png,059DF424BDDCF4428492FAF767EC2EE2EEBC48619A05FECF18077D286EE56EBC,368504
cookie/train/good/rgb/085.png,65E7077B3E1B2252040CEA69A7C6FB3093DD1E540FA3091BAC8055FE1088EBCA,366056
cookie/train/good/rgb/086.png,78CED043C777A7DECFF50181E71B411441B92ABE027B37A7A3C264D156CF94BD,367950
cookie/train/good/rgb/087.png,8F3B55B6AFC3A3E0AFA338A9EE2943E6A7CC95A4181DE79FFC8B16A8A6F3EA9E,366392
cookie/train/good/rgb/088.png,201A49BE6C70186E47C83347FE2AB8D8FFB86926109E3B60D1E6DA0467A6E905,371479
cookie/train/good/rgb/089.png,AC4808533B01E70ED5FC1945103B2DB7FEA5912EEE81CF200D199B341C8BCA00,368970
cookie/train/good/rgb/090.png,EAA92AA6325B636C7F8361BB1117E56658BB20C2A6BCE5846B96AB9688808A64,369329
cookie/train/good/rgb/091.png,66586187DE83764250506DCECF7C74D9D4FB75999C7A43A801A932132B36EFAE,370688
cookie/train/good/rgb/092.png,0D2AB79E9E17C68E52174833C5E410EF71B28C23F939536D5672E7AE542AAB5E,370350
cookie/train/good/rgb/093.png,E9AB048E4C117E58AD635E81756942E46E8E7D310F4AFD5A5AD623E4654ED4CE,370850
cookie/train/good/rgb/094.png,A5CE4907C0F419DFA49F4974089A838608E1E9EA6D6927A29CE1817BC3049A85,368368
cookie/train/good/rgb/095.png,5A6986F542F047200508A36AA4EA4F00AD847F58A35751628707659DEA679BC9,368535
cookie/train/good/rgb/096.png,35FB82DC61733C5FF8681D70CD7DCB6EC581A8D05305C8C84F9521792CB7D71D,366853
cookie/train/good/rgb/097.png,3A68B9E6821E10492803352C68DDF5D017EBBE5D3DCC4D12EC6D21F08B4222A4,371853
cookie/train/good/rgb/098.png,F89F5331D87BAA69199731793DF35AA383C0F69B2776D7E349E6FB29F23FDE7D,372061
cookie/train/good/rgb/099.png,E1AEBC0E8150976FCDA8ACD1333275E1DE8EB15B92B5FF8EAF20577D91EFC68A,371178
cookie/train/good/rgb/100.png,C8E35D8259948A192036C4E8599CB049068BEEB719DD45B974E39EDD072FBECA,370477
cookie/train/good/rgb/101.png,0E145CE78776F9B26D0E4A8C7A10672626E7B17660C3E7F31EEF1F0BA0E6CDB0,371431
cookie/train/good/rgb/102.png,F19C509F1B8E2F71431C2C20D8842A1540F16532ABE6911C0255AF49C59B4081,368713
cookie/train/good/rgb/103.png,35A3A63FA513D9B5E389F10AB5D7CDEDEB098CFB6A685DF6A00EA2BAF219AC2C,372417
cookie/train/good/rgb/104.png,E300FBCF253C4097A8F0D81BBBBE8C15AAD2F209A12354F1AF54D8F11CA4010F,370322
cookie/train/good/rgb/105.png,7E200C57438A052533834086DFFAB18EF7E2D5DF10AB5F0688312656890883A1,368963
cookie/train/good/rgb/106.png,A75ADC3DDB921B8690BCAE99436164B21522E3F8D5BDF0FA4CFA296442E2AE8C,369098
cookie/train/good/rgb/107.png,DAE61AC47EE1EC9A7DB1DCCAC2E2C12B9F25D707D9E10C69EE3DAD1273AB17E7,375077
cookie/train/good/rgb/108.png,843E6B3CEB162F70045D1CD61C37AD6F54AC156F4D6E70E6A6C45AECDD30D56A,373265
cookie/train/good/rgb/109.png,FC6C9651B1FE6C2F5B53C0E36EF09C8D46F839FB01C12639BD10786C76C2C32B,370810
cookie/train/good/rgb/110.png,4C0CBB87490085CD0C52DEF29E5881F79BCECD1A9DD8EDE547A370C85EC670DE,370334
cookie/train/good/rgb/111.png,93FA8402851D8175A3F40BC5D4D403A794BCE87604BEFBE0C8E3E9955D98FBE7,367538
cookie/train/good/rgb/112.png,1EFA1B9B5549FC90FF2B57250AB62299ECFC2F023ADE775A3E874824D74DE0D0,371240
cookie/train/good/rgb/113.png,F38450BAB3A60ED33E12AEBD7431D53BE307B3691A51624568C6E675E0E3D1D1,376195
cookie/train/good/rgb/114.png,C9D363A4E72E550780590C773A1CE6D5BEB1E1A266ECAB1AAB5B47B04FD1D496,373603
cookie/train/good/rgb/115.png,53D1D311B03E69787160F47BC30A7C5FB734CE814785D15FD57AB4AB09A5364C,371723
cookie/train/good/rgb/116.png,A9573EBC39B7EEB00246D0E79F478557CE770863B79F2DE44AB7C2F19E7AAEB7,369910
cookie/train/good/rgb/117.png,6A6E153BF43912FDB0492175FE6F1978FC45D41C1898ABB91A7BE6BD1BC9078E,365470
cookie/train/good/rgb/118.png,4C19512E7C7A2F8A8C91CCE8BFC98C935ED850BE766C27CE4E3B4882E52BBAF7,371281
cookie/train/good/rgb/119.png,9CFA74FF81E4FC6D1F5DF2847D8DACAA84826DE17044B17AAC8594342FFA8AD3,368733
cookie/train/good/rgb/120.png,BD2D7AEF6B6217E7CF53D528F7EF0956B0F5A0FBDDA420E1AFE4E0F6BE8AEC73,369163
cookie/train/good/rgb/121.png,FC2A972DE66330F3E6AFEEA0A877E16D6C27AB8608D3677544B3A3F6FD0B4736,368979
cookie/train/good/rgb/122.png,3F1C1FB3E278607F62D72A34F13221420C1C5D198AFFFD6629C53C77180AE096,370714
cookie/train/good/rgb/123.png,8D957C429527C63860291A219E858382F9D0C5B71191316A36BC1B99CD5FC2D0,368352
cookie/train/good/rgb/124.png,8A3611F01856A096D22246A29D76D16306AF5F32814561CF51BFB593B09E7E31,364854
cookie/train/good/rgb/125.png,E6C3DE479564EB30E56546758CEB240DD6FEE8E61FD6D60C89D609E73A0E6345,368289
cookie/train/good/rgb/126.png,90637647B4028A0A8CAE43CBA874B2FC6A42E33DF7891B572D61F9CAE8DE8BE2,370102
cookie/train/good/rgb/127.png,A2D1FB28E5B0A4EA2192DB4BC27FCEE818FD402C03A615690CD44E2636EF513E,370933
cookie/train/good/rgb/128.png,3D8508F6DF57AC98ABF1F41D280EBE965F9113B91D3C47C9F8B692F1FA274535,369416
cookie/train/good/rgb/129.png,CA24950C80C4E72F69C5FCF639F5652F53D716CFB2118E46AA75B8C3FBE914DA,371209
cookie/train/good/rgb/130.png,A72CED10A398EA7C817BA2247590AD9F11217AE17D7FD381F715BC7431150E47,369619
cookie/train/good/rgb/131.png,1D7BFBB378EFEF6A9FAC2008D62196E08A382FB6BB73CDB7915EA6438D7219C6,368300
cookie/train/good/rgb/132.png,EEFDD0A3FE5ED66AF3B660F305A693538D13FDFDFFA96B0587C23210F53F5F90,368949
cookie/train/good/rgb/133.png,BCAB36416DAFE7D8940740F8607FDD8DA810F23444264118E00587F44BBE5C07,371315
cookie/train/good/rgb/134.png,DBA3CEDD27DB26D09E76CE70C66201208577DDE71E9B96B9DF06F56AD56D93DB,370854
cookie/train/good/rgb/135.png,D0E12800B116CE5F71E671EA7BED294DE940294E31C40F3F017C33DD6466BD02,372264
cookie/train/good/rgb/136.png,1EFAFE7CE91B2436EC65C30E3CFD45FBDBBC49143E7C2EAFE0E7C882ED5676D2,370079
cookie/train/good/rgb/137.png,87E581B2D0AA9C8FA3B68B1169C1195F3BA52CD6457547E0B8606E3BE5579887,366711
cookie/train/good/rgb/138.png,43B6A4ECB453B1246B9FE343422FF960F496305AAD4C43D339412436F66435BC,371007
cookie/train/good/rgb/139.png,21C1E0B8416E5A5C41718F88A5B7ED5A091F942479F61F55F645DC041E5B28F3,372287
cookie/train/good/rgb/140.png,8BFA99AB4053781D4C361014F75432942ECA9353EEE78DA7EBB0A0361FF3A17B,373009
cookie/train/good/rgb/141.png,2C8F7B29397D2972C793B87B447FD67CA2D5FB862FF0BC58F77103D30C81E141,372747
cookie/train/good/rgb/142.png,41CC315E342DCB36F12D725733A06014934442D02D3DD33F259D8F34CBB713AE,371007
cookie/train/good/rgb/143.png,DE8CE5D13ADC250CF5DFB9E676279C87118C3AE483A9385C63EB205BACD753FA,374116
cookie/train/good/rgb/144.png,1315D20D53B3936EBD827F4FE72DCDEAD556D1EA219B1C6AD0C3931FBC89AB1C,368446
cookie/train/good/rgb/145.png,03547907D7DF38E0B157C80E4CFCB692945A2EB2AC36638FFAC99C40A0FD89D7,373494
cookie/train/good/rgb/146.png,BA133AEAB5863E7C82FA53ECA64A10C2912DAE654C58E3862ADCB80189F22DB1,368789
cookie/train/good/rgb/147.png,A90CF1C2AB9B19F4845C2F8A8F29D9DAABE94FFF89ECEAD4D574C526A647DCC1,371896
cookie/train/good/rgb/148.png,B99C4010C82A42AF02DF9B46D7AFE569ABF8336E6941D1E094B8170643875FD2,367426
cookie/train/good/rgb/149.png,6B8070B29B02682A9904CBE965403AC9FF6A334144254C03DA7CE69AEA428913,370054
cookie/train/good/rgb/150.png,FB5E9A4D523E50DC00CF40116C8403BB08C23BF74D48B574F162BC3C3A18C26D,369859
cookie/train/good/rgb/151.png,4607C7F557E38AA527AF28B9CEF76864AB5CE4F450883DD44FDCD6662A9CF62E,374072
cookie/train/good/rgb/152.png,9E7D20D22B9864CF21DF3C9C0A17F7A1F957FEA4BB87554C44BFE76E3A7E332E,368761
cookie/train/good/rgb/153.png,F20CB0F997F6971736683B92555EC1B400729389924F16566C57A83946B5E622,370902
cookie/train/good/rgb/154.png,7D3807319BF8B11A98D2E548610A467B8688F878403FA16471714A3934D89C4C,368219
cookie/train/good/rgb/155.png,2A688E3D333750BFD01D1EFBBFE8BDCC41AE9283AFC0CB5104764181756B41FA,366283
cookie/train/good/rgb/156.png,835C874A3B6542980DAA0605FC9DA0909CBFBF51AB9AB315036220846545C0EB,367201
cookie/train/good/rgb/157.png,F8C348E384AFBE765ADBEBC018097642ED21C9962FC35EB6575613322AEFCA09,366344
cookie/train/good/rgb/158.png,AA22FF25717B88CA2D65353455005B872B4DC234255F965A16338F482EBEF508,370724
cookie/train/good/rgb/159.png,C4B786039A9B78179D141963ECC5AB344D130260A6A194D47BF47112786A5F1E,370171
cookie/train/good/rgb/160.png,D3B44B2ABD136755A9411FB1DABA8780682A8BFACE82D3F4C2992CECFE7DC241,372824
cookie/train/good/rgb/161.png,FAC642E53A50121B18A1F9D4BEAA50C9ECD2A623B35874B3455BFFBB0EC98F48,371176
cookie/train/good/rgb/162.png,DFC49E57F7268300AA9CCA0DDB872554AD51EA25B3349A4FFFB774132E8CFECD,373304
cookie/train/good/rgb/163.png,89B0D737BEB3C84E854140884969288040505B4E876EB0A2308FDFBDAAA1D3D1,368630
cookie/train/good/rgb/164.png,C195C2437A190867ADFC2F00B7A60F3ABB099E080E654818BFF8A9DB27415E84,371230
cookie/train/good/rgb/165.png,804262BC0370E2A1141B6F569D90CB6978E23270CB879887E5EA8BBBB60DBEC0,369587
cookie/train/good/rgb/166.png,F8364B67B6186DE37030033757FEABFC3FB5B7FD2E5350C68D522D9DF40CBA82,369534
cookie/train/good/rgb/167.png,48914CCC8963FAFA5D708A312C3E78AABB0E24343DDA84A9BA0A5396F487CE15,367900
cookie/train/good/rgb/168.png,578D3882B59D8482D83ED805A6A9C631AFEA1710BE34B72061F6BD09CFC33C36,370229
cookie/train/good/rgb/169.png,7C119C777AE90304333106D3E8654188B6364A6508EFFA1BD842A991ED46C07F,372492
cookie/train/good/rgb/170.png,83865D016D81F3A5E453D74A7E7FC51D88E1C8DF711184CE909B8FEDAF3B7AF4,378038
cookie/train/good/rgb/171.png,C79BD774CBAEB6040EE5DF7CDAA015033C425129291907524AB13618C6775113,368652
cookie/train/good/rgb/172.png,C3927B5F843524CD17BDD9010042EC01406F5B697AA3F2C7B9A8558AAB1F0F2B,370685
cookie/train/good/rgb/173.png,E4508A4EA2DAD1E7A6A603062BD1A09DE1B44BEBD0ED57BED26F1B707FE569F9,367136
cookie/train/good/rgb/174.png,E3690B131A85BDBA72EE03E00CF15F17A43796A12001B9688B690C1661593499,369160
cookie/train/good/rgb/175.png,728BA1028B1D747858DFD6DED82AB2A8FFCA05E3EDB4D16920ED6C87A2240E6F,368807
cookie/train/good/rgb/176.png,617A4B75C88984544782F782600BBAE82F3D314880C73A3BA451341389F7AA5D,369571
cookie/train/good/rgb/177.png,547C044891E44167F846D1BFB3B2D299893DB5A7D42AF9E3A0A64CF834FC142D,372379
cookie/train/good/rgb/178.png,CF0C97A1339D0E6FA7FCD296894F2658E6F9259E0979830D11641D99B28A6605,370953
cookie/train/good/rgb/179.png,787044303EF8C07F3BBC4B646E248AC9F96B1FDC5C7B70F3F74C052D4AEC465A,370644
cookie/train/good/rgb/180.png,3A2017FB25529A37D4524753ADB5A28D127D42199B9686917C858CB8D1E45996,370026
cookie/train/good/rgb/181.png,1A607437DA18F453728C8541AD7E01D3ECBFD61DC4EAB92BFF470EABE8F5C0E2,370149
cookie/train/good/rgb/182.png,1E932A8BFE2DCD4349718D2194023E291DBD43A7FD85E6264F50D63657768B27,371811
cookie/train/good/rgb/183.png,E6D6F7C5664C87BDE9BEC3EEA66C521168FB7D04718B3DFCA01D284378FA08FB,372339
cookie/train/good/rgb/184.png,72255545A83DB07C48B237296EF17E4F9F3ECC34006FA0B7350D964871634858,371578
cookie/train/good/rgb/185.png,666FE50D68AA8F98F4866C11C117B878A486E04935FFF5730C441BD99EDC7097,369849
cookie/train/good/rgb/186.png,0D16F85513E8206387F0FB74F08FDA3FF545A8113AF93ACB81201EDE1CCD6C5D,374605
cookie/train/good/rgb/187.png,D471E341506FB9F1D4853E5C3A13BC142F16537CA1D6A8EC63722889BB8BC1B2,371098
cookie/train/good/rgb/188.png,8F13A27E450D63038A3516272BB0FC49A09C72EE96F2ED959A200ACE1253B5E1,371012
cookie/train/good/rgb/189.png,F3687134326F54328DB7EE339A65D424FD3A6A056240CD77A218C2192FA3ECFA,366920
cookie/train/good/rgb/190.png,D2331206AD19ACCB67F70516C7D20CCB04C827E1F66B5A8E8BAF04812404E9F6,369512
cookie/train/good/rgb/191.png,E332E2D71CF0905A600FA59D48EEC1FEACF4FF8726D35108125BA5CBC447739E,367361
cookie/train/good/rgb/192.png,4FBCA721E14C37D03BED79BA62DFE461AC562BC17B432FDECAE0F7B6DDC5B22E,371012
cookie/train/good/rgb/193.png,4567769D393FF0CAB12DE86DFBA36BE644EF7A6FB91BF5C98ADAB49A6880E88B,359738
cookie/train/good/rgb/194.png,6C74FCA5EF61759137D23D0616E9CA0A867084D3B1D3810CF9E817B697B19EB7,360306
cookie/train/good/rgb/195.png,C892062427851855FBE22E6C5CB1E42D3D0529BEA21E9914539D77648EA83863,360544
cookie/train/good/rgb/196.png,A8D5D92FBADEF67DD35444F1536635F5064DA3135A929839A4F4C007EE452981,358198
cookie/train/good/rgb/197.png,785D2E784BB83D7C370E28AD16940037964C1DD0EC4C87D10FD4BA7DB8173DDE,360765
cookie/train/good/rgb/198.png,72A88EF22F3D5B3D87066C195707460A71B688280F638B3BC93768432E0E006B,359728
cookie/train/good/rgb/199.png,052068B0DA26DFFEA86EA8B78A15B49DB7042ADDBCE1B01F9FE387B66B206084,356126
cookie/train/good/rgb/200.png,4AB092BC00DC213E0C1358DC2911C4D4E339AC98A2C65D0BC35DE79F16E79900,358582
cookie/train/good/rgb/201.png,E884F8549E6CCF76DD22A71985D7A274B20EF3C258572C35C04F9630918EB46F,357531
cookie/train/good/rgb/202.png,5542FEE72B4E1A363CF80E85FEBBAA294450C4B211549A00CDF219C834A379C1,356377
cookie/train/good/rgb/203.png,BD8D279AC4F15A2175734649ACE2320C2785CB6717FA366797901AB3ACEB8308,356343
cookie/train/good/rgb/204.png,FD7BD36A0D3360288E8B891CCAAD740C74F2F3B78A02FE464496AFE628B4FB93,359513
cookie/train/good/rgb/205.png,BA5A3B1D9EC420A3A3D11159B61630C32D1A09E5F6A15B6E46290641B1F80FD0,360201
cookie/train/good/rgb/206.png,9F15522B175767C0039851BEAC172D0B53C3A3E714604E6C31AEBAB6E3875D1C,358831
cookie/train/good/rgb/207.png,3E7BF2E38DA0DEDFEB532ED6B58002BFE5AC58161623746056CE6CCDFC0066A8,361755
cookie/train/good/rgb/208.png,A3DF83BC8016A15341E2B0643AB704C8B044E10A6EE19074DA7ADB3D51A3EB14,357445
cookie/train/good/rgb/209.png,8527778EB092ED112F1C5672988F0D71AA37906EAF3DEF6E10259BD986D7D863,358009
cookie/train/good/xyz/000.tiff,9741CF30AA30155D92E1713D36E32CF95E1D7C823C797ED0FB3E2A31A81F1B8F,3030904
cookie/train/good/xyz/001.tiff,A6C22025FBC6158F8B9997FF0D6328A1F0756A352B376EAE368B93AED35402EC,3031196
cookie/train/good/xyz/002.tiff,5D9C72C72C73E357FCEDD00C673134BC9AE67622BBAE9479E04D89E23C61F2DB,3031314
cookie/train/good/xyz/003.tiff,0032D113B7DC2C7799DBE904792FF53540F9B56E9EB34E5BEE63D5D6DFE9A49F,3032730
cookie/train/good/xyz/004.tiff,06E807A84BCA05B13799626E3C20C8C4F9FCB2C0913A6013BA3EBE9C6E253B2D,3031704
cookie/train/good/xyz/005.tiff,4586F11B6765E6ABEB709B4EB322BDD62101DE84A5913A5BB079FD358E0483D2,3032694
cookie/train/good/xyz/006.tiff,E2B357A9A227E202B57B0DCC048B4329FA8CC3B831EA941DFE46CF4CDC57A539,3031580
cookie/train/good/xyz/007.tiff,2863270D92185B349A02AF158F2DF58DD0543DCBB49FEF675D084FD979F288CF,3032014
cookie/train/good/xyz/008.tiff,99F3FB5C414B9715B2066B22BB65EC8084A890F913D11B5A286D41A3B60799FC,3031696
cookie/train/good/xyz/009.tiff,97F2B1F8A2957C3F58179774F71253475BE18573A051367AD39271879F4DBB53,3031658
cookie/train/good/xyz/010.tiff,D7F2C51926A3E05C881FD1D1B009246DF3BA202430F918BED92F1BD6B794A342,3033074
cookie/train/good/xyz/011.tiff,836828BD1E34658F7A618F53FFCEB890D5DF2566AC618534D977DBE2B2495661,3032948
cookie/train/good/xyz/012.tiff,0843A043A7D6F5E25DA8595CBEB1E1B181B65D0689853F43996F493EA370D2E5,3032618
cookie/train/good/xyz/013.tiff,BC4D5FA6B1091E7BFDACCC292B42C9EB598F69A892943CB7AFBB790E6C39EB07,3033322
cookie/train/good/xyz/014.tiff,3DE234D777AFE256F711B0BAE8ED2A35FA8AC38DCE9C87DFB981A41ECDC5F6AF,3032542
cookie/train/good/xyz/015.tiff,D704ECA069876B720E4432D6A1AB91CB325FC51C87D4FFA58A6A27FD7E8BF97B,3032590
cookie/train/good/xyz/016.tiff,2DC96AACEF1C2A52B4BD197017E1261CA07233C3B13F502000DF847624C9A2E8,3033006
cookie/train/good/xyz/017.tiff,EC6CC072B540CFCAEA12F84A125E4100F189F71A159CE2E238F1466BCCAE4DA5,3032746
cookie/train/good/xyz/018.tiff,1446DD5FEA9ACB7458AA36D37DCCDE5522928CA650847C5868DB0E5F423FDF87,3033264
cookie/train/good/xyz/019.tiff,72C7645FFE96C27DA5AF1BB64EEEE66806EE7BB15A158F4FE10FDA4A313D2FD1,3032816
cookie/train/good/xyz/020.tiff,BF8ABD60BA5EEB8103A678165AD4319DF041DB96D09AAEA78E56BC90D63062BC,3032506
cookie/train/good/xyz/021.tiff,0100E7FAA137C5995091A065901AEE94A118C9E29F1AD62755B8FD87F536BA89,3032674
cookie/train/good/xyz/022.tiff,B6335A1B04A38C48585161E1DE3D894857AC85F779A51B7B014A169B6A7CCEE8,3032866
cookie/train/good/xyz/023.tiff,10C7F705A70F8E081AF7DC9385537BA98BE73643E85EC0E2E68017B5F04E2F79,3032668
cookie/train/good/xyz/024.tiff,AB4BC450971AAF978A8D0248D93CDBE644C9E1B717E6ED76102650B834BDF7E3,3032366
cookie/train/good/xyz/025.tiff,D313F8336E9CC3985F8EFFCF94D2AF3FB2A837B06D295BFDA654CD58B39F3138,3032254
cookie/train/good/xyz/026.tiff,E737C22E51F5F6D08D9309D35FB2901B6D0523D82220F0708B1CA5989F2CF607,3032604
cookie/train/good/xyz/027.tiff,4B1EE81848489079860F5E55D6CEB68148CB441BF6AA41572981B5235C418DBF,3032046
cookie/train/good/xyz/028.tiff,96B5058BA664308EF2A159B6312641A3DA7CFD7E65431167CB4FAF327CBE7C12,3032722
cookie/train/good/xyz/029.tiff,6721B8F8D5B936C4A42F0C38C368E1AC4FCE58C455A6BC09B3D001A95767B5D4,3033754
cookie/train/good/xyz/030.tiff,3417B501ADA8EB4AD202A525E7412201466AFE985DCB18A52D8BB7D1B73F6B7A,3032204
cookie/train/good/xyz/031.tiff,96BA12EC680E3688D4FD4E4452E26BF60B10CCA6C498EC6EB7940FAAC5245630,3032590
cookie/train/good/xyz/032.tiff,F6F36428D0A5994020BA27EB03E8BE71A4F6166943752CDC57CA75DCDEA171B0,3032672
cookie/train/good/xyz/033.tiff,4B50EB22980CB10B2ACE443C3CE980F236653B967FEAD45568993F4DD6A9B14E,3032848
cookie/train/good/xyz/034.tiff,F0F9FA9EE07D83D64EFF0876355DCD12FA4A3ADB5B782D15FF727F3904A9E328,3033404
cookie/train/good/xyz/035.tiff,EF0CE978682D00BA09533E32BB725B340B716C37B3ECCB14E7F74D7FA255FB15,3033492
cookie/train/good/xyz/036.tiff,98EE9A58DE7B53484EA3C5A7F282C6948A9F45E77A69DDB49ED85178F4F90B5A,3033478
cookie/train/good/xyz/037.tiff,7100AEE1A8DE0172F8ED147FB729E17820B9AA74D0B2F5D549C8D2B1101C982E,3032796
cookie/train/good/xyz/038.tiff,9767782297678A28F3DB8349A2228737AAFF1CC57E3D5DE1E6053A1C4501350C,3032722
cookie/train/good/xyz/039.tiff,10FC4FD9B47603E1E1CECE6E4D087FD3F6EA281D696A81B907C18CE8B1FE451E,3032680
cookie/train/good/xyz/040.tiff,F6682A6E71E0E77482CA59DAB8E899A4E9412EE10C05BAE990A40CA7C1EE9997,3032698
cookie/train/good/xyz/041.tiff,0DCA6E83B910E19FC2EC11D4378E759F821C1C3A799D04CAB6F5BB65D3841478,3032618
cookie/train/good/xyz/042.tiff,EA7F80765289055849ACEC2FFDFB97802351B1A6AAF8E6F74A5323ED285BD26A,3032668
cookie/train/good/xyz/043.tiff,A0FCEEB7B53B6B57D7D9198805BFFAF67F07DAD2C6B28E21F97C1AE446B04F1F,3033316
cookie/train/good/xyz/044.tiff,D11CC5298D60C157B01FDDFB034DA7BA96236B3103E9080BDCF39332BB958F44,3032876
cookie/train/good/xyz/045.tiff,48017B794174C4A6E8070BF9DD0A560FD7C0C62A9644FB1F126848F0A47BB52A,3033332
cookie/train/good/xyz/046.tiff,A9A4732C5376B636FE9EECE5FEA4562861DAC9EEF8FB1B4B8C6A0BDAA2D1D3BD,3033000
cookie/train/good/xyz/047.tiff,7EF30E72DBFC955AB1EE8B107E04A777BEFD887BAF69C4C79CFCC2BE047C747A,3032770
cookie/train/good/xyz/048.tiff,2CDBCB1183500EB1B1B586CEBC86DACD5AA3114574B0648CA12C879685F40B16,3033028
cookie/train/good/xyz/049.tiff,68BB41E9967D227459ADEFCA2268B32323BC813AC1FFEFCEBC5B2A89F507E64F,3032836
cookie/train/good/xyz/050.tiff,8BDED8F0737F66635CA0C2791AA610201D26C8D3AA891C7E412A2BEA841C5486,3033432
cookie/train/good/xyz/051.tiff,445845AEE07F1785DC2428AD3891D787F24A4BDE4164FAA458DAAF413DEBF1E1,3033268
cookie/train/good/xyz/052.tiff,2CF719B5C705C89476E8FAD15F9D39D005EEDEF6F9C3EE3B090F94428ED92768,3033098
cookie/train/good/xyz/053.tiff,E8EF0B9B45A80894F574F904C279D1C759245C489E9A5915AFFBE0A2FCABB553,3033634
cookie/train/good/xyz/054.tiff,7A1A368AA70CA115E92588F7FA4661D23A8A42418A51505A4161807ABECCB089,3033108
cookie/train/good/xyz/055.tiff,B45D84313C8637CAB4AA71980AC4EB291897DE1D73B5787D9BC2F086FC05F0C6,3032960
cookie/train/good/xyz/056.tiff,CE5E1259F6A8C11E8D02D7B7962BE6F8F520CD36132983C95C926C73CEC4C26B,3032852
cookie/train/good/xyz/057.tiff,489EF4EC0A982F509B5B4FD043D7DB10FEE7639D041DEA5B7273505CB2BFDF96,3032818
cookie/train/good/xyz/058.tiff,20CF403DB4757CDBC8A811FA79E3FAC7972741EDBF8E934996CF997B6A5FF0F1,3033366
cookie/train/good/xyz/059.tiff,1500AFB7AAD4CBD34E914BD11BC88199C34C2320876587941FA62D2BB67E2133,3032576
cookie/train/good/xyz/060.tiff,FC4FCDC08B08DB0C39BCA8FFA5FF952FE918862E5E355B31902BBD48B4F9FB8E,3032770
cookie/train/good/xyz/061.tiff,07D462A7C024D60E5A42BA144B50BDC8A8AB8E4A52FA39E6549FCA2E12083983,3032922
cookie/train/good/xyz/062.tiff,FFBADEB9E6189F2E8AF54181884FAA24BDAFFE790985BF829C5BE8B1DCFBF170,3032230
cookie/train/good/xyz/063.tiff,BE521AEAF99342906CB59ED06DF36031CC21B83430E72013FA913DFDA457456D,3033292
cookie/train/good/xyz/064.tiff,3BBCDADCA23A7538344FE94910DE96C34C2CEA786CB67E8958BF20CA10C789A2,3033336
cookie/train/good/xyz/065.tiff,BF8CCF53675B68740893555B71C27F3E8621B70C499BB22ED25733DC76077174,3033258
cookie/train/good/xyz/066.tiff,D562456D248F536BC2A43D134473397E5C446636734D680C860406D883C3E287,3033726
cookie/train/good/xyz/067.tiff,A966E80E6FAB4E4F58F7C0AABA7E11986A69B1984C17D746C25477A70D71415A,3033302
cookie/train/good/xyz/068.tiff,357FECBE184C3FB6671018ED4ABC9D7FEBC17183BE2AE6F1D34941A70831842C,3033350
cookie/train/good/xyz/069.tiff,3A14A9C3F706DCD29EDDD93C906E9009E29F52DAEB8BF77CE0F3E715A5D51A10,3032916
cookie/train/good/xyz/070.tiff,56AA4FFC31DBF706531FBBCE96080CB72FD147CBDC028BC4FAC68A32DC561633,3033526
cookie/train/good/xyz/071.tiff,513C6A4253853AC1C5DC2848E60441EF9869B3B0DE6C1E29806B5B9A2BFF1E7B,3033832
cookie/train/good/xyz/072.tiff,CF8984B6ED7273E1E25EA108F3DB432457F48EFC6CAEDCC2BE810A8055B910C0,3033130
cookie/train/good/xyz/073.tiff,93AE2B41C6049FA3760DB664C50989BD524281BE2ECE628AC149079C3C1CA2F3,3032194
cookie/train/good/xyz/074.tiff,3262A806D6236951D18C875D53D40E06EFA93CB6D4F4EF3B733CAAC099A283D5,3031692
cookie/train/good/xyz/075.tiff,1761C2F16DA9D374A2288AF1671921312E5F2791FB78D999F8C9640842C6A5E3,3031274
cookie/train/good/xyz/076.tiff,76031D3B69550C4C8928EA641BA443CC0C07E2550461317B81BE3E0A006BA2B7,3031666
cookie/train/good/xyz/077.tiff,34F7D4BA82304FFBF8B3F7C9D43D227E11A7965E9B72B559F9C06E2FC8F4455A,3031632
cookie/train/good/xyz/078.tiff,5FB5B6642FA654F65A7DB4849B9365D74E0D36E31F51670EE66142516FCD5F42,3031688
cookie/train/good/xyz/079.tiff,74BF53825138D57F5599B18CF2FAB3BD8C626323CC388E3B7C4A50093AC34CB4,3031358
cookie/train/good/xyz/080.tiff,217784AEBB95F0660856BB3ED25928B9174679F771EDDC1E8154D4CE41028DEA,3031220
cookie/train/good/xyz/081.tiff,5D47AE83DF88B436FE1254E5BF6A70D7111A63BDCB88EBC321AA3F6104C1135A,3031920
cookie/train/good/xyz/082.tiff,812166FB044FE9EBAD57EC64143202258C5FDA2EB077A9A1AC50FF38DCDBC1E4,3031836
cookie/train/good/xyz/083.tiff,2CC93D954125AEEFF60A2108E06761F7B11DFB53AA2B4514F7C0AD74F76FCABD,3032152
cookie/train/good/xyz/084.tiff,900526F25963CF248B153B477E3EB4CF4CA79DB84A231E29774B12D1F58503CA,3032636
cookie/train/good/xyz/085.tiff,7F725FB142BE73CF2DE6F38D91D3A482BAC44D69DE5119CF587879DADD896573,3032196
cookie/train/good/xyz/086.tiff,3B6A170D5D70830DD2BF883FE0307FB8EE2E399B3B0811E8F440E4B13D6FCCBB,3032486
cookie/train/good/xyz/087.tiff,71C4F1FA12CBE569A772A75837304620597A22EE8AB08A2592958051737B00C0,3031712
cookie/train/good/xyz/088.tiff,AB04D4EBA0BB0BAF7777414F979729E1FE5C7CD1971CEA99D91288286C3C2CA9,3031664
cookie/train/good/xyz/089.tiff,5F38CB662B1DB3CD98CE08301E3C4291073352956D1C8D94E6DC1578383CBF5D,3032098
cookie/train/good/xyz/090.tiff,17D94B780FAD291A69400E27DCED17D9907A0714EFBE62F0A90A0AD4141DA78B,3032084
cookie/train/good/xyz/091.tiff,AC5B98F8870B7EFCD493A928D82AC0A2EBE240FD7EF28F48A31BBF4F78870306,3031656
cookie/train/good/xyz/092.tiff,AA927FF5CBDB568BA86AD927D01EC08957DECFE6C77B467D781CDB65A34E9BCB,3031450
cookie/train/good/xyz/093.tiff,CF4E356C53AFEAB9834B26E7267DA507C56D551441B555D1928BB321B7DA5758,3031826
cookie/train/good/xyz/094.tiff,773A9910D83820D97F39CE7AC02AFAE394407A7602BCF004FFA8D2CE7E683C46,3032052
cookie/train/good/xyz/095.tiff,8EFA8B8C9B426D387E0DC13FF70C54F36787E0202105B095907370E07D8C1FCA,3032052
cookie/train/good/xyz/096.tiff,296DC6927909D1F7A135392F528AA76D91E742944D305BF237A2C66D9A972F89,3031818
cookie/train/good/xyz/097.tiff,649EC842667A0F689F520A9AE263CB676057C9B339F1FECB182C9F86C6F514C3,3032130
cookie/train/good/xyz/098.tiff,AE1F79050A5874C9334237D58F1B5A71CFAC6F78BF43EC8A58D9ADA5AEC955B7,3031502
cookie/train/good/xyz/099.tiff,3DFA55A85F84E7046988767B96B0705F10679BD15F9DD9FF033F8EB61C62A436,3031924
cookie/train/good/xyz/100.tiff,C191331D737E8291D67ADC7F4696D8258227A157BF88DF13C4FD31809257C5A7,3031456
cookie/train/good/xyz/101.tiff,B6D0B06BAA0AEDA12889A50231794CD8742D1C00E3869FF9443B097662C167B9,3032618
cookie/train/good/xyz/102.tiff,2A5D4B20A83845EFF31670FAF6225A5BC5A1FDDE3BF0C55609474D9673966572,3032310
cookie/train/good/xyz/103.tiff,874F94E7F9A7E18EFE07526602B685A2980BD401C1EA7021ADFC9D7CF54F0247,3031804
cookie/train/good/xyz/104.tiff,8542D604554736E26BEE0F01389B8E2669335C633D9C3DA661964FDC1DBD3F2A,3031988
cookie/train/good/xyz/105.tiff,A110972630E2DF9F1126339AFA59CF67AF93D4B23523E1ADC49A82EA787EC200,3031966
cookie/train/good/xyz/106.tiff,BFA1F08E931E8B339D38A6ED5CA3B0DD11F6AE66AA7B3ADDB280A42ECAAB28A7,3031428
cookie/train/good/xyz/107.tiff,DA3C93C2B0039BE7C402E07CA30031049F4D2338B5CE4218E642DB1F81293E0D,3031792
cookie/train/good/xyz/108.tiff,9968F26B6690163CD4D08793E10EDB220ACC794810547B3497F6C134D67E516D,3032478
cookie/train/good/xyz/109.tiff,A924DF85CB6DB35CDF13F94B1165C91026645D9551C4500F15AC01F003A474AD,3031964
cookie/train/good/xyz/110.tiff,FC861FC5FE3C771FD8DBFC7398A6C22ADEC76CF56B1AF2351D282AB79ADA4AC2,3032380
cookie/train/good/xyz/111.tiff,88D5283851F76700990675952E5214EAA4AEDE7F359D7FC2D85DB43C35D5851A,3032692
cookie/train/good/xyz/112.tiff,4D2C358098B41D4D0CD472067840573111276BCB023FDF594DAD959FD2C32C9D,3031924
cookie/train/good/xyz/113.tiff,2BB73E2E63F6D2829065BD5C327E094E028F216C6ACC67B23F01CF9D0234DBF4,3031512
cookie/train/good/xyz/114.tiff,82E60C0464261146D6DD06C04686895986AB17740DDCF9F31C67251C74C79027,3031522
cookie/train/good/xyz/115.tiff,5FD05B218133F02C3F33CCFD4A1E2EA2D78B6044924064B527617AF6D785126B,3031666
cookie/train/good/xyz/116.tiff,FA86801AFA4BB84CCFC990ED08E6658CC27D1E587E8502D3495D5916351147BD,3031684
cookie/train/good/xyz/117.tiff,1B65162FE1EB68F4EEE505BBC8895A451CBED7DE2823464E422163CE97DF9C95,3032282
cookie/train/good/xyz/118.tiff,0F3D4F2BF73F5CAA31F23DF76E677482709EB96A9CEEAFBCE98BE9CCCF661152,3031740
cookie/train/good/xyz/119.tiff,85C1D534602AF025ED67EC27584AC17BD1F72EE43ACEB50A106229FEA926449B,3031500
cookie/train/good/xyz/120.tiff,01D50BAEC9FDA109DA6A6DBAB38D40FC19FCBAF2904BEE33860BA293B780896A,3031404
cookie/train/good/xyz/121.tiff,A253F7B3D91734B7445C476EFDF749A5DC5F8311598DDDF330D9DE82FCA816AC,3031208
cookie/train/good/xyz/122.tiff,77074215B901BE97EC18EEB3395846061F31AC3053E87F0FD8F14FA028299DA1,3031504
cookie/train/good/xyz/123.tiff,601105A785DC2C0B6026C02E12012DAB67D4DBD056451A37399869E46993114E,3032244
cookie/train/good/xyz/124.tiff,2E6969F78B8D82588AB760D1B1D5761521236D62D3B62F650ACAD4DBF4DD18EB,3031782
cookie/train/good/xyz/125.tiff,6F4AE89F06679CFB6BD6A111A2772577025D7148C94E8D65237A0098DF8B4694,3031820
cookie/train/good/xyz/126.tiff,E8B398E6B60ECBCA89890BAB13EE757886336237DB90017025468456200DA186,3031448
cookie/train/good/xyz/127.tiff,6CF81314B6DC1549AEBAF356B53C4596271EE2B7B784ACDAA113F10A9F142CCB,3031862
cookie/train/good/xyz/128.tiff,57F16909C856D1497E0E0601BEC59BD80ED1D2DA00340CB1636FF086CAFA3FA8,3031406
cookie/train/good/xyz/129.tiff,7A1564DDAF6B7308102B180ABA6EBDAE0B3368B73918181909D93A48FDA40383,3031444
cookie/train/good/xyz/130.tiff,75363DCADBD0ABCCEBD77BE8B2E2E6DA1D81F84BCC65D0288A1133E57BF3C437,3031220
cookie/train/good/xyz/131.tiff,C55EC1242CE03EE6DA6FDA25BF804E8F2B03B1D5DA1622AF585C674B4ACEC738,3031524
cookie/train/good/xyz/132.tiff,CD8C70A8CEC9E32DAA9A1E1AC7FB427C05415B4DE06A25640A8FFCACD41026FF,3031612
cookie/train/good/xyz/133.tiff,73587C012A3CEF99108C7520F4D1AB794F5E5FA0704D337732CF59F94DAB5495,3031680
cookie/train/good/xyz/134.tiff,08042881B60D4B429672C0D28880CDA95F8C340CB001155BEE30F47817AA212D,3031844
cookie/train/good/xyz/135.tiff,B49C9E45C88F391C443FCCB95DBB3EE4FF1BC5593EE479FE334D57A38928978C,3031736
cookie/train/good/xyz/136.tiff,C283577FF2B9C3A340E2B51855F5184D9B5A87ED50511A9B7FE8559EFD21449D,3031526
cookie/train/good/xyz/137.tiff,52A195E4886208F6AC847BC32CA12C9507DE94641093386D5843B885BB7A66B9,3032016
cookie/train/good/xyz/138.tiff,7239EF29ECA9459B4F254D47F980CF8D523AB9C7FB8D5E404503966BC67EE37D,3031388
cookie/train/good/xyz/139.tiff,E7EDCE8FCFCBEDB7145C8524EFF7348A3BFAC6AE23C85068579A9DA29EDE61CD,3031188
cookie/train/good/xyz/140.tiff,3D8472C04EC2282886C9F6DCF42DF0E3890C7DE1BA396B84A9BEEF9422FD8779,3031460
cookie/train/good/xyz/141.tiff,18CA3D46D7565322C4F18A2119811BF7F6AFE9AED3B41BCFF3AD6BC2B3AAEC64,3031262
cookie/train/good/xyz/142.tiff,38DF5CCB5049E2411B465CAC1BB12290A986D20305FA9D164522CF4CC537091C,3031676
cookie/train/good/xyz/143.tiff,CA338FE528F425A1474D193CC79F03ED7D3AA7C5D2A631AAF7FAB230362D702E,3030476
cookie/train/good/xyz/144.tiff,7206D70F2818FE73C8EF7A99A1706325178EA35F481A95341317C89BC5093753,3031894
cookie/train/good/xyz/145.tiff,7AED7C209D16250BE1D0AF97ADF73EF7D0A1648D64AA2299B3252C91262AA268,3031294
cookie/train/good/xyz/146.tiff,00DE5C5C61ABAF6E3A4AF0C2C6A6DD0DDFA5DAE36665C8D27D553A4C95D32C29,3031418
cookie/train/good/xyz/147.tiff,A2F3543C0E2FEEA93BAD16AF4FE70B654B93744674DC548A57F86B3A454C11B8,3031354
cookie/train/good/xyz/148.tiff,79A9AC9E6962B96B1558071A4F011E1CBB6DBCA587F928B95CAD90FDAE49B4BD,3032190
cookie/train/good/xyz/149.tiff,21D614A3ADE896A947F2436E89CEEB8FAF099245A4967F1A3A28446AFA32EDD7,3031492
cookie/train/good/xyz/150.tiff,8CAFE20E86B7929E3804FB3010156C82113705736465D3B51FA4EECD4FCD21FB,3031768
cookie/train/good/xyz/151.tiff,B099A9A2BD1DC1812172AD835EF1E176E04504C08A44FE086AA039108207082A,3031812
cookie/train/good/xyz/152.tiff,77A0879402CBA53BCC3B4116D34505E2DAB39FBDDA8374DF9C133D6D60C0A485,3031394
cookie/train/good/xyz/153.tiff,BD720DD14DD7F695B4C3FD02D732D5EF5E4F7D7EDD628A19B3CB7DAE780DC78E,3031876
cookie/train/good/xyz/154.tiff,B2CEE2156FDE9F5F11757DB1653FCB3D49DE23A3F371B7AFB11D57A22D0E23E7,3032104
cookie/train/good/xyz/155.tiff,46DDB6477DD89DD319C4E533CEF3C59691A16CBCC4BA0AEED7FF7E90F60EE53E,3031938
cookie/train/good/xyz/156.tiff,5D811326DEDA71E2FAD44DDDEA393A1D48EB8BC2E16220C1E9EAA783722089BC,3032610
cookie/train/good/xyz/157.tiff,7B756EAD45CE45910E307929FE3D89FB9B40C2FA238D611F3772DF2B5FEAB415,3031844
cookie/train/good/xyz/158.tiff,6F971EA8B12A79709074D05C889FF0DEE12456C14E462EBF003DC8EE62C8A020,3032092
cookie/train/good/xyz/159.tiff,E7B933C203B43BBE068F7453436829F4131A159FAEADFB0C47F5BEBB332997C1,3031084
cookie/train/good/xyz/160.tiff,6C06CB3E2476666889195A1942EF539C200A078A9E966CBE0CCA2449A82697D8,3031410
cookie/train/good/xyz/161.tiff,D0730E6D46DA937EECBB9BA3418C29C271AE6B7D62CD7452EF83E8661F51870A,3031454
cookie/train/good/xyz/162.tiff,35EF56E0FC5067955290A9DDA21665FDE64EF4FC7DF64A8C705B3789D9B8EAB2,3031356
cookie/train/good/xyz/163.tiff,08D0AA04057817B28277D30E53C409537A2820EDA325910A153B2A5E7EBD49F8,3031718
cookie/train/good/xyz/164.tiff,A737E229642E39239FA59DC4602CE9E5AC9C03BDEF38D8DA0A96698864433CF4,3031114
cookie/train/good/xyz/165.tiff,F2FC26F887045AFF1EA7B12ACC97FFBEAFB908C033E95ADB96B59E4DA84D5303,3031558
cookie/train/good/xyz/166.tiff,5C534614D1F6C6656DA70D90BF1626C6AE7B597364E9FEA28636BEA317510C1C,3031604
cookie/train/good/xyz/167.tiff,048B14B413ABED0B73E3C709B2CB0053CCC8DE631091F7D3D91CFB83859D199C,3031338
cookie/train/good/xyz/168.tiff,55E060A2A50A17CFF87A21C9952317B1E0560C0E5C5588249E6975E20914E33B,3031592
cookie/train/good/xyz/169.tiff,3D0656FB99E00439BBF6F568E209389BE9DE0329FCDE90430C736741C0FDF334,3031500
cookie/train/good/xyz/170.tiff,724BB6DB8D147760257CA2D398DE04E7FDA0023DAC4F0DED3DE79C0DFB3DF50E,3030784
cookie/train/good/xyz/171.tiff,8AF0F119812625093EA1120916C5674D0A4F45EF916138C7E331B3DE3E1FB3ED,3031528
cookie/train/good/xyz/172.tiff,E4297692F16771EE9E4D70CA43DD5CD2F6A389293981C10D02F08277408C683D,3031466
cookie/train/good/xyz/173.tiff,0180467E422216470D59A655EE579EF01313092AD08747A0EACA4E29B272C4C0,3031336
cookie/train/good/xyz/174.tiff,660A8717846201B59AF54D5193AD6C79C528CE641C985CF02147021FDDD07D60,3031228
cookie/train/good/xyz/175.tiff,A18654682F5A66F662A65CB3457F4A8B9DAFD1EBDF4FE079B952EC924F1583EE,3031278
cookie/train/good/xyz/176.tiff,847F0F0155E5E2CB05350A7A41396EF295852883B7CFD5718747D8067D234235,3030992
cookie/train/good/xyz/177.tiff,ABD88A99573C71AA3238F1511FBA67D1C5BABD51642AA7B047034BF39BD55D19,3031828
cookie/train/good/xyz/178.tiff,0ABEF5A1A7CEEE18F72B3C09E95A04A98386DB214EFAAE568A142471B658C10F,3031336
cookie/train/good/xyz/179.tiff,DEEF708A13249793C3157990EAE86D7BE355706FD4CA70C96F4D24055924179B,3031462
cookie/train/good/xyz/180.tiff,E94AD2038049DA796046F64BBC34A2431AB6587772EB61E4247B6F9C51D4FC40,3031258
cookie/train/good/xyz/181.tiff,4527C947DB962A3C16EE1720357BE8FFDD44996BCF4F7F16DA5294FB9CE57367,3030762
cookie/train/good/xyz/182.tiff,1FFA988E37D8298AA9929B7B89255F576B540BE853E61AD583E7E8FD551D8ABB,3031130
cookie/train/good/xyz/183.tiff,A3A2B3A752C9672951AC8D8DEBD22D87B27373639927F30C41092C9D53E3E30D,3031342
cookie/train/good/xyz/184.tiff,CEE38B25DDDB471996482ADFFF37F9A4FC916C39C8ADE61005FB439A4C6C6561,3030948
cookie/train/good/xyz/185.tiff,4835E4481E82BB72AE05E5F9CBCC42EA2EED10BABED6BCF3DAB480631BC822B6,3031258
cookie/train/good/xyz/186.tiff,121C54C16D152F96191416223ECDFB35E967A94FB70464DB21A2909E88682772,3030974
cookie/train/good/xyz/187.tiff,3C817DB3C3CC17435BDEC39997F67B55381143ACC9566BB88E35BC1D55DA2282,3031766
cookie/train/good/xyz/188.tiff,21D16A687168DFDDE829CB83F0F2C71346376549095DC5D517C3737A80C68224,3031614
cookie/train/good/xyz/189.tiff,EBD9A0094F91C064E3AAC6271406E69310F2CF37D57DBD007DAC622CE121A546,3031676
cookie/train/good/xyz/190.tiff,F9B99349AFE4B27523BA30028D241E9A7226992B2FFB41142EB9477E9ABCA5FA,3031568
cookie/train/good/xyz/191.tiff,79CD69ADFCB493EA9CFAF6196A1CE742629A96716B763D31CDE574D02CC3214B,3031960
cookie/train/good/xyz/192.tiff,8441C38F8988C7C1800D463EC7112CAA9C315CCA08DBC58775D3D9C08CCEDC0C,3032072
cookie/train/good/xyz/193.tiff,D0E349E8BF08451999C1C7594833A206DD50E410203606ABBA0D892706921D1B,3033546
cookie/train/good/xyz/194.tiff,F8CBDCA6FF5AB701AF878DD790165C11A2B0E74659A3F0B7AF42A3EF5C8159B5,3033376
cookie/train/good/xyz/195.tiff,99354D261031F6FAB742A6394870097D54C6799B6B1A2BBC27F11140959FF3F5,3033730
cookie/train/good/xyz/196.tiff,4DCD978DD3DC09B92AC6565DD624C4CAF733724EE69A327A804D42EBA137F272,3034282
cookie/train/good/xyz/197.tiff,89A1BC023DF215609D7A801EC25E589A749215590826494BEC3AF2B58A412C26,3033636
cookie/train/good/xyz/198.tiff,917AE5AE784F5DE541372118DC322DFE1B605DC6AC6E2B45AD73D6F6BA80FF2A,3033962
cookie/train/good/xyz/199.tiff,37A69098B16D7A1D7A86045F460B01A9EDA7CCD76EF6702E272432EA477B4E35,3033672
cookie/train/good/xyz/200.tiff,F58DF68A5A132CA850C57226A4843B309F68F5886097ACDE978B1E9F97CE3144,3033510
cookie/train/good/xyz/201.tiff,4BB1D7123AF3121BBB4AF99E44A1B04BF0FFF6C036D7D9B048B0504B67CC3D02,3033748
cookie/train/good/xyz/202.tiff,BC08E825E959884D7D87A91DD2092259A54B0E5D0E2D1BDB7720CFD38757B7A7,3033508
cookie/train/good/xyz/203.tiff,9D6E22F96D628C8D203DA0653583F4F7094A08BF1D9C74B7D03C6CA4AF6D80AD,3034298
cookie/train/good/xyz/204.tiff,15227BEADEA233E88A49880DBEC607CFAFC96809CA74A385ACB98E256B019577,3033760
cookie/train/good/xyz/205.tiff,2C6993357D54D00C9D646F1EC46E4A05676B7000BF7A43DFC25462B4AD4B9A8C,3033792
cookie/train/good/xyz/206.tiff,EEFF6FD415DFD55A0B2604D33B1A14616481BF61B092D96DF6602CB48A046A7D,3033556
cookie/train/good/xyz/207.tiff,C2B1B7C18EF9885A8EF58905A44211ED51B3B0D6208F4878F0139097D0EFB63B,3034002
cookie/train/good/xyz/208.tiff,83CE5F6F9C18701F1FEBE56AC19B866FE3A5BC450970B809A218FD18AB440672,3033640
cookie/train/good/xyz/209.tiff,F9C30A5DD6BE713B756073DE5968C61C6AF21E90686C0417623DA1D103624384,3034180
cookie/validation/good/rgb/000.png,172DAA7BBEE9240C70E3585FA21AD6D356349D05CAFC386C8774A66CE200857E,374193
cookie/validation/good/rgb/001.png,9F36A45D9D739CA8E4DD28E8EFB3AD5EA45539C2C8AF5F03F18B5B81BBEF6814,373790
cookie/validation/good/rgb/002.png,F55A5E22138CD747400758CEDFB963EF76EB506A340EE89B0A1A1EDCEA7F1BCB,372686
cookie/validation/good/rgb/003.png,38EB098D1DA345305FC5DAE4322F22825A9A5DD9097A58D7D0C016C9AF5ACDC8,371245
cookie/validation/good/rgb/004.png,5E434B7F011ADA7C279DC602E914A6A048E523538B19498879D70B343233D5D7,372519
cookie/validation/good/rgb/005.png,6C015926E4A2930E26DFA8CB2BF1B265B528821F46DB666C8D5E3936CBF2D999,372602
cookie/validation/good/rgb/006.png,35CDA0328BE94CD368B980238A936DB929DBC2D6D67A0ED84A13D690D84D54F3,370139
cookie/validation/good/rgb/007.png,3E8E1222EFF17F11783FFD585C7A8EAB8ABA6857404B7CB5EE69C10280ABF161,373978
cookie/validation/good/rgb/008.png,D938488B8C113C23FF4DBFB5194D3E69359D677FC6D494A5EABCF559FDEDA19B,366754
cookie/validation/good/rgb/009.png,49A05605EA32D3352D6345A6330296B3733DBE44BBC8F692AC0EB966E99A3C45,370152
cookie/validation/good/rgb/010.png,75B36BFC51E9EFCF4927C8CEC32B20B7C13E317EB741FB91E4CC07C2023EC9EE,364423
cookie/validation/good/rgb/011.png,AAA80FD40D5316BFCF4E8101EB9FF94D402E9FCF69EA41D0FEE9F30B5B573CD1,363802
cookie/validation/good/rgb/012.png,070ED6B07BF9F7A233F5E8A2BE9E1BE74A071BEDA4BFB5731383D95206ED1E8C,363355
cookie/validation/good/rgb/013.png,AED399B43194D759EED14B34BBC5300C5DB8BA945AA1014ABDA293D6C9EC75F2,365235
cookie/validation/good/rgb/014.png,6B2E0794AB9E9328343D6AAF7ACC9A6F15D4D160177453E31E9222BE9FE441AD,363860
cookie/validation/good/rgb/015.png,4B43A19078D4061BBC17506E183F69899457A7D4FE6EBD9ECFCF74CC3961762A,367748
cookie/validation/good/rgb/016.png,13232C71BE3C71E82E09258E46101E0355CE5E32CFA8525B36EFDDF0A9A787AF,366078
cookie/validation/good/rgb/017.png,A6C3C79C4CA9D9182F7D43627A3CABEA1AAFEB83E36E106CE2C4B83EC8ADB966,362254
cookie/validation/good/rgb/018.png,FAEA490E4543EC2992207978B0FCD73CF149E23F7DEB6651698F6404AE8EE3F3,366377
cookie/validation/good/rgb/019.png,8B233B1C5D4F06047C0BF5D24598120FD0EEF349E5FC3A6403EF61104CA4BACC,367180
cookie/validation/good/rgb/020.png,FC25AB4F0C57442417B509102F8BAED19D3A0A1AD0338630EE50A786799E419B,362409
cookie/validation/good/rgb/021.png,1B735CA9EB30CE5B0E9D4D8A36B920C926AF135CF21E61A48589331FE48DB52F,363228
cookie/validation/good/xyz/000.tiff,3B06448E8882448F12538C22AC77545EB88E358E39739B6DCA631FEC0FDEC5A4,3030810
cookie/validation/good/xyz/001.tiff,257B31442D21B282514B34734BA93B6929E249BE419E1F2ADF1BC350D350DC9D,3030136
cookie/validation/good/xyz/002.tiff,B4640945FD9463F7398C8ECC0BD8FAE969F822A089F68B3E85404B5C71D5D2CE,3030568
cookie/validation/good/xyz/003.tiff,A3ED217226955754B2C627BBFA535E10E2590E0DB6B13C8F91DD95974C2F6713,3031768
cookie/validation/good/xyz/004.tiff,31E83E15C71F68E09E2E3D0F3891D0CA386088B229BF63F3ECDC52642A3DB161,3031686
cookie/validation/good/xyz/005.tiff,0BC87EBDE1B9204E8A5A43B5603BE57C7C0B568C79F8AD6415209286C4198E45,3031368
cookie/validation/good/xyz/006.tiff,60B2174EF844C60889E4891935B00FB2DBC651FCAA9214E329378A1935C0C885,3030862
cookie/validation/good/xyz/007.tiff,74410CCFE8F22324B6C7933671094198B162461B1C8DD0C283A22090A77A01E8,3030702
cookie/validation/good/xyz/008.tiff,02213FB7482E780D781F234A43BF0B54C88C58BBF0DD5FD39BBF7BD2588A10D1,3032304
cookie/validation/good/xyz/009.tiff,46D4B2CBB11D547FDF2456363E83B7FF9F5E1E954D9857663560F3F00CDDAE42,3031448
cookie/validation/good/xyz/010.tiff,5C35CE24EF510D73C6C56FEFDD0C9BA135DFEF43AA2AC5B89D69C63B61EE1605,3031616
cookie/validation/good/xyz/011.tiff,74C0FE1E37CC15D28CD45A49483DDCBB6459335269F1C118CAD1E0C9D415A5A8,3031714
cookie/validation/good/xyz/012.tiff,5107E06193269B4F1FC559C3E3D646D66196E4EDCA6990228D10D2E30AE30DEF,3032286
cookie/validation/good/xyz/013.tiff,57223E3BE1FF42135EFA0F141FC8740D5CB8C0F5B7BDAF7E935E43235E93CADF,3032100
cookie/validation/good/xyz/014.tiff,99CD6D0266EC77A208315D507EDE5CDEB148D02A62C7774E2C44B65968D1B5FB,3031750
cookie/validation/good/xyz/015.tiff,99A8D0C24A05E7A066A212885BF5BA584D412F3E4004B7BD7B992708850B7E55,3032102
cookie/validation/good/xyz/016.tiff,F00829033FB9514484F9C6F6142EF89D5E2F03CE0C67C921F0DE48A47593B6EB,3031912
cookie/validation/good/xyz/017.tiff,2BCEEA1F809203EC22D909CEA05AD33E34C68DFBE8486C4BC7AE8C5EC75D5D65,3032268
cookie/validation/good/xyz/018.tiff,7E0BC58D1DE3DFF90E5826C6BAB9811DE3EA81417A011BCA497AE66BB6739A1A,3031890
cookie/validation/good/xyz/019.tiff,0A6D8E73F353FCE5472E8D92859C2304E67A9CDDA51F8E2EF8A11A0181D3EF5D,3031414
cookie/validation/good/xyz/020.tiff,3F637A7937860BE9E5583D174192638E2DCBE9078522C89465B2BC8AF014C24D,3032232
cookie/validation/good/xyz/021.tiff,6C79CBA36604BB8C9EE8192D253301D564BA5DBAC429F2D76EA5B1327045F7C1,3031868
dowel/calibration/camera_parameters.json,922778216B3BC932EEC0CB8B98E1FF3B18A44502A1E85534B856277DEBFA3F02,201
dowel/class_ids.json,6C49DD056CB8FD8CD945A0516C660B9A05506F1414F76718503EE89C23397206,76
dowel/license.txt,221519EB7AF2A395DA4474E7E136BCD4E0848D8ABBF346ACB2FB0B6D6BD2277E,20880
dowel/readme.txt,CAF14511A62020E45ADF34A0CEB679E220CD688B3734CA495D71A97D561F508A,982
dowel/test/bent/gt/000.png,2CBD844769F40EAA4E085B90A0C7C6D770DA993AB303948BEFC415AED98FC92A,473
dowel/test/bent/gt/001.png,69786EF2C1D4630AFFA47D3DCD0F1AAED9C490CC31115DE6A75421F407BA97F0,425
dowel/test/bent/gt/002.png,7FBF77057E2C943B459611E143B395AB7E52F4ED7C03D81E5D82791BA3BE78C8,467
dowel/test/bent/gt/003.png,D0294DFB218CBD8ABC8AEAF7D5DC45F8E7A6B01B4246EDDAF4A5C89E5D5463B4,505
dowel/test/bent/gt/004.png,48A3A2FF49CEF56CB75E116444E282E2041B4D90E44F9C23C35B6EDFA000C6A6,478
dowel/test/bent/gt/005.png,CA768D172F8E97AF0CDC7822EE01BCC38ED06EA245B23500FF4066B6898E8FE7,487
dowel/test/bent/gt/006.png,753D2060FB9F8C54A1AE7637C4480391A35D9139854C724165C70A14D144766F,560
dowel/test/bent/gt/007.png,4BFC81EA0B941CC8169990C0E10712A4734EC46E93F56C570ADD3DE6A44E5581,524
dowel/test/bent/gt/008.png,D0D5BEF68B8D511D5B447A481BC4B3747801C379AFB652B9DC94D789A2DD7A22,486
dowel/test/bent/gt/009.png,A6DF6D70C83B1895FA742C1725AF520E3C1AAA533C97E996B1946719009EB039,490
dowel/test/bent/gt/010.png,7978950FF027A47FDAF52BDB87DDD7797CFBE18267D86DB7DF71E915A2041142,554
dowel/test/bent/gt/011.png,790085508225FCF08C8EC84BB6AD7392A856BFC9D411BC70DE70556268161637,524
dowel/test/bent/gt/012.png,00EE09B20F3F6C716191D86C09F1FEBA37EF937B166B995675424E418AAF3075,499
dowel/test/bent/gt/013.png,81ED3A00ABCD26BD37D6CFD3D6B223285FAC501673F1F760DC8E0B292F86E93F,477
dowel/test/bent/gt/014.png,E15D8936D825DA0A1B1F5568322E7CBE6EBECEFE97CBF242C539168E9B128211,628
dowel/test/bent/gt/015.png,F7FA1E18E7F17E3D3D8B932247C9238EF1F023E6AEE5CD7B1FFDE765B38A9006,482
dowel/test/bent/gt/016.png,C830FD0669DB220A5CBED5874D2309ED5717A094F98D270AD179AA1A4967E6D3,491
dowel/test/bent/gt/017.png,B43270996AE71027EEBCEB3DD2A7987A76F4ADC4A640DEE4978E156722F64721,497
dowel/test/bent/gt/018.png,C812B63CB6870E50C147AFAA715CB0ADBFF5B7D290DDDAFBEE2275494E6BAF98,472
dowel/test/bent/gt/019.png,66128EAC20FF2C79A87C41DFA7BA30DD9EC43BE2CE1E4D360F930B38D1C41503,449
dowel/test/bent/gt/020.png,02FF3772ECC604F17D9DF281AA181311105C86399D17F7891C61F459F31682F2,501
dowel/test/bent/gt/021.png,4E79D19A5D95033F056E1561703CE3F5791FBB835938EFA9CCBEB3999BA829CD,547
dowel/test/bent/gt/022.png,335930B7FB8E22093CBA265ABD54CFEA9C15D47A2A6C3A1394947E1C6CEECEDD,482
dowel/test/bent/gt/023.png,2BE4A9E6EA8152E46C3822401C5EF37019D5930C03307C714E721B2A79B0EF25,493
dowel/test/bent/gt/024.png,448416837D5307CA012EF439BFC9116784091475CE61DB4F207733B792CEB523,508
dowel/test/bent/gt/025.png,B6057D5BDF1D0D9AF8DC66F9180A02AD074556AF277BE507EB4A9283B28283B1,596
dowel/test/bent/gt/026.png,4970053DE6DA65D3D3362ED4C935B9D1E26FBAC790CDE3CE0320C6956C1C50D1,467
dowel/test/bent/rgb/000.png,11CAF691416E55C4299137FFB59B7EF045DF0CB8877B945319DC40FDEE0E519A,201876
dowel/test/bent/rgb/001.png,00419CA0AC2205D057ECBEE0E3ED5E6C23289436AE8E39096C198F1201FCB8EF,202818
dowel/test/bent/rgb/002.png,43610796716603729C888BDF7F7E8A42AC2D0102D99AB0073F023F42B4628D67,197832
dowel/test/bent/rgb/003.png,87D15258B931F4C910EEABEFD2CF9CD14616F1448A7578D42C289C0FE18A9499,201535
dowel/test/bent/rgb/004.png,DDCA09A11A29D8F8A2472FB38E5B26A2F85B06CBFB1D8BDA3E9A0363600AA360,201443
dowel/test/bent/rgb/005.png,42FA30C9F1715D7BE903C26C8927B11B0AD63821B1D793308635882BBA46DD7F,202068
dowel/test/bent/rgb/006.png,DB7F8B1C79E5F834AFA33FB3E503148432729828C2006CEE446C4BBE9F847565,196339
dowel/test/bent/rgb/007.png,3933A78647F395FAC7C2B7BE8582EDBA95FC2C8DA11B553D52B93CF2AAA7ABCE,202145
dowel/test/bent/rgb/008.png,C5D06E3BF07A60AA524B88E42A4A7FA089265BF3BF4F01481282CEFDFF9D9289,196997
dowel/test/bent/rgb/009.png,732EFF9ED06D5F41E13F42416AB9464797A72BB31DE482613FF4C7B0BC7BA0F3,201549
dowel/test/bent/rgb/010.png,49EAF0AEF74728A675C86B886A217E442007FEF9345C952C9D3C00B761EADB61,196677
dowel/test/bent/rgb/011.png,6D4ECEB41C54569E199B4A9491A59A3B030E2498F792C55065952AF5D156060A,202257
dowel/test/bent/rgb/012.png,8E9B3D46723FEFFB6653F0413D9AF7BDF23BAD68F128AEB3FC4CDC9FFFFE3AD9,197171
dowel/test/bent/rgb/013.png,A72DF61CE8BB23D1EF40113BE079D4B4A4800C35B2F12DFDCD5806A972A2F0A8,201962
dowel/test/bent/rgb/014.png,29D6F9CED3EFF27A5F8F0C1D16AFBE2AD21E255754E273BFC5710033AAD186F0,197085
dowel/test/bent/rgb/015.png,B7A0A0C77474E3DDFAA032D070065EC013C7268991E1D7172CBD2DFDC34B90DF,202162
dowel/test/bent/rgb/016.png,AC1C928EA5D135E9E43C671E8466445C5924BB87DEBA08E35A80472F2491DDCE,197022
dowel/test/bent/rgb/017.png,FA9C239D4C22836057DA86A68119B5A45E5A299EF9D70E6EDEAC7F2B81FB62DF,201047
dowel/test/bent/rgb/018.png,30E17133D5810621BC489B1A10B1599D3CBBDD890CDFEE47EF032771E06202C2,206955
dowel/test/bent/rgb/019.png,24CC8D4B4FCB8EBC7AB6C7034FD08BF868310682425AA7F8A7BD960420DF39FC,207924
dowel/test/bent/rgb/020.png,2389F1E1E41F814BD270AED2FCF98AEAE8872DCD30E6D751231589540AA1900F,206961
dowel/test/bent/rgb/021.png,B8745162C0D135A9C3C6DE058904BBE3F4FC67374858844190D27B53320A813D,201994
dowel/test/bent/rgb/022.png,DC14CA78356E60A46C10BF9ED68AB116D7F43C14DF9A239AADD14364E0E05683,207007
dowel/test/bent/rgb/023.png,3C80B0F46C8FD4A2FE68352DBFF7DE1C4B7F57F5541BD48BD51919E14532738A,207508
dowel/test/bent/rgb/024.png,90FF2D21C317906C10C4590FB0001A7C0C3F8BEC7C49A24BB47FB5B18F0D852B,206681
dowel/test/bent/rgb/025.png,A7C3EC23094A45072B2040CDEBD05E45E0BE6A9D20EE7A93DC1A633DC6F9FD3E,201023
dowel/test/bent/rgb/026.png,F8206DD81B7DD24BCF2CC079A27A439E6876230CE92662F574CBCE7D43A16D16,200287
dowel/test/bent/xyz/000.tiff,5822962FC1BA146A99FB1F222589C9B3AE5A85FCC5F176B57A65953BDC1FEE32,1924050
dowel/test/bent/xyz/001.tiff,D8C7368BFB157FA3690ED82A396E0C20E9E7927B319DB87037B817CB33FC3709,1924212
dowel/test/bent/xyz/002.tiff,830D9D2C37E72B41A6CECCB57F45825DD1C692C3C5FD7E7D94EB16679A5F6F68,1924164
dowel/test/bent/xyz/003.tiff,215ED7051B3E2B01126B9A7FC2E216CAE4194CF407CF71D5F0A69625ED8C29AA,1924908
dowel/test/bent/xyz/004.tiff,3BD4F00051FC3FF4BE9C0871943F0EFB0E8BD60C4268D1885A139C120EBA4F9F,1924914
dowel/test/bent/xyz/005.tiff,56963578CDFE103DADEBF748BC55B62454F946A087D6257E6D4FDB96456BDE56,1924856
dowel/test/bent/xyz/006.tiff,C2880E24B7F8AF6243726737092DB1730F75BBB212E5067072158D49A73041F0,1924892
dowel/test/bent/xyz/007.tiff,3C4111F0A81B87504A3DABA091B66942844463F7250B16C1B01457CB7C900A96,1924992
dowel/test/bent/xyz/008.tiff,DDDB36AD98290C4AB7A2B0816181A49C0A11BF834121FB563482A5DA2DA01445,1925004
dowel/test/bent/xyz/009.tiff,55E34651880CB847BE9CA5E7A7C65D230431F368A22E08F0BD67025E6F7C94CB,1924944
dowel/test/bent/xyz/010.tiff,62976FC6885662FFB5EBBBDC0C53241E6D524CB2AE2BAE17035F9A9AA070BD24,1924996
dowel/test/bent/xyz/011.tiff,1655538480CDE65B4A32B1CFAC25A2AAFC334C3D98579B17C2C7505CF3ED18F9,1924976
dowel/test/bent/xyz/012.tiff,C2B7EF1B6249A63BD405C1CABC0D69DC3070518D5C5E34C8E3903AC7A418FEB7,1924818
dowel/test/bent/xyz/013.tiff,5B5A00592F438B126F8EA3A93B6F8F60F72FB90DAA3C2FA7F924CD141A964D3A,1924988
dowel/test/bent/xyz/014.tiff,4DB0E055438FE512A4265FE8978349F8AC507538EA8D97DE2E74F62E8F2B714E,1924976
dowel/test/bent/xyz/015.tiff,5C1367AF595996B90E43E661922D7F4A92A719AF48DB73E3957046E97AB55055,1924938
dowel/test/bent/xyz/016.tiff,BE570375188FA922D7230AA17A61B9947D9165AF6D8C8E2499286D958A821AF9,1925036
dowel/test/bent/xyz/017.tiff,1FB29EB1D9653ABE99E71D9226E605EBC73B4BF3A7C3BB6845BF99C68BC947F1,1924996
dowel/test/bent/xyz/018.tiff,06D01A3B760C04B4EEBF6A9132EDB91ACB6E467379B6B68F8F58AE31421257CD,1924990
dowel/test/bent/xyz/019.tiff,96E72B612C6387A61BC912C04436D80962C764444A3F75238CA67E9D8F409B73,1924700
dowel/test/bent/xyz/020.tiff,A90F73E1E04BA769C10EEF063BC89F61269F7DCD8F3DA0E4039C7DE4D99FC093,1924866
dowel/test/bent/xyz/021.tiff,FEBA478EFD7925383DFB374F1B36FB77930FFE1457722A360FBDCCE711BB4EE3,1924858
dowel/test/bent/xyz/022.tiff,15ADA6B1434525E1132C9760D1CDCA206A9326BA9F5A8A1D317E342E63AABBA9,1924890
dowel/test/bent/xyz/023.tiff,565D65B14BE00089042FE88A5659D7AA45380D3E2E78ECC52C036D848EB738D3,1924840
dowel/test/bent/xyz/024.tiff,CFDA98F83A15DEB074467AC62E43E89E5E7FC456CCAB7E8411939F6A54A00864,1924864
dowel/test/bent/xyz/025.tiff,47DF6482DF7365AAD7B4A800018C97C321BCF98437A4917566A9C814F36BE886,1924906
dowel/test/bent/xyz/026.tiff,BFAD418D8EAF81247C6E768C2283833708FF9A0CDD73600DA6C8D65BCCCBE9E6,1924976
dowel/test/combined/gt/000.png,CF835D1C5697C9F76559CFC027D5744EDA22B074778422173612DB6CD5CEE73B,599
dowel/test/combined/gt/001.png,54CE1FAD4322A2DDD07841621817DA2197A2CC473410FB9911709C062E04A1FE,714
dowel/test/combined/gt/002.png,92D73AC07B90877A606FC9044D74F72307DD96BD418CF61B9CFF4E0536792335,760
dowel/test/combined/gt/003.png,C68E3FF6F098403E9E9D620FF85477E77EFEE404DD8B89906DBA26D6CFB42900,653
dowel/test/combined/gt/004.png,8B47C74ECCD78D469F0A29B43703AC33140495B5B8BA533020A5F632FC05321D,586
dowel/test/combined/gt/005.png,DA9785A5B56839C1A653E86E5CD4663A700FCEE5D8C68CE8083BD324B039409F,569
dowel/test/combined/gt/006.png,2C5790D20092B6DD48B70A09B07295387B1ECBCEF06CC1E88BF91C1531A2D3B6,624
dowel/test/combined/gt/007.png,6B5A78CC612ADC66A4181DE8A82ED1A7EC48E293DB37F3ADE9282A63681066A1,567
dowel/test/combined/gt/008.png,B9CFED9F8277AC73C58F2ABB9BDECD9666203B1CCAF6D3E7D637A88F948B950A,582
dowel/test/combined/gt/009.png,E2F62E8381527CC68FA3B2C5EDBDCA588C62837AD14E934F00E70CDA478333D5,723
dowel/test/combined/gt/010.png,A18FC546604CA19590A3B869DCDB8DA6FE445905CBBF0A93C792BD048F0306F1,754
dowel/test/combined/gt/011.png,D936EC55DADD62B30D7FFAD11AB30DABAB4A39A2323C4F8EB0A54D7A9659D96D,586
dowel/test/combined/gt/012.png,BB6A31AB17347467D1CF1BCA0C1D570FF067C755D3827BAC0DA4E859F554F144,553
dowel/test/combined/gt/013.png,1F57AA50875631AF59F92D04F38FFFD43C88D44041B36959DB04E160C9D975FA,616
dowel/test/combined/gt/014.png,70FDA67CD679ABD21DDC9B6CC2B27F55BADB492176CF1834917515283C98E418,613
dowel/test/combined/gt/015.png,C0231A25BEFBC4DB8124498D11CF80CC725AF13FEA0BD11710A581E56CF97B0C,636
dowel/test/combined/gt/016.png,49CC439CB54423CABD6D08BB38AEF0314F437F3CFCEC61C1FD334958099C5432,633
dowel/test/combined/gt/017.png,539F73E9ED8A072541F5D99AC0D31EFD81EC385186D74CBD8945760DBFB75258,571
dowel/test/combined/gt/018.png,50B971B5B6C82BEC476A997B26296A0375FBDE84767F6AFF1FC85069E94EFB15,560
dowel/test/combined/gt/019.png,37D2D7D88BC651BCDF7CDB4E488D04D6087747B6B3EECE0941B23640583B6D52,712
dowel/test/combined/gt/020.png,117420DC7D7A6257E0A2E8F8F8FE55CD93208165B4C376C67BB8297D56908485,654
dowel/test/combined/gt/021.png,30CD274D133823DF9F11E3BA0D9D52EC8C76FB6C105BBB1A0C13C872142835E2,478
dowel/test/combined/gt/022.png,F84CCAC3BBF80767B18E0DE5D6AAA996E640E34BEB63AAF6CAFBB2EFB195EE10,531
dowel/test/combined/gt/023.png,FEEE748105FA169398CE4EC3151FD67D4E435AF3464E4A6F8A3392C22224FDC9,637
dowel/test/combined/gt/024.png,BCB3594651B994C885693B312F2B62018E8D1F18F882D2968865A86BE47BD295,627
dowel/test/combined/gt/025.png,32E3F17A4E16E24A5FD869E739EAADFFE4E70026D1692908D6F51BD9572D6C09,651
dowel/test/combined/rgb/000.png,CFF566A1E1701D374DE64E0F4D558B9D9D0204EC880BC0E9E3B73F09D30258E6,210604
dowel/test/combined/rgb/001.png,61D30508A9CC40E977A8E398FEF36A6D2554FE518F3F68ADCDEA406C4BCDB8C6,212344
dowel/test/combined/rgb/002.png,C2DE7F7C88616652F9E7094F21422550DC91459F6E547D67C0F1696E0060DE46,211031
dowel/test/combined/rgb/003.png,A7138FB0DC075306523584D12F5C353AB786F33C746DAD62221620752158E97B,205311
dowel/test/combined/rgb/004.png,5968644516A496D74BBC871CCB9811FD07B467C2C9DE5194676E3FAF8D5A4C98,211318
dowel/test/combined/rgb/005.png,7621BD23438F95E91B28C0D003C1595D59C8148BD19369E3E183BD97A46C4329,212108
dowel/test/combined/rgb/006.png,51774233B3AB20ABD0A4911CA6397042A64580F4CBAF8FA9710777D1653493D4,211652
dowel/test/combined/rgb/007.png,3694AB715A3AE398C4FE48ED05BD62DE715FB7FD10AFFFCD2F0724802AE4E793,210118
dowel/test/combined/rgb/008.png,0840D808F42A9C67C187FFD220EF7C36BABA2AFD7ECE91AB3299EC2BE91E3C56,212035
dowel/test/combined/rgb/009.png,8C389202B813C6D40D2B808616B34ABA45B7108DC867E9AAA5C06DC77CB5380A,206314
dowel/test/combined/rgb/010.png,8537C643CD80A66C86DBD0E143E20D4555D324CDD8EED0D0D078C3B44D390916,210224
dowel/test/combined/rgb/011.png,52EBA0843EB576A748A331D866504A0961AFA60F0C7F1466DD19397A0FF2BCC6,212501
dowel/test/combined/rgb/012.png,B9DCA19C3046C7B2E6CB3DB356DBEB8A26FB9891F67EB19F60F3613ADA26A5D2,211068
dowel/test/combined/rgb/013.png,BFDFEBCDAB75BB28EBA6A887B63A34E1B60F0336106A1CD2D33E2A61FD0DC37C,211162
dowel/test/combined/rgb/014.png,3AE2B1187F91BC8703A8682F6030756B3CB2165048B2F4243F00B8C4FE04B08E,210629
dowel/test/combined/rgb/015.png,1FBAB324BEE00AAD0095A55E14A87634CC369DA2FB51BCEB7E9EED6CADD7F331,211592
dowel/test/combined/rgb/016.png,40EB3BA4179A5B250C05F2330F23113FEC973D6EA11438E6F9345B35C848DEBB,212349
dowel/test/combined/rgb/017.png,EEC5A6ECCDF04DA00BF10C8ED9949C94C17F484B3E36B13194D59DB9B4C9D72B,210661
dowel/test/combined/rgb/018.png,D8D646EB9B8604A2BC289EA1F07D0463FF9B97AC568AEA4107C8799064CA763C,205141
dowel/test/combined/rgb/019.png,E2DB1D552571223A7EC083D221E8C86AB3751F1A09C1DB8EAF30E3734C0EF06C,205467
dowel/test/combined/rgb/020.png,1C6FB4F3B37C2FFB3214FC7B19398AB315A7951F142AED895191EAE95F141A2C,205859
dowel/test/combined/rgb/021.png,A39D46AA03133A3E1C796749132D6E399867082D3789D21FA95ED3C4260B38CC,200200
dowel/test/combined/rgb/022.png,209904C5928026D3A0F4B61458A1F6ADB7DA75F9EB53B43013DD0DC1FF12240A,205952
dowel/test/combined/rgb/023.png,526AB719ABD511F6B4146ADD21AA285B7F69ED82968996ECC47DAA6B9B234453,199911
dowel/test/combined/rgb/024.png,81FACB2A9A56505C8DAED81468C8BC54850488C61045E5010F55AD7C1F17EB24,200012
dowel/test/combined/rgb/025.png,91600A0A576903357A4F8121AC9FE56F187B72165B2745BFFF3F4ECA2F868E39,200662
dowel/test/combined/xyz/000.tiff,B5D4413880532C02E0FE922FD94A29E207F25D79AA8768B7C22CED8D362BCA65,1924160
dowel/test/combined/xyz/001.tiff,65E39A5ED943F51B46F7F74EA8FB14337E0E8994DB5D50761AF99105D7C11367,1924086
dowel/test/combined/xyz/002.tiff,E98A4CA4BAF0D8D1FD4CB503E27F3F885724F3C7E5D06DE61149D78F0548F729,1924152
dowel/test/combined/xyz/003.tiff,11204A0DFE359D63B92253C20BB127D8F1F3CFC1A070AE61BDC6339D570AA18E,1924864
dowel/test/combined/xyz/004.tiff,7E1CFDC2FDBC1FE43C639E8AC0AF5E58051A3870F7C8DBF7A6FA9282CECA7F8B,1924892
dowel/test/combined/xyz/005.tiff,68D0EE838D79B8C6B5C5E36110796D393C87E69AC991FDAE8AF09EB9F5612DC5,1924976
dowel/test/combined/xyz/006.tiff,72D2DB4F17FDC55310D2FC26EB001F6655137187C520B1EAB17661C5B92B8A63,1924910
dowel/test/combined/xyz/007.tiff,9F695102829F820D2CE898A985188F6F6EF1063F55334BA1FC4A587B3FB2C050,1924958
dowel/test/combined/xyz/008.tiff,30912B15A175F7E5A35AC7601BBBBECD6C176257829C8E33EC7DA14AD64A7BFD,1925020
dowel/test/combined/xyz/009.tiff,F04D2B7D7E501274074E1E6927D13D0DB7FCF4E322B2B9F9B54D76DBEB5C8F25,1924982
dowel/test/combined/xyz/010.tiff,6F64850CDAA4775BA07E0342E9B0D77E19C495879F604B6D795593248F149604,1924982
dowel/test/combined/xyz/011.tiff,F937BAA9B99F57DA4D181CD0FE34682F945914FFD12C59142AC2C289255E5B74,1924872
dowel/test/combined/xyz/012.tiff,EDCBD544DA585E097B31E4CE3D6D32D9523456A72264D8524974C612F3298776,1924858
dowel/test/combined/xyz/013.tiff,F6D7786BF0D0433955B5A064C8283EED2DBD40E6EF992E56BF90190E47CB5071,1924912
dowel/test/combined/xyz/014.tiff,F82CB601D5E271A9403BE29D49390816016C265C47D8548464A20C60F4E8BD0D,1924740
dowel/test/combined/xyz/015.tiff,000AC74308A697000F6A7F19E341851CFC4CDEFC4151A53C4B0C5D1DABB07542,1924900
dowel/test/combined/xyz/016.tiff,262288D4435E60EC2C0E989BF24C25E66C0177E044CD317EE6BD88DCC78EDCAB,1924822
dowel/test/combined/xyz/017.tiff,F39BB5F5B54C2CB6B593822D7745D26B2AA9DCA2DF9DFE3467B8731599283995,1924888
dowel/test/combined/xyz/018.tiff,631DEB8E84E0B03AA946F94D5D69ABE81E11B2628BA349363EA888C8CFBDD132,1924940
dowel/test/combined/xyz/019.tiff,CE57A2C1C59DF56F85DE7F2248D2A3F013A31153638D1B86AC71B7603588CC0D,1924922
dowel/test/combined/xyz/020.tiff,CB421DF9D101A316644E33125DD81095EA81A13A7D1FB274CFA6E14A66C1508B,1924926
dowel/test/combined/xyz/021.tiff,C914539A6A013E895FD88F5403F84FE60DA4DABF81E03B6458A203D91E2AA009,1924880
dowel/test/combined/xyz/022.tiff,CD2BD47410012BE82D07189F4D64035E3BA1D0C574A9FC19C244BFA43E8047FC,1924880
dowel/test/combined/xyz/023.tiff,954578EBA24691A70077949DE7AA82C09CA07EAE26B7591917D112873BCEA93F,1924866
dowel/test/combined/xyz/024.tiff,198C62ED5EBD339647119FA73F37976076953E87242018A9001A492BB1B0B98B,1925016
dowel/test/combined/xyz/025.tiff,EB5C081C83BB1B7E729590B87BAF4313A15A607D3AE75F7C3C76D2A54623E83C,1925004
dowel/test/contamination/gt/000.png,80E9E63B16B2C5CC46D7E5A5893372244B9CE667B89F7989FAF30781EA027823,484
dowel/test/contamination/gt/001.png,1EA926D5415E1330028434BF42134FD58B8EB5BE6E3262E59DDCA49BCEFF430B,461
dowel/test/contamination/gt/002.png,0D01B1AF26089C01DFB46DB0BAB3281E1554F03DDA67CF1F4C4B4C6D016E2939,468
dowel/test/contamination/gt/003.png,86AEBE69A19E9A3D56D9B89E3933076E7F97B7D28A91BB3CD7666319AA4E36E9,424
dowel/test/contamination/gt/004.png,C79896E702EC2CA13A108427516B32573753FFB149A46AC9EDA5569B5D978246,421
dowel/test/contamination/gt/005.png,675FC00972C2EEBE1DB3036BE21F18A0CEC1260838EB6302057BE3A37BCFC4B0,385
dowel/test/contamination/gt/006.png,897BC5304BC261A36DE822CEA1736C34A5893875E9F89859B398B40EAE5CDF74,467
dowel/test/contamination/gt/007.png,414AAC6C4206003E698464C02C8D05C878BA4F65571B68A1E69304FF4DF88B8C,558
dowel/test/contamination/gt/008.png,C8001780ED9C053A56252BCD5B3B7CB838DEA2590392DCE300CD9D9E02C3EBBF,477
dowel/test/contamination/gt/009.png,3FFE11004242786C7D5E68D1F81676A974C3B37005C4D73588F40C0D5B130983,519
dowel/test/contamination/gt/010.png,C2535E6ECCBC1F79CC34957BE2624FCE6C5FEF72E7E14B770E969866C06F321C,524
dowel/test/contamination/gt/011.png,E206B16FBDB3DAF93039C0879C67684D4F349FFFBAC59F0D5018F32EAC77F44F,456
dowel/test/contamination/gt/012.png,D3FE98205D535502D0FA34B56454A0796744A006C3F64431717EB4EB360F7020,514
dowel/test/contamination/gt/013.png,5D2A13D49791CBB58F131A63E687155CC9BF83526737E0E56EC1BA63C6BA4C61,530
dowel/test/contamination/gt/014.png,19754D87F7C4036AB31436CB083084A6C5A9E3B92D266B8A374D3E6A3CD6A3CA,397
dowel/test/contamination/gt/015.png,F3664F0BB1DCE060B1F62EA3A8ECA1C15EAF687E314FF722EE7BACEB4406DDC5,486
dowel/test/contamination/gt/016.png,0AAA8BCCCD5DBED872C343242F52A0D6198CC0F81FA467BE5215ACC327364EE0,402
dowel/test/contamination/gt/017.png,828581E1C9E4893E858673E36AAB9F245A314D8557B582F342191860A34D2DE6,474
dowel/test/contamination/gt/018.png,6691E2080D61F47918664DBCB5C9EF30FADF1C29B93F891458AA712CBF646FB4,418
dowel/test/contamination/gt/019.png,55A417F1BEC1D466554594E9888A16F6AFDD5B50F12B7A45C50384669A4B5B91,404
dowel/test/contamination/gt/020.png,56BAF00BBCF12545C4BB120CD5EA81DCE74F85CEB9BD47DF65F19537117A972B,436
dowel/test/contamination/gt/021.png,800A5FE0954C8BE5A1C919943FA5B6AA63E48933D6B8758FC34AA89DDF832E17,442
dowel/test/contamination/gt/022.png,75DCD8B6848912AE8FA3360B8E9FFD4D54A77A4091E187451C9D006832C23E8B,396
dowel/test/contamination/gt/023.png,18D1B47AD21B88CBE46DD697A34C9D566BB564C6DF85D00A60485B2BC4C560BD,422
dowel/test/contamination/gt/024.png,BD9CC7D434FB0BE98E30B90A88BDA12D54B042253FB761576B77E5765FDC272B,518
dowel/test/contamination/gt/025.png,4240ECB0E2A377C04D06AD5966C50D069D90528811F17AD3B91F466C8B03EA60,497
dowel/test/contamination/rgb/000.png,E8CD7C2C6BC977CBB1C7F0D47697143E65BD4B2C5AEAA9D7B52346200D5250A1,204923
dowel/test/contamination/rgb/001.png,C858D541BFA31089CE6BE37CBB35007C1A6E39B1CB7C466C250A2EEFB7139C86,200104
dowel/test/contamination/rgb/002.png,5E1E42F99759C011EF907E2BDA93439FD6540CDC8175BAD3E53A7DFFCDBE2B19,205711
dowel/test/contamination/rgb/003.png,BA26BF2C015DD0C3DABC032F9CFA3F2409D908541A1BEB253DA0208785A24F1F,205066
dowel/test/contamination/rgb/004.png,760C31C8C6F2A0E2CA0304B214CB33B0C4908EB4389FA6BDC8213B5AEA82C2F7,199639
dowel/test/contamination/rgb/005.png,FD1C990D019EF69B172307E4D5EE4E4B70ADC3427835E4F64EF3F5ABCE355F97,205833
dowel/test/contamination/rgb/006.png,E29F0CDEBB51DA2475FFEFA9E358196AF52AB46E5E016DD83062FA5A0D77AD38,205521
dowel/test/contamination/rgb/007.png,26DE9F94EB5235BA7B7490B97F48EBEB3C081923BDA113378707D7F4591A4E5D,199753
dowel/test/contamination/rgb/008.png,D8E58A43C2382AB46FE239D5D520478F5ADD3877527596C0DF124B5C33548687,205394
dowel/test/contamination/rgb/009.png,879E682F86EEA374CF25F6EDF60C54E671E2DDD970BCE719FAC38C3BA4C69B04,200232
dowel/test/contamination/rgb/010.png,EB75EB2B6ECBD616C861351E4B2C6804F110A83810A090B8430CC9BDD0E46B99,199792
dowel/test/contamination/rgb/011.png,5644EA224E57A96F202DB30EBA4BC689E888BF11567F9FDBAD27EDFEC274FD12,205982
dowel/test/contamination/rgb/012.png,212BDE90C74170F23F57BB64E75AB7DED2E668D531F0BF70C33DA0851A3A6F38,206113
dowel/test/contamination/rgb/013.png,C5365693A85ADCEC2436A7E06F4CF7D4A307CFE7C9E5CA1DD9E77D1F6A1CFD32,199824
dowel/test/contamination/rgb/014.png,2F5AE7D5CD262B5E328ABA4F5DA52ACED91860FBFF6E115E126393F98774DA9A,205295
dowel/test/contamination/rgb/015.png,102D6CE7A09D210226B7688B9AEC10960A7ADB853BC66771E5B1E02F71907371,199996
dowel/test/contamination/rgb/016.png,A5711C20B7B58398A2E683600345B605FB391C555C4B874BA5162C32152C65E8,206002
dowel/test/contamination/rgb/017.png,B55733CE96DFE4AEF0AFCB713BB2E341ADD41613403F5958B2A9610FD88231CE,205961
dowel/test/contamination/rgb/018.png,E829008D1923E6E28F6833D166C4AB92545F6B7EBA78507A6891FDA015D50BDC,212259
dowel/test/contamination/rgb/019.png,D4E634D51C1A8CB3FC3D250A709B93B678499106153C1D05C178FF72C033FDFD,206961
dowel/test/contamination/rgb/020.png,166BB2613D5345FA5AA0A6C4735C8E125F007A332E9C5B8FE196D9A57EFA9E4D,212590
dowel/test/contamination/rgb/021.png,5DB02931A395BCC182C554AD0168DB300E9A0826C9C41B91378AE2D318BEA017,207415
dowel/test/contamination/rgb/022.png,5BA2BB78EC8539EA20586C41C50DB43AEF749B13EDCE65B6066FD9A9D1DE2E38,212630
dowel/test/contamination/rgb/023.png,F4E3B47B0F0AD3E640F02CF3B9D99AC5B1CBCE9630B818E0CE4A0F38416ED418,212582
dowel/test/contamination/rgb/024.png,7D89417A0663144B25314F289A40AB024A96476B12BA35334DCC07A83D69547E,206728
dowel/test/contamination/rgb/025.png,C810C56D4AC0A4C21D6DA5BA53A7D7441A9C7C14A0523FCC877167ABFF04DB00,206836
dowel/test/contamination/xyz/000.tiff,EA9D2321DFD9D6D0CC435AC7D2E72F82E1AB61D8E9D2A58303643AB78BCD5F4C,1924138
dowel/test/contamination/xyz/001.tiff,B1F49EE2C3978912B3DB6C179BEE098F47D04E8853BF08080A61AE37EC9C8435,1924114
dowel/test/contamination/xyz/002.tiff,1419EB7AD26984CF38351762A47758C32EE8418388C3ACF2E802E75544F5A562,1924094
dowel/test/contamination/xyz/003.tiff,AFDD809C9D03A1D4E149E6C3750A3974EB56F295320ECDDD727A3B0AF7DECE79,1924880
dowel/test/contamination/xyz/004.tiff,26BD03688C68FB0279F6965291ED58BE1C9ADD4A43CF62E3906507C77BF50288,1924914
dowel/test/contamination/xyz/005.tiff,77CFCB3A089CE1636B3D8D7D13D40285E6069FE8BC613D6395951E6DCAA45672,1924998
dowel/test/contamination/xyz/006.tiff,44EA80977976831AE363F887CF35E7371B192E5F95EDBCAB20844E2246FA515C,1924908
dowel/test/contamination/xyz/007.tiff,1FB25B12682E044D19CF526AF6F0426F002F7C97D7595339CB48666C817D8A13,1924908
dowel/test/contamination/xyz/008.tiff,A154610CFD214F2F0415936B88E62DDEA84201168C7FF6DF31EDBC8262B0D520,1924976
dowel/test/contamination/xyz/009.tiff,678DCA2DF93E55C6A1D637D1D016F17EDE6D5566F21A0CF756BDFF79E0A92848,1924902
dowel/test/contamination/xyz/010.tiff,97B48ED60ADFD4052D5447A101919FD285C2764493A9BA89EBD394D088E799D2,1924816
dowel/test/contamination/xyz/011.tiff,D97F3904AA9E86C054A7A879C58F9A7BD835C7D461900136BEDA84926EA6CB73,1924972
dowel/test/contamination/xyz/012.tiff,1408DDABFC5D75528E633682327BD8F7D550D5779946CF856F24C4FF596239F2,1924930
dowel/test/contamination/xyz/013.tiff,29E3E23141A53C06777D51731D1C620805DF14DA021A6E918726A0DA13AEEB14,1925006
dowel/test/contamination/xyz/014.tiff,6DCE45F73F79082D170D873C63D1DEA94538AFB6AFA15A013681243387893DE1,1924974
dowel/test/contamination/xyz/015.tiff,2D74448EF1874B6120B0F7A7B02C19C071103639F07309E2D83488C9041B0B1C,1925062
dowel/test/contamination/xyz/016.tiff,DC00586F79F047CA465B5D661E707A0E70EE2B22204FDFA635FED25FFA168C1E,1924986
dowel/test/contamination/xyz/017.tiff,27586ACF8B38C44FCB328225749D75BDFBC65A6B6B504DE01D46F9165F72CB90,1925002
dowel/test/contamination/xyz/018.tiff,E9C9C426EA9DAC311B295263A24D13F3CB689E8C3964469EB0E06667B6F50FAC,1924892
dowel/test/contamination/xyz/019.tiff,820018D52ED4042E263BFC9D91EBEA15332F8D70CC000763D0AFF1E9BB9B3A00,1924874
dowel/test/contamination/xyz/020.tiff,EFEE2EFA6AF60B57BA48662AFE3FE3C69A106E280A2440F3571D3FFBE1AA5DE2,1924826
dowel/test/contamination/xyz/021.tiff,90BA65C41EE3A35FE76578A76C96086EB92F4F258D954023287ED986685CA907,1924658
dowel/test/contamination/xyz/022.tiff,04796EAA6FAC1168C00B3B801B3C484B8EC309EA34AB67EC896E26B11BA9651A,1924910
dowel/test/contamination/xyz/023.tiff,9923A7DEFB2BD7BDA8D3BA1FCA34158FA560390BADAAA96FD406D0D355DC7C16,1924812
dowel/test/contamination/xyz/024.tiff,004A0E15584229080DA7123A37D8D8A41866B6F67FDA28C5F48BDA502BEDFCF3,1924894
dowel/test/contamination/xyz/025.tiff,33626C17A181EB51FE8EC7C49D7CBCFFCA9DEA3E613D02A333F185E817F47617,1924840
dowel/test/cut/gt/000.png,97EFF0AA6E38F2FA4FA80DAC83E9065A53F3F289BB185F31151015C7420E497F,486
dowel/test/cut/gt/001.png,9A14E58AE04072EE8297989767C98B157225042A1F231B89C5A01C4DBD16C733,360
dowel/test/cut/gt/002.png,C2B0DD40BFB294CAD5C519CA51BD8C90D6F941025E2F2B9FCF3E3F11E26774C3,468
dowel/test/cut/gt/003.png,8882B103C933F2220480FE994F31C9B2F2322E9FA6C3D5A8741BFA62B4A3EB15,468
dowel/test/cut/gt/004.png,E98737E8664D1CA422161759CD867A282B63D987A3C62FC980BA72DB833B9E99,426
dowel/test/cut/gt/005.png,A4EF4D28FEB867315E196973895767830115C778B68A326B7B8A517C06A4C871,368
dowel/test/cut/gt/006.png,F31118EBB0F6BB969285F6387D16783A0620E19450AC6537B5BB2E7273F65BC2,497
dowel/test/cut/gt/007.png,469856E17A507F44699AC45DE689B1744E54E5E5EB7E9CB6701DF44598C27197,503
dowel/test/cut/gt/008.png,CD107C6F7916E47FBE64E48BE56D92B6B4C8E0A72A147616555486622C2243D1,404
dowel/test/cut/gt/009.png,FCB728D9483F967F1D6A2D8C6E7C8E511754B77ADDF312FE0AB988DF9196A431,588
dowel/test/cut/gt/010.png,DA5E9CE066165422ECAFB913EBB8C531C0C47BE871BACCB49E7D2B9E32E54473,496
dowel/test/cut/gt/011.png,AC5C78D86887222C30C031FC664B22E9E7C40B9E896C05628625BCC211BE1B45,584
dowel/test/cut/gt/012.png,27E3A996B9139A3460680E5B673DC85CFE3D566F20AA985D56B7EC1A87EB4B2E,392
dowel/test/cut/gt/013.png,5D17F0DFD5FC3BE8CB598FC68E3F53241FD51796A4E37B726930B6346AD05C48,598
dowel/test/cut/gt/014.png,BFB75DD5F7DC0B74FA901F9A02C022202AAE8E468C10DE1024826157FDB9B5C8,429
dowel/test/cut/gt/015.png,0594DB07EDBA5BA5957BCE9421947275AC232DDF8440A3652460F063385035F5,426
dowel/test/cut/gt/016.png,9C083BE1149A390FC71F0B17FC85275F8584E6FCA2850AC18F09CE193399F57A,442
dowel/test/cut/gt/017.png,F93322486021AC52E61EDA11DFA72D529B3E98261D0A62B839A0E75ECE7A4BAF,519
dowel/test/cut/gt/018.png,D69B24CCDF68B5777DF0E77BF413C4D0A3753E14F9CF38D822B314C3461BE6E9,352
dowel/test/cut/gt/019.png,755C204A26B49FA5242F4135816DF24DD98B0557AA386EFD07B7414EE220F3C0,560
dowel/test/cut/gt/020.png,921F989E224882D513600726B23D274CCABDAFC064D841D91AA79C2F2887A4D5,482
dowel/test/cut/gt/021.png,31EF26A098390429D4F326F53AB1DF141558A2E68EE9D2116C3E16AA63D56369,437
dowel/test/cut/gt/022.png,A86F18D49A7DB0C0AFB3DDC80DDAFF306E5A624FD40931D81467220D15ED7A3E,500
dowel/test/cut/gt/023.png,E629B5C42DEFF209F34DCAAB132B0B15281176F20D481464E36AD120618F313B,432
dowel/test/cut/gt/024.png,FA540072A8140EF4CC7953E3D8C936048D4C804FA67BA8CD2E2011D8964DA9FB,426
dowel/test/cut/rgb/000.png,3CDCC5C96DF5016DC1E4274598EEAB5F61EA5C477DF0F92BAB1738CF28386AC1,205466
dowel/test/cut/rgb/001.png,EE00EC66D37D84888EBE6CD9D225649FA4698C6D454C66D370E5F881B51B6F1F,203082
dowel/test/cut/rgb/002.png,06D66AA95B9B0D248B5EE75D760E5807F9FFB7BD9B332E19FAC968298609D2C1,198114
dowel/test/cut/rgb/003.png,9B6E70CD4BA4BB9C441E99B70D8D5988B6F5945ACD3B4B0A5EAFDFB46816E871,203467
dowel/test/cut/rgb/004.png,60D8B3A909F67E0C2CE961BA4939811C7906ACD4A31C52A0C1B6B0C54BA56B9F,203563
dowel/test/cut/rgb/005.png,FCAA4A8B2A4DD8B983C3EEDBC7EF1A6D44222A2FED93558F7AB3ED9F8C797859,197961
dowel/test/cut/rgb/006.png,99063150563D1FCAF7950E74501160FC9EF3D8C8FB7F68C2D4C8652E1728BC96,197640
dowel/test/cut/rgb/007.png,1FBDAE73D543928C7ED9B9BE138D83E9C4324155D980D3533F47C1EBCD925F48,203935
dowel/test/cut/rgb/008.png,55FFACE86EEF2C9B7EEB475F30BB3B8A96608073387A784C4CE0F77F4AB746AA,196926
dowel/test/cut/rgb/009.png,7A24AACCD72A4B5B7DD9D1F77CEAE242D0B6DA1E858BF5E31A99BD0B1C4611C1,196471
dowel/test/cut/rgb/010.png,FAB3616AAA1E0719DDCEE19C874698FE12DA10AAE960F813DF8AB068195B069D,201736
dowel/test/cut/rgb/011.png,EFF84D1DB0B45BF8AC4795D4CB5B5B676AE1100BA46249EBDB5432FD72D5CBC1,203045
dowel/test/cut/rgb/012.png,4C02B7C54C50069F7BB729D4D2024E76BDE32B3159C37AF9560F845D62BF6480,197681
dowel/test/cut/rgb/013.png,F5E15B22A05AB44C68A87864509FEFAEEB4A2D975E34DA571BB8798B27950633,202390
dowel/test/cut/rgb/014.png,B5D748CBC87B1C42B1A7E97183A03BC100998D369BC6B7F63AFD2E93966B340D,201138
dowel/test/cut/rgb/015.png,7F9D109A1223E9DFDB9CAFBAD6DFEED9478A9A940A2ADC35E2D6D62D73B52064,200616
dowel/test/cut/rgb/016.png,16DD6E334B13570C7824DD5ED65D2228EFEA376A2E4E8B94A5BD416C6FB10832,200349
dowel/test/cut/rgb/017.png,22460CCBD19D575029DCDE8D6B4FD1C335513A14E61304D43138C11F4EF763AC,195879
dowel/test/cut/rgb/018.png,D37CA71F79D45051EB8E58C2BCABB6FFA4A1913A4F301621C4B02572B4CBDB7B,200770
dowel/test/cut/rgb/019.png,460456FB283BA213EDE81671812C2E257F8713066D48EB87362A68C997D13ABB,196155
dowel/test/cut/rgb/020.png,6803544422A064E3911D7B5936E3300866C80CE5F26DC78324CCD16B5D7198ED,200351
dowel/test/cut/rgb/021.png,64A5A12B3F8D3A9F68F56A05BD1866086AA179E982718FC6E334D2137D9FA787,195043
dowel/test/cut/rgb/022.png,F3F9EC39DC34ED8DF677FCF0E8440D262593C83213409A298C11E27B74253854,204277
dowel/test/cut/rgb/023.png,4A4F73895EF7A26439C13D7134B9D0FBAC1CA97B6AD58B0B69F2CEEE5C5C3328,204042
dowel/test/cut/rgb/024.png,82A79A83C86D35282E9C01D224FCB848653E9EA843F0E2BF90B3F64053626BB5,207711
dowel/test/cut/xyz/000.tiff,AAC7DDFBF077A5C4D46AE1573D30B2B8A6DBF804A109C1C857987D37636EEEA6,1924180
dowel/test/cut/xyz/001.tiff,B70AF8A01E75B99CF09DFB78965BE1D9E06C7A2BFEF63F6917F846F258E37305,1924182
dowel/test/cut/xyz/002.tiff,E6D463C880DF189DD481719E226BD80D7B174BEF9EB7CAFE605C39146F2DE419,1924062
dowel/test/cut/xyz/003.tiff,095268FE56684601D0167175456A21990BCCD78F2D671881783DD058BF2404FD,1924958
dowel/test/cut/xyz/004.tiff,9791875B1BB608F04532C538D9CB7185992B2136DD3768AD0017170E6536DEF3,1924974
dowel/test/cut/xyz/005.tiff,547810BF37183FF3604BE788D3B8A0C828A482C3F6D359A6DD97D0A49FA89F16,1924934
dowel/test/cut/xyz/006.tiff,82D2F5B8425316DE964ADB4D242F6BCE3CB5BCBA7387C270D2F54DD88E472A1E,1925004
dowel/test/cut/xyz/007.tiff,31610FF3D5207D830E27928B5735AE022803F28C66E73E2684DA37D89A8F53C1,1924948
dowel/test/cut/xyz/008.tiff,A68ACE13576229FC87147FA73304F13D381031CB81BEAE03E86A0C86F955D8FD,1924970
dowel/test/cut/xyz/009.tiff,1F8E05FB090115A0FEF7A5278E6D87AF891C2CF7BBB86593389E9CB58FB1610E,1924908
dowel/test/cut/xyz/010.tiff,585591D44559E1B89D01466DB5981E5F722E4435DF2BBA7470366C207F5315EA,1924944
dowel/test/cut/xyz/011.tiff,C9BEE1F2FB92BF3B0901ABCEF6DC155469B491473255B77AF35808FB625CCA1A,1924904
dowel/test/cut/xyz/012.tiff,87C7A669274D02EF75A19BB0E21C7C2A86E6162CA24CB61F683E42C1F7AC6F8C,1924948
dowel/test/cut/xyz/013.tiff,4A2DEAAE79D974DF96DE955FE1C97F116A84171CA9EBE79021EE99A73F6EBF1C,1924964
dowel/test/cut/xyz/014.tiff,9A98A877A838492D9326099F2C91811AE4CB23F2A351D343635B8CC6760426D9,1924926
dowel/test/cut/xyz/015.tiff,3650AD67D58C0525262EA371FB50D66217E65AA1D1AB643659B9DE68BED198F2,1924792
dowel/test/cut/xyz/016.tiff,985CF6CA180344E7B7227DDECCBE7566B8EDFBB12659968FB7139040F5A87ED8,1924950
dowel/test/cut/xyz/017.tiff,5DD5E646C5FA94278250CBF44A0E169F248E0126F0737F5D6AC5C971259630B5,1924868
dowel/test/cut/xyz/018.tiff,F9ABF9A706FF58C615F2A38564FE2D91EE4FEB817663FEAC29547A97392ABC9D,1924924
dowel/test/cut/xyz/019.tiff,F4B286CAE1743C9FD95C166F03179FF92A039014913D2A6EDB9563401920B130,1925012
dowel/test/cut/xyz/020.tiff,3E6B3EB5D6C3DBE94DA33A5415E5973AA74705695111CC7BB7482F67280A2E60,1924922
dowel/test/cut/xyz/021.tiff,8C1F6F21BE1F754E71EAC15D4AA1AB79645A8AB8AFDA27DE585E3133186DCF98,1924914
dowel/test/cut/xyz/022.tiff,2243F3922EE5D73EAA9FE94B1A5359C58206BFE699271C03708633F2D1E26792,1924892
dowel/test/cut/xyz/023.tiff,4B30BE4004FF0B319B6FEA6B705C520655EBD37419573F5B76513C1A7D95B225,1924996
dowel/test/cut/xyz/024.tiff,5374E33630484A3CF7881B385C26A75DA5D037C3AEE247C1AEC07345411DC6BD,1924968
dowel/test/good/gt/000.png,36A3C3D05F09F8AF51601FC385829063A563B95A19BEDF157B724260B64DCEA2,291
dowel/test/good/gt/001.png,DFA9B8473DF5DDED64EDE5495D092E9179377797E7F35F7538FAB13612A8B67C,291
dowel/test/good/gt/002.png,7290503C555AED3FFDCF78133A08D9C2B3B2F80A0D09CADF80EED2423E8A08CA,291
dowel/test/good/gt/003.png,E135E83D0C4EB948740F9505C4FA05509102E0EAB926718BA46171624756E1B3,291
dowel/test/good/gt/004.png,E135E83D0C4EB948740F9505C4FA05509102E0EAB926718BA46171624756E1B3,291
dowel/test/good/gt/005.png,5598D5CCD8702C4D191624E5C0B9F24CAF61AC97B485E24E7601E2EFBA473E39,291
dowel/test/good/gt/006.png,D04EEDEDD9CE7532D048C0E4A182ED4A908F77078E77A2C03CDAFEA881FB5ACD,291
dowel/test/good/gt/007.png,D04EEDEDD9CE7532D048C0E4A182ED4A908F77078E77A2C03CDAFEA881FB5ACD,291
dowel/test/good/gt/008.png,C35522FB24F3C9247450285FAC56530ABEC53DB37EB5CE263356A01573B7A1B4,291
dowel/test/good/gt/009.png,C35522FB24F3C9247450285FAC56530ABEC53DB37EB5CE263356A01573B7A1B4,291
dowel/test/good/gt/010.png,FBFBCFC0B412490BF3704B4D68B6E694959B92C4D93DF983DAD9313E5370A03D,291
dowel/test/good/gt/011.png,FBFBCFC0B412490BF3704B4D68B6E694959B92C4D93DF983DAD9313E5370A03D,291
dowel/test/good/gt/012.png,FBF68005D5BFB385BA968F58C70ABBDD3428202A0529E15FD52822F937590FC7,291
dowel/test/good/gt/013.png,FBF68005D5BFB385BA968F58C70ABBDD3428202A0529E15FD52822F937590FC7,291
dowel/test/good/gt/014.png,22D1DAA0E391BC443855ECD5FA456BB1C4F8E115943F02355BC64036218F46EA,291
dowel/test/good/gt/015.png,22D1DAA0E391BC443855ECD5FA456BB1C4F8E115943F02355BC64036218F46EA,291
dowel/test/good/gt/016.png,40686764383B50DACD873CB221A0887522E154A7527A2998713F7EACE3F65A6A,291
dowel/test/good/gt/017.png,40686764383B50DACD873CB221A0887522E154A7527A2998713F7EACE3F65A6A,291
dowel/test/good/gt/018.png,0093C8B2F1595D5916507D1B09E9685D90AD975CFEC9682F71C063A6115BB158,291
dowel/test/good/gt/019.png,0093C8B2F1595D5916507D1B09E9685D90AD975CFEC9682F71C063A6115BB158,291
dowel/test/good/gt/020.png,75E4A3A34BB493059403623F4788661CE9802B00E04711D8449C18429F9D8414,291
dowel/test/good/gt/021.png,75E4A3A34BB493059403623F4788661CE9802B00E04711D8449C18429F9D8414,291
dowel/test/good/gt/022.png,6A6F1F62ACFE7A6AD93F51C08EDC2560BB05097D5F6BC26F1284A45D3F6C5D55,291
dowel/test/good/gt/023.png,CF327D164A8337EE318AA985A2DA264684A354BC44C1C094206C6AC4EAAABC6F,291
dowel/test/good/gt/024.png,CF327D164A8337EE318AA985A2DA264684A354BC44C1C094206C6AC4EAAABC6F,291
dowel/test/good/gt/025.png,47FCF3C960BB117721208F66175E6A4001C9B893554CC362D5897E16B567A7DA,291
dowel/test/good/rgb/000.png,82C224CC05CA98A0402537B44C228B7792D8CB656537A706D3CC07499A6DEFD8,214328
dowel/test/good/rgb/001.png,EE251BF3D051C3BC260A93673A1E8FCE45D3EDC7E051325881B96D0E1CFF3A47,209927
dowel/test/good/rgb/002.png,7568FD72F1980B301F7F5D539B6A419B3C58C26506F40AE6528B60FBC727FC0C,214655
dowel/test/good/rgb/003.png,4172C8B57CE44DC49F5208C3DF12740CA438A9DB99EF8E09821E7D0370B29465,209130
dowel/test/good/rgb/004.png,980CE350BEEAB4EB1CB22C9E0BE9D8A6CBF97A8785188ACF3E5EB30C75D69F1B,214938
dowel/test/good/rgb/005.png,DE2F4CB361561A8AAFA1C4D3ECFBDFCA8AFBD22E8320A2A618FCD8703E0C283E,209548
dowel/test/good/rgb/006.png,92642042A3809A68A4C209DA91192BA5E622994EC095F0F8ECDCE25C2E488507,215007
dowel/test/good/rgb/007.png,8B4CD65AD17219FCAB23F645D8E3839B831421C66E1A39392A78E16899909F79,210198
dowel/test/good/rgb/008.png,1A85065516C1B20B166365636DB65CD4E4FD80E98FEDBE10B431F700F7F142C9,215680
dowel/test/good/rgb/009.png,731D20554608603540E04E05289B22C3F986DC884C88D75B14842C5476956FFE,209750
dowel/test/good/rgb/010.png,3B1DCF91035B6ABF825960CDB8F573F76BD57A1B529AD5FCA81DD636E0F74E95,214846
dowel/test/good/rgb/011.png,A8B69B7CD91F974543175F34C541C7C36E8B6823BFDDCE7D1D93FDA92AD91B5E,209834
dowel/test/good/rgb/012.png,7B0068B80E9FDD5D3E9E2DF8891C3C367FAA411C503655B7607038D54040E9D9,214331
dowel/test/good/rgb/013.png,B7B6E980E6240E6E72C31802BDE0CD9C083C80D1C15A400B403C86D64136D1D1,209928
dowel/test/good/rgb/014.png,35EB6B5FDE733967B6B004FBEB110415B76863B3EB09F533A51F8FCD91AAD0E4,215266
dowel/test/good/rgb/015.png,65634E192BC6BADDF34147306D63713ACE2CC8BBF917BFC6CC258344A457B0E1,209794
dowel/test/good/rgb/016.png,BA533D5C569AA3F767FDF6178D88CE9DB9A3723C5EF544896813435FB29805CE,214916
dowel/test/good/rgb/017.png,EE9222FC5AB3E17494E54E72F4D626084D0519850317F76A36F63B94D1CC357D,209605
dowel/test/good/rgb/018.png,29EBF48533DBA7F6021B951A8B9C7DE72318E8A20BE376E1FCAA73C43654E5EA,201235
dowel/test/good/rgb/019.png,A4C98128DC88634AB80A5F88D7D5A9E513BB55FE5D5E6DAA690BD8709AEA4C5C,195423
dowel/test/good/rgb/020.png,121B2A687132F446F587D26DE51C0E2B21296506B1D5B10CDFBF26CF75742B30,200798
dowel/test/good/rgb/021.png,85D38E8747847105D37B709FD816AE4082664D9C320099B33658BE47A5DEB503,195163
dowel/test/good/rgb/022.png,86980BE3895F8B5852D63195D6C9BBC72499FF20943F54755C1C5A56B2188456,200468
dowel/test/good/rgb/023.png,40A7939784DEF442E73FEB5FB4DDFFFC4F8E833B1630C9C0BA2521E8A379E5BB,195434
dowel/test/good/rgb/024.png,F4D38CF51E3FB142E8EDF3BE7F6B85ECD4279071A835D4F6AA6F97D0E9E38368,201011
dowel/test/good/rgb/025.png,4176A9BFE2A5AC7E21C8B9A80D86B548C4FCF65F1CFFE51E3AD8BF6064B13C13,214788
dowel/test/good/xyz/000.tiff,5937BE29816D03C23803110F1A4D6F3FC10FC9F3AEE84D663A7015DF4AD5BD79,1924116
dowel/test/good/xyz/001.tiff,1F361193407891BE7D8932052BFDE0A8F656649D075001CB04E7EBF044493CD7,1924190
dowel/test/good/xyz/002.tiff,F2C1A6907260921D78393A64C8DC0CF704C34CCC43FC7ADCBB7626663CCBAE39,1924118
dowel/test/good/xyz/003.tiff,961C5D5D5BC7C9E79FFC1B53C0D8E8D0CE5995B7FCAE3A5BC2D7CEE5097A3291,1924938
dowel/test/good/xyz/004.tiff,F00F67A686957C9912FFCE74D06327AADAAE1AEB618299ADB7AD9D28EC02CA98,1924858
dowel/test/good/xyz/005.tiff,A467DF50D1EB747C601FBB15A72CD921AA7323F7925E93A6B5D3871E1D990472,1924828
dowel/test/good/xyz/006.tiff,89D2D6EE3E92039FD5E261A6BFE25E1A83BA10A19ADFF5D8467F47BC69C94135,1924936
dowel/test/good/xyz/007.tiff,68CC7FEA473F7710D6C7F60B3AC2C9FDD09C413E29348BF961F3C174AB5D3E59,1924790
dowel/test/good/xyz/008.tiff,4F9FB5C8FF3A5960DE305250346EF2928526DCDC04631E8E847A9120CE078F79,1924976
dowel/test/good/xyz/009.tiff,3C071C33F0879E56DD98F0674920FF357B55A5828716FF17EC952CF484679E9C,1924994
dowel/test/good/xyz/010.tiff,AD13B5DF89E18A87239E9D13B6E9540146421357F1EC6D0E1E6077279798978D,1924702
dowel/test/good/xyz/011.tiff,92428580053C72A0AE943465DB7D2B76153C95BCC890587179F8564A3F16B82E,1924810
dowel/test/good/xyz/012.tiff,B88C9E8AD34AF780B0B508D40C766DA70B3B06D251187534ED5B30F25720EFE3,1924926
dowel/test/good/xyz/013.tiff,65E6B7B191717D41B0DD3A19CC78164EADC5C2D5B0F729D21672804761E3EE0C,1924836
dowel/test/good/xyz/014.tiff,30B3CF379B4EE7BAD55A046D68E8B91C87257E5725B5564412A9E833C0DA3075,1924966
dowel/test/good/xyz/015.tiff,0BE49FEB08FEFE013894843A915A5B88005F7183B1F2B29D0B80003556BF0671,1924926
dowel/test/good/xyz/016.tiff,379C263CB6ABAF6501C67F631DEFEA03FCC78159E2707131895FA990F407B1CA,1924944
dowel/test/good/xyz/017.tiff,AE5664CA9A3960ABFBDB1676E12F2A296F9A12C7FB2C24A9A8DCF06EBCF9AD61,1924908
dowel/test/good/xyz/018.tiff,94E01C305767C97D1A3B659C6B3DB2DE451D5024344D18FB62E01D3027675477,1924900
dowel/test/good/xyz/019.tiff,8D52D5AD5D827DB037D0D945DEC83C57D1DA4315DE0428E890712EFC0B796C7B,1924974
dowel/test/good/xyz/020.tiff,5B5A126925EB648060A0BEE07D449524641DD7E08CB9B68DF3715C1790B2286D,1924886
dowel/test/good/xyz/021.tiff,77EC54DD790F16F3BEF5AC8C9FBA16284EA5BCD1384A51A3D3729D681AD923C2,1924896
dowel/test/good/xyz/022.tiff,40C683FFF38AEA68306985DE8C6AC787DAEE39FEE57D462B60525F37E596E9A6,1924842
dowel/test/good/xyz/023.tiff,5C10E70D7859FEE2FF5339989C1EF35FAD046B1568C745691FF21365F3D978B4,1924912
dowel/test/good/xyz/024.tiff,621D786A79E1B116F08BC2A2B5CF0302701A4FE9901FCDE374BC268A41E9BAFE,1924980
dowel/test/good/xyz/025.tiff,39AA76F8FDDBF2ACEC8495550D1881ACDCB8DDAB33770A83069773742A417614,1924848
dowel/train/good/rgb/000.png,4DC4E30462B70777BAB780C9FCD1CAEA8680E81FD28A91BDAA0D2D342132A51B,202898
dowel/train/good/rgb/001.png,E90FC285B04F5CD44D4BA0C3C3CD382FE450A3A6320D333C33247CFB42130D03,204091
dowel/train/good/rgb/002.png,6B3549077C73D12C5DE0C172FC85ED464EECC3235085984A2E48BCAA5084D9B3,202449
dowel/train/good/rgb/003.png,D30F5BF3127FDD2DE5FB35E186E0D13B68716AEC7A6A29F34CAF9344BDDA8505,206898
dowel/train/good/rgb/004.png,E5E4A4D98D2AD1874494BC0530738DAD63EAE796B80EB122859C00FB3DD18229,206874
dowel/train/good/rgb/005.png,D3D02542E916E6BFE9258CB986A58D0C45028C1A816F5D222C9C31246BD8D62E,201732
dowel/train/good/rgb/006.png,FF888567FD69C0FC27942FC1FB635E4F5ADC386CCCC4BA034127D582361B125C,206566
dowel/train/good/rgb/007.png,D87EAF1827BE0399298C586B72040F01B4C05551EF41517074E017BFA86C0726,200881
dowel/train/good/rgb/008.png,F80E4EDB1CD2C1F831AEC83CEAE28BF14F04568967F4718006E55CFC45C1A4EA,207272
dowel/train/good/rgb/009.png,6175E17B739DF4CFCCD8863A829A0F8821982556C8CC32DBE983A3F45ADA02C0,201779
dowel/train/good/rgb/010.png,B651CE4A78E29324CA0F91E2DD6A064E15F2422156790864CF564DA1863BEA69,201598
dowel/train/good/rgb/011.png,7E5EECEEE8B2B0AD6FBDB6405AB4FFDC378FAC19F03237B9D5835764EFE9C067,206221
dowel/train/good/rgb/012.png,A2AE2CE66A9C359411A3A46B6719A95EC4D3FA36E2FC1B1CF661B3FFB1993B05,206408
dowel/train/good/rgb/013.png,B1E4A43084E4C50C6D917157BE61942646D78658153C61CB772F080F6D5562FE,207242
dowel/train/good/rgb/014.png,71422A1BFCCD734AD3FA7F2427532238A6842CE29BDA15FCB7B50494AFA114AD,200898
dowel/train/good/rgb/015.png,A5DC9F619348631953D92B7864CD0A4CB09EC56BA16AA8158B23722F529BF0F0,200808
dowel/train/good/rgb/016.png,5AFF36900E93A15B451223F4CE66070126622A10DDBD820CDA24F21FB853E532,207000
dowel/train/good/rgb/017.png,A5FDB46747E01F65120CBF97C96BE55D09C9FEA133B6A27D2DB91A4E021107A8,205643
dowel/train/good/rgb/018.png,C5B04C41061DF0D7DC5563321295226717EC44FA4B39E56F06C313531590D4EE,200723
dowel/train/good/rgb/019.png,5905AFE97F4F96C36EFA0E7FCCEB111CD7633EBB81FECECF87FF11B2AB22B8C6,201032
dowel/train/good/rgb/020.png,BEAC1AFD3341CD2FF4F9AF203E873073729B2AA92E9CDBC1DA2DC7707785B913,206413
dowel/train/good/rgb/021.png,1FF2283346ED1FE22692ED87D84860D5DD413131D2684F4287E4F317C16239C3,201601
dowel/train/good/rgb/022.png,8615572317BC4036640BF8B2B245172E9556163E8F0D827572A341A8F5E59536,207180
dowel/train/good/rgb/023.png,C6F8D56DDC4189DA8C0E9F442835AC2CDF93D67CB593393320D50E0DD75FA45C,201134
dowel/train/good/rgb/024.png,3B00E7B22A501B6FF18E5C0F5A3E0BDFFC76294254E9B1CF1BD7AEA3A0BBA5AB,208962
dowel/train/good/rgb/025.png,6E1A6841AC8154055D991B356168577782A162F92B7632AB43D2527DCB027583,209170
dowel/train/good/rgb/026.png,E6ABA574E3A1C60254F603B0C53150ADBA96DC5473F6E216896372AB435CEF27,203530
dowel/train/good/rgb/027.png,F6D7B6523B8598B2EA748A08FE8BDEC334A39DD1E67627D2FBD2C65A788E8935,203610
dowel/train/good/rgb/028.png,8D18B8924557BB389FBDC92DC41711630186B47F846AA33A6A7B511B4B505472,208858
dowel/train/good/rgb/029.png,A2AADBA7AE1143810C794FC933AC59ECF14571466E8BD1A08E90CECC3EEA0448,203232
dowel/train/good/rgb/030.png,C0D62DE6E6D8E0446A5AE0833DCEA4E4453AC17A813A2EBBF9E3783F9DC991C8,203592
dowel/train/good/rgb/031.png,C96E5F7239A732D1A6DE6F007EFB12B31A56C2D8E97265E21E1816C70DEE866C,208951
dowel/train/good/rgb/032.png,8C65963910683FE38D5C6A2184ED8A8C98CA270B3EBFED5484EF3880C09A79BE,203906
dowel/train/good/rgb/033.png,8E3B49A15284BCBF19C49326ED6D31E7BA19A7919298EFEC447BD7807932A32B,204465
dowel/train/good/rgb/034.png,D8E1D6B23396DE2CC37C4DD8ABED90926C65C02A6EFE1D6CCD0798F3C81ABF25,208690
dowel/train/good/rgb/035.png,64FB8A462FAEA7BAFCA4C73F8CBDB044671089816D95E6C184B047A8C31DCC24,208700
dowel/train/good/rgb/036.png,DA007C50E91A5281903778D172DC3B64A21192235ED238ECE8332A90276D1C15,203195
dowel/train/good/rgb/037.png,80B6FB30509326F3AA5E5EC7F39D0A3A28A2B6B6C225CC94285A86C5B8639ACF,203591
dowel/train/good/rgb/038.png,70DBEBF160CD1EB3691520910E20BB228358EC6C2EBE11E4610F8BCB7E1A5113,208508
dowel/train/good/rgb/039.png,A6512DAD7B995436E577169B79AE600FD287CE61537C1AA131DC821CA7D2065F,202638
dowel/train/good/rgb/040.png,536577519A908521F90C1BE890BE0CA70254FE2A14412B10F7914798976AEC8C,203408
dowel/train/good/rgb/041.png,603C8AC1980C08B722E35F3B3A32F7EFDA7553FE6799B209327C1D249981F81E,209787
dowel/train/good/rgb/042.png,6CBA76E339C4CBB940312035CE99741A46FD88650B16CF184498EA14E178BA27,209768
dowel/train/good/rgb/043.png,4C5D937AD7C1FBD2C6FDC5F9060B66370C6B9115C43C0B42DC2431B96B59475C,203362
dowel/train/good/rgb/044.png,993CC51FC90381B49ADE3CAA16CC149E358587908E9200683A0805681A6FBCCC,209242
dowel/train/good/rgb/045.png,DF7D281F18C87EC8A5FEE2931023A35EC76DFD1DF7EF199867C0C42B8E7E153D,208653
dowel/train/good/rgb/046.png,CC6D0C7F67B6E07D4A6743B0B62A1A312E2DD671892B513AEF1030FC7A64EDA5,202000
dowel/train/good/rgb/047.png,0064A24E9632086B57DBD17C124E0A9DA08B46FF3559813B1052406326A60761,207623
dowel/train/good/rgb/048.png,673944202641B551D050F664E4E245D9D492E5543EC033DE5267600FBBEEA097,204706
dowel/train/good/rgb/049.png,66826AA16ACDF1E21A03529E30627935E5B483AD511554D559007E43748F7D81,205716
dowel/train/good/rgb/050.png,5AD5391FC3A73B461E090A7E953BEEE855A1F5B2721AA86553DBEA3BA9C1A99C,208702
dowel/train/good/rgb/051.png,50EF2544EB30C46DEE177CCE592C34829BA93DB5ECA7EE7E65F7EE8D689E9E5B,207998
dowel/train/good/rgb/052.png,F1D6D2E0167BE28AA0D783D2C3F2DFCB85BF6365E3D7D3DCF6ACCFBB304356D6,202144
dowel/train/good/rgb/053.png,3EECDD9E7597BD6DD2468A52DD8243717D85EE382A125BDD0429BD27C0B1319C,202920
dowel/train/good/rgb/054.png,76C51C9D5F0F7AAD3DCFAC0279A504B66085F8DC841AD979564A11654204A159,208780
dowel/train/good/rgb/055.png,C17E462673A2E301EA666DB3011A52060BC81D7C8C988D49044BF5D68F0925C6,208206
dowel/train/good/rgb/056.png,1C252463FFC8F7389163A27160BDD39A327ED560BF2506C209219E0FECE2FF0C,203463
dowel/train/good/rgb/057.png,35421E1141DB6825CDF6629FECB580D1A21B52743A8AFDD929D7776019F5192B,204267
dowel/train/good/rgb/058.png,594B225F117A70C1FAC53E3437EDE602539B91BB3D74597B3727456AC10E7272,207315
dowel/train/good/rgb/059.png,33B9D5B90623B5AE60F680EAFF506DF133163325F94E683B386B6854F9789464,202373
dowel/train/good/rgb/060.png,BE4CCA1A1B063BA0B66BE8A14A8EF360746117503A69DC67C6DDEC48A95DB629,207713
dowel/train/good/rgb/061.png,C58C7E60B0B60E542A4017E61879C7768720A3CCA0DB516AC8778A70DDCA2873,207947
dowel/train/good/rgb/062.png,6F17E7166E373C9318C1C69D5C275F091DA22EF692C8A973673FABD8C2645652,202347
dowel/train/good/rgb/063.png,9C4BBE2D9A0A9F5B2D4F8D2DB8135CDD0B728700BAADE1CDEBF030C2699ADCA8,207751
dowel/train/good/rgb/064.png,F2782D697512E35FCE58B2A461AF96CA694B3A2DA16892A066B54967DB2A53AD,207719
dowel/train/good/rgb/065.png,8505F6C2C3F65B362E2C77B0E6D9FF7739A884A8C8775954855ACE7354455409,203059
dowel/train/good/rgb/066.png,8C1A7DB6F92E49FEB102F802155221A6843875AF216F612F8264E4626F5C1401,203380
dowel/train/good/rgb/067.png,81B7356907DE490F717D8ADF0AE2FC6E188D94A2438958011647023DBCA3025F,207989
dowel/train/good/rgb/068.png,EF356A5102830427F28F983606ACFE42B953C6B15FFB06720FEC5F7C6A328932,208014
dowel/train/good/rgb/069.png,D080FADD75FCE75C0B3D2C9C14D311B84E5A79DB18D8BB8D933D38EA8A65A9AD,207967
dowel/train/good/rgb/070.png,4E46FF6A20F1CD35CB88C2B708F29BCCA029B11375E63BBF54E8387BEA6DD03B,207602
dowel/train/good/rgb/071.png,D315BCCECB032CC331098ACEE0E1EA86C7851510F1632D1052EAD89F6C644AD0,202813
dowel/train/good/rgb/072.png,BE95666696213A8D127A228A11B64D295F5A6D771846AA627F61555097D99E30,203098
dowel/train/good/rgb/073.png,70A4401648294B3D0FE5EAB7A1D34BB81E307513ABD9184604BD9942ED0F9E85,207566
dowel/train/good/rgb/074.png,537A8502C4088BEBAD8D0A85312C0033E008A1F3F6D2B8D3B39BF72DD6D60AB8,207329
dowel/train/good/rgb/075.png,C532B66A472CB1CD971E26C385D529B2AF398A73CBD9F0A1C55CF06447D038DF,203078
dowel/train/good/rgb/076.png,F9CBFB6377EE8D529DFED338C771E8B828B5253AAB54BA83162C47D4B05DAAA8,202466
dowel/train/good/rgb/077.png,E17CF163ABB1DCAD60F27BBC6A51AC2749E61B31D752C62193A2BACB5D2D2C2D,207845
dowel/train/good/rgb/078.png,D46902A11DC73C5D456ED29F66889F31E37D156482D96B4378AE1649815056DF,202240
dowel/train/good/rgb/079.png,551D0E0F355B57632FA6A1494B81DD6AD272A95AE02FF5DA35A915310B014928,202558
dowel/train/good/rgb/080.png,452FB2571B5E412ED9C3402A5FCB991A69A88B9403DB243D673BF3A67B5981A8,208287
dowel/train/good/rgb/081.png,20D7E10C1EAC3BC70BAD8E8D3FCA5FE5738FA5C6B356CFADA074D5861D0EE1BD,208093
dowel/train/good/rgb/082.png,2999A6D176013A9F1FD83A6A525FDA97D9DB7C7490BA66C02E67E246D59005FA,203007
dowel/train/good/rgb/083.png,96FD1E4E769BEB79E6A3428B339C0C3C8C366A1AABE7F03B9B7C205B7CAD8E43,202472
dowel/train/good/rgb/084.png,A4045A0E4479A9109A238C7F3FA09AA5146DE09E0529455F30431CD159E702F5,207878
dowel/train/good/rgb/085.png,0495886245867B0FC705A6AAE14675B7F394C5A8A980E33BFCD3F60CB6E11019,207685
dowel/train/good/rgb/086.png,A672FC9A2BD402CF5039F09AED08E5774B331CE7314795EA9F9415A3881A0DB4,202223
dowel/train/good/rgb/087.png,A4321A0868C2B7777628A47858272BB08A08354FD80AFB25DB619448A6133572,202434
dowel/train/good/rgb/088.png,5E748F0FB024F58D3EFB24EDDBC1FC4D32B0B6945175CBCAE31FED0AC531F8E8,207567
dowel/train/good/rgb/089.png,6466A64CF2898B123CE9B07166199DAAD0773D5DE3EFAE657062A69E77F3BC46,207633
dowel/train/good/rgb/090.png,8AA864B80BDA1EE16DE95C62A6B5F8D5D7AB55B8E34BA5C8717FF9CCEF165206,203875
dowel/train/good/rgb/091.png,AB6FD131961E56155EBBEC1C20A1CB9DDEDC9E82BFEE33FCCBB1397BB470770A,203674
dowel/train/good/rgb/092.png,9C1ED007C835A6ECBA5A9D14152C7FFCDAB0551563AE65507EBE38F62B095FC5,208207
dowel/train/good/rgb/093.png,3689914916D1867A9033D1B9A9E64067891249B69CB33B8FC5F3E7EF4EC4A37D,207971
dowel/train/good/rgb/094.png,8404C32432326583AD444912342383A7D6395B675D1E95C29DFC085E4C30814A,202843
dowel/train/good/rgb/095.png,1F68A7693FD4991897E3DD83A5B3D75CC7A2AAC8857AD632224BAEBF59E1C152,203076
dowel/train/good/rgb/096.png,BF4B7A142557A0FAAE3FD25395363E4CE784E324EC063715D977A4155C0FDC7D,207221
dowel/train/good/rgb/097.png,67855968FE3938D508549FA0873D7FE82B0D859719FD6D688CC6E24320DE0696,207512
dowel/train/good/rgb/098.png,52AA98115705317AEE9294E201586E386AC1FF58A6B3B6CBB998C810174E5046,204844
dowel/train/good/rgb/099.png,C1532F8FCE7818D0293BD310E7C4DDDC9199F5F16A9A08E10CD59FC5945B10C1,202484
dowel/train/good/rgb/100.png,D7497116D8A86B6A80098807CB185A5CC9752C6139ADF382E77B2C562B7D02F6,208376
dowel/train/good/rgb/101.png,8B29994D4090EDFAA28210492876FD41E202FEF6F0EE964C76DA9DBA0F92E746,208132
dowel/train/good/rgb/102.png,0ADADBE80826B6E4E1425568463B2F6445B8E00C0F59A4BAD135336F0D4F6857,202458
dowel/train/good/rgb/103.png,B45818F21C06DD6CD376691A8303CA8425EB82D397EFDB75D4111A473B5F5605,202676
dowel/train/good/rgb/104.png,36B08350542D00E0F83BBC6CB92AA1015AC80D87E460AB6EF21BA6B4E0FEA839,207532
dowel/train/good/rgb/105.png,94C9C178BB0F3589C11232385A8AF3933584F6DA2C1CCA26D9EBB3F5A95D04B2,207592
dowel/train/good/rgb/106.png,A0974AB7EC95993F1CAFDB8F51FFAB825D49C0610A122261F530BE1778CF5B30,202355
dowel/train/good/rgb/107.png,99AA875A86194FE5BB19B76E4352A6A172C8DABFF26BE16CAF6A53B66B618442,201971
dowel/train/good/rgb/108.png,82AEDE76660144754F00446DE6FBC61DDEB0A57533A3C69E4016EE6C0874FD5B,208034
dowel/train/good/rgb/109.png,DD0DE31E8E011964B6D613D48DE5E72692E4204A1BCD94AC866C63423C3FF8BF,207562
dowel/train/good/rgb/110.png,D311A3BB216E4F0801EBE5EA768B97E1322454891B60348DBDBD65A45FBF38D5,202616
dowel/train/good/rgb/111.png,D093363F98E07E76957E3EED9FF77C6BDA01A953FDDC4AE142FAEE166E2074BA,201811
dowel/train/good/rgb/112.png,821D0A3AAF49BE62DFCC0A15F6FA34765955D1F356AA86C62AF0938339D8A53C,208171
dowel/train/good/rgb/113.png,2AD75E2932A92DDFF21046A979B1AC3C3A15F95266FEF969C730B28456AC5DEA,208100
dowel/train/good/rgb/114.png,1EADBAAA5CB0FEF00B4E9F651521CDCBDC7A18A84DDA793D3668C7C780D61D54,202993
dowel/train/good/rgb/115.png,592727C9B66E137311A896FA16CC9887051C1D8FB5D8C88C648BB872A426D85A,202380
dowel/train/good/rgb/116.png,4E92BD386008833FB99E0C030DCADCA7E943CBC334535B3FE25A1C5C77248C32,208377
dowel/train/good/rgb/117.png,C9C1C0DB1E85F5A4B4C588260438B3781BD6F15CACA5A68BD2A82B7E1AF7E8E9,207974
dowel/train/good/rgb/118.png,D8F8D45B284B515666A71775C62C738D519CE205DD2A348DB043312F95FCE425,203135
dowel/train/good/rgb/119.png,E34522438FB6EEAB29D014071DF5CCFAA39ED127937AED6E2062149FAA85EB9C,202626
dowel/train/good/rgb/120.png,570BD85279D97A389B446B14A5EFF6E6B87529CD6BD028B4E6AF6A2AC6153A36,208144
dowel/train/good/rgb/121.png,751F98BFCFC567D6B5A6D0FD469CB9F57D61F9BAAE774FB1D6B8F04D83FCEEC0,207634
dowel/train/good/rgb/122.png,29A3F9ACF042FF54BB9F3F9932DA05FDE7E26352775187148BACCE5C4F598350,202427
dowel/train/good/rgb/123.png,EE3D8BB9483F0F9DD515D16908446FBBB337F8C2429542EDA696F219B1FA1C6A,202303
dowel/train/good/rgb/124.png,6AE50EDD5DC083A8459028E3B8F28AB7789EE54B717152D3EAD98D1488BCB7AC,207545
dowel/train/good/rgb/125.png,219523E85CC642CD886490D3CCA1DE2947EE0B672EE1D7BA3AA12A4A36964BBA,207817
dowel/train/good/rgb/126.png,10E7B66592EE542B436EDEDBDF5B4B4BC4827AEFE0FA73FA81A25B69DBF2CEE4,202597
dowel/train/good/rgb/127.png,7BD3AD433D5B75B86AFBCCF9AA4602461AF11BACDBB4B28CF44F9D7ECCA0C9DF,207136
dowel/train/good/rgb/128.png,68B9952CEF3B1B76E5E7D48E85173A4B219E042FFA43C57693663D1DAC1CD9AC,206446
dowel/train/good/rgb/129.png,AAB59A137B0AA66CF31CB808D395ED5C44EF8897F322B73448A13CBEE62C68E1,202314
dowel/train/good/rgb/130.png,4D48FDC19874086CED7AAFCCD6E17265EBEC481793A10DFFA58B4F3758FAC6BD,202327
dowel/train/good/rgb/131.png,AB6D8092B1BD458FBA9C17346B0EA4D2673DD961E2568F41C8513D62E1264E13,207264
dowel/train/good/rgb/132.png,9AB2AE01BB7899FAACE9DA1E2ABE034D90EE9C0AE018A5E77DB9F29FA270558D,206902
dowel/train/good/rgb/133.png,0AAA56A809B8D138A6C5529564818D5067C9B1BC1C9C9C8C4130B9341BF262A9,202390
dowel/train/good/rgb/134.png,7A8A5DD1345B1EFB4048F17AB44973DD8139787B8BC22ED779A84439C85FD6EC,202142
dowel/train/good/rgb/135.png,199C7AE3096679081B79249C07F67E72212A0C3484A2040ED3A45100DAFECEC7,207524
dowel/train/good/rgb/136.png,A03FE3836A3D7B04A5B0F36949D400EB2742C3C0E04D13E907347A66DBA41896,208011
dowel/train/good/rgb/137.png,A86B0CEEFEFB3CFD84BB792184FC8964FCD0FA56CC3F152C4595D98B9413DD6D,201919
dowel/train/good/rgb/138.png,C06683D4793C05958E1C5AACFFF17C77E15044830315E962B9A775F2DA96C8D3,202530
dowel/train/good/rgb/139.png,44A92FA5DCE98B947F4B9AF8F51B4BC90CAE0DD26705099472E8D40699975444,207838
dowel/train/good/rgb/140.png,031A161FA4D80E5423D14F4835C1319D7573F86983A87D65D64F14B1D5CD180F,207704
dowel/train/good/rgb/141.png,1C6BE091B1F6A669E5F5F31EB14DF49DBA481E29D5803EBDFB2B3ADB741622DD,202739
dowel/train/good/rgb/142.png,A7A9B7887641EAD3A272F68DEEB49D95EAD494E767B5C1BB7CFB5BCF88CFEC51,202676
dowel/train/good/rgb/143.png,D25AD6F6006AB4AC1A7AA651B1A9E96F657734EBA4B0132F54778A68D7A5A989,206759
dowel/train/good/rgb/144.png,41615BCD3F75E0F2C740B88BA28DBDBCAF1B7D785028EB9485FE58F5FDB3AED7,207730
dowel/train/good/rgb/145.png,E726FC9C3FBC448ABFE243C0D27B16CC4421C1FDDF3D4A346A9E092C8928B678,202101
dowel/train/good/rgb/146.png,D83A9A67747CA572C94D396B18C787C73D48A346D23224365D0A1179556D6A18,203127
dowel/train/good/rgb/147.png,7DFBB4B58BFD0611BCC458F86841B6C508318FBC442E7C68574037282F4AF338,207438
dowel/train/good/rgb/148.png,B58935CD8AC1575353183EB1D5579DC7AEEC4C8154A36A56781DC767044FA735,207604
dowel/train/good/rgb/149.png,BE9012358EF27F708B2717212A00E4A0AA72B2EEDFF204E32B67F470EA909BBD,202822
dowel/train/good/rgb/150.png,564B17A8DBA1780B40F5366C1CD052072BFDFFE7A131D04BD05E0B8615CF5DC7,202176
dowel/train/good/rgb/151.png,83DD564CBA332D139D3C1EB44A69AEE1F7724D161B633D51A377BCB80601B11B,208594
dowel/train/good/rgb/152.png,D9AD3A0CD2059737C34D07D865083712F094CF370413F9E9FF73D3922C20F500,207840
dowel/train/good/rgb/153.png,D7D95CCB79709CF6C8639118D6909EEDD1EFEC4847A9A40E0DA016B19B2F20BB,202802
dowel/train/good/rgb/154.png,AA3E9B094F30E5F911D1DDCCB4C392A60483C8A0FA0B998B9B1365285E804A9A,202544
dowel/train/good/rgb/155.png,5D0D6A32AA79D2287BFB4256FCE9642D6C038C4ACC00B0D2EE7DE41BE5D69C30,208303
dowel/train/good/rgb/156.png,B2C64D625A69D09E5FDE1AC5E59E61333DD095071D530673DB7ACF8D3BE1935B,207131
dowel/train/good/rgb/157.png,84A1023CAE2DCE475BF04C4E023A045C32AA228546160EB0007152031D821651,202563
dowel/train/good/rgb/158.png,537F7DFFF922D1FF81D76C74D879E0519F5B1756ECD91F0D13CD38DBF969C6F9,202369
dowel/train/good/rgb/159.png,336A9323BA38233953135F458E670398CBEF90F52E837E006677E07AEB044A1E,207400
dowel/train/good/rgb/160.png,60CC6F6223AF4D0DCB34A90242B3C4F89E057F94F7577BAA48F2970E387E654F,206779
dowel/train/good/rgb/161.png,8F79037748BB4EA4C0FABC5DA81B30460F090E0E3553154FD970E8737453EC4F,202539
dowel/train/good/rgb/162.png,B93CF7CF7CE60527E81095ED0310DB928EE48C6729632FEEE84A9510190D842D,201859
dowel/train/good/rgb/163.png,963FC5F5588FC99F5B051A01F01E6FB22DCD030ACA09297EBE9D9BF1091508AD,207734
dowel/train/good/rgb/164.png,69E440AC1F28BE997DE4077098ADACB67FFD186FDD07211E2C77F22E068F970B,207555
dowel/train/good/rgb/165.png,57BD5C1A8782918AA2593611FBDBB4EF4516AE70EBFB422B3FD47B9424A27F6F,202694
dowel/train/good/rgb/166.png,EB28E17BBDBCE5A0666F8DE712A62F8C4ABB03DD4638BBFA80249EA9AEA27751,203079
dowel/train/good/rgb/167.png,F87B093E9E1154A19DD71B388122B27B5B10D037E0ECA29E0BBBED7F3509F747,207614
dowel/train/good/rgb/168.png,EBE52E0C1EAE243A10898C3CE5958E233992AD39B082113F6331A6D9849274DE,207305
dowel/train/good/rgb/169.png,26E0E08DB4A3872EAE2BAC7669B8ACC17D3EB3BEE0D786D0B30A724E3C14AC87,213304
dowel/train/good/rgb/170.png,AEABE81693A3FEFA01D7F78C088385D4C7EEF6715831749EFF645B17E6A3D01F,213272
dowel/train/good/rgb/171.png,F8265600D52BA7D62D92BFD7F87F60C096DB7FDEB7F4D9337F928ED149B49400,207264
dowel/train/good/rgb/172.png,BF98F13B5FEE0A20401182DE4AF17C8D24217E7866DB20C7BA04096C38D7BEED,207986
dowel/train/good/rgb/173.png,095B3D864B0333A37E397AB6ABD233E507121F1B2E22EDD07E11E9B53FBDA300,212723
dowel/train/good/rgb/174.png,AE59FCE9FAF8618DA93B425CC2E35E87F86EB07EFB43F29F01E639102808E892,212752
dowel/train/good/rgb/175.png,DAEDE49E2BC698794F1912F3891B3E02A53C7B3E3F4370DDBC767B4702AD4159,207833
dowel/train/good/rgb/176.png,A4B61F5B531D170430B4B31374863E1DBCBEC1D4211923A79F4C3D596E5CAD46,207352
dowel/train/good/rgb/177.png,0322B924F016364E85CC3A11AD4A5CF8E565EC16BD445E0ACA2ED9B27604F300,213205
dowel/train/good/rgb/178.png,97EBAF0F9717BA3888B44AEF82E0A1A1A9DEE616DE9BFD8057B5C477423DC075,212235
dowel/train/good/rgb/179.png,3BEA7D395D6C6A5104D7D6CFF2DEFA8AB42C89260ADF01C3011FE45446768EF8,206797
dowel/train/good/rgb/180.png,665F7E52D493D5C630020BA22C090CC8FD2276E18268CCA269847E72D8CD48F1,207185
dowel/train/good/rgb/181.png,5632C2C62CE7C12A392CBD2A884F561A838447AD01A04A1BC94EE6C1CE1DF43E,213583
dowel/train/good/rgb/182.png,78E0A2DE87AB33354264D866436A8037B356C620874A53290E08D1A5A7E7B1C7,213278
dowel/train/good/rgb/183.png,223D5E12CE9A217E87B168176995334DF43F2DB1A754B78A1554B6FAF3631B88,206747
dowel/train/good/rgb/184.png,58EE18A25F66A3B10EADFAEBA5DB42BE66B944BC023A2EA9BE81C9DAC627D034,207171
dowel/train/good/rgb/185.png,72A60D1AEACB00FC552E36AF33745F9E9D6111084933D2CD63D793836F520938,213018
dowel/train/good/rgb/186.png,7FD039201C5AB54A0563D03EC8D5EC1505AEAF9E91B43A8A2E20B301E7573B83,212523
dowel/train/good/rgb/187.png,5835DF0A12E4DBF4E920C9242619A3511197E4AD45C302175DF476137D361A3D,206740
dowel/train/good/rgb/188.png,46029A98E7EC0E0169D3A0B732934EC2102D1B76D5FDBB30D71C83B65CD08839,206861
dowel/train/good/rgb/189.png,8C6C965F535D77FAF7637C735E984DA4826F0F8A62C966AA1B3CAED85E4DC1CD,212265
dowel/train/good/rgb/190.png,A4ECF3EBEFD22CE303B2B50DF5604B230D7B0208A95FEC0ECE112BC089834B7A,212740
dowel/train/good/rgb/191.png,0FF069211A8689B4304CE7CC8673C9C6D8AFA191516427F02F0AB7E91CE1BAE7,212121
dowel/train/good/rgb/192.png,A2D009FEA6D098E83BE0E93D28EAABF055427EB3A37DE2B605B42023286AD3EB,206873
dowel/train/good/rgb/193.png,1CB7B0230D3634DD77514C19B1514CEE649783660C64D25D8D39DFB51A1B933A,206958
dowel/train/good/rgb/194.png,AB977C4F1D7D3DE517769400B85C84425C90A0B708FCF6ADF3BFCC1438773610,212407
dowel/train/good/rgb/195.png,F3E8472E71CA74194DC32095BF8024A09648F34DF94405AB413450C1D04D2148,212131
dowel/train/good/rgb/196.png,7F522721BCA5D720ED7A770741999DCBB01F210B5690498B302D6F628D4A7649,208543
dowel/train/good/rgb/197.png,D316F5B1F677C7537D6219ABB18B3760520ECB9A92A45FDEAD197EF19027FFFC,207515
dowel/train/good/rgb/198.png,1E0FCC3C0D57D7A79902FA7464F3642E630DC36632DB8B8BAEAF4EBBC07330B8,211900
dowel/train/good/rgb/199.png,26F9F73D96411E7D0ED944CB2A14E356C1784E8089F730999DBC7D998D008010,212638
dowel/train/good/rgb/200.png,5972A17D550AE265F69D49D56A68BAD394114994DCBF55E75659686C0DBBA745,206229
dowel/train/good/rgb/201.png,52EEF9551F0F54C1250BE8AFAF8A859A3ACA29E29F6D5DF2340415A1473DA518,206367
dowel/train/good/rgb/202.png,F5596F339E64D76FC92DCA168D81FB7DFC87D9589056126BFE0052D34A2AC12D,211720
dowel/train/good/rgb/203.png,2600EA0683066DB183FCA1E0D6316CDD4BB4CAF60D647A2F96EA6A8B899A4773,212199
dowel/train/good/rgb/204.png,FB00252DAA3A9537A9D2187BB25B72DA434BD1AE75CCAAB8965C161785897571,206202
dowel/train/good/rgb/205.png,9DDA2F6558BD8337101476B96CA563F959E6A526FA2D4F31FC1604C7931C22BA,206824
dowel/train/good/rgb/206.png,69758FFB0441B1CA91CF4137E6DB9AE41A15C5ED70CB5E56589B1EA2841F4FC5,212040
dowel/train/good/rgb/207.png,84B73517B811C8664967B2D5F8163F5E016453160E5868D38AF39E2C559B09F8,211330
dowel/train/good/rgb/208.png,6FAAC27DAEB9D9B5DCE05C656D57E952530173498BD764B19A76D44F48124EE1,206441
dowel/train/good/rgb/209.png,D207D5B1106C51F0684162030F64ABA4F02F802AA499CA9D27EC8F4F2B944494,206709
dowel/train/good/rgb/210.png,E33505B8BA05B0FE36E582602C8646147758C6D480CCB53EFDAAC6230779CF38,212557
dowel/train/good/rgb/211.png,75B5EFB37145DF67630871D436722A83CF013BDE68E796192C25B1012BF3E9E6,212745
dowel/train/good/rgb/212.png,CD1BE37FF4BC74EDD0F3F35011423C6A1BFD6678761FD9A51FC50D40D07261B5,207624
dowel/train/good/rgb/213.png,181BE03479E55F848E685051616E234FFA64D40231E429804DFCDD894D72EBFF,206252
dowel/train/good/rgb/214.png,70BF3A6449B851D416B2EF9F485C12D69FA7770EB6BB4D314CBF58A585D62EDC,211881
dowel/train/good/rgb/215.png,146075C54AB5CC89FD2726251B876622E21A409FB2E880D494CA40751C935673,211724
dowel/train/good/rgb/216.png,4440E2FC0C5470A024AD9BBC9A65E8FBA0F8B002F92F51F10799A5FA6BC7A014,207138
dowel/train/good/rgb/217.png,A10638C5C45C7CFA2CE3CD54FD54D78F0125C9C9AE4E482A96FBA41E14695E39,206702
dowel/train/good/rgb/218.png,2C2E77A976257141F8E8EDF8A19158D603384049EA7D91C0EFE130B6B08F9AB0,211856
dowel/train/good/rgb/219.png,0C1420316A5459222568EE0318E1561F6244C540C3E302E5F875720CAB6B98FC,211825
dowel/train/good/rgb/220.png,FF313FDE344141AC06688358711979072DF762D53B4C13C680F5BF343DD26775,206205
dowel/train/good/rgb/221.png,1285F9F4C7FFA5E1BAFA09B4D68246911A5F04E344B160AEAEC8C16C9DC8F8D3,205891
dowel/train/good/rgb/222.png,893823D0A4882D116EDEB9B41CED7529F47B563CECD9988E529E4EE13F8D6D17,211552
dowel/train/good/rgb/223.png,031E04BBA933E084B9CFF23B824B1397A60352BE520E020ABDCE5C6EF2A68276,212122
dowel/train/good/rgb/224.png,34DF9D8C17C81877810D42367989EEA28815430F8E29F30C25601C6B945A5B01,206080
dowel/train/good/rgb/225.png,57F21377021C63C7C0A5E2521973CB81D230671F50C223B738F9924D8BD46F90,206531
dowel/train/good/rgb/226.png,45E9FD1BDBDDD1CF99437971D640AA5DD0BB9322AAF07BA6C0C44A4A0998CC4E,211618
dowel/train/good/rgb/227.png,1EBCE42699745D3E14CD6BBC3BB572825C83A069C5FF9CFB2473562D9C2C5B97,212541
dowel/train/good/rgb/228.png,2E3DCF1A4AC399AC7F119B99B907682E0777079B4A06346237B12964041E560E,206585
dowel/train/good/rgb/229.png,B4038F9F588222B8519C2CA85AC54A3FA7BA7309D715E797E4189C0F26DAEB93,206516
dowel/train/good/rgb/230.png,20D24361470B595A5B5F377E10756C4DAD3415CE80289E51C6A52DFB944C7766,212268
dowel/train/good/rgb/231.png,78005E35B790D34AF7630E33C558A344F597655488B4AEB70F1329BA3D7DE0E7,211658
dowel/train/good/rgb/232.png,A67186D7CA70D2D6EA8913A2EA6973687240EDBC4A52419392ADED8FBABDF84B,206472
dowel/train/good/rgb/233.png,98E0E5DBA84AD1B406FC6E7237ABA4150B9F9047F3DDDFC72EF1690D3F4C314C,206349
dowel/train/good/rgb/234.png,3BCB7E37712E7FC55B38935FA08730369C857A86508F0A09A4C0D110378161CD,211748
dowel/train/good/rgb/235.png,32638ADF3CBDA987B84093AE65E1D64D0590004DA55D3A8E6ACEC75DF12EEA7E,211557
dowel/train/good/rgb/236.png,B07ACAAB05149777E423B962712954C981C668AF02EE2B956460A15EF7BD4974,206299
dowel/train/good/rgb/237.png,D0A397A1B2570B56D7C46F37BB048693D2333E659DF6D04E77616D1EE7E71C19,212065
dowel/train/good/rgb/238.png,DC4A5C2A9F6090A2EDD50EB0204ED29BEDD13E9ADB90598CA564A6BCCEB98B28,212438
dowel/train/good/rgb/239.png,1C0E7509F3F1359E7704DD51A2406813026D15F270FBB7C623C6004E0422C48E,206645
dowel/train/good/rgb/240.png,D4824ACF7355F906D890632C7EEA0B08599673E2F57E2CB38D01B776245FD772,206569
dowel/train/good/rgb/241.png,47DD0A19245A83D11CE612B14D7D25368AF47FCCAE79C291FAA5EB0B130F9E7C,211602
dowel/train/good/rgb/242.png,156C56571409ECA98DEE367B11AFC9CCFED5F9E3E0651A07B6A52CEFC25692BF,211817
dowel/train/good/rgb/243.png,F6F293B0CB1037E9659BF7184143CAB42D8F9D80C3CD28CD880F23932902DF26,206739
dowel/train/good/rgb/244.png,64A77BF25DF9B60AC2E80B03A6EF4EF5C6A4C6E6FDAE409B0999A16E8DA6D710,205909
dowel/train/good/rgb/245.png,6E8223A242E5994BA4E40A0C89C5FA4BF8DAC289AEFCA86DB8F7BE0B72688E7E,211978
dowel/train/good/rgb/246.png,E3566F1912BECAAF5D1EDCB56D94537B6A63EBF73370AA495EED5350FAFFC750,211723
dowel/train/good/rgb/247.png,E640BF62BC84D72FE2084F76E98100963277D6F2D1A06D63CDC00705B767BB9A,206705
dowel/train/good/rgb/248.png,C816E18C7E9759F43642410AB57450CF8847DCF9DC43BB87B81AAC8CBA6B4CC6,207102
dowel/train/good/rgb/249.png,0A4241B30EAA02B52329132AB0652CD635642A30ADD729417730FB3002159451,212028
dowel/train/good/rgb/250.png,69082A032A51147EE84D855ECEFCD2BEF8335200D422E37D37B997289A4DB622,211884
dowel/train/good/rgb/251.png,90BDA11DFE3B33CA5A8CD17FED1C2F7E0A9ED794F31F95127BA9706D09F2ED3E,206830
dowel/train/good/rgb/252.png,E19606D7E24C6B1691E33DE59E8EF8B76315D4521A976E3630A22B6E02031B7D,206717
dowel/train/good/rgb/253.png,1C26B41CCF1DF354660C5B0129BF2381EF178660F6A26A87BF0D3CDB2F30FCB2,211620
dowel/train/good/rgb/254.png,FFC8E74220FAE6044EE64205EE9FB14EE194210B8F3E50AE008AA6101B13942A,211798
dowel/train/good/rgb/255.png,FC0F312C7C0BD82873A86C3FBD7909EE3D1FFA386AAD1BB8D77BCD6ECDFF118F,206189
dowel/train/good/rgb/256.png,1A1E1201AB5E7ED8F3EF568AB482469A857FA6346A4597D92BBDAD49D96FF1CA,205932
dowel/train/good/rgb/257.png,BB944A6DCFA6FF78876D1E658CCC195B08E76C46590B1C71CCDCB3AD21317668,212255
dowel/train/good/rgb/258.png,2FB4FD6C419E3CB6C5F66A95345F79D70676D1FCD32F9C84CCDB8EE785AEBEEA,212158
dowel/train/good/rgb/259.png,808D651B495475CC4B68BF01F4171F0DF6F6EAA090E8BE54D986F2C954A56BCD,206340
dowel/train/good/rgb/260.png,CB195E38D03E9DD7CFD9D62464A6F2AE1CB56BB797DDA5B14A5553A5549E82AA,206510
dowel/train/good/rgb/261.png,DB0A77D7AD8665F84D37B75466BFF232E3A4AF61861831AA272BEADDAD7C8EB3,212392
dowel/train/good/rgb/262.png,15F24EBE4FE13D996FFD38B462654E821FB8E4BD3AA003373499E87C92CCABE9,211762
dowel/train/good/rgb/263.png,0A3381846B0DEA12EC19418701212D33F51276EAD419D507D52E09751E14852C,206218
dowel/train/good/rgb/264.png,E18F5B204C0C6A6EF91387750C86ED0492641F44CE971A110B67C0DFD580544C,206405
dowel/train/good/rgb/265.png,AA14F00713067354B6723C22035AAB0ACD583A8ADBF76EE6CCA8B5743087FF28,212660
dowel/train/good/rgb/266.png,649D7797775E81058D2D52E5E62AC3FE5DC9E53ED11A0EAE9F4AD26155241018,212353
dowel/train/good/rgb/267.png,E5C32642EEFD4F44309414C96AF18FBEF9EA683463ABE4C9A9FA34049E861849,205863
dowel/train/good/rgb/268.png,9433F38A47C7C3393DE7FD77F4D74416F54DC13816D9D5D270C41439BC96AB56,206659
dowel/train/good/rgb/269.png,D75E3DBAF01E5281E8825D748EF2BD0399D018D1C2A2A1E4DC59C480CFE4E6E5,211057
dowel/train/good/rgb/270.png,F83C9DA20539F7AC08AE0C77187F7D063E0F041CA6281164C25FBB62017106A9,212263
dowel/train/good/rgb/271.png,543B0BC114A9629129126E20924D297CC7199BD265C76ED11D9EE53ABC8B16E8,206791
dowel/train/good/rgb/272.png,75E92124DC080074A76B1DC694D6414B3243C09D6A623471AC54BFBA808A662C,206135
dowel/train/good/rgb/273.png,E1AE04D497B4548E77B86DF7B76852D9393DF25D426CB162C1D4E37D42660EF1,212399
dowel/train/good/rgb/274.png,D4F3A2597826FB5BD044443DF77CDDBE840FB37583BEDFC34EFEA6ADBBAB7FED,211709
dowel/train/good/rgb/275.png,A0F815FA400012D9A14D4F150B58EE4DAE7121F7788577B32BEBFAC3EB69919D,206122
dowel/train/good/rgb/276.png,F880098D22892877D27B109BBC9736D4B2483A43750BD596E6B082C5D0320828,206600
dowel/train/good/rgb/277.png,028CDFE255165ED826E4AE06C7D9494FB7479698310CCE8AB93377EB8D9723DC,211794
dowel/train/good/rgb/278.png,DF268C659C52C4C1CE948173A465D8F0BFFEE1EC02CC1DF24A432289774CA2D8,206300
dowel/train/good/rgb/279.png,6C137549E63A701FD94992B8D796CC0FA9526745FC2F68059890AB30B2A8470F,205971
dowel/train/good/rgb/280.png,7688113AD46926BB5CA6A409086C7FFFE1A638C98EE33BBDA44A2E18F8EE0A5F,211606
dowel/train/good/rgb/281.png,4AD29BB525D3E483588033B9D0A5C5DCE953D47B814C527ABA680304CC062214,205732
dowel/train/good/rgb/282.png,CBD29EA86FDE48D2A977471F1D72E6DD7AF195815F9A6359AB7AC0D4F5FD8273,212496
dowel/train/good/rgb/283.png,FAB946F85010773E1D14C8E91A73BCBAFC9B9F79AF6927205410174AB5275391,206739
dowel/train/good/rgb/284.png,8E3E9C153678ACB4410F64A771AB9CB82D46B56D6B5EAF535A3E31408DA27921,211815
dowel/train/good/rgb/285.png,7313FE98E84F486E067169A04FD64E13858D045DAF60FC15E1BA9649A4F1C558,206450
dowel/train/good/rgb/286.png,C4D88744D76B8D1C6E3D9132C6A57508B1D0918583EA9809E007B78A751FD258,211552
dowel/train/good/rgb/287.png,4AC8DA4BE5E114CE2442E18C66268F1F3E6B84B0DF51E0A94D303E136EF92EA4,207624
dowel/train/good/xyz/000.tiff,04BC4D21EED7C8A5C6C644655DD5AE27B23A695D85EA3FD9792804DE716845BF,1924138
dowel/train/good/xyz/001.tiff,F6187F160C12E07BE40094DB73AD10976EE4AC8A728090E2480D38963E35AE3D,1923994
dowel/train/good/xyz/002.tiff,AC7EC27DEF72E8FE27F9C1624BD1662592558427867AE8E0E232FB1B531347D6,1924014
dowel/train/good/xyz/003.tiff,011D8A1096AE00B2533A809088E5E0B3D2D53C3F984D21511651A29DBFA7904F,1925042
dowel/train/good/xyz/004.tiff,327350852BDD140D7CA2BD7E5EC02B4F40A0541B86E9C65ED46F2C53D22AC6B9,1924946
dowel/train/good/xyz/005.tiff,944A231E80AC327DC2887BB8429F621A40EA21BFF7DA0E2979D812D322FDF63B,1925046
dowel/train/good/xyz/006.tiff,EDB120A22B9B8FBFCE7964EBCC4B8B9926F4F73965E5DA40944CE9D19A716048,1925010
dowel/train/good/xyz/007.tiff,05EC78D883882C432D24844D760033EC5FC66A59F203DE53DF6F67A8A6D83E0C,1924878
dowel/train/good/xyz/008.tiff,7BAC7D90348FA29F46D197CCEE1C6CFA2EE89FA960EA64C1FC94E7EFDDCF6D38,1924992
dowel/train/good/xyz/009.tiff,2E0407F7F1F12E86695A7235F5098ECEF9AFC38769FAFBBB109467FCC5D6D42F,1924904
dowel/train/good/xyz/010.tiff,90BC927A85AAB119EC4673D510D50657B5F0AFA50B9AD09E017F2D6880B11400,1924846
dowel/train/good/xyz/011.tiff,F25A603098DF7B180601C23CBD9A27EBF61EE5DF9AAE6CFC57728D30B6D6869D,1924936
dowel/train/good/xyz/012.tiff,C4968179A937997953D0813BCA77595494E2ADA2CECADBD445A6183C92BF425A,1925066
dowel/train/good/xyz/013.tiff,C0251B669685F2701E423173417937200C8A9E48FF4B7BE2861D9CDA8C21425E,1925028
dowel/train/good/xyz/014.tiff,F0E3C4BF3009E4BACA797C10192BA41C8395BE203AB5A5DFA4D918092813A5BE,1924942
dowel/train/good/xyz/015.tiff,28B46DDD7412843118D16A6402685F3BE7246E6492BC0B927246F0A2E1F547F0,1924936
dowel/train/good/xyz/016.tiff,92483B3FFD936DDCFF9A1A3D0950A5907F8774CC331A384576AA5601EE5511CF,1925058
dowel/train/good/xyz/017.tiff,DF134D561EC9F47751E9A7633B6056ED0C0D67BD28F4EDE3E6B2A25D17A82A4B,1925022
dowel/train/good/xyz/018.tiff,3A99B965EDF32EFD585884BD7EFA4C662593009CED7E7EA682811C3688F62BD0,1925070
dowel/train/good/xyz/019.tiff,F1F95491012E566558A26FAA00B1508CA8A11DECA8901A095103F58590728C84,1924900
dowel/train/good/xyz/020.tiff,0DA9EBD24BD32DE2DCBE27CC3EE6AF8ED3E968DD48663B669E011A3F5CCEDCFB,1924978
dowel/train/good/xyz/021.tiff,F7A88CD5DC90D874AE91EFE8C41FE255152EF6BEB43440ABF0901A634A6D63E7,1924810
dowel/train/good/xyz/022.tiff,F803FBE86427A604C177DA50BC299AC9CC734C7FCE275B4F5BF0203C55A8D8EC,1925074
dowel/train/good/xyz/023.tiff,F990EEAA62464F4E07FF6C389672B5C9ED96C0516FC037FC5298B9718DF9BD9D,1924828
dowel/train/good/xyz/024.tiff,A6ABE365168DF04F63F0A7920CBCCB18D8B7867D5A0313CC00186F647641F8EF,1924978
dowel/train/good/xyz/025.tiff,54798F3A1903141107F6D90159EB187723349FA29959BF9DD0E115C6174A8958,1924886
dowel/train/good/xyz/026.tiff,0967B1AA9F2ECB1C2DDDEBDBB634DE7F72B7AA8D874DC9756A83AAB336C13627,1924826
dowel/train/good/xyz/027.tiff,F33806A662DF8CFFB640DAD79EDD8DC2EF2523AA47B1CA05F2F68BC917F0F105,1924972
dowel/train/good/xyz/028.tiff,1D82BCAD3896D324199D22DAB068DCF653D163720513086FF63C9D20C823A542,1924888
dowel/train/good/xyz/029.tiff,CBD6CAB80623E91381384B1FB50E651575153915DF0119276F45F83773BBD767,1925010
dowel/train/good/xyz/030.tiff,A9FC3CFDAE39F79666D3F7741BCC90B71DAE875EED23DD949D54C838CC68E795,1924862
dowel/train/good/xyz/031.tiff,0F2117379D76D53489D31D343F2DFB099597F51A52F1D242ED395977DCCC85F3,1924942
dowel/train/good/xyz/032.tiff,E728F422C8572B92E1B17DEA0B322EF1DDD7F2C5AEB3575C8603273A99E89BA8,1924980
dowel/train/good/xyz/033.tiff,DBF81A0AE1A10FDE3EA02D87E65EF7107793BD4E8096EEB6466BCFDF13FA4159,1924960
dowel/train/good/xyz/034.tiff,B51428EA3FF18D50D7911828293A53682788ED5DFEB7958A9FADEDD94D285C03,1924998
dowel/train/good/xyz/035.tiff,73E1C7058E018FB9F8448415C7EEB58533B5401E9858253F2F63CCE2B8140EED,1925050
dowel/train/good/xyz/036.tiff,F2AFBFD899C2A3F4C906BC01151E635D0311C6FCAD78785D87AC17C7A1FF0736,1924902
dowel/train/good/xyz/037.tiff,468D64E59FADE55B3ACB16D3EA33A14C609888E6ADE2A10705DE705AA76D9D25,1924964
dowel/train/good/xyz/038.tiff,27AA81291727FBCB85211A929D8AE05B60EEC2F56E37AC5823EC97BB12C6A564,1924876
dowel/train/good/xyz/039.tiff,4F751057E8EF941AB736EECDF2D5674492EC9242C86207CBE09271F34B24A7AC,1924932
dowel/train/good/xyz/040.tiff,EB0FCA9FDA6FD4CFFE6A2A1A35E187AB1206567ACCCDE074BFC57A0E1C94B8BA,1924990
dowel/train/good/xyz/041.tiff,68C566836A9FE2D190F7E05E07F0731C5C4BFACDD23DF1A7EAD27F00B2453BD4,1924994
dowel/train/good/xyz/042.tiff,C45F80499F22C1E459EBCBB8E00DB6CE3FF7958525D2D49CF083AA774D25CB08,1924990
dowel/train/good/xyz/043.tiff,E78BE19BC57B79A55DF1820020B3E96FB906AE102E009ED1D998C4FCABEA5732,1924998
dowel/train/good/xyz/044.tiff,511C1B5F9EDC86EE19913EA144DDC8E57FAA0B55C0DE12BFBC4639A5A121F2FC,1924934
dowel/train/good/xyz/045.tiff,7BC8EDD596751B0A1BE524AB8841EF0B7E56256922B87281D4D52045D5D3D3C5,1924854
dowel/train/good/xyz/046.tiff,63F0FA5DE9BE14A8CD676F0B15F58FF11B0AEE5A3C4E9D621BFBE4B7FAB33549,1925066
dowel/train/good/xyz/047.tiff,36FA442D0ACFB5B508AAF5ECD60A3C038746451DDCD5418996EE9399C1DCB543,1924966
dowel/train/good/xyz/048.tiff,D76C72EC614078E0C263109C94263A9C81412B921567EF700280FE725FCCCD32,1924962
dowel/train/good/xyz/049.tiff,3EE0DC32CFEC1EEEE68D40C74ACF9F7FDD26BFD8BCFB877AB0670D86C1EA294F,1924762
dowel/train/good/xyz/050.tiff,4EDF0BC66939EB976910CB9F7CA041365C8FEBE592EEE3A224BE9DB258AB37CC,1924898
dowel/train/good/xyz/051.tiff,F7CF83CD628205CB70E6908319DEDA8C0A24B3B5CFF647C785703F0F521FEF84,1924978
dowel/train/good/xyz/052.tiff,F3F1CA95BCEC09A3B5937738F9F2D73F492B8C920BAB2706938500E072DE17E1,1925018
dowel/train/good/xyz/053.tiff,A9C36E3F2A35B845A3841D5863D2C0FC85C853F151872FFEA03050A2E6D40A3D,1925056
dowel/train/good/xyz/054.tiff,C7C2255E020C6EA73973F3EBDD22C7D7E33DFB41E273500D4CB99CE818940CD9,1925042
dowel/train/good/xyz/055.tiff,DE2300FFB09410DF90145673C0492BF33258B2A4D18D2AB38EE480DA93137F8D,1924950
dowel/train/good/xyz/056.tiff,356754B417413B24BDD2D4A8DE78B1F17E8CA4044B6596FFFDE80E310B6A89A8,1924862
dowel/train/good/xyz/057.tiff,0FABCB78055C0CA766791F5B228CC09CAEADD40F9DAA6D21B6E328D16B95261D,1924866
dowel/train/good/xyz/058.tiff,36C2141ABC8ACD06FC46899F55CB314768B67980340965DB776C12F11986B3DF,1924970
dowel/train/good/xyz/059.tiff,254E5EC87B0EB0093A4C9BED7F02358A60B423AD65EE0F900480776C7DA3F565,1925002
dowel/train/good/xyz/060.tiff,AE43ACE3D288048C11A0760033ADB5A5ED10116384F2A4E14861F664CD792E53,1924928
dowel/train/good/xyz/061.tiff,4D1C03807C10783C192B90AC393F1B5BF15500DF9ED6A5BFCDEDE4BAC337183E,1925084
dowel/train/good/xyz/062.tiff,72E751F6EBA64492370869C76F573E89BF7B81A2FE5F5962E8365A49493DBD98,1924900
dowel/train/good/xyz/063.tiff,D700EE22B22B8BB3669EFD2DCA1AFEE51BE0A08D274F4222B33B3D6597FA5D52,1925158
dowel/train/good/xyz/064.tiff,75895EE7C33DBC5D178CCFA9A3F1A81288F83F52202A9BCD276387B3F8CED879,1924984
dowel/train/good/xyz/065.tiff,CA529FA25104CE885D9DFD0ACD24AF940C04045BF33221C3AC7F977FC7449686,1924972
dowel/train/good/xyz/066.tiff,63BE1B6B85F26D13BD928EB04ACFF6901981D19C1F6A7192A780FA0E516635CC,1924990
dowel/train/good/xyz/067.tiff,A1F9BD1F809270074447AEB4FCBEF120E575B67DAC405FA60D89FE22E8F42FDD,1924976
dowel/train/good/xyz/068.tiff,94CFCAA7449C2C2C992AC31EF542D08B5DA5982B104F9D75A5C43A7A4C668570,1924994
dowel/train/good/xyz/069.tiff,5C73002358139439051FEE333591C8F7636B183300AB5B2CE6439B9ED70B9106,1925026
dowel/train/good/xyz/070.tiff,484D42F9A3FB45AC24571E675B33BD1B081B7014C2F5CC654143CE4027416D92,1925038
dowel/train/good/xyz/071.tiff,D77881811D1B683027781BD75FB3200E90C8D3AF46AB8BB72ED03224D61A3BFB,1925000
dowel/train/good/xyz/072.tiff,8FF46E360B364445AE4B29C418ECA7FCBB784F9FBDAE3BD2EA21EC664DFAD3A5,1924878
dowel/train/good/xyz/073.tiff,06BE885DD826479D8CE2CF45692EBD203F9FCE8D756A78A88B86E95AD683D7B1,1924852
dowel/train/good/xyz/074.tiff,3A6A87BF9E4D178E9A47C3AC96C2E881288AF31C900FCC2820A5DFDC929FB917,1924976
dowel/train/good/xyz/075.tiff,08C5EA0B873A3B4980854A6EFFF98D8B48146D8261E282DED2575E0ABA4B4E8D,1924950
dowel/train/good/xyz/076.tiff,3536003202222EC8142A824BD2EA5664890CB54134D5E22D7B20DBD8FF866CFD,1924874
dowel/train/good/xyz/077.tiff,1732330A6CE6822BD51511BCA571AA4434B3C0C18DFD895B4D3DC8F9D13175B5,1924898
dowel/train/good/xyz/078.tiff,D66CB68761492AC11F404F812FB2F5DD20A17594BCB4609BDC86035C5B96AA97,1924968
dowel/train/good/xyz/079.tiff,AB2B33A9E40FF44CBB476A4E39501EE5175B9A6F0D220A255DA0B41EDD405994,1925014
dowel/train/good/xyz/080.tiff,A7F8AF5BCFAD6F2F618D4FA2B83C2F77B1FD20FA403522121F15517D6DCA47CC,1924998
dowel/train/good/xyz/081.tiff,EF6E2E71EC68A4FB7A10A013A991CA1ED1F0246BF3275B9924DF6EDC72447BD9,1924988
dowel/train/good/xyz/082.tiff,908391B8A598EE4BFC015664B3D9D0E521F13B277BBF2E904ECB38FF95AEFBE8,1924854
dowel/train/good/xyz/083.tiff,5276C93D39E09AD11DD1F972587769E693449D648C94810BDACD40B5AC925938,1924942
dowel/train/good/xyz/084.tiff,0F18F6CEA58DE3398F9E3975380B790D04E3CA8A5B0B5717546A882A8714CDFD,1925040
dowel/train/good/xyz/085.tiff,24CEE3FE484A8D13543789CEDA6B28BE9150AAF410438D5292D5A72E4EABDAE4,1925030
dowel/train/good/xyz/086.tiff,AF49AF8825A6DC7B1AD5068FBD8DB143C5147439298E3AA6C82F88F18E6CC5EC,1924846
dowel/train/good/xyz/087.tiff,464C76744A47D49DD8556A9800499B1C42C94994D007AA8AC1CA8AEFA828E7EF,1924972
dowel/train/good/xyz/088.tiff,A84FC2D148C3EA620E348B58C538E047A66FCAB8C8DF4919FC79CBADCD84114D,1924990
dowel/train/good/xyz/089.tiff,E898C516AC3678090BFD482511963602CBF4A3F8448472E2DD61FF2220A9C857,1924942
dowel/train/good/xyz/090.tiff,66366069315FAC2898BC5075980D21270437BE1FACD419433B6835E7ED11A3AC,1925034
dowel/train/good/xyz/091.tiff,FB832DEFC5FD3F791240CB85CB10AE8A90D253C929DCCAD7F78DB18154332BF7,1924928
dowel/train/good/xyz/092.tiff,BFF107939A0D9AFC993D38A3FE328C5B2C70C1E441F46CD4CB3A707F5D893D7D,1925104
dowel/train/good/xyz/093.tiff,DC98F39064C34F96FC1DBE7497EFCA44ECB8389BF233CB1538E91C37899B804D,1924922
dowel/train/good/xyz/094.tiff,A5B30A3893ABAD2F94CEEB71615009BFA9ED1064049BD7B25F9007AE96A066D4,1924892
dowel/train/good/xyz/095.tiff,605E4B5EEBF971CDE6C9407EAC6927827DAB10F880F1BC524E0E3CB7C4701EE7,1925116
dowel/train/good/xyz/096.tiff,CB93A3A08830FDEB76AA57C6321CD89E3ECB1BAB0D13AC286499181C7B50314C,1925018
dowel/train/good/xyz/097.tiff,B9659CFA923273972C4E9326893443CF40F310A5F95CF79EA6CE50460DB0198F,1925016
dowel/train/good/xyz/098.tiff,3E3BBAC2EBAB96F658BA41F2EACFC958F5E3D72A205E9F1D33F4C3303836BB35,1924760
dowel/train/good/xyz/099.tiff,43F856B4950FE8E60EFA16878296AD0A7A47FCDEB0186D66D042893B99BC9284,1924946
dowel/train/good/xyz/100.tiff,1A92A054F5AFC981257E01C1A6315CC8DB585E46B1205149503FDD0ED44719E4,1924990
dowel/train/good/xyz/101.tiff,E69F19380BB2B6588A07AF61359C091CBF18FC4030942A7FBE806BB6C89298BD,1925034
dowel/train/good/xyz/102.tiff,DB0855BFACD2FE36C589E176716E688AF7C176E513EAAE8E9184EEF9738AA3E5,1924926
dowel/train/good/xyz/103.tiff,D971AAA857A98E4754C3FAA3EA4CEEB968A5674821625EE03246BB8F02F89112,1924856
dowel/train/good/xyz/104.tiff,4BDD07C5AB6DDD43CB70E91EB7FF1F6E2C65FC19F1064D7876CC491D612923B8,1925154
dowel/train/good/xyz/105.tiff,A3C45FE21470EA897B40A9862FDF253D4FBC3D80BE41C83647399167A782982C,1925022
dowel/train/good/xyz/106.tiff,0A085BC7793FDCC5137D6C0610533E6A18EA3B534BDD5F6A571883707B565F00,1924934
dowel/train/good/xyz/107.tiff,762A67FD983577AB65AE4ACF9923D81D1E20F59169FE0F4144A4AE5756BEADFF,1924858
dowel/train/good/xyz/108.tiff,B9DFBD011D1EDFE09F89BB9340A629CF67D44797C959B6B7CE136ACD21279123,1925002
dowel/train/good/xyz/109.tiff,22D2455DC559E441B0F32B9AF0DC663872E09E0CA8EAFC46250A2A46C0442C93,1924928
dowel/train/good/xyz/110.tiff,A92CF706048593C97DA19B89003E2B8A9C5226FE48EDB0C838FACEE13ED8F7EC,1925068
dowel/train/good/xyz/111.tiff,D69AFCF0E0121412061C7616C3EB7D24A548D9198AFA42475C5BA826670D145B,1925052
dowel/train/good/xyz/112.tiff,6BE7ED1F30A6A3132843922A0174326F305E748F7200EE2CDC07DC5A71A36A91,1925038
dowel/train/good/xyz/113.tiff,60B107EE01D7C260D6F2801EC62AC46ED8BA9E4D864E6C95C24872E9DEF4F0BC,1925008
dowel/train/good/xyz/114.tiff,90637170ACCC2FA8A3BC0BD89166BFD021211A576253E1A7372233952DDA73CD,1924864
dowel/train/good/xyz/115.tiff,D8F48E990DD7B702910855F857E8CB06D213BD273315B733690B83F5B605CA76,1925052
dowel/train/good/xyz/116.tiff,D68E0D66184F96082249CF25CC693A772B19B97D123326F7BA444B809A2B4423,1924848
dowel/train/good/xyz/117.tiff,99B6F64EEF2D986680167C176FF8527EB78DAC50718A20DADAF296ED21B63A8C,1924954
dowel/train/good/xyz/118.tiff,7C288AD23A2E722C24953E50F935B928CE059EF0661C41928B556112200496E7,1924826
dowel/train/good/xyz/119.tiff,F24E7CBE40FC29E79CE8AD01D083AE256CAE25D64731A20EEE9FA14584A616E1,1924914
dowel/train/good/xyz/120.tiff,D7749686446C3B2045BC699AD621902363F0B1574AA071A02809316E78F216D8,1924984
dowel/train/good/xyz/121.tiff,44816EF2E652118D47C0C63124FCE73C0BE1B96755A51CCE030A62F09BD2C13F,1925088
dowel/train/good/xyz/122.tiff,259DD38228A74F6096CB230278875827A12C9BCC6A76AC453A2121C57AAC8F8D,1924994
dowel/train/good/xyz/123.tiff,C786A5A9F12B2E7F9D132483831BB977A125E1C686108BD57251B5C45A42EAF7,1924996
dowel/train/good/xyz/124.tiff,C786C0427BF61D15EC9F8C6C97CF99A789617AE0F843E501AC060C45CA0873A0,1924908
dowel/train/good/xyz/125.tiff,3D5EA9ACE8629A8CE916955C814911257CBC090CCF89041900020E7CE754E743,1924932
dowel/train/good/xyz/126.tiff,CFC2F56C35C11AA44296B75882CC8D8587D839935C6468CD90527AB978A420AD,1924916
dowel/train/good/xyz/127.tiff,22EB3010754F36244E7BE369C272454588D755EBB75B4B6ECCE224505A493E39,1925038
dowel/train/good/xyz/128.tiff,73F1F2B4BED612EC7333914361664860DDD6351FD46FA893A5057BDF6383AB29,1925180
dowel/train/good/xyz/129.tiff,C525209D257D40E601478566B1F484C412953C7E186DC6C1DDE1E830566AF97E,1924948
dowel/train/good/xyz/130.tiff,6E9C03731D927A715D07443E8BB73AECD6FB462FD5889362D5950A7F05C497B4,1924996
dowel/train/good/xyz/131.tiff,38851EDB1E5B4C4E27A3516434BDEAA697B22B0A34554FFE79EEF22901CE7874,1924930
dowel/train/good/xyz/132.tiff,ACD6318B44E14E937E058F87DD132AB6C122A46B829C0DF6BD72ADAE4FEBBCC5,1925002
dowel/train/good/xyz/133.tiff,FE7FCEF8F613FBDDAB48C739243066D35F7285482F6BAF2FD08A42D9AF1A0BA2,1924814
dowel/train/good/xyz/134.tiff,547F1893B943836081EC1A1013CEC1B45CBC67FCFA774EBF29AEA798B0C18059,1924900
dowel/train/good/xyz/135.tiff,CE81596D6455E2F210CAE712DB846AE4C0E9B04ADFC2FF080BD25D4BDC099E4F,1924928
dowel/train/good/xyz/136.tiff,77D1D7C2AC9869F42E345C795EB3EBFFDA7256C79C46C873B2E7D0D76F67AC94,1924926
dowel/train/good/xyz/137.tiff,2284FF41E888C01F198AD75419DAC321CE6978E96CDDB59B748C05398D163FB9,1924996
dowel/train/good/xyz/138.tiff,C7664EC64C68CCAE6D31F10DE9FAA93D6F1C65E96CF7A232981EC68C94A37DB1,1925054
dowel/train/good/xyz/139.tiff,D033831C4964F32992A0AB0EC877D13BE7DB9E987D0E9E982770E24B601C5660,1925078
dowel/train/good/xyz/140.tiff,83A899E4129A851B0A438D762CACCD6523789A9BB6D60839672361723BDF39A6,1925024
dowel/train/good/xyz/141.tiff,652FA73240782ED73F5DDCC2E6988843B13E87C1223FEA8413F4765DA246F9B9,1924962
dowel/train/good/xyz/142.tiff,37B85F1A979D6A8D2C5775A4C20BDB508EC33CB6FD76397439BB88F6D4B16F2A,1924938
dowel/train/good/xyz/143.tiff,E3933FF0FBBB5A56B23145E11705E75930D4A95B592AC1632BB3D47837135379,1925066
dowel/train/good/xyz/144.tiff,3002CD97EA380376C9286F0711C2D8326D0707F940527E42540ABD30217116CF,1925088
dowel/train/good/xyz/145.tiff,99B6160A6B54229A246F629F3443F56679B85F8EBDC9641C63359F82125D2B5C,1924942
dowel/train/good/xyz/146.tiff,166096536394BED7564B6CD2551E09FD8CF6150B50133767E63E4F588CFC3B2D,1924804
dowel/train/good/xyz/147.tiff,CE1D02D4ED6690FAA33CCE51730A6F5C10F1862830A2E7E323795AD38F3FA251,1925014
dowel/train/good/xyz/148.tiff,5C2F4922B4FDDC5AD5CC550F9E57ADB7D1B3E3A7F479D7179DD65D728BE4DB9E,1924996
dowel/train/good/xyz/149.tiff,09566DF8F6238F2CE31847B3EFC77FA15694F5351C14B7C72843896D60CD2B98,1924936
dowel/train/good/xyz/150.tiff,9FAF795FE6CDAADCFD6BA0C7EA0AE486AFBF4060C10774F4337065C2E5F932E9,1924884
dowel/train/good/xyz/151.tiff,3497A9E0C187B3CCBA21EE20595F91854B3346A808DAF4950A456B33B281FB67,1924926
dowel/train/good/xyz/152.tiff,DA095D5986DA08863D145CDA1D4BB3C17F9662D1373DFD236D65D1F197D2BF34,1924996
dowel/train/good/xyz/153.tiff,4FB72A6786A07392C6229F7BC48631B9246A50F27C86F998EC28487FA443666A,1924990
dowel/train/good/xyz/154.tiff,9582CB053282027B208F99E7A716EEB4662C189902E6891D35C2FF83561691FF,1924998
dowel/train/good/xyz/155.tiff,12D310B1D8EED79F20AE99DAF4EA90B62113AFFD39AD05F2855A00DC52C716FA,1924896
dowel/train/good/xyz/156.tiff,30173751CC9381F8873D372830FF69485204A8E165A2785FA3C7E036966C9BA2,1925108
dowel/train/good/xyz/157.tiff,D34AE86644E72841E7A790ADC980ED8F336FB9EEFDD5D49D251316E9794B9817,1924970
dowel/train/good/xyz/158.tiff,909CEB0F5EB1341738C194A75E2AEE2588D665442FC52782E31B710E3B6C3488,1924986
dowel/train/good/xyz/159.tiff,1B1472D06178DB5516E48919E98554545E22B9882730D7EFB7B9331EBD21897C,1925026
dowel/train/good/xyz/160.tiff,B67F3DEC0957731A933A60B54BEC310C4FC0F997E7B98817DEB417A2119C862E,1924894
dowel/train/good/xyz/161.tiff,A45FD21C7C0CDAF0B84E10E8E2D42598CEED0541D63AAF9A1963BCA05EAC5783,1924916
dowel/train/good/xyz/162.tiff,3D47042F00D6209E8C1B542F1A515715FDD13C74C57A7D8785C4F6A2B4195F15,1924908
dowel/train/good/xyz/163.tiff,3E27882C28B519C35A97E5F45150BF20B23939E1552BA7FEF3ED30F5ED4D68D9,1924970
dowel/train/good/xyz/164.tiff,79FCC2F372474FB6CDD9002DF3E77E571CE6D17DCBAFD917FB7AA396D8FD751A,1924960
dowel/train/good/xyz/165.tiff,F8E5AE94ECAA2EDC8F50F3EBE64765D3DE419E2A46B5293146F83BE97DAB47CA,1924960
dowel/train/good/xyz/166.tiff,D2CDFF15F7C90AFA4D02FB815FCC57F63E10C60A398785F64B413233E45E6AB9,1924928
dowel/train/good/xyz/167.tiff,923409758274E03322C53E55C274545BA79F52C70F91EE8EEFA1443FAC2BA82B,1924908
dowel/train/good/xyz/168.tiff,DB3B58DB50FCDC81C5EFBF12FA0F3A71CA182E191F7C1B6AC536202FCB523CFC,1924994
dowel/train/good/xyz/169.tiff,F043970B45A3E7654210D7808A36B0E61AC8513766F2C64C45179AC751691B0F,1924996
dowel/train/good/xyz/170.tiff,1D96EB1C3A82BF0F9A968F1C980EEF6640B140A865983C9C6DE2B80A057B6FC5,1924866
dowel/train/good/xyz/171.tiff,FF0DAF5CBD4ED167FB4690BC8E929EB1111626E3C22A261972DC6EC3AD304482,1924830
dowel/train/good/xyz/172.tiff,2D2ED0FCE47F3FA60F1003E6096F741DC4AEA9600E22D751B8032D9C338D62D6,1924942
dowel/train/good/xyz/173.tiff,B9FC7BA481FCEEE408195003AC84FE74B10E344603CD78508A6BC43F7CCC92E7,1924960
dowel/train/good/xyz/174.tiff,5D40216D6C690EF306ECEB000EECB7A2F30D767B2FFC00100771F1490FDC43C8,1924952
dowel/train/good/xyz/175.tiff,F6FE186331A74E11EB8F0F3702C0164207B985C5AAD8FF75C7A4514566451052,1924774
dowel/train/good/xyz/176.tiff,FF26D73B5CC2A73CE99393CA26E6EE8A1CFFFBEB3AE4FAA6A1924FE5CAFE865E,1924856
dowel/train/good/xyz/177.tiff,F3399079ED460D7A08FCF1F99FF1552BF179C9497918397841CC7C8FFBF055D8,1924786
dowel/train/good/xyz/178.tiff,250687900FA95C1CE657721C76DB2DDAE74C50F63668FF8CE2F16746D573685C,1924800
dowel/train/good/xyz/179.tiff,03269C12BB9D88E8FA2041F119337EC2F838EA018421DED3F3B127FFBF8C4375,1924864
dowel/train/good/xyz/180.tiff,A11985807C8A63E142602F3F0943CE09315972F709467786D6339CA75E939E4A,1924802
dowel/train/good/xyz/181.tiff,79DAD4E535BB9B71C051A15B2D08EE3EB9A7FC66E063421A1FD14895B42FEE11,1924884
dowel/train/good/xyz/182.tiff,E80694DA4DED647A1A67064B117FF58F3256A8899099B3DE7457FB3660D4331E,1924898
dowel/train/good/xyz/183.tiff,C8823E15CBCE3732A5FA0AD202B7E1B57FBB64631B40BF6D8A43126A721DB408,1924770
dowel/train/good/xyz/184.tiff,AE7253E94FE10C28C22BC6D19AFB69FFFE3198FC0202C87949090B5B742DEE93,1924842
dowel/train/good/xyz/185.tiff,F6A4270C911BD1237677026F2AAE105B5238FB03170083F2F49D1CC89370F7A7,1924876
dowel/train/good/xyz/186.tiff,0F371AD256CC7B3A40E6A0B1391BAE20BD81F01C769090FE414E193A058BA5AC,1924872
dowel/train/good/xyz/187.tiff,34AA4EA5BA07BEA55A7DC5D005B258230ECF7902D6E23253CBDCF49E4336196F,1924780
dowel/train/good/xyz/188.tiff,FFC0CA9C3AB8DD948DAF73B7B216FD9F4274081F5EA9163302F39613C456302C,1924852
dowel/train/good/xyz/189.tiff,38CD6C8739EB5D8510BB4AE5EFA57D6E149F23242344BDD8DFACDB62911C1110,1924832
dowel/train/good/xyz/190.tiff,FE6484E4B42CC8F2C93E6DE8D0B9D5DA652A7DBC1181ED6BE401BA90D181FF8E,1924800
dowel/train/good/xyz/191.tiff,8BC7B09D613408FE30FFAA33395D658FAA0FB8D8BCD7469C99275712C809EB37,1924780
dowel/train/good/xyz/192.tiff,DD750B8C483B63D832921F42F8D795EB51C277ADAF631683F1E38EB6ED772951,1924890
dowel/train/good/xyz/193.tiff,93929E9B992D470E097A3676493DE744FA87BCD4E9F262EB4421D92BA4AE39A7,1924836
dowel/train/good/xyz/194.tiff,70934398B16EBDD6DA10722A33A0D6E898768B17BE995E6F998104EEB9928DFF,1924812
dowel/train/good/xyz/195.tiff,9A526A91431D5A411FEAF0F2A553FCC26BA9ECCF6EB7113F1033131BFC730814,1924916
dowel/train/good/xyz/196.tiff,598C51B9FAFD302491927CBF99D3895EFAD547B9C71AF901CD88898C85F2015A,1924896
dowel/train/good/xyz/197.tiff,71F85CB3547D39F0373637AD3E463B7C3042B79C23606A1DD9CD43748712604F,1924720
dowel/train/good/xyz/198.tiff,3AC85FDD6EF25F0A9B7D5944B477D0E65F9B4D03AB6D2508FB8C9662C7FBABCD,1924792
dowel/train/good/xyz/199.tiff,B417B68786DD4A29F65AE8BEC89E515B32EB2BABCF80E1B98DC6F109DDCAE1B2,1924766
dowel/train/good/xyz/200.tiff,4BA8C9CA51CFD5E4B932790E2621F57463CDA4A27D271AAB5C602C1F4D12EE10,1924888
dowel/train/good/xyz/201.tiff,6FC1AF5758A3E0116BC52228FF106101B327B98F0E25C14449CCBA3CFCA79AAD,1924752
dowel/train/good/xyz/202.tiff,8F377762D6188604AFFA7923EB25ECAE6AC0E4D07AD8BF998B75E2FFF3EE2D2D,1924902
dowel/train/good/xyz/203.tiff,9CCCFDCA08887B2A65D56BD1BEC26B5525EAD01FEC9FEC0E0B0D9129E0D2588C,1924844
dowel/train/good/xyz/204.tiff,CB1D3DD916C4DD298B70A6069E9DDA5B877C3F40B5453D492C977B2AB3482F11,1924904
dowel/train/good/xyz/205.tiff,4407D721C3954F72887B236D693050C2E98B797F3EAC0851753C04DE47804F7B,1924920
dowel/train/good/xyz/206.tiff,B9FDA61D331B19C79806D763EC17C0D183D6B09B51061F30FF6C39C6D59279DF,1924838
dowel/train/good/xyz/207.tiff,93E073E80C0070B3B297701244A52CFDDA28BAEDE5A3F7321CFB9F741C4E24C5,1924908
dowel/train/good/xyz/208.tiff,276D5C297ED579C8D263397CC92B15082C30EABE3F019F3243949324655B467D,1924816
dowel/train/good/xyz/209.tiff,1532235892AD14BA8EE3956CBFB28E6AC34D5558E9F470DA86E2010AA65E9076,1924842
dowel/train/good/xyz/210.tiff,651389CAE9DE95B998CDE572840B86D970A82CD33716317D41ECA45E3E5275F7,1924942
dowel/train/good/xyz/211.tiff,ADEB615333B907F3D1AE5734BFE52F362661F469660DC1D400A733E6092EC958,1924842
dowel/train/good/xyz/212.tiff,E7273543A379FC647C7872E593AD3D0307FFD9F89498968092B22D3A61569239,1924908
dowel/train/good/xyz/213.tiff,4A6E0E2577031BAEAF21C4CA146F683A650B19C168CCACB903A618BDB7929C4C,1924844
dowel/train/good/xyz/214.tiff,0E95C096743C68D5AC4A1175BDA29D7EA644BFDB811F56FB853A586CCF3FCD51,1924838
dowel/train/good/xyz/215.tiff,933E38963BB3292DAB341372D8152A770AD96C9C2A870E3A4761CEEBF796D06F,1924720
dowel/train/good/xyz/216.tiff,F97F68FC60DD75AE352A133485E17BDB97CE4966B2F10D0FFCB4D0EAF7759367,1924780
dowel/train/good/xyz/217.tiff,BAE1646D64D6898FB038CB59ED5EB0B6201392F8E6D7CA6C06F594279EE871E3,1924900
dowel/train/good/xyz/218.tiff,A04F8C2B03C8B6DAB1D3D6ED2EA5A47A0306920EF8778A843DCC5AE1FEEC08F8,1924912
dowel/train/good/xyz/219.tiff,119972A6DE45D8A689969EB36731CC5332E9DF1C34DDCD9FB7A90219FF704559,1924960
dowel/train/good/xyz/220.tiff,39D2217EAFCFB271B363B2E34B7DF31FB513DD263A9A19C4F29F9E813CBB74AC,1924778
dowel/train/good/xyz/221.tiff,504C5F3399D5FA8B30D12578610CBF4E3527B92DC790237812CCED95B32E8F55,1924828
dowel/train/good/xyz/222.tiff,CF0C4E3D656CC9758DE05EE97BA47CE6797117CB39EEAD6B0260E7B6D87240EB,1924896
dowel/train/good/xyz/223.tiff,2AF2CC39B9AE75F9EE86C37E5D3BEB2EA35DC72B8CDE1C89256B35238B30CFC4,1924944
dowel/train/good/xyz/224.tiff,79CD7262DE690BEC85EEBF4EAD42A4334020733FC1611D7C17EA2C9B483EB9F1,1924920
dowel/train/good/xyz/225.tiff,12BD14878BB60C84D6ED2CB34296E130A34C528D883B09144B17D40459490AA1,1924808
dowel/train/good/xyz/226.tiff,B5DF597C2E163506C4EDAFFF3118E6EBB379597E1FD99C7DDF88FB0AC3FF9AFD,1924952
dowel/train/good/xyz/227.tiff,C5A4ECDF174DF1A3186F5E4EF7301F4878AB3F8A17D7C491B7FD0B520C53D805,1924900
dowel/train/good/xyz/228.tiff,CF580D6172547E8E8E221B1681123B98C14E3AE8C8D04D3E9A7D17891D941AB4,1924788
dowel/train/good/xyz/229.tiff,6BF58C54015114101454091938B5A24FD04319F199A5618CCC5E13874A519AC8,1924792
dowel/train/good/xyz/230.tiff,7DFA30583DC1A23E644D6D32363B4FEB3F3C8639D7FBB5D435B69786511E7AE0,1924750
dowel/train/good/xyz/231.tiff,57774D26E35FE85AF063905192395409482236B321922F808C826072401DBBBA,1924916
dowel/train/good/xyz/232.tiff,BB67884F478213431B58ACD58C0DAE89712F063D81EC73DFE56532D073A04623,1924886
dowel/train/good/xyz/233.tiff,6A6B31A317BA5F500010D34BAEAC7D061F4EBBE5A988EC178B92C888AE8DD062,1924896
dowel/train/good/xyz/234.tiff,1E7CA0114233E92118809249CF5230961394351FB1E99F95A5BBC1E9650EB5C7,1924866
dowel/train/good/xyz/235.tiff,0F4EBB9517FF7A3E5D8C956F18BAD25BE75033EA456EAEC165D72FF3BA83F152,1924832
dowel/train/good/xyz/236.tiff,98286F10AF3CF6BED89434ED1BDD41356E5FA21FA5179D577F174893CBC194FA,1924782
dowel/train/good/xyz/237.tiff,383DA065273721BD8B932A75227615594DBE8B68CC12C3940E41030098318EC2,1924836
dowel/train/good/xyz/238.tiff,D7655198A3AB1DF35938516CD77D745078973ED8CCC4BEF46E049D66B22C042B,1924910
dowel/train/good/xyz/239.tiff,FD652C6A798295586396F4110D8A14672310E0873E09EEEB2585472E708743EC,1924922
dowel/train/good/xyz/240.tiff,3AF5625E7C191C1317BE8E51CB9E9362F633E8AEF6EE0892563EDE72687614C0,1924888
dowel/train/good/xyz/241.tiff,EF7EF458BFFCF736D67224A96FA86F80AB60C1A91568F08022903016AE5F3D4D,1924934
dowel/train/good/xyz/242.tiff,65A831718B50C41B44F6E1A909B131C59A307EAF96F66C1AA5C6691933A8176C,1924940
dowel/train/good/xyz/243.tiff,D331FF1318C9817F497CED1BA5A5288A23C4B3A863C388286844A45CD11F663C,1925002
dowel/train/good/xyz/244.tiff,6D03898DD39CC5A5F05DBF100FA7E6A2D7B9A233C72C52EB7B9AB4B4BECB130A,1924792
dowel/train/good/xyz/245.tiff,D4E33A9158920FC004BFB884CD3693CB070FCE8B6BF9049D2EE5BAB2AC9A2859,1924926
dowel/train/good/xyz/246.tiff,FC4710DFDFE83576D077C6F860E7E0B7B0D2DDDC82D334A60642AED62A78E992,1924978
dowel/train/good/xyz/247.tiff,99AFE3532D0CEFC6E525B4BECDF63397EC136EEB3E88FDD15A6CE302C3C947B7,1924778
dowel/train/good/xyz/248.tiff,A54AD5863B4BF69869DC200833412139513D3B64AE2FF502A110A062C3E66F26,1924894
dowel/train/good/xyz/249.tiff,A31BC2A047767B60F4E15043DB439A32B5690F0D6DAAF36B595978C9F39A0291,1924986
dowel/train/good/xyz/250.tiff,E4CAE2C9482BEE8CCA5F237B7E9F57FE91ACBCC695B15E2CE90674116D1B736C,1925000
dowel/train/good/xyz/251.tiff,1833F3313878549233A868A9381892701B15D9AD10B9ECB3BA3F7C56B4555140,1924926
dowel/train/good/xyz/252.tiff,7F68A416476DE19A2421B6516A578233958E6E8EE0D119746706551AF9470D13,1924874
dowel/train/good/xyz/253.tiff,24A65FF56B3D4926D5B63627519149B480F7C32D6837F463ABCE505E15246644,1924820
dowel/train/good/xyz/254.tiff,B305E2C6846554BA26EC811D33A0DDFC164901BB906A261BFEC0DCC1A1B263CA,1924848
dowel/train/good/xyz/255.tiff,F4C0BDD244388A1497B3986DCC62B56EA1E883AF5F25AD31E519217FC6855E8F,1924822
dowel/train/good/xyz/256.tiff,ABEBB21505D086B5AE9ACA7B7863FCF6C9AC9C23C7F62EA983C08B88B4580895,1924742
dowel/train/good/xyz/257.tiff,65B5338E36A48BA940AEF2132807AD12755DA8FBBFB6F85F9B05DFD06D7E7B59,1924744
dowel/train/good/xyz/258.tiff,0ECDC6CA9CF139DC863B0FFCA48E55E8197FCEF1EB7530BCED393AA6357BBDF1,1924822
dowel/train/good/xyz/259.tiff,0FE90BA4BA1C341CFF494FEA2FC1279628445DA4F5410601125B79442C0A8CC0,1924890
dowel/train/good/xyz/260.tiff,F8575F0936239156A97FE415D7C3D7BD1F147EFB38596EAB0826CBB4C891658A,1924860
dowel/train/good/xyz/261.tiff,B4D8DDC41370DFD4F8E7C2E0C0CBA178DA05598D5FE704E0F5F31FF6EAFD0E32,1924832
dowel/train/good/xyz/262.tiff,F1E162E1F618F40DB4832BB0813AFC9F18F986F031CD3716629054C55AE1C9B2,1924690
dowel/train/good/xyz/263.tiff,BE8209F175BC5040A041226F484E75BB2AC253BF94EA616D07582F7691B68D7C,1924808
dowel/train/good/xyz/264.tiff,27EFB3C439D6AB213098A6D35D49AEB753817FCAF081FB9BC959513BD8624BB9,1924900
dowel/train/good/xyz/265.tiff,93E8197E421EDB4FF42EC449311C2971AADFBFE305F3A5EE89913C42D9AC61AC,1924914
dowel/train/good/xyz/266.tiff,84049725EF9529AE9A63B5D392D328AA7C7B57A68409F7B5BA1A578FBDCF78D9,1924842
dowel/train/good/xyz/267.tiff,7B5DFDE74B1E0F24000C7034E0598524A659ED393842D410043004C49FE87608,1924850
dowel/train/good/xyz/268.tiff,A6067911830260DA6FA2D08DDC0D213F97D0C688D2208E230F0385445EF86541,1924786
dowel/train/good/xyz/269.tiff,06A38A61AC19D97EBD54EE4425AD131CCF8B730CCFA93525F7388D7C07773410,1924894
dowel/train/good/xyz/270.tiff,3E7A9CA6981C544BA9F3EA4A2AD0F6BC06425F14493CFCFAFE4DEA8132CEDB9F,1924870
dowel/train/good/xyz/271.tiff,9A25B623EEA8E0BCE2A6492254C710BC5643860DAF366331D2A0A15F84148C94,1924824
dowel/train/good/xyz/272.tiff,A2923FE4F53440317B122C54D8E7AC3B57687B91A9EB02D2D553B3D6DE039F8B,1924856
dowel/train/good/xyz/273.tiff,586155A7FD828E79AADCA83489F1C38837E7C14DEB10E0CB5A9ECF618BCC90AD,1924888
dowel/train/good/xyz/274.tiff,037A7E3432E994B0C452D6E2F95522892AF57D47DBB6C658E2CC798737B94DEF,1924818
dowel/train/good/xyz/275.tiff,1EB0F93B0A66E9D8DBFFF1977692B5AEF4C590550FD5773BAD9F1F054307D61D,1924814
dowel/train/good/xyz/276.tiff,0C422D3ECD809473FE5EB1B7C813656541FC049780B4AB3F91E2F986B4276807,1924868
dowel/train/good/xyz/277.tiff,9774EBC3CB36521BEEF92789C477C92266E4D788DA4A5CBC4C72159926D9CCEE,1924890
dowel/train/good/xyz/278.tiff,99F1E7F3AD6A2BECC10805CF31F73B19F007509AA4C7D4EC9B3E457EAB3652CA,1924826
dowel/train/good/xyz/279.tiff,FA29999CAD44B80622D89797A0569A83BEE89456E62E67F03FB69ECC2FF056DE,1924780
dowel/train/good/xyz/280.tiff,E2EE72A469D198F687ED85C3FDFC53A5CC3A0C20A15166A744FDB886B65CAF86,1924920
dowel/train/good/xyz/281.tiff,0B118A47879DC3D1F637AA1BAB31EFB830EFA0C7937461FD996161A00C49A075,1924832
dowel/train/good/xyz/282.tiff,8F5FD42CC831DDC18B9B4656D66BEF9650E7C2CAE0F3A4526C53585A9250397F,1924926
dowel/train/good/xyz/283.tiff,CA2CC7170097257711D844615049545590428B20102C84451B74E12AD6DF7C0F,1924746
dowel/train/good/xyz/284.tiff,C1DBD241B44AE09BA8726739B9DCA68F67531EE3C33080224DA7E479F9324E57,1924800
dowel/train/good/xyz/285.tiff,79201B57728B099D6AC42495DA47062F089CBE0EECB3187E6A87FCBE8FF9DFAB,1924848
dowel/train/good/xyz/286.tiff,662509551576BF428831129EEBDDD5D1765945A961A6791422FF9B3E846907FA,1924766
dowel/train/good/xyz/287.tiff,79BA55AEFB42A336B37AE9BA3C7711D117AF702847C873B3D6EDD77A6299F271,1924778
dowel/validation/good/rgb/000.png,AAA316CBB63EFBF620E4A993C06059B19C2120F815C687A59A2C91AC56814560,210493
dowel/validation/good/rgb/001.png,B7C2EB1E7896B99FAC29A94DEBFFF94C5D9A88B320B04BE0EDF56C7C924FC586,210872
dowel/validation/good/rgb/002.png,3C07E09AAF79A6B88E0048ADC5BF4E7C2009180CE366BA8E55A3C6E72C40483E,205750
dowel/validation/good/rgb/003.png,21C7FE26EEBF96813B867AC234A2FB5C00C1BCEF9950F9613084B18F9FAC8F23,204960
dowel/validation/good/rgb/004.png,B83A8B90781AA98A5A1C1539A27FC215B9279F88BF41CC7859B91EACDCFC2020,210029
dowel/validation/good/rgb/005.png,C8374E22787181A38D0FB7E3468EE105C706622A114EF1631E7569D6080D4F56,210368
dowel/validation/good/rgb/006.png,2D1A3F6FE3E0080A5C040B0EF59F01A083D08E2C5AD5C4513E384D334738C864,204456
dowel/validation/good/rgb/007.png,64EB1D6EC470C781BD792388E3C20992852E5CE8545C246D6CE5B2C6046FC855,204202
dowel/validation/good/rgb/008.png,1E9775483834AC6E050B286E8BFF6C9BF26716EB69D12E339B4A562677F14993,210361
dowel/validation/good/rgb/009.png,57E4A56852403F120342169DCBA41914908F15E69DA53CA28B90F3757FBD9E80,210160
dowel/validation/good/rgb/010.png,142F4FCB7C46789D6955F55A23C93F60ED0D8AA21571ADCF31F027E56174A7FE,204405
dowel/validation/good/rgb/011.png,25205973E37C7AC80EB73D3510AA5D6F8BE70380A6D7144B3B0FA23BFD25BDB3,204896
dowel/validation/good/rgb/012.png,FC0F8EDFA433789B02E6C042E4C308FFAE69EBC036CBE75F580D1D5ED5463823,210701
dowel/validation/good/rgb/013.png,2C75E190819A0BCAAE1BF137F02D16A20ADBB10EC18AC45A9167757CF41D3238,210273
dowel/validation/good/rgb/014.png,96578CE5FD38880CC0E8D07117C5FA86A8280298F641D3C382FEAF5A6015026F,205480
dowel/validation/good/rgb/015.png,32B63732C9F3CF2286198C6C2E71235A3CF7E96613A8E980C59CF5170969EAD4,205184
dowel/validation/good/rgb/016.png,FC7A68D798171BB2684E51892C94C21F3A801E90DA3F31CF0E933AAD5EA50675,210045
dowel/validation/good/rgb/017.png,67B949B20041EB2CD17B654F297D4979400C00785D017A704A1CB40F514B8A3E,210379
dowel/validation/good/rgb/018.png,55E5B3F036FFDC72488D60ED7258F0B61E5FAF5B99023379A6FBF56BF53E7287,205253
dowel/validation/good/rgb/019.png,0B5E756447119BCC81D867637B4B70A3E2B84339DF3AFBEE55229A0BFCBCCA40,204517
dowel/validation/good/rgb/020.png,63714FD0026F07B520F778B0A149C3AF49B4DB615FBBC5944FA616BE33BB19A6,210170
dowel/validation/good/rgb/021.png,3455F6068EB1C0F287568D179FDC144F70609DF9DB3D381B2AFB45840DEF3B21,209892
dowel/validation/good/rgb/022.png,977620CDBDF23D4C0DFEED6DB701895E42A14308A80C9F6FC2A73DD0A450052B,203510
dowel/validation/good/rgb/023.png,2DC59E8ACB3AE570B085C12BEE484F2FCA6CB553CF68404FD9AE037072012E11,204116
dowel/validation/good/rgb/024.png,E1AE19C78070271242731C5988697DBA6D8AA993C5F30A60E6FF0F0436DCB148,204269
dowel/validation/good/rgb/025.png,B7284D950B32A31703ADFD594088B4A2A29A25425A6147BBA9D3D626B65D156C,198607
dowel/validation/good/rgb/026.png,BDDD1E934AD0D81B90FA8B76BDDA1439C05C540CAE49ABC416D3A9719D310BB8,204002
dowel/validation/good/rgb/027.png,BE353BF2E76BB678B0BE9DA9F9DE839622E1D2CE18F883140D77027466C7BE40,203638
dowel/validation/good/rgb/028.png,63AFA7294AA8CB17B4188C9E603170E473C4B1BEF6B6BD1DC5AB182B155622F7,198479
dowel/validation/good/rgb/029.png,7D1C286F4B92C897D5155AF18C2B2C8B391878AAE06C6784ACC63A22102C6482,198599
dowel/validation/good/rgb/030.png,C5C975E15DBCE814FBD86DE003BA5EAB509F369C03C99A0875550CE40579C9D3,205902
dowel/validation/good/rgb/031.png,6D10785B90F238E7949AE63B746ACE4ECB15ECFEEF8C04CBB356F4318EE622DE,200511
dowel/validation/good/rgb/032.png,A6DDF6DBFC361AF248208644E007DAAD21E03E003E3BBCD7A25F59B0FC1ABBC9,200052
dowel/validation/good/rgb/033.png,178A5663C1A7646C09B3851A8F6DC48F422B765795FE5CE42B43EA9649DF8FBB,200157
dowel/validation/good/xyz/000.tiff,DA6C9A6474F93554EACBF0CFDF49AE8AD956B423359FA6263EFEBD357AB175C5,1924260
dowel/validation/good/xyz/001.tiff,689C1E7C0F1CF69797777DCF4C791FAEAAD0A796F59F26D04D10779509D50EF6,1924350
dowel/validation/good/xyz/002.tiff,57B9939AE3E8D85862D596F0B934AAA8C70A2AF2B97C93A3D6C0A0EC237200FB,1924100
dowel/validation/good/xyz/003.tiff,B7A298F8A6DD95C5D85B69D10E63BE3EB2F8A35E53C344E88C9FA6A5E3AB9CE6,1925014
dowel/validation/good/xyz/004.tiff,CB0AB09BD970560F659C5234AA31F98C12768269F7E9AA392A68A8A324016E89,1925146
dowel/validation/good/xyz/005.tiff,68D922FC6969A12DE250AA15141D6B26A3169C6622172913EAC70E473FE4F70F,1925138
dowel/validation/good/xyz/006.tiff,C3BA6E9A22264423E66ABAF49DEE0EA29585FC67C753162BAD779B9CA25F23FF,1924910
dowel/validation/good/xyz/007.tiff,F01AF9BAE4031D5DFEDD2A14623699DF52012A90FD4420ABEEF88E2098BE3471,1924948
dowel/validation/good/xyz/008.tiff,2E853101815F00D8AC504BF0619F16D153E5A06A4CEB28565081FAF7041B6413,1925082
dowel/validation/good/xyz/009.tiff,93ECA18FC52BBDA131EEF8D2297F931E7B65D7EE110F948A0FF4053C1030835C,1925010
dowel/validation/good/xyz/010.tiff,79E6C80AAB177196889C9C0E6C78955D1C01E510EADDC6614336B7476C48B667,1924858
dowel/validation/good/xyz/011.tiff,DB57057F6EDB810601C76C9BC1556B80BC3D0EC13B0DAB46BE7D84B0D2307A2D,1924860
dowel/validation/good/xyz/012.tiff,0319D7330D76223D22FE5494FF29E32369D03AC2FC768F50B86F3CD5F5C423C1,1925002
dowel/validation/good/xyz/013.tiff,47A17CBD76850D7691B1D194365DD3129150D21C3879F33016B814A277C3283A,1925008
dowel/validation/good/xyz/014.tiff,033B86612B4D8AB39ED6CFA05B7B6EFFA5525303D5281B01FE4EF8AA28120916,1924912
dowel/validation/good/xyz/015.tiff,AFAD8D7CDC5EDC9AC1DFB30C7518E339466192FD6255A58FF21BE781C2C71FAD,1924966
dowel/validation/good/xyz/016.tiff,B9F54A9181C2CE3D31D96C20EC2DDF42C1DE6BB2055417C6446A6FBB3142C588,1924974
dowel/validation/good/xyz/017.tiff,620D2C2DE2561BD664F8D31397CE72EEB144649AAF0CD1F1A21695076C50A431,1924998
dowel/validation/good/xyz/018.tiff,22847D894AE820F1421FA4C8C8D3F48ABE3BF7F5679039812AD2277849401B33,1924964
dowel/validation/good/xyz/019.tiff,0972AB49981E5C1BC520D076138996F6A0A1E74102D7104E8FAD7584C45874AA,1925034
dowel/validation/good/xyz/020.tiff,86A70CAE740B3A567D066C27677676EBAE3770179294A6370CE66BB027E8D560,1925072
dowel/validation/good/xyz/021.tiff,C29C05CE96101FC16EF1515FC8445C6C7FC60FE8DD595BA1272401DDA6EFDC6D,1924974
dowel/validation/good/xyz/022.tiff,D40185142B44099F302D1EA2B3A3F9D4B8FFFFB08D5EC1E700960CF0843DE456,1924992
dowel/validation/good/xyz/023.tiff,9A5E92625EA1F1BF8DF15AEC696FAC1630F4C3EFCE458D21971D29C0F92E85E1,1924872
dowel/validation/good/xyz/024.tiff,384E0890DA3D7344BF3FD4270AAAD7A476CEDCB07346114C49A80046AD7FFE80,1924942
dowel/validation/good/xyz/025.tiff,6B11210B4FE0FDE1E864765688E78C021E5556EFCC84F7E35AD2B869BAC05026,1925006
dowel/validation/good/xyz/026.tiff,8AAE0D9A8F7BE09404FEC05DE7474962E20C935BC27D6C701EF9FE912BB8BB43,1924968
dowel/validation/good/xyz/027.tiff,D7DC930E1197E9CB6EE5F928825527D6AB32B85D976794D4624939E644E69F3F,1924990
dowel/validation/good/xyz/028.tiff,537908371A29B574E31004D68BFAD29A181DE0309CA778EA475445E53A657064,1924910
dowel/validation/good/xyz/029.tiff,4DA78C2A6E02498E511360E5331F1910D663EC46FAE178EDA9EC978F699DF489,1924872
dowel/validation/good/xyz/030.tiff,1C792E5095953F718309263CE83DBE2218DADC841EB734AB2E28D4140D924760,1924970
dowel/validation/good/xyz/031.tiff,5CFFC6AEFE17FEF92514B960C24B63EA6BA465161A533F64C010E08F2BF7A08D,1925010
dowel/validation/good/xyz/032.tiff,6A5412E3525F98AD5D76D8F80E1A903CCE36002B4F8DBB2FE38576383B64BC11,1924938
dowel/validation/good/xyz/033.tiff,28A8405CB287352AE68249A84E5719AC5BF0F16AC713A912FD44B7D1F6E2C968,1924822
foam/calibration/camera_parameters.json,88DDDC55154449CF2351EDFF7A1F1F5468B2D93022FA4B94B6A9D6889865184C,201
foam/class_ids.json,52B52F8E5D368859DE427F406C832B7D48C7A3E15FA4C137075DAB6B2BF212D8,77
foam/license.txt,221519EB7AF2A395DA4474E7E136BCD4E0848D8ABBF346ACB2FB0B6D6BD2277E,20880
foam/readme.txt,CAF14511A62020E45ADF34A0CEB679E220CD688B3734CA495D71A97D561F508A,982
foam/test/color/gt/000.png,4861DDDC2972BABF1C1AE9E80F18875B836E14A8C5BA36D84BABD73D6AE4320A,2440
foam/test/color/gt/001.png,0DC20DBDE1311D9B4DAC3671D0D5894BE5A14B2B36CF90A69FB2FEA7C030AE45,1109
foam/test/color/gt/002.png,7F2B1E2335627E6CA8E7BDCC3B139B97976DF92A26AA001129B5A95EF7F2F705,1310
foam/test/color/gt/003.png,A26FB0AD6B74351F1A024E78FC2350A98A47DF6F5772DF4A9B8A7C8785179F5E,1147
foam/test/color/gt/004.png,39DF99C9D529DC1B900413285863EBC248CC5020CE2403B7BC2EEEF1D45A848D,1082
foam/test/color/gt/005.png,43C84135A844C449D713B270BE5DE8CA98722DB4A298E7EEB6CC9B22F0EC4516,1340
foam/test/color/gt/006.png,79CFAF2147EF45E31F188C444BA8586EE520EA051860F3E92A44EBB85D2AEF13,1118
foam/test/color/gt/007.png,EDBE1C865A05524AF9F8A4277C04590B088058EC99AF88166F18557D6E74F220,1429
foam/test/color/gt/008.png,D9D7AAB526B67D84BDBC04FFCD04D6632CDDEFF28C74C43FEBFB51ECDE74827C,1116
foam/test/color/gt/009.png,90B8235AD36A0B6C37ED0266685C6B66291E58D78C092E0520AAD37A654BF8EE,1403
foam/test/color/gt/010.png,21D23FA2CD4F29B2562DB6E60ABF5E611813C9B36C3982A0EF473D10BBA34FF6,1193
foam/test/color/gt/011.png,A42D30EF9D72429688642FA23C0844FB292EC02FF80DADAD3DC0B7CA3ADF4C9B,1066
foam/test/color/gt/012.png,2269CAB456EAE7FA5E977159788BFD42DE73DDD2872EF0CE5BCB9C1993764EE1,1135
foam/test/color/gt/013.png,F646A2D4A603070F361B550A0F0EF03FBA18593605864FAD22F2063399BA0D4A,1140
foam/test/color/gt/014.png,2BD60BD8D2D17AE4246834825CE7AF173A263C0D7BD3142D8066BB4DD02548B4,1228
foam/test/color/gt/015.png,4B780B2413E3C5E66F98269A1237C78FC59911C8682F603D572032BB9A4D876B,1232
foam/test/color/gt/016.png,0EAC0C6EAF1401357C2CC2507570AA64623A0AFE5F5DBC1A6E5C2B056A4794E5,1387
foam/test/color/gt/017.png,F4EF7280F65D0CFF5FA1EB40E6406820CBDAADB40D4E2C40049994FE15D92894,1155
foam/test/color/gt/018.png,B219CE9B7B4EC72E0F7C949DE8B0DB345129D6B32C315FAACA2ED96E78E07ADD,1309
foam/test/color/gt/019.png,1340C92D08DC3DB61C1FC317116BDD37A66411A43C5879D5131343BAAB080ADA,1286
foam/test/color/rgb/000.png,6AA5D273DB86F8690E48A9D4B8CDA989C56B13CBA578162CD3A723F6D038EBD5,1260701
foam/test/color/rgb/001.png,D8C6AE536DC12B254BCE00FD3639704C9FDE4CBCF26CBD9AB32F20EF3B8DD2AD,1255034
foam/test/color/rgb/002.png,8686C3283B023B6C3BA96EF346540EEF6744F68F1E88F6E25888F961C9815213,1291779
foam/test/color/rgb/003.png,38F4EB8FEDA92F745A5398D4A831731D74D8D6E3BBCA5269BD6B821CA6F12032,1277910
foam/test/color/rgb/004.png,B5A7795ACF28DB83AB018B2FFDAA3D1C7530419383E315FD4512FE69140D0850,1220415
foam/test/color/rgb/005.png,94811D98E73C88F6D7B1C7309ACD5862854036A5797C8DD326EEA587BC1FDB36,1265860
foam/test/color/rgb/006.png,563B47C31A08750118EFA1CAD683337CF1AF454F0B2EC6510AC36F525FBEE86D,1244833
foam/test/color/rgb/007.png,1B85C6A99BC72B5080B3B8DCDC137B2D1D0D8FF36054E1B5BF570826F23EA012,1319286
foam/test/color/rgb/008.png,986F9F908A8812E1F6241172273D904999530D5881DA8A4B3E0AC98035AA88BF,1282482
foam/test/color/rgb/009.png,CA017F542CE50B16D7622DCB2E973713454D3BFC4693F21479860C276222CD7E,1290991
foam/test/color/rgb/010.png,77C1C9955DF36CC3373276AF90B48C3D859334838A63C9F1C1283BAAD806B4F1,1280081
foam/test/color/rgb/011.png,EE661066004CB158C8201965ADB5B8C10C801141D5A4388E53EFB0DD0E03ADAF,1233178
foam/test/color/rgb/012.png,660D4AACFA17AFD26E1E592C0FB267B91F56B1E66DC98928FCB53BF7B0BE498C,1257771
foam/test/color/rgb/013.png,47A31F5EFA09B8592C466669315C1E1DF5CBEA7DFEE7001DD1E5E97C5739612D,1289103
foam/test/color/rgb/014.png,41B4A217FCD3D12069BCD439C5185FDE4CE15FFB6A7C737D2322340CE3E7BD64,1305739
foam/test/color/rgb/015.png,AC115107CEDF47E497F8D7D514963A6EAEE60A0E80160B2E4F5D600E04491D0A,1244023
foam/test/color/rgb/016.png,3B5D355930764444401B64A8FD20086607432F67D714CE2B1ABA597A6EAF19BB,1251981
foam/test/color/rgb/017.png,54F679B5929E5E6E5AE93C28D027C6AC8E29230CE0476E5E726741A95BA3C58C,1244961
foam/test/color/rgb/018.png,0BCAB3A921560EB9D9E60CC1C9F21D23AB52F3AB2BC0536DAB9C4D5053FE5DD1,1293864
foam/test/color/rgb/019.png,6A95FF1607C6F5B55635373FCB3F9BE11C28AA9B81E4F7169A280EF55598A193,1261169
foam/test/color/xyz/000.tiff,39E10D9ADCBD224E98CFA02DDB5AD046E9596EAAAE1291430B5ED272E3DAF4B3,9762292
foam/test/color/xyz/001.tiff,E9319D34AF23C8270C05F5BA9A229F4ECDA90C020344D005C74CF7BB99003A8D,9762470
foam/test/color/xyz/002.tiff,F032B9F85A4730F41D179ABFE5B780BDF5B194932863EBB3E7CFB9E9AD68E0AF,9762360
foam/test/color/xyz/003.tiff,C2E91C87BFA3111CA7A4120373B8A1EA989DCCA53877485871169FA5DC6B14E9,9763388
foam/test/color/xyz/004.tiff,C6E0354FCF18CD76A23781DD7DCF4610C48B6BD96895BF57DC441F7202A9D40C,9765488
foam/test/color/xyz/005.tiff,9C94E76ADE54BCEECB67590FDD200212AB4A1FF42BB60E0DB935A7C267A81601,9763732
foam/test/color/xyz/006.tiff,6DFEEA6E117D71BC39C804D768EFFB4647F39AD4A8DC2AD053EC51FD09DCA527,9765500
foam/test/color/xyz/007.tiff,E1F14ABC45ADCFD4F8E05F9E54B49F1653770519E891401548911092EAFBEE03,9763038
foam/test/color/xyz/008.tiff,4DFF01C08DF1710DA0D0B5FC5D2646E8509A6979A6287C44E127837784D424A3,9765274
foam/test/color/xyz/009.tiff,4616CAAD017818739FCDA806C46B8E8FACA7C89D67412BF9D5A921B2B8D81EAE,9763718
foam/test/color/xyz/010.tiff,8C6402DCE71F4FB60FA92D32982530476C2B00A7DBE1832276868CB1996BEEB8,9763232
foam/test/color/xyz/011.tiff,89AE7811FFAC898B07074B47AE49BA1463AE10D3BF28E708853BB18D84068274,9763650
foam/test/color/xyz/012.tiff,78EEBB8788399FC8EFB76B7A3A05FEF90F5E494CB12A44DFB26A6FD5DC0D2451,9762334
foam/test/color/xyz/013.tiff,D9DA88BC20CAFC6DC4832384C19BECBC57AB9AFFF4AED577EA1410D4EA21187A,9762972
foam/test/color/xyz/014.tiff,EEC9886847E8561053C45F1FF2DAA054F0527C192CF12694EAD7F7D3B6AF58BB,9763270
foam/test/color/xyz/015.tiff,B0CA98A4F1A638F57FC36001ED4311E01109584D954F5EED9B4371298D744F63,9762602
foam/test/color/xyz/016.tiff,2BBFB86BA6A1C53D2D98B211FDB8BF16500407A07773C02E49A0CF64B8803DCD,9762704
foam/test/color/xyz/017.tiff,19852AB3571D6420DBA07711ED314DD61EDEA1E34108BA3590EF6FA4FE25F8DE,9762904
foam/test/color/xyz/018.tiff,AC4837D4BFA636B5BF85463A484E7189CE4C589D3A48E716A5198BDA8C8CCA65,9762510
foam/test/color/xyz/019.tiff,CAF34D92B4745483CC30A8FF8DC500918503DAA24B70D24E0B89BD50E37EE9FF,9761860
foam/test/combined/gt/000.png,BBA4E95889E53B35A36010105337E850043575E09EA6BD37CABFEFDD497D7DC9,1198
foam/test/combined/gt/001.png,9806C17F0D0B34BC5E3B5E552D2A057CFE324D3CA8AE6425D5D780EEA13498AC,1475
foam/test/combined/gt/002.png,57FBE54CD4B9C2FB903892E8520B30D7AF8371E6564E26E2BC583A2129FFD759,1352
foam/test/combined/gt/003.png,96E629F14BFE84B0607F90C88DE783EE7140BB18DAC277194E34EAC92C814F88,1542
foam/test/combined/gt/004.png,F5FBF2FA7EEF8F72C6B7F691D00DD95DC3A342E2DDD493BCD7A435C11EF6D420,1428
foam/test/combined/gt/005.png,3508CA6DCE65E33312BB735A0B864078A15163A90D8AECE58C53132FEE0338FB,1212
foam/test/combined/gt/006.png,4DB4DD80E150A9CA834E2C40D8A87B0F4CE57BEC2A93C32EDCFD51A6E95BE817,1375
foam/test/combined/gt/007.png,308467B45A2F744E3D2CAB8347AFEC8575D7884149665D923CEAD4E39C55DEBB,1623
foam/test/combined/gt/008.png,9CEB8094786ECC87638BFF47D3D368FBA0B782F242E8E6A9568C24819C8FC997,1314
foam/test/combined/gt/009.png,74896643D22F136761EBF3F47C7031B11663D47EB336EB92FC3E690E9AAD7661,1411
foam/test/combined/gt/010.png,8322DAA5F86695FF18DD8C34090D63638D2F98016BA84A179332C965565FF1B4,1199
foam/test/combined/gt/011.png,66767840B804E6D26D648C557C79B1B3D9EED91AE7F0F0453BF5BE7838627738,1452
foam/test/combined/gt/012.png,FD798D8571DDE6B5F27EC955FDF1A50F3E02B61C7000F209437826EEC5DF83D4,1451
foam/test/combined/gt/013.png,F37034369BE2764A9A6D80E402EBEF0E6D041F5275895EBB0DB2E49472CD23C5,1626
foam/test/combined/gt/014.png,1BC1E1BD2B7EB66BE8564F1B4D8D1109B2ADB236E6E8FFD3C429B4936DBC6349,1328
foam/test/combined/gt/015.png,84F547A34AA2FCDD791A8C4FBCF1EEAB8FA67B5DA833ECFBC1C5FBB3F769623E,1365
foam/test/combined/gt/016.png,40CCA58730BACB1BAFAEDA2C42C5B5A54B15AA1C93E22A5F13F0E600C64E9125,1417
foam/test/combined/gt/017.png,E9B44364BC60A0B800EE92E06B0C7D41AF565FFFC64DEDC8324B1570942C85A3,1617
foam/test/combined/gt/018.png,F79E7E8A39C9146843579C7367C7AA2FD62560FBB3618FCA0129E32180C1FD5E,1264
foam/test/combined/gt/019.png,330D509711B697B5691ED4978F90AFDE7BC0BCEE051F57C6ABA248D66CBAAC34,1522
foam/test/combined/rgb/000.png,95D22FCDE8222DCAD918D62A06C175FD29A41B24D4F5344FEE86AF01386F2B5B,1229664
foam/test/combined/rgb/001.png,D6B84F06ABF05042D2931608088FE528771C52C1BC81CDADDE2D12031C70B037,1249560
foam/test/combined/rgb/002.png,79AC8F100F3B387405E105080A0063C734DC07657440CF82A71D34A0FE2A37BD,1274974
foam/test/combined/rgb/003.png,66F950BBF53214F6F65BA603022F21BD422D8C30EEBFB07578358066BD199A9F,1339365
foam/test/combined/rgb/004.png,FC5AF92C10F9B4059A4F0D896121563B59D0B0E93EC6D3FEE8328FDF55AEA74D,1281243
foam/test/combined/rgb/005.png,C229F27E0C0D0BAA7065D07E9EB6A1684C1689A8663D61F68B1ED33B1B133D38,1290325
foam/test/combined/rgb/006.png,51DC9751E7D8AFE603D7BE61431A58CBFF1F83357573927D5271BC9206809996,1257907
foam/test/combined/rgb/007.png,1603FDE55B37FA1D137838CA7DAEC8648196EFC690DCC5EEF8127C7C8D4A5871,1219068
foam/test/combined/rgb/008.png,60130CE53716C962455A581113F7713071C5608924F0B1928E0EE565DF21A29F,1216441
foam/test/combined/rgb/009.png,9107D812D72E8942791A5F81A642C83A7697FA4B22BCB983E3284C6019673C1F,1211850
foam/test/combined/rgb/010.png,C70D6E30F4817A9AD30B5BDAF3DFE46EAAD706DF36B32097DBA3282A0F1EDB3E,1261597
foam/test/combined/rgb/011.png,5216D28E22A545881B440A8C85251D119E39A838ECAC589755E6237A4C98EE10,1232453
foam/test/combined/rgb/012.png,5A9866D3F499EB962174C32E4EF1B07FED3443644322B0DE0DA0FB56CA6C4FD5,1276621
foam/test/combined/rgb/013.png,2B182C4D890FA6D690314A251BAFD49A2D6E8766A62913F5D7E858A55B31BCB1,1289627
foam/test/combined/rgb/014.png,A37DFF2B1E1EB80DD454DE917231898138D31D0C68AD26230F911EE91C7FF6EE,1233456
foam/test/combined/rgb/015.png,885C8F0393EA5C866B4F6B3C6724A05FCF1794F9E70F238F7304B7F2C7D7B98C,1270195
foam/test/combined/rgb/016.png,1910CCD2421C7076459D920FE5AB52364FDCE031CB03077084321F1C8978E478,1283155
foam/test/combined/rgb/017.png,D80F34BEF6A53E5E6824A9DFF51F244C2F59782947C72CBB8ADA6ECCB315A542,1318377
foam/test/combined/rgb/018.png,807F134CA97A9FB300558724C3CFCEA146A541B8B1C8CC27E5FDA62FBB546350,1268869
foam/test/combined/rgb/019.png,D8EACEA8EEBC3956F1F9D7E5A279C3E737699B0813678A64834CEEB7C5F534FA,1265274
foam/test/combined/xyz/000.tiff,055F98BCC64DC3F93435B708F16FFC2E1E72A315A5D2BFDD34063ADDB05E6474,9760312
foam/test/combined/xyz/001.tiff,0A430FF3179D1E3DC22EC26FEB0FC9E97E374CEAAB2095D733CC788A6D83C6B4,9760492
foam/test/combined/xyz/002.tiff,0D6899BEA232175E0EE0B4636631E2C6E4DC46DB44771C6A6F9440818ABC302E,9761532
foam/test/combined/xyz/003.tiff,2B44F4C1936C68ABFCF64502074F771D8E5EF3E3E7DD62A6656B904D8DFB19D0,9764596
foam/test/combined/xyz/004.tiff,257DC18B69DB40B31D41517804F44FE32AC9A9DE8DA2BF6A117D096815BBC7BD,9764306
foam/test/combined/xyz/005.tiff,82C5F4A32D8A89110C09F9A6F9DD290971EF396D85A8E0DA669AD041970E8813,9762220
foam/test/combined/xyz/006.tiff,F2ACCC42B6BDB49A0D9950E9D87BE05025CFAE929D71106D3277BFC06F2F458F,9762090
foam/test/combined/xyz/007.tiff,99AED2F4CF23AB2915F3A8EF405A0257847919854B0D67CC16CE1043A040AF64,9762738
foam/test/combined/xyz/008.tiff,0181E0024D0899A1D23A7901F227A2B57B9B8717EC0E821F58A5C50CC20A865B,9762714
foam/test/combined/xyz/009.tiff,D8C44870CEC1674A58182A7FE5C3B590807AAAD77F8FEE3304BFE11D15C47FBF,9763122
foam/test/combined/xyz/010.tiff,1BEE8F8177A97878FF2448E7B8BCCED42AF29FDB6DF97174C823145C850030B7,9762440
foam/test/combined/xyz/011.tiff,ED6F8C75688CC5031BC6DC3A40DBF696DA0C420E3E78D8F5A274BCD7628CEC76,9762798
foam/test/combined/xyz/012.tiff,91D5D59760ECA5804BCED5DFE7068A313111A2234027371E48969DFA582310A4,9760720
foam/test/combined/xyz/013.tiff,63E7C5D4B0C9FD2A0B5E2EA04C0590573F00104B17BA38D736C3B1E33BBBB724,9762426
foam/test/combined/xyz/014.tiff,5657980CC55EA87C15E66E644BC7FE4C140105BD2428CA970125471FAB5F1176,9763094
foam/test/combined/xyz/015.tiff,72E79F28634B65924F5F10624D39C5DABE1E95CBB284F93CD12716DBD5407F09,9761970
foam/test/combined/xyz/016.tiff,682DB5739A0E138D2FE7C9BA3C042298EC48C13E0F685795ACD96C64530748DB,9761284
foam/test/combined/xyz/017.tiff,42EB113DC0059F0F1CAA7245D30C47A2AA5CAF12C663E043E8A17EAE538BE87A,9764888
foam/test/combined/xyz/018.tiff,191ADEE835C14DC801CEE31F85B893095AACD10CFD9114517E1EA521191AC944,9761668
foam/test/combined/xyz/019.tiff,D9A52A514C6074B9634E3CCC98F86280465F0B59EF3E2CF4DF715DC2E3692939,9764926
foam/test/contamination/gt/000.png,B5B442727F1483FFB0A82A1D3444BCAEDB3E2BB5FD67F51A86796D91A20DC65E,1100
foam/test/contamination/gt/001.png,432B06F239D4D20D2E4AD2869DEBBFB6EFF8E4950B8B2546E3A8AEB47A75F6A8,1149
foam/test/contamination/gt/002.png,F8BE5CA45BE28F1BADABEBFE7C383D32D3BD7CD7C4CAB70691C663E531492FA8,1153
foam/test/contamination/gt/003.png,948E79D1BA4E55649EEAB41C530693C8C4BB1D57A89CE9F40A5A9F6222EE9493,1282
foam/test/contamination/gt/004.png,9AC77EFAFDB3DE0FE826AB533B16EC8E0F04A606C8B1DDC385C66C58D52DE97D,1155
foam/test/contamination/gt/005.png,C905719E5DA1B1B7DBA7C8C4A28ECA422041E340BF0D62032E29EE2D1BC0D87E,1315
foam/test/contamination/gt/006.png,C29BB8ADA78121545C2A2DB9CDC2AAD3E2F379776924870F928AA87A37F8505D,1237
foam/test/contamination/gt/007.png,663FAF4475072BCE6AB5FC45BC3B08493137B25108C306D1B61CAB5A9C89BDC9,1056
foam/test/contamination/gt/008.png,9448E3673983E4C29EC6090FED92ACB4F847F1910EC548C6EA9EA75987929B2E,1133
foam/test/contamination/gt/009.png,5C5536AAE9857F372BED09B09F8D019E05A826024292FC1FDE6833BA2AAF0F06,1167
foam/test/contamination/gt/010.png,D663CA25BF66F9CD3AD08F00904E265FD537F152C3B0F362A9D2A26B1F4E8FE3,1144
foam/test/contamination/gt/011.png,65E030DC26272CC3689075C3A449B5E43A3A6A6D1B2FD8C1B4F9E42710B5BE5B,1025
foam/test/contamination/gt/012.png,10D344519FCD698BF4CD55DE6059DFA3C4BE71032646D15C8CAD742ABB34DD77,1236
foam/test/contamination/gt/013.png,22F01410C63CB545C95785F1B654E587D48B4C4D0B96A2C061E192A9C14FF890,1096
foam/test/contamination/gt/014.png,846A12FF141175BF289559041265245E6C2F973E072AE6EC8813CB185A1391F4,1141
foam/test/contamination/gt/015.png,0D841693D1639F819F7A5AEAF4FFD97E48D2010964066B9684D7475FD7E9A43A,1153
foam/test/contamination/gt/016.png,FD5EBB765A9575C9DA43D0BC4BF664CFC5C3BEA3ADEE636AC0C975D714C6006A,1082
foam/test/contamination/gt/017.png,DBC41046B72FB2AD1D22D362EF0F345D0DE91CF592B0F0D245D0C76B23889293,1106
foam/test/contamination/gt/018.png,49023B3D049921AD151F3284976A08FF40421026A7EAEA05762C8B0A331EB6BF,1082
foam/test/contamination/gt/019.png,AE65D85E9DED54F19A1096BFA185FD3E1949F020E34B71559BD7DFBEE94F6344,1193
foam/test/contamination/rgb/000.png,B86D86CAFB36FBB12648BC74676BB52CCFF0D24BED89D067625C041634F66EDE,1293523
foam/test/contamination/rgb/001.png,18EF1FCD0F37DEF80FD69EC63AA9A7D82B42D8383ED53F35A61F466870A27536,1243581
foam/test/contamination/rgb/002.png,43F8FD239126431AF5E0DD7380304F099AD82E59B06E7CC53D47C5C41E069F79,1339554
foam/test/contamination/rgb/003.png,F28583BB9070EAE3206C968739DD37D3903861D4F0C6608FA2560F4176B2D694,1317071
foam/test/contamination/rgb/004.png,B8B528E3CF4EE99DCA4175F833E7AECF8A17D8BA27CC1F5B871D1E98A2CB1E93,1257076
foam/test/contamination/rgb/005.png,9D3E662E4BED03980B3D86649532FFCFDCFC5D31E4CBE1B5FF5D878341EC58FE,1242095
foam/test/contamination/rgb/006.png,02DE3B75F55CEEB2085105DD1F9EE93D0419E003FB08CF75648E5B0E6B6DAB5F,1228761
foam/test/contamination/rgb/007.png,0C6B7599D07072D25ACD79BDBFE80D352B287EFA1F43C6816BB113BEAA4593EE,1263794
foam/test/contamination/rgb/008.png,B1282425AD3983D1D7A37E850D457A85BA160186B793A5EADC4418A58D4388EF,1236813
foam/test/contamination/rgb/009.png,FCDDD91461D754383DB47817DCB538E6503791EE3485D3BFC6D745AEFDA98FBD,1231958
foam/test/contamination/rgb/010.png,91EAD391F6E3457E5E67C3F8220143FEEEFEDCBCD30BB15B4A3D736BFF5F5448,1258966
foam/test/contamination/rgb/011.png,4078E6F1530031ACD6B8607B72F532F4774BABE9BB818848DDE3205EC8879B9A,1257379
foam/test/contamination/rgb/012.png,1AB371D22953D620DD51D723511BE6B5E0B72E1AF3111FB1C463EA7EA17F2CC3,1219719
foam/test/contamination/rgb/013.png,E598DC0C45FB402A42E42210F1C1F3109E6AF9C21BDC560A76A7E13B8BE00819,1243996
foam/test/contamination/rgb/014.png,193B7B9168667C29321666CD96384F1472298CA9E0E999723643D1B7898DAF84,1227306
foam/test/contamination/rgb/015.png,7814A205238E22EA22A7568D17BC906E3E1CFAED78103163314ED17EB6E36437,1311759
foam/test/contamination/rgb/016.png,DD1163A627760A839E3C3A8FF5AAA0C52D5F1BF13181559A103C57B5BF307675,1295334
foam/test/contamination/rgb/017.png,96E8AB4F87EB9A0039BAF434846B1A8508D8ABCEDF2DA22A405C8145F5067D88,1289417
foam/test/contamination/rgb/018.png,817FFFA001C9D5EE7082D3709AEE0149AB9227E2B94AB2179A3E6F883AECB7A4,1275881
foam/test/contamination/rgb/019.png,E4FBE323B3A32879815DA402F66E2E53287E302E2A8F9377933506817D50EC35,1348143
foam/test/contamination/xyz/000.tiff,6F07D9628137245D1B55D1947E9B036BFA02016D25B45C79065BFA02321D0DFD,9759740
foam/test/contamination/xyz/001.tiff,34C97DE03CA736C5E18C69A4B5E2B61D7AA85E05E27E2E02BF3EE1A6DB06DE6C,9758516
foam/test/contamination/xyz/002.tiff,CF11E9424EB99918781E79C37AEA7E13255FC3C558196B14398E2EC2949C1054,9760000
foam/test/contamination/xyz/003.tiff,5340E5543057A240C57F8AECED51C67B8C34D476CE1DC57851D0B19662EE8742,9759692
foam/test/contamination/xyz/004.tiff,3739223E8C718B85DB2317A493740391864AF26909CCF2D846AD0E1E102470A2,9760434
foam/test/contamination/xyz/005.tiff,22E514563854966D656F9891AD4E4FAEBC7DD17252B85994AB421BA81448BEA6,9762614
foam/test/contamination/xyz/006.tiff,974B27A120B7908EDB87809AAC55799470A1E8C80AE6D862AA3B670012717358,9763524
foam/test/contamination/xyz/007.tiff,C2E57C7EBD5B1E80C2359DF9951D3C6AFDE9F8B0941C3240787B9D4530D54CC7,9760462
foam/test/contamination/xyz/008.tiff,7577EB64F8C23E9861C5B929AE43AFF171B6ACE8322ABE7AAE9145EDE71BCBF9,9763554
foam/test/contamination/xyz/009.tiff,84F67A5269AC79994952B4289F25B4F68FEE425505C23715E2178D2168BFE656,9761930
foam/test/contamination/xyz/010.tiff,351EC53F5AA023DA96BFEBF973946803FD82756EC0745526A038908E1A8B4115,9762442
foam/test/contamination/xyz/011.tiff,18025DC02F2A1BE047BFEF1636A6D6FA823E62EACE9BB4E23ACF0BAAE61F3904,9765064
foam/test/contamination/xyz/012.tiff,693BB9378E7D4C6DE8FDA3C12D056A7003AC6DA3E1DE03202610429022E072F8,9763818
foam/test/contamination/xyz/013.tiff,3E72BF541D1F9BA5A235830ECEEB1605606638C0739B0FFA1F5C64BA13696821,9764466
foam/test/contamination/xyz/014.tiff,09C02E403BF7A3C8F8B95F9D675C6D0B0DCD8BD3AA0DD80F6677AE3DF036DFD0,9762656
foam/test/contamination/xyz/015.tiff,A9C887C17BD27B18BABD1165BDE07E92485C9B6AFBEED2528571656CF8689F3F,9764458
foam/test/contamination/xyz/016.tiff,C003B170CC9EA39EC775E8D92F3656F042B9BF82DCE9D3ED837D9F23D79FC64A,9762912
foam/test/contamination/xyz/017.tiff,003CF13CB0D13F5D1F82445249A321CF8B517A5C13D8AA5EC7008270AA3A28E3,9761406
foam/test/contamination/xyz/018.tiff,62E3557A7A10CAFBCAF0C5B11EF04CC2220DD226EDFA2FA66531B79CFB99BA6B,9763226
foam/test/contamination/xyz/019.tiff,65EFC8B341829BB9B80D24DF6B7284CD1DECABDE1A652BFCC123DC11098107F7,9762770
foam/test/cut/gt/000.png,266D76F751BAC4AE03760A35102261DA83991888F1F821D39AA5041BB3B6FE71,1130
foam/test/cut/gt/001.png,3BF28E369E40A73D3194013D99AC83496062725940B3272B7F81A44F1165D262,1097
foam/test/cut/gt/002.png,E55714B5881FD324A49E902E73434810EB7AA2EA72C5517465B363ACFB0E7E73,1181
foam/test/cut/gt/003.png,B15494AFC0FD37F5B6B01E219EB0316DDD9B87FF526D67EBC4E423BC937A4DD1,1090
foam/test/cut/gt/004.png,6824E1F9DC08D77FEE372A0D863486A516A2A0800D58905741DF9161FDAC79E4,1153
foam/test/cut/gt/005.png,11573E18801A29AB97717802AD6FD7304A64FA1C3AB8245A663D17653FF1CBB2,1134
foam/test/cut/gt/006.png,7D10D46FF8BB37D8D68C8F3DE7BF2CD2ECE0E7A1111E0E3153C9565316DA38DB,1096
foam/test/cut/gt/007.png,0F91083B9466137F71C9EF3177F6E310483BAE49A8D6944976CE047CE68F4DEB,1141
foam/test/cut/gt/008.png,888BFC10DE11BFD6FAD66C9F5979EB30530EA9509513D42F7242534B3E70BABA,1163
foam/test/cut/gt/009.png,818C223F2247E6F0EA0C3DF840D44F49F1A7368890454B3F47494BAEA514611B,1090
foam/test/cut/gt/010.png,A1AFA8A2178C131FE359504F14BA669BB99C5ED6F354AC59FA3D5268C0EDA000,1119
foam/test/cut/gt/011.png,873C8F57EEE39F8474448476A10E9F47BBAF2B0658EB7637982FA8043F989B10,1098
foam/test/cut/gt/012.png,30A9931A0114A992323980A4CDB4651FF67ADEBD910A67B9E171FFCA4CD31D19,1103
foam/test/cut/gt/013.png,7FB30D73CA5BCCBACD87F810676C910E691BFAA6ACDBD8A77170DB2A87684389,1185
foam/test/cut/gt/014.png,86F24078DCB102541F26B718CD94AD3547D98C7F5730A4C4EECA54B1B9EC2491,1147
foam/test/cut/gt/015.png,B20BE26FF7D60D48B637F43465C198E16716FCE167060471199CFD7988C6431B,1189
foam/test/cut/gt/016.png,3AB892EBF5C93EC708ED60EB68CC44040888589250FACEAF1FA29CB1C92DC059,1078
foam/test/cut/gt/017.png,93A25E8CE79895007D41392A0C569244B76F7976A8B31CE3C67B8FEA2A5E8FA1,1107
foam/test/cut/gt/018.png,5DE175F96046EAE61A493EE190E1F5628DCBCCFD82264BEACB689A7EF468C34A,1103
foam/test/cut/gt/019.png,2CFB3A30F0DC0ED55FD14E655A2E9070D4EFC0EACBC24169FC00430A439D9F11,1064
foam/test/cut/rgb/000.png,7D18A196974C92EDDA5D14487F8EF744F1C303DE103A7A82A3357515D0829595,1224844
foam/test/cut/rgb/001.png,822E20B88128E53810F2AB02FAED1380EF732CF108C38F97DA025FBC8AF71297,1271589
foam/test/cut/rgb/002.png,E638A2754A77E6C3A1E28F225C9FC7F464963D5700107E6A6ECC8B83D5B33251,1220656
foam/test/cut/rgb/003.png,3FD1B01F9AF29A39DB8E6588904C420A00BA283897ED8EA8AA1E370451018623,1216484
foam/test/cut/rgb/004.png,989B05F97C6EBC6885A18692448616CFEE061CF61E111FD1129B578EE34E15A7,1302124
foam/test/cut/rgb/005.png,2391AD231F9BD0D119F961E83207419E2F88CBB41922E41AD620C8C5E14E5BDA,1256889
foam/test/cut/rgb/006.png,1DB519BE801335E8712C12B0B8ADD5C58DB300A3D1DE39D348B5B11DEA313719,1213221
foam/test/cut/rgb/007.png,A588761E6C1CAE955EE1A8B1D2E0E3965E3FB208C6EB1CD2A2F402DB7C510AE8,1243319
foam/test/cut/rgb/008.png,0E7F33684723BD7C7672D2DDA29955187EBADBAA4946C290D272096A77F9BA79,1293577
foam/test/cut/rgb/009.png,96D46A28E83BA708E5BD84464440B28E026E62516D98CEB7143284828EAB7EF3,1264284
foam/test/cut/rgb/010.png,C000F6C60377748DA5336768BFB9EDD8FE31DFD3210AC450A00159366060B7FE,1242511
foam/test/cut/rgb/011.png,29B6737721C85521C4764D6362A179F411154DED851414608B4F2B4CF6E11CA1,1251205
foam/test/cut/rgb/012.png,CFD4CC4B5DDD7BA7033ECF5BAFF77C19AD88D94DE59A9A9544E54BDF6ECB05F3,1274629
foam/test/cut/rgb/013.png,E2815A7E13D420ABF3058D69EE8232C6631DCACF99EA411F977F83C8AF0B0F83,1257780
foam/test/cut/rgb/014.png,15C33D820DCD3B69BDC7A530E8E852B83742D208E25625A7967368D4350C4084,1218982
foam/test/cut/rgb/015.png,E4BB2F8BA48DD46E952E097FD6B82EF5A65822B5BD412B5603642442CBEBD64F,1282230
foam/test/cut/rgb/016.png,CEA465E7E8C8A36F444BDC500E787CA141380F6B12AAA34ACC9BE7242A9B1CEB,1317008
foam/test/cut/rgb/017.png,6C3AF4FD851E3B3CC4BF3C7824D275DA56DFEA0516BB90A0D711EEDBF8D724E4,1277226
foam/test/cut/rgb/018.png,8D5BDE68075E66FB313315A3AA1AEEEFBEE851AB8A040B5ED5D401B06FC615D6,1309810
foam/test/cut/rgb/019.png,349C1D2B8BBA3AFB7B9C25DC1F0C9C73831F5314A8E187F79D1AA07FBD48FD53,1230206
foam/test/cut/xyz/000.tiff,59F543956D36BE616B054132C127BB562AB2DE0796ACFE3FE15839AD462DCC27,9761460
foam/test/cut/xyz/001.tiff,77668A0CF95C61EE24E07C36B28485212263086DCE4A50D8AF550AECCA3BF9CA,9759564
foam/test/cut/xyz/002.tiff,A3C03DCCD234C49EBF3904855370D47A890CD652671F7DF97FE1D89BF7D903D8,9761346
foam/test/cut/xyz/003.tiff,CAD9F013D56CADE142B8DC753B3B56A01B60E189E038C264447BDF9D979D1229,9763794
foam/test/cut/xyz/004.tiff,C7DB35D498ACE5838A23EEBA693B0D2536D859A4CC0793793F21BADFAF7A7890,9762278
foam/test/cut/xyz/005.tiff,2F35407B7D9921B97145F254B99D15C5F9282C9CD8665CA340012BB6EA29220E,9761582
foam/test/cut/xyz/006.tiff,7F301D39360F6C6C982D3A25FB1EEC8C35FEBFCBFFD15D98275EACA14FA9AA33,9764024
foam/test/cut/xyz/007.tiff,4B6E55306F2D79D3B00F3B7B8BD093A59BB7F914BC0139C97F6DEF3D771456BF,9762698
foam/test/cut/xyz/008.tiff,066EEBF1468E354DFFAA5D82AFE1D1EFD683DAE0ED2A86D6AEE799D90E923B20,9762294
foam/test/cut/xyz/009.tiff,499C4EB5058AE320157415289F893A3B2C0D091C74C2CEFE4472E14CE6A66277,9762964
foam/test/cut/xyz/010.tiff,35921ECC9E5748A3E572C40BACE74E9388C02D81D439E6AFF41DF3B80DA72718,9763186
foam/test/cut/xyz/011.tiff,377202A74C9572DACEB63814DF23DDAEE28F17E5101948F2495BD1CDF69EFE4E,9765764
foam/test/cut/xyz/012.tiff,0AE0C91332FEC7725B79C24B0383D7F30C33235E6C2EF0A4264EDCD14FC72DC3,9762624
foam/test/cut/xyz/013.tiff,0937A13ABD267BF80987D7A797ED209CC69A3488C47148F9AC94A48779277FC1,9762436
foam/test/cut/xyz/014.tiff,5CD9D23318E7CF65ED1D4AD74D2D2D0E06F880092F1805E1A5BCB009DF70C1DB,9763832
foam/test/cut/xyz/015.tiff,E944B781F5C37D04DCB46DC2EBD8BE635C8EEA019DF4EC54360955A579CE309B,9762522
foam/test/cut/xyz/016.tiff,A317D859C9D3E5FEAB18D45D381914CEE65D082C980D3735F47C19F11BCFA725,9762726
foam/test/cut/xyz/017.tiff,C45B0953C8F91A3CA7162B6E9C195B0C5402FC3FF4D15EF02EED704F7288CBD3,9761954
foam/test/cut/xyz/018.tiff,C963524A2347CCB7EC90275DAA2A8F1D47E992A8FE5F9F17DAA3C391FA7C1EF9,9761288
foam/test/cut/xyz/019.tiff,A086A9986D737DF6F20925D1D2ED4F98AF2BA9B559489B8712071AC20E20A2BD,9764214
foam/test/good/gt/000.png,A55852D0E4FA0AA5D0567B2DCB10EEA0848DD185C03456424B8F5FA99D7B8D11,920
foam/test/good/gt/001.png,0DEC89659282D76DE54F497AF8465D135BFEEA1E9CEE756F0E59054B489AA9FE,920
foam/test/good/gt/002.png,E83A0E917BC6CB365567A9E565A2E9B44E5DD134D5278E52C354CFE838A3AD22,920
foam/test/good/gt/003.png,1642626E753DB2B433D44701D730E832C4D2FE8882FCF56FE23DDF2B2361DDE7,920
foam/test/good/gt/004.png,688B2B64245775F8AEDBE74E7F4972DC520D28EFC13F85C86CB75B45C1C212E0,920
foam/test/good/gt/005.png,F031349C300D5E486196678D0AAE5353F2C3B66B601B62FEF963697998A89A28,920
foam/test/good/gt/006.png,3CAEE9F808E072CA864EE48FDF1A5A7B996DBFEF011F334C1934CBB878A9FA63,920
foam/test/good/gt/007.png,0FD02C8F04DCBC58EF28BA53B4E18D5DF21C6AECE0C8E91D66CEF23416720A79,920
foam/test/good/gt/008.png,0FD02C8F04DCBC58EF28BA53B4E18D5DF21C6AECE0C8E91D66CEF23416720A79,920
foam/test/good/gt/009.png,C12EA73C9F73055A850853742875C5EB75AE9C69BB406B863783DC5B0D705186,920
foam/test/good/gt/010.png,87424EB2AF2664D704E33A0B85DB0316E8237E1F3D85A76C08691BD1F12D571A,920
foam/test/good/gt/011.png,5A299135EBA4F51C5FCD700C723B4EC9DBBA7D514AEC3148091F9AFF0447B36E,920
foam/test/good/gt/012.png,2C89FD5668541819E6A45C4C81EC40793A3F5120EC522917413020577CDFF212,920
foam/test/good/gt/013.png,226DBF865F75BBC703D5168EAAA2563EACF70D58EA8C41F854962467F864748B,920
foam/test/good/gt/014.png,C23D30716D66D2917915010CB51139D6D801A38FA94FE2C295D8DDA9FE5B01F3,920
foam/test/good/gt/015.png,FFD5DF5CAFC60387D8D058E15D54D862118B7F4F2E77F803715FD58CA615705F,920
foam/test/good/gt/016.png,FFD5DF5CAFC60387D8D058E15D54D862118B7F4F2E77F803715FD58CA615705F,920
foam/test/good/gt/017.png,24B2A2C123CFC07936AEC6BE82BBE3E023D9BAFFAECB3A7B73C023DE3173DD90,920
foam/test/good/gt/018.png,4EBAA253876F783872F36FAB8F1AE0B1AD835E85FE86BBC9B53C7E0DD79F45D6,920
foam/test/good/gt/019.png,EFB616077DFD649A2F600E82FF7C82F43CF7DE95C9CAFD21B068411F5D5AAF30,920
foam/test/good/rgb/000.png,2201F7648E9DE35A72088C409C8F776E2263989389FF7020CC36AFEB3B48C714,1310175
foam/test/good/rgb/001.png,58E6C474E897BA57A55327A8556B035E1AC85F322D903709F1E6B67725BBE31E,1279016
foam/test/good/rgb/002.png,EF1C7902CF54970216F1675DA861E99FC68A296C210857560130FA2533437E9C,1227118
foam/test/good/rgb/003.png,BD0CA49DA2354A5F60D24C78DE3976B9923217969016E6D2AB2E465E81A93623,1285878
foam/test/good/rgb/004.png,DE4F8D3BB26F00CB653FC523B5AEDBA8B6500983EB631BC4E4B70700A4586215,1311971
foam/test/good/rgb/005.png,C6039B37F6642266A63508F243C6663662390BB74FAD587F29655BB338AFB08A,1219612
foam/test/good/rgb/006.png,CC8F9B79B13DA2C2B6CF3572C226E0DA4396228E3BEB790AFE913D69BCF890E2,1227307
foam/test/good/rgb/007.png,9BB51C9FB91C7816AC4377A836C44455279CEDE4AB27DCDB3A7B19C4A897B7FE,1227982
foam/test/good/rgb/008.png,393652B67A4F20A9810D6FE08E20456A5DE5F84D04C837208BF9D0FDB65ECCAB,1231084
foam/test/good/rgb/009.png,A552B18E8E94D2C8D0F828A2AA7FDC7C4865EDE2ACC65FAF4616975B9C066874,1237860
foam/test/good/rgb/010.png,BBC22BA1D42174057C09EC52B5F5CE56A2398794CA6E66B7BAF0AAA274E36144,1325441
foam/test/good/rgb/011.png,4684811DB3ECF3C8A20E7CFE9380576CD147B629154E0EC4701E81B7F2AE0826,1228904
foam/test/good/rgb/012.png,2D215AF4E1DFDA22923989A9122A31DABA5FA66AD7609443AD3A20B41807F17E,1249055
foam/test/good/rgb/013.png,04C0759C4BC30B7059843B33AD042B6CBED61191897142DECF54E27B2F11290B,1290989
foam/test/good/rgb/014.png,70B60495CFD42F43A02749C1058164328AB07B3D1B8429C0E31C449EAC265D9B,1316757
foam/test/good/rgb/015.png,212DEA92377C5A02BDBE13706E315F3C090D165C67DC2DD63B659B762243125A,1332825
foam/test/good/rgb/016.png,8084459E1EC4F2BC8303B0226165C674F4F21CF2006DA66EB6C7B9783674A79B,1275850
foam/test/good/rgb/017.png,B7AA14FBB803A24E9EC5F7214C07DE09D816781649224B95D377208C39577DAD,1268726
foam/test/good/rgb/018.png,01966E9AF33A433DFCD3A109255168C4356AD356416A0196D1F446811D8DD9F9,1239969
foam/test/good/rgb/019.png,18B379B8DF0554EC9E9FA69112A767C66171733653C5A07BD98EC75D775E42F8,1238928
foam/test/good/xyz/000.tiff,74C39C9D5C80584966F64AE9CDF3BCF6BDC9CEC2E82CACECFAC5E655DBD91038,9761042
foam/test/good/xyz/001.tiff,2F336BB54B9E9BC3B7F21DAF09C1C13CD804BBA0940FBC94AD32A4648B55BAEC,9763766
foam/test/good/xyz/002.tiff,7CCB0CF52091BEEB507F4E883A5658A9DABE078894FD82A232E1C7490C5687DF,9762138
foam/test/good/xyz/003.tiff,4737F77600CAB990D5E93DED5BC023D9863AFE871009CDDE98251FBD702D5D7F,9761126
foam/test/good/xyz/004.tiff,F8219AE8E9E808C84DA0D34F24896E91D8E38DB921110A91E00F4DB302EA6F77,9760726
foam/test/good/xyz/005.tiff,FBFA16A5E3B9963BD0A1F1A98063F3A1F5B3FBCFA652E4BDB33CC73B6EA617C7,9763422
foam/test/good/xyz/006.tiff,B955A90A6DAC30B82B56202A285591043A424D82C7A9C414CF512325D676CAE9,9764398
foam/test/good/xyz/007.tiff,C775CA39E9E0262B436DB8031588741D4B0FDF5F628BDBB8E7BB6950F2AE1562,9762938
foam/test/good/xyz/008.tiff,08048F34668DD5F7FAFC283E0DDB98C52A2C3D55E5A7F9BC9196ED522412BB0A,9762934
foam/test/good/xyz/009.tiff,E2D74B473977876296029765BCE0D82BDA222DED367620C46033B50CD13CFC90,9764542
foam/test/good/xyz/010.tiff,82965414605E54898C9718F35BC95C227576517F7C3FD911757479540CF9A1D3,9760406
foam/test/good/xyz/011.tiff,3EA0B1170DE4370E8EF5516D54B09424556920219F2FF579D6BAA3E6116FBF94,9761556
foam/test/good/xyz/012.tiff,7BC0B71F14B17644159B972F4980A750E8FD51BF2D781DD4C5FAF6E0D919254C,9761500
foam/test/good/xyz/013.tiff,602008A7BF21B14397B83244A7ED0C876790D9B0155F14B1EBB2B1ADB423BEFD,9759772
foam/test/good/xyz/014.tiff,7AE5ACE6EA0CB7D7A1226FECD9688AC64FBB55FF9F7C0B0BB1223268242568D2,9759026
foam/test/good/xyz/015.tiff,425A47FF6CA797F2ABCD8542ECFE9FA5CBC9D29860FFB564CD392E7F3F6C9987,9758592
foam/test/good/xyz/016.tiff,B2A2B4E1535CA06A8F41DBFC67AC690FB1F57F9029A02B10C5DC6CA8DB8BECF1,9759828
foam/test/good/xyz/017.tiff,BA41202FC3D3B794A593E6838DBFD3D599BEB18FC3C2FB7730E1804462A1BC91,9762758
foam/test/good/xyz/018.tiff,D5881762B3EA6332F1AB936CC7E9369215D514BCECD917BF0932F235CEE1E57E,9761372
foam/test/good/xyz/019.tiff,08973DB30C7C5A0DB71F3628AAB48AE0DDEBD8E41A64177DA2DB9E3D2109D6BF,9762448
foam/train/good/rgb/000.png,0F5F115308EA89769CA941AEE77F43CF91185B309F328734371B3A8848575E6E,1218685
foam/train/good/rgb/001.png,7F356B944D5D8BB6D1FD9913B1850E944DA861C5E59DF36BE4B103E820D11658,1254788
foam/train/good/rgb/002.png,D410D286A331DA0ED916CD4400C008BC920D53BF8058D06530D2C4D3725F9B0E,1281672
foam/train/good/rgb/003.png,7F25EB1B760E729315CF6CE67E38B114FC893930E6E06B33DF835AA2BF374822,1256788
foam/train/good/rgb/004.png,68440788089ADD5E9C6E444361A172C22BD087915867EE240C3BE517EF2BBA40,1262361
foam/train/good/rgb/005.png,1033686CC0DA38F86AFF79FCFDBD77A790F697D6F516B0D38016BE6D0451335A,1244558
foam/train/good/rgb/006.png,9454DDFCEA5DC487340BA2B167FABACEE37DA67A9D54E66087985E341140967F,1218288
foam/train/good/rgb/007.png,AA4FF0D497C12A24D5F55D88D6A43836ADACFA1FFF9C5B7BAA6F37DB73CAFE33,1227922
foam/train/good/rgb/008.png,73AB6878F7D4DF2B1300941934463148A65CA9A51EB0543C06EAF955C2A21757,1230272
foam/train/good/rgb/009.png,806B4F27E5364EFB9E299BD97A7EE2390F117E81D8F6799C16F1972FD2AC5FEA,1193660
foam/train/good/rgb/010.png,3E3E7A29EC4D010C0A721E048E2A1E5D1D91A4EF970ED7CF17714CF6414221A7,1237619
foam/train/good/rgb/011.png,CDEB83B2F64FB1A12FCFB2DE6648A421AF13B59304768EFDA86461CDEFAB825A,1268272
foam/train/good/rgb/012.png,2FC08027D389641276A864951B432109FB0B3108EF6F1B7CAA70529AC9EBA83C,1218605
foam/train/good/rgb/013.png,43077B1C0378F456CBBCA2780AD412603EB9C8B52C1760C0C0EE661D341A7782,1239396
foam/train/good/rgb/014.png,4697AB7A886D322462C9D3D3A127D381EE2418085445A9CFD3C73AB052935E8C,1244589
foam/train/good/rgb/015.png,51FE689F3DC69798051085A68FC2F59CEAB9826128CDD4C71566D8F50FB07013,1227815
foam/train/good/rgb/016.png,5024089BC1FC46C30330C8F3271C38AD10C4BB05574268787A93BBCFAFF40B73,1302668
foam/train/good/rgb/017.png,C90D267710723CFCF0BE3503FA9FD0FFBD839D5E487C9FF5D83DEB6382583705,1231336
foam/train/good/rgb/018.png,6D958B03D8F0416DE196CEDB96F6E6C0AAE7276CE56BD7808D8ADEC2E22FDA4D,1248836
foam/train/good/rgb/019.png,0A6DEF1B78C1A4F5331C901F4206EEDF9AE0B26DD2D46AD2125E8E107656FA82,1286401
foam/train/good/rgb/020.png,0458602405C386746F6813B9989B3C804602B2524022EF5757CC9D2F6A7474C7,1284696
foam/train/good/rgb/021.png,83B0A23E436A563250E2DC9B5C5FAF598B35474E7E35C0F39EF88A913CD39880,1216824
foam/train/good/rgb/022.png,3FAA34AE76A1B8E34742B2195FCDF8091CD24F115C625A3275FD16E05BC585EF,1283849
foam/train/good/rgb/023.png,AA9B6F5916CE0BAE38DF6E15CBC37816D19C966C3092B3862AC2708549A29DA6,1324393
foam/train/good/rgb/024.png,FA7A65D9F53838D96D53A2EA7DC267C2335B87B2768B086F8210438787D2BCA7,1220293
foam/train/good/rgb/025.png,7E66D98B60C1CEA3A7D178DA083BDBF1A59574DD8698C77113147FE786AE34D4,1294616
foam/train/good/rgb/026.png,4348A6469FD9F9662945E3630818C69520752165E8ED526BB87C5EBE8D9A2D54,1341230
foam/train/good/rgb/027.png,FB3FE830A390662B9B9263D7BA4864D977BD27C5E20C871D2E6C4BE8653142D4,1276584
foam/train/good/rgb/028.png,7ED096396B5307498825D50C2C515C7364219CF217630F218E7326073EEB413D,1226538
foam/train/good/rgb/029.png,33E85D2757E9250B4C824EA8C61EB3036BB92AC4A6C53779347686ACEFA2A02F,1235080
foam/train/good/rgb/030.png,318340E841FC7C4756FEA84AFEE64649E8AE500D33F57B83070BD078EEE70C6C,1267687
foam/train/good/rgb/031.png,E6A88CC5602004CBEBACB53C632CC1E17CADCEBA68B798285D84B2870C9CB09C,1286390
foam/train/good/rgb/032.png,6369878C8FD6B190C5F7B46D54D49147401990C2337C9E798A6E4F6F0A658B8B,1231897
foam/train/good/rgb/033.png,DC6C87825E266B0DF8304D9D0509D88EBC6B93B1394026585A19D9D5F82FF9FD,1258574
foam/train/good/rgb/034.png,53E08EE81D6C803D9F761D15A34EFFC47C98090AD59CDB710990DB893BBBC6BF,1237557
foam/train/good/rgb/035.png,E028D342C7E6C34DA956314263EE15F003B23F98F3395099B030D14A8856DA74,1214574
foam/train/good/rgb/036.png,A11DF16E288FB26F17748789EF23891322FB2793A09C705D2FB5D164BD53712C,1256517
foam/train/good/rgb/037.png,218A8044F78F920421D597C23B08245FEF1373618E0615ADB7D603E791D14926,1220051
foam/train/good/rgb/038.png,F2C405584BC32AFDB1DFAF366B202B8BFDA59D2F7D0EB685DDF9B5A200326941,1313806
foam/train/good/rgb/039.png,E49BC090EEF297FA5E2F2EDE8B20FF7AD9B745CCC0406C2DE00D69261559ABBF,1255389
foam/train/good/rgb/040.png,1F4B91DC59EE2CB8A7C2BE607D613FCDFEB913B01980F2C563D499C12B5078AB,1214223
foam/train/good/rgb/041.png,1685DD8E24AFEAAA465DC3F560DF030D9EABF3FFD58098D45AD42494603E47C2,1271493
foam/train/good/rgb/042.png,7193A5F8583068B1250EE8212A157CF4489ED7649BAE98E481C6AD7470B7D2AE,1235801
foam/train/good/rgb/043.png,C8BC15719B23F7E6FCE2246ED1FB583D0AD3A0AC0C833673AED6D8891B03354D,1202784
foam/train/good/rgb/044.png,1084CEB193B08D24C189CC910B9EA1D3FC9FEDB535E454C92BBE28EAB7DBDC7B,1213999
foam/train/good/rgb/045.png,57C2A5053690B5396566AD38049CECA4AC0FBE8DDF42098EC91A107FA038FE0B,1240079
foam/train/good/rgb/046.png,C631FAFD5E864F85056E5934A7CEDF5F46C564F3C039632FD1A718FFDC364CE9,1265748
foam/train/good/rgb/047.png,8B72CDBF9C452B0FC3FD69691AF5D9F564F645D680C8DE04F5EBFE56D5014896,1285207
foam/train/good/rgb/048.png,F98ECAF7324FA642C7FE40A75F1AA92B89EC069D2CCB4918A57D65B966594376,1253324
foam/train/good/rgb/049.png,5799D42365093C285B760FC6F4A4476858F45811D64A8506ECB76DD64D59E279,1215180
foam/train/good/rgb/050.png,E44883439132CFB3CFB45B5B36024219E6D76137EBFDCAA29CFF1260ECCC1A20,1268160
foam/train/good/rgb/051.png,E106230BCFD5B52FA8E22124D4F02940756C0605ADCD2FA1C2CFA126935B2370,1314663
foam/train/good/rgb/052.png,FA73AFA1D5C862644D7CCF2E6845883C70666B021A21253CB1F4BB27DEEEEB74,1269420
foam/train/good/rgb/053.png,CDADD967C85869567604FA8B7C0C1EAC655BF1F83A9AEBA95E8F596C5AE4A568,1304215
foam/train/good/rgb/054.png,B698CF6706B25C0CE9E7380B672EFA20E5A47D73EF4F1F33B38EFF05516C24CD,1243483
foam/train/good/rgb/055.png,00214364C827E3E8C78D54A746FF2AC6BF346BD6DAA86661C22982FACF9443D4,1288283
foam/train/good/rgb/056.png,75D7D7378716FE4319CD60B4BCF63DEB2C1B3E4D632F31E0C4027CDD3A082CF9,1341007
foam/train/good/rgb/057.png,99C3814C220B2CB2E3DAE1C4DB7D0E94E230C19225071622740FDBFD7042492D,1275546
foam/train/good/rgb/058.png,F902E185EB6F2D2E0D6DB12EF68807A78CAC41B20E0586D6302FADBADBA717F4,1218455
foam/train/good/rgb/059.png,21D00D02696AB469B2E3EFB9563CA845B1F5DF6F62B9CD13F6200FCD8605FE89,1292784
foam/train/good/rgb/060.png,90CEB8A948088C43FE35F5428C3AB53AF56579D0ABDC040C5FC654EFF13F42F9,1345428
foam/train/good/rgb/061.png,E0FEFDD4E4A0F16822D8EFFA46333804FD6D9EE5B084CE4D5C83B1441E2EA65F,1219576
foam/train/good/rgb/062.png,0E52269942140FF213C2FAE82BE723DA3E9AA421388BD790F804EC4372E05F03,1228370
foam/train/good/rgb/063.png,85B60A4CCBEBC420F6502188B0C78F74C38178293B3393538FFEE06B439D309D,1222516
foam/train/good/rgb/064.png,9DE78BCD9DEEE0FF7123BE6FF794536397F7D0BE6BE694DA8DC79E53C937F454,1208108
foam/train/good/rgb/065.png,A69D0B763485C1D89222167E45E366EA113C77526BB980CA762C2F99CB0A052D,1218574
foam/train/good/rgb/066.png,C830F1173217B77D9A1A9D0611AB747F9ECEFB116EF24466D5C4B9E5EF0B7429,1279052
foam/train/good/rgb/067.png,1F9B24C9B0D83E391D4258CBBAE14EA9074D9CA5991AC0EBB00368E41376DA7F,1319505
foam/train/good/rgb/068.png,D5D052AFB2D81BA5F95596747787D64C2101B382E521F72D5BFC32C7C1C03A06,1275244
foam/train/good/rgb/069.png,7CB52856A3F4B9987BA2FF471CC41220341B2FEB8B68D829E6D0F4436595D669,1217421
foam/train/good/rgb/070.png,FB8CEAFAC1706914D4F059D71657B5FC109E2659830EEE6A4B8FD26E988DD7E7,1245602
foam/train/good/rgb/071.png,537B505FB7B7C457337C5CDFFBB0B4533A9475FF6D7DE98015341C0A060544AE,1235551
foam/train/good/rgb/072.png,D79575B265FC5E52261A7C2A5ADF5E3E40C7710BACA055D3F16DEDDECE902B0B,1208949
foam/train/good/rgb/073.png,22A5F36A49EF533DBE64111847FF6BFFF5C0B5A258D37305F5D72FDA99D260C7,1212435
foam/train/good/rgb/074.png,579324186122E6AE6ADD0703C446C1D22654CC4D85FA0148AAAA22A5FF20A43A,1231216
foam/train/good/rgb/075.png,BE081D5B1210A50473F7C8BE77093FF1CC51A858F341888BDE4E9DF267238982,1245948
foam/train/good/rgb/076.png,820BCE491D5F932D3BB98506B73F9EBB730D9D57CAA9B2136278F38C6BD81425,1227450
foam/train/good/rgb/077.png,780101DD76910B89538C80ED9E3539443D3C44D8A373F293060FF796097EB99A,1237017
foam/train/good/rgb/078.png,D9059017348432A0F5223CD5E63A98736C1E45F4E92738C0FB578A495C33693A,1214882
foam/train/good/rgb/079.png,98A7D2E304A646B71662D23F02B22120F802681B01EC00389ECC9246B2E03369,1244140
foam/train/good/rgb/080.png,1F455200F9687C00A3CDAA9B43931A2E9B72486ADF88B886D42586D3E84C5408,1253420
foam/train/good/rgb/081.png,F4FFA60CDCB16D32F839E24E1EB01BD25C3C66CC1CB1FFD3897A307963D2B039,1294979
foam/train/good/rgb/082.png,A12498E5520E0BA1B2AC92B4E7F1A44A4EF3CD6C0E850A2A54A8C2EF6747005A,1323450
foam/train/good/rgb/083.png,72D78FC1E63907A16FCDA18E0C9DA7F264CA74EEA7430C06E22E024439F2448A,1276482
foam/train/good/rgb/084.png,807514B2D8D02A01B3F6BC60714FB711557BD4B88E040AD9FD2A626BB254BAC9,1232764
foam/train/good/rgb/085.png,DBB308CF1A59AEA24BE2D91CB15B5EE29BB29BA6E44F6DBB4D2CB7506CB16EE0,1268765
foam/train/good/rgb/086.png,B9A57498B06453AC7B71B8A1BDF7ADDA36BA3D9532122007699EC9516EB5803E,1286609
foam/train/good/rgb/087.png,FCB538A00CBE052201FB4C0299F96F4138CE94B86126EF4B4879C563EAF04074,1216698
foam/train/good/rgb/088.png,F7CD162D6E9FB2A63983178819BD0D1C09C8C386D5EA8555520A6EBA042E8106,1272671
foam/train/good/rgb/089.png,C388E757F66621C2DA8DCBABB134521C5BC70DB539CC5541AC9CF4CD5864BBFC,1286739
foam/train/good/rgb/090.png,252C4C243611DFCC84F3AE1691E4A4D2F2D069EE68A2E2FA12557B65BBE6E8E4,1228924
foam/train/good/rgb/091.png,62A483E2B474D4CAD9578D936CE472E9E9138FB5B6C03D2E9DB24BE2D2EAB1B2,1234379
foam/train/good/rgb/092.png,CA4567A5F488B7F52D728BAD3847A0EA0F9B464330941CDE9CF4A34044A67BB6,1276013
foam/train/good/rgb/093.png,E8BB5CFEAF9C7C3A1F8956FB41A1934212D66833DEBD6C54BE4C7B309456C97C,1229092
foam/train/good/rgb/094.png,0C946E0265EAE55D10B8A6DADB17D7245251FBC0817B6A23DF5057E3F4938318,1219339
foam/train/good/rgb/095.png,88F8D4AC2B0247484FCAC86B501301D09536CCC132D1C1115AEB96CE31ABCCE6,1253223
foam/train/good/rgb/096.png,B7E64974C0494834AB261A9DD329151C5FCBC410E3B69CF9C8E96635871A78B8,1219332
foam/train/good/rgb/097.png,9F65183CC606C7C76239755338B9BDD8D55DCF03BC9F35AC8C100E3047FE5E57,1221931
foam/train/good/rgb/098.png,1B79B80FA56660B7EC2E4BB78CB95708818D02095124F347E617E0FE952CB176,1293088
foam/train/good/rgb/099.png,72598A05797CC4D27C1B0D48E927FC14A8CE7154A8F9B5AA145BE85D8E8A0B44,1258582
foam/train/good/rgb/100.png,6977E6562EDC0219B20E9972366B8DD536B35BE31CDE270FF94A2172F05FAA52,1253021
foam/train/good/rgb/101.png,9BF992F20D4747A085BD1FBBA27776945F21B8BAD0A9F638B6DB2FC361B80BA3,1197912
foam/train/good/rgb/102.png,81D8EE482506767FAF1068F319178827C778D76F8AD52E43A29A753161D1BF65,1254515
foam/train/good/rgb/103.png,881AEFA230B91EAF0C4AF8FAE44886B6794A50D5DCE7FABE3D8E2FF76E3448BD,1300038
foam/train/good/rgb/104.png,A1EDE86F384937D57700FFB61A037B1246F94C5242BA29F985A330F0DCA37066,1256455
foam/train/good/rgb/105.png,BE9EB9D41DCB3766783634376B3140697AEF116B0C86FE9E677E2C89F554C855,1214521
foam/train/good/rgb/106.png,C5261442666A749500F9CF08D0ECA8A3AE0B44663BEDCA2933D6C5C42D4DED40,1258253
foam/train/good/rgb/107.png,5F328788A4BA5537C8A0740A85FF1716E76938D1A4B2269495CBC373F8763E8C,1288065
foam/train/good/rgb/108.png,65ED366D256981BEEE6C09A6BDB02976DE6A1F60BA2C27E2232E26607579160D,1286434
foam/train/good/rgb/109.png,2FA1A8C3E24FD7983B11E04D9D56B5A854CC4BC152DB7FD9CF9E9CEB2FE236C5,1250491
foam/train/good/rgb/110.png,D3808D0F6D8373E6FE875BDE39DD42D5FA8AA7B7D515ECBB787177D287361B4A,1215807
foam/train/good/rgb/111.png,7A127B50224F9241A08CBE422CFEBE6FE74A809BB9D8E6F648C5503295A31FF9,1268030
foam/train/good/rgb/112.png,5E4789CAEEC4C271FA33BAF09CD943C4480B9E85EA495B12A9472A8EB3A83D5F,1215505
foam/train/good/rgb/113.png,E22A1A4E0C82DF45B59A6B0FDEC4C31A5EF368AA778F4778466DE5B5A8F0D3AF,1213940
foam/train/good/rgb/114.png,86039372212712A4E5697D2098492F0AF143B8A3D02CFBAF2C838585861A9E8E,1235697
foam/train/good/rgb/115.png,BD7A9C0ECAF3782C065D0DD16A721C13D5B7B6A20D1A0B50D4065E9EC62C4699,1231137
foam/train/good/rgb/116.png,B236488E158D178B001BDC2C36583C752A3C458A867C1A6CE688E6D27DD8EDB5,1291282
foam/train/good/rgb/117.png,1F4EC89B646BA9110D4C322E7D803DED153916F36834DAA71D30079635E7A0A7,1240615
foam/train/good/rgb/118.png,86A2BD535517798348A4A1664F7C33BFDC49691008137A12B6EC3FFC1CDEBCEF,1291830
foam/train/good/rgb/119.png,D791737E1D7C02F25F693C8FBA92FAD0D22543D06DC023669A2254BCFD8C127D,1286933
foam/train/good/rgb/120.png,0DEFB9CB6476C415F6C30C67DC12756CA5301C38BAAF0001CEA4C1803A5684C3,1301506
foam/train/good/rgb/121.png,8D8CD2C93DCABB336422F02FFD290A38480AACF13677C952286883182B5CFAA9,1241658
foam/train/good/rgb/122.png,A08F3EB3C009D82C0B473E87380E882BAC33A4F0D48CF9278476D8FE83542E84,1315463
foam/train/good/rgb/123.png,F76CB20FBFEBF04CB222109E67C87FBE29162F712232F2C7A3226365978CEE08,1353033
foam/train/good/rgb/124.png,1263D9029F467E38FE469FD2C08A56C5AB32CCD6B6A3330C567645E3E25E54CF,1269047
foam/train/good/rgb/125.png,E4A47556AB16D228E11274CDD8739E5D88278CE251DC02D82B528DB758F2ECED,1310259
foam/train/good/rgb/126.png,3479D3B96CC61D33B6D2D5BAAB7FA3B8D6F212ED2900E340C9668932217C085E,1360434
foam/train/good/rgb/127.png,A6DFF924D801D3BC8AB9E084D0A16B22B90D85B1370D29D3DA81D28208E9FAAA,1326131
foam/train/good/rgb/128.png,04E247161C0D200970C360A18107E72F8C81207E70C8EF73FE40F26121D908F3,1284122
foam/train/good/rgb/129.png,FF1C1CCEB22547E72C11FE3E9DB9E891F58294045A53EB9BEDA69B864C04FD18,1303906
foam/train/good/rgb/130.png,DC7BCD938FDAF952848C0C509218A7FB48EDB54EE06D62438CACE8B73DB720A5,1271978
foam/train/good/rgb/131.png,0CB0F42FDB9A016E8C88059284197E9667C99BADB430BCCBC917EF8040AA8625,1237923
foam/train/good/rgb/132.png,C4464FD8CB3DB4EE3DC899E3B3D885B971C0F5D98AD03D5FEA9B696EADBA1A8C,1317322
foam/train/good/rgb/133.png,724DC86D338A5A26A79EBCE12EAB17B7C35CAAE2E896F8CA4102B95987823F77,1370107
foam/train/good/rgb/134.png,57128239251EC33EB7ED89EC43E37FB4C7EDDE689CA67C89C8D32B9FA8C2B71F,1331777
foam/train/good/rgb/135.png,BAFBA746FC3B51CB769327F180EA8DA1E74D52198EADB897C8B6518A13DCBBC3,1274159
foam/train/good/rgb/136.png,6035D460BC543494752CC209048F318A836E6D5B4A6FDBC3DCCA22976AFBCA3E,1241705
foam/train/good/rgb/137.png,3B8A0D2C09A05C901786EE6F35BA8DF4FAEBDEEF6601683F9F5D9F572DB68FD4,1296693
foam/train/good/rgb/138.png,851B50C807ECCA55CB7EEC373A63E634EA63B36B3CF21CA679BCB640CFACF1E1,1307934
foam/train/good/rgb/139.png,FB9CF0D8E8F6475EDF24C71C91DF9A061EEF8850DEFE853234D1957A6A3ED456,1273109
foam/train/good/rgb/140.png,8BBBEF960516821FB5C8D4FAD24856B7F761913D4A6204A2CD51C29EA6AF58EF,1255460
foam/train/good/rgb/141.png,9529A849C11E093BDC87BD7C5BCDC2C280D1ADCB798D0FA7B43E23246D44D97A,1242920
foam/train/good/rgb/142.png,4F7160F810069B0A9A2986B15DDC194496C56261513DB9AB0E69E62053D8BB18,1250775
foam/train/good/rgb/143.png,F978852988CA415BD3B91106C069EC398B20161F40CDDDE0F4BFF738E0283485,1261300
foam/train/good/rgb/144.png,9BAA376A3ABDE50D263E07F173575FF3D802A973A687B24EE260DFFFD28294BB,1256593
foam/train/good/rgb/145.png,50C5D90AC31E19C1B227EBDE0E8CC57BCCAC5115D26B7F4EAD61E1199D20A2A6,1237308
foam/train/good/rgb/146.png,7C0694E99A3C30F894171BF0782E9756B2B84AC555FCDCC3B9B8A9D2A63F1D14,1260586
foam/train/good/rgb/147.png,42DF565AD1E01E64DE9743D1D8A5BE37B63EB29A43AA141D3FF50A0A0FC5E915,1274281
foam/train/good/rgb/148.png,BD75574E37CED80825FF60A71263CCB170BA1774953A306294EDB9333A657DCA,1302403
foam/train/good/rgb/149.png,90D30D7C8D43AEEB988ADEA0A39A90E37CD277DB603A1194F4F6CEDF234F6A98,1236246
foam/train/good/rgb/150.png,13BB786BF88E599247951469BD8476913B44932C9725746BBCCC52B6BCEAE2C9,1318627
foam/train/good/rgb/151.png,D3261D63C7AB32BDD447DF4C49740EDC1443B66A3FBFEDD6EE6FDF8185016550,1379566
foam/train/good/rgb/152.png,28FE4323068F91244784246C73033C30341A6EEF17D07307A3FEBA6CAA681F45,1337690
foam/train/good/rgb/153.png,70AF8008B200C78C0AE787C84DFA298F372DC69862445A91C23F6700B5A31886,1287804
foam/train/good/rgb/154.png,DFF6457CC699F1BFD223CE654E9641E015DAD66A15442F59FC746AF24A0E1F6D,1233608
foam/train/good/rgb/155.png,943767BE988F3A26E5C1A842BDF4AD9ED0CF8462A09AFD1A115815B90C044E87,1297567
foam/train/good/rgb/156.png,43356FC0DEF2700889F9DF67F3D804B8A1958D7B93A814D1F1940928A4BF7120,1285169
foam/train/good/rgb/157.png,363EC2FA0E76E3C6354A86CB0B33E974D9716FB9D77259FCC03F6D928ADB4ADE,1243386
foam/train/good/rgb/158.png,5D2624921FB146AC449ED1655394BB9A7E1712867C1F6312BEAE82F4FD76EDEC,1286396
foam/train/good/rgb/159.png,0A5797025A65991219B8A8B292B9AB57627D47DA527701D4C79254229A67AD43,1304599
foam/train/good/rgb/160.png,B686B3C154616F6A846FD280CC318A01FC18E57D4FA2AA7C1E837FB8B49892FE,1313408
foam/train/good/rgb/161.png,F32D5C0C2A68A94374B923F1394E59AFD5ED41D86FB3BBB42EB850958429B435,1365493
foam/train/good/rgb/162.png,C9E9329A75FB0AB26EC9E3ECDA40877DF456FE71552A3AF88DB334F9287436EC,1336100
foam/train/good/rgb/163.png,D6429971044946C66009768014B6E70C4139159BD882743F57E5EF6D021EBBFF,1277488
foam/train/good/rgb/164.png,D3DFC6B9641DE6590E8A19A1D2117ED79C73ACFD7F2E47937A11A5E63CDF038D,1273357
foam/train/good/rgb/165.png,F5DD08FA9866BCE040741674459DAD2A787AAA4BBDA0A5CAF5B6B95565187371,1307801
foam/train/good/rgb/166.png,5BD058A8CC630DBDF0B9545BE9AC53A733EA3EA421A5381CE1929B8B92AE43B5,1353012
foam/train/good/rgb/167.png,CB3ED5F17E640A17FAC76236140A436282FB978B030E0177989FC5A528B0098B,1336911
foam/train/good/rgb/168.png,97F0B49ECB1AEDAD7D7FBD9BFFE438E948D4CD7A8D1756432E956243794D10FC,1358247
foam/train/good/rgb/169.png,F147EA9146AF1905ABC8076684AD580C4821A93A87AC31CCCCD2D9CFBD6C36D3,1314896
foam/train/good/rgb/170.png,A87A42D8F10DBF79CE138A6B4D478EABDCCFAF1F6CAFBE138AE95BD9A36A33E0,1270439
foam/train/good/rgb/171.png,43891C4F98954081C8E3835645A2621C59A914E323EE093BEC1D798BE2EDDE94,1324243
foam/train/good/rgb/172.png,1E0C1519DCA23A01CBE2587D3E483704CDDA36D86A7256F423C2646FB6898037,1359357
foam/train/good/rgb/173.png,683546A3B642A61707061F1DD2CF1B2D30FC88BF65287B8A1ADCC3C6C1620FB1,1315145
foam/train/good/rgb/174.png,9216336CB8F6046F9FA6E993D1864A2753D20476853D665AC8373D52FC96D678,1251883
foam/train/good/rgb/175.png,3C2CBAA82833BC2B1AF6CCA830E04EE398042F8C50227EF40311EF52E3147442,1315980
foam/train/good/rgb/176.png,A05EDC4B76AD0B568AF506433510B6E330EF6CC3494FE4FB7ECF60593C71AB59,1321322
foam/train/good/rgb/177.png,8D1C9CEE94D19070A51355A81264AABCE8A8625E89B5FB95AA2290DB92243D1D,1372336
foam/train/good/rgb/178.png,DADC278FA52C5A2345D3CE249E50FAEE21C377F93046A90121BA14525BF1E13F,1313740
foam/train/good/rgb/179.png,60157717591897DE1834AFA59567C52782B8F0328827C1257CD3F310E3C6B160,1251018
foam/train/good/rgb/180.png,25D63CC377B9EA368567297C2659C57EBE4EF1CEC843F20B84866766E8A3DB7C,1255149
foam/train/good/rgb/181.png,0D850EDA36FE3C281A7912AC360A98520F67275CD44A89ADAC1C9FFCFA541104,1332930
foam/train/good/rgb/182.png,17AC53E05555914EE48418675514D985029A12A10A31F4F4C3F269F2848B278C,1382700
foam/train/good/rgb/183.png,F32E284CB19A13BA68FEFC43B8A9378AB92E07AD30EEE4ACC086776A1688A947,1321386
foam/train/good/rgb/184.png,3BCB92F2DCC88644A0D15292ADCBFF07EC8A8844DE977772D1AB48246C4B4B8D,1317482
foam/train/good/rgb/185.png,51057FE83133E710995E1573E5044E33C3D365B143168DF4167BC8946990F5AC,1251241
foam/train/good/rgb/186.png,01D3DEC5F6AB2D3BC415A526255EBD061042A0A5C6518D2AD37D923E021B6001,1318659
foam/train/good/rgb/187.png,D09FD00CC68D00C2BDEB1961C4449A170D2EA6C407F052F2C824186CCA348B25,1372467
foam/train/good/rgb/188.png,E27FBD7528C272537AD3A57B0228B599382E561FC4FB697A378D243969EA5F84,1328514
foam/train/good/rgb/189.png,5A6E951E7217D7531D4150939CD51B8979652AA20598E9042A8A3AAE62452120,1284165
foam/train/good/rgb/190.png,998702365972CAACA4973CD31074DB480AA9DC1938EF31AA04B8BC098B547BFF,1345651
foam/train/good/rgb/191.png,175F602A34DA50D3E8628D04E7CAC4ACB0A114FDEB65DBA88A93139791282252,1365390
foam/train/good/rgb/192.png,1BC1F8E532BFED0C0C86F2133EFA25469FDDDC68A6D9AACC6711B38B1E75C714,1310300
foam/train/good/rgb/193.png,56542C1E899139B0A101A73FBB8206BEC32C9F1C928ED2A1D07B2FE6949AF144,1355983
foam/train/good/rgb/194.png,F695B4F15B905192B72DEB6F2A6F9A7F1AD5152A0ABB431983705E6BEB53348E,1329491
foam/train/good/rgb/195.png,0E53462E5169E2FBE83F21E214BC8EED7F1CA151D33E20BB48CF86097843E8E5,1268495
foam/train/good/rgb/196.png,EA8B8A6CE62B2CADFA3A93C5FDC34E93805164DA505163E126949DB740B850EA,1264238
foam/train/good/rgb/197.png,2B81BCF4DADDBB3CD8F308F74F4ACF577BE734D3E69E5A3A87F2C6D791DF56F5,1332395
foam/train/good/rgb/198.png,9003757CE98585AF410871D5AEAA172DB76B22B66A97243113599EB4832613FD,1381980
foam/train/good/rgb/199.png,AC71A0BC551A80800BBCADA0E069C7C0C0664DADFEE18DEFC76683808EBFFBBD,1313909
foam/train/good/rgb/200.png,C808DE8582DF3FDB21E66989A65C820A897D0863F9D2DA98C3700BE9AAA84D34,1276228
foam/train/good/rgb/201.png,277EBE083D9097E4CCCF1BF2281C04F0C54FD45A166D42FFDC0507878BA5816F,1268318
foam/train/good/rgb/202.png,EE6128ABB404CF8BAF816EB06D69605D2B6313EBF3460E14EEE196746F97C6BC,1238049
foam/train/good/rgb/203.png,1DB584CE131A9FB6225A97F79FECB54D77C98B40C2AB39AF245598A67D876DFF,1268787
foam/train/good/rgb/204.png,82B22B4EB329358DDF28C4D4C5518B0E4BED1A8FFAF242E109D527EA6D211F04,1234915
foam/train/good/rgb/205.png,5E4B8467F0FCC6769371C88C6B150755F90442CF232157D1F886D1E41A8DD782,1265840
foam/train/good/rgb/206.png,2C536690CE5EFA43135CE0D960F7827FB23A37D66C51570EAC51BB9393DDFB8C,1301009
foam/train/good/rgb/207.png,1552BA5E6BC9B3CE97D8B4AE8A988BDB503353FED183C5618BCEDF466DBDF196,1278682
foam/train/good/rgb/208.png,047E8F2DDC1D057D102497DDB4AE3FDD03F089BE882F43E8F1DC2A12B296E0DD,1252250
foam/train/good/rgb/209.png,90F458FF4FFBFCD25955DB75D7650111AB3D7F562C090CE673389DDFE6D26FDB,1317490
foam/train/good/rgb/210.png,792E80AD699AE910C8382AAD014A4F390B9E3737003283EA01F2813D4EA8CAAC,1356579
foam/train/good/rgb/211.png,DFFCCC8C36D0B93F17932AD6C7B11A8331187988956B0C4100B5AA3BACE67F35,1305571
foam/train/good/rgb/212.png,04C1E83A66D273A7947A3FC7518B811DF45A9574A71EEA4B16B110C414DE3BC6,1234167
foam/train/good/rgb/213.png,43F42CAD59C04DCFE7C01A9114E284B3F1AD1603DC6489A7B658582FBA973E89,1271505
foam/train/good/rgb/214.png,3E8752A49DD910E6FCBA9E81D9643DE135CC7CC1D68EB6489CABFB4AEA406DD9,1309832
foam/train/good/rgb/215.png,0EBED5C3F5DF961695FE8D11A6427D4962C4C8569C975EE551CAA015FCA589DD,1280874
foam/train/good/rgb/216.png,E4FF5BD7DF9A510C42557FC8ADC58A52E91FFD8B11C351AEFF8D39340AF11C3A,1241542
foam/train/good/rgb/217.png,050E4E757CCCFF26EBD9E156EDC8D8FF0F854D573C906AC0E797C7590D87F5B6,1264601
foam/train/good/rgb/218.png,1116B7A34D7439B5BEB15F6C8DA5608D755D4BC81505BC9786CE08F3252303DB,1271070
foam/train/good/rgb/219.png,A35A182241EC7CBB531B5E12A6638E15772B6D2CD35F52F3EF25ECED7E60720F,1254633
foam/train/good/rgb/220.png,D156C3D33AF14CADD33E02CA87E3FA4D6C0106B692D7668CB2FE4ABE90FB2D06,1242403
foam/train/good/rgb/221.png,700ACADABFCC46F7DECA88C2FBFAB742C12447FC367F689C59D8A2279CF43511,1259710
foam/train/good/rgb/222.png,FEAC96E9861BC79987150CA71A7C733BF1E435071A365F47B52EFACACA6C6EC6,1265475
foam/train/good/rgb/223.png,C4FA2A60FBA86F67F8E6A3214E595AA0935478E4A595C134FD9FF95C3D167C06,1246876
foam/train/good/rgb/224.png,802A54E5F87B21E640E8B2543781F44C0C247BB146ACA816A7BA519A999493FE,1308430
foam/train/good/rgb/225.png,34A87B6C5BEDAE98449362F3F3D750BF90AB8AF48418272546A823E666C2EAFB,1360189
foam/train/good/rgb/226.png,ECB04A8BDDF2B9F72F882C8E79E349C261FC4CA38490CAF28DCEDEBB599F3E07,1326728
foam/train/good/rgb/227.png,3554B94BE25BF630ACFE627FBBF1110B62741C37936ED5F863B76BB864AF543E,1265074
foam/train/good/rgb/228.png,598B691272F96FB431B78BD42BF63BEFB4673B335A9280EE616751EAAB369111,1260284
foam/train/good/rgb/229.png,59CA0414AADE99B1FCAC6FDC0D0218F678F84EB0D62E3251C257982C7D243D2E,1238704
foam/train/good/rgb/230.png,E3F5E8DD31876791C38E481B5DB04E590567C26A60A40C00264844697782B440,1251099
foam/train/good/rgb/231.png,DC101ED6EDC1814AB339ED84192EC1921FB3EA813BC7174A300FE5D44A8BF848,1275092
foam/train/good/rgb/232.png,6E80993D17318313113F62BC1CF3F9BB60EAAC79A395251360FD8CF44567EF3C,1338071
foam/train/good/rgb/233.png,F5BE09C9A3A89DD891A4B8C7FCE4B25CAE3E1E1A6E0D4A5CDDDCAE22A8B13D46,1361486
foam/train/good/rgb/234.png,C34B4BE3847BB28A1B5413DD04C0EA02275638512A0B679476699E8D09254A8C,1305693
foam/train/good/rgb/235.png,D1EE51DDDEE3752800230B3CD26D3C383B80DDF59B3213F29F061E6DB8D623B0,1273247
foam/train/good/xyz/000.tiff,2432050609ACE9E94C59EBD97FB6081E067692B5096012BE9E7764B466CEFBB8,9762726
foam/train/good/xyz/001.tiff,A36D93B93BD884614CB1AAE186A6641C9F4BEFFB1F55D4EA21F28EF392B07BC3,9762082
foam/train/good/xyz/002.tiff,D8BC89997E8F276E1744204CE82BC4F8EF0D91CCC3C7B5C3BA0670D4A2311AC9,9763376
foam/train/good/xyz/003.tiff,823E3B6039BCE82E571B0AF173E34630EEBEB2CC6D7E998FD0285CF529DAA76B,9763750
foam/train/good/xyz/004.tiff,AF4A9173CAEFD137DCD8A1D745F9181D7626D4918097DCC5837D3EAA1728F84F,9763992
foam/train/good/xyz/005.tiff,B77232B91CE4CDFE0C75973048E32E9D118DAC8C06F8B4F2FE33B867A9E3E569,9767566
foam/train/good/xyz/006.tiff,A4A6BD10B58203A1998120644843338BD7381B98C1F5A90ADA148AD00EA8FAD1,9763492
foam/train/good/xyz/007.tiff,96C934BE5CE64807A9643C9F5557E3C0875B3A58C84D9B6A6DDDF3C711923A01,9765752
foam/train/good/xyz/008.tiff,195FAD63D687517482748D9F51DB36AAD6656C05EDA858F540AC2FED7AEF9F59,9764264
foam/train/good/xyz/009.tiff,552E0655EAC3BDD0FF56B0183D9C567B353CD59C38F433E3A65F392FF8F163D1,9765782
foam/train/good/xyz/010.tiff,971CE4CA9ADE95F3EE058FF5E6889EB590BEFC526286607248B96210455FF572,9764982
foam/train/good/xyz/011.tiff,4507054DC88DE6F8415C5ED7DB9ED3DECAC4199D54D10F3192DAF1CD8DF02E86,9765832
foam/train/good/xyz/012.tiff,7D97F2AAFC9C2CA252E945F9BCE5C7A6B7B517017888067000B8BBCFD150C525,9765344
foam/train/good/xyz/013.tiff,4B5F98EFDD8C5D7A01A1D3165F2722EF82F3434C38B3FC2A33E5EDF1DC0AA820,9765136
foam/train/good/xyz/014.tiff,4EC264A90370CCD17676748130F016AA2E305ED21ACEE80EDC31514450ECE1F1,9764182
foam/train/good/xyz/015.tiff,F6899ECD718ACD37BDE4A8F5F1C591486B0FD2496EB4F88FC2444CEE9B30A1D5,9764984
foam/train/good/xyz/016.tiff,6A7ECD6ABF51952F7EEB1D5867CEDEFBF22C85D6502C7BE34AE0317F40429183,9763782
foam/train/good/xyz/017.tiff,AEFD25D3A786623287DD53D95719D129DE5BC89BBDEF12CE7AC86D36A39DFFD6,9765648
foam/train/good/xyz/018.tiff,91BD7A89A2CC9913DDA63253486BE14BDDBAA4783317F4BECC748824ADC91010,9765696
foam/train/good/xyz/019.tiff,6B6172083186C9A60F30939228EE25B1961C68F0FA0232F793D3744B602302B9,9765118
foam/train/good/xyz/020.tiff,86E9BBA114BDF5D70456F1D70B7C9E0ABBE0D7242694AF44C8C3BBFD7B03A397,9762706
foam/train/good/xyz/021.tiff,D32D45099F7B6599D87FA4448A6EFE9A30BD8FBE33F5A7428DF508D2A2257E6A,9765860
foam/train/good/xyz/022.tiff,EF6BDE83921F75C5998976F09184C75BCBCD281304C10FB41674AB721A77923A,9765394
foam/train/good/xyz/023.tiff,761B7A6467AAD6ABCA6492AEE8985FB852BBCC96CDFDF63A72F1EA133CACAA57,9766568
foam/train/good/xyz/024.tiff,C8BC38A539CA2582FB9DA8326CC84F743479174381EA67DE454C83A492B3AC47,9765510
foam/train/good/xyz/025.tiff,D69E5AB6AF8F85D68B5D6144EE8B5363AE9E375B8BDF03488B975E75198AC529,9765268
foam/train/good/xyz/026.tiff,DAAD90DACA3E18C3F519027077B83A57501999383F7190D7E7D46D20C41EFE88,9766992
foam/train/good/xyz/027.tiff,3503AE6A2BA1BC5E9193DFF297EFF90A53A2029E10EE73FF1B2CD1A91E587203,9764998
foam/train/good/xyz/028.tiff,0545BE3A1CF77C79F8546942F46F18DC1BDFCCB5C2D2ABEF52F043B73325E0CC,9765500
foam/train/good/xyz/029.tiff,DA028520E4BDAB2EBD4992AE92F6B65868A18273D1F8CA4E486B3183CD22975E,9766098
foam/train/good/xyz/030.tiff,6B601CD3FF9C1F9DDB62674B8CF6AA1E938CC546299855068EABEB8A8CFEF157,9766046
foam/train/good/xyz/031.tiff,DF1EAF6D8F72D373C0184E41A95513D067DB1F0B086D2DBE4C1375E43D88C920,9765826
foam/train/good/xyz/032.tiff,B8F904BA22AAB18AE065FA9865C25B37A699D5FF98E8BBA4208F66C759EB7AF6,9764632
foam/train/good/xyz/033.tiff,D5C6B73C06415A06C995F5E6BA20D3B8DEE0E32DBAF52145439CC3803C8F0FBB,9766696
foam/train/good/xyz/034.tiff,83A94ABEE530B141D92D67E4130ACE696DE1DCAEB928A3E4F69D2CA6CC8C9319,9763416
foam/train/good/xyz/035.tiff,22F81FEADE768FD0AC41119ECDF8DD7A6781879184A1BEDDF2EB764C4F574788,9765840
foam/train/good/xyz/036.tiff,F9EDF0FB4E973AE2E8B0E9797D4035947F428D43CD091680E8992613DFFC1101,9764370
foam/train/good/xyz/037.tiff,1DE9E0749A25772B4175D790433CC2DDDA2AA358D7C7EBCC7D22C46BDCE6668E,9766180
foam/train/good/xyz/038.tiff,C93B74804562AEB1B697674F662771CF337C33DD6422A506664DB7857C126246,9765900
foam/train/good/xyz/039.tiff,01C365A195AEFBDFFF30E88D4541492DD5FE854D0B9CCA2FAA910563CF6868A6,9764592
foam/train/good/xyz/040.tiff,BA4F6269E542FB28F8247145B8A124EF5C06842EFA2053B00A2A15CA65CB68E8,9765412
foam/train/good/xyz/041.tiff,C1345E34D4D476B1EC4A0519C0C11887035BFB7CA8E080871BD94C80E673F8E7,9765166
foam/train/good/xyz/042.tiff,EB6A2F9881764CCF8457B33E710CFF229388193959EB32AE7170823FC00AD07A,9764926
foam/train/good/xyz/043.tiff,01B102BBDB685F324265DBE6555489FE3ADED38A1AFBE01AEBF9EAFA5E9A3454,9767010
foam/train/good/xyz/044.tiff,8584672E620FEA7EB2E1936BC50C9742B6B933883FDE8BFE37740F413FBB69A6,9765998
foam/train/good/xyz/045.tiff,BDD4D97218F8AF3620652467EFF2E92237B441FF5EF6B9BE1225E6E0839C6711,9768384
foam/train/good/xyz/046.tiff,FDD441DF010EC7A15584A56E054370C49BCF52D19B0DA5022C3DFB7EA929C35B,9765088
foam/train/good/xyz/047.tiff,A3076998D0A1DA5CE69EEC59B46BE21A3AFFF94D9E58F849358926A5A98A9EB5,9766470
foam/train/good/xyz/048.tiff,B4B391EDEB44081BCC5688FD39AE59DCB54F358B0EE485559608130E5D986D39,9764646
foam/train/good/xyz/049.tiff,B0F818C3467B2407819216077248BA47E70E26D048E7734B1B8545ECB25E1177,9765976
foam/train/good/xyz/050.tiff,503F0145F955D9373E2E4F60436F61ECCF9BA693FB49645F74A1FCDFE370731A,9765286
foam/train/good/xyz/051.tiff,2F921979DD0B71EE9B1DB57E4D654BA6331EE0DE573277E697F98A0C3BCF8675,9767550
foam/train/good/xyz/052.tiff,AE06F928AA63485CDBC969B8D4B405D00277C75E89622429377DF0444F811E57,9764128
foam/train/good/xyz/053.tiff,A0B251DC8B2C42042895CDAB44D15FB45A2B024260C682E46B34D7A9DE8FD764,9762396
foam/train/good/xyz/054.tiff,76D669EC6EFDD664D055EB3B8B4EEEB36F7C60170F9D72D308D6AA2560B1FE68,9767088
foam/train/good/xyz/055.tiff,57E394421C8DE4659D30FB87CADB01EA4A4BE3B89AA921A5E34BFCBEE15C551E,9764114
foam/train/good/xyz/056.tiff,576D5CA6C13965CFF5017AAD214D65D711F382D997B0C10DDB9F57D77FA4EF50,9764226
foam/train/good/xyz/057.tiff,628C9D0655DD20EAC6CD5F5F80CB707E5880F38A0F19CFBAA0A96FF3D1EA84B8,9764150
foam/train/good/xyz/058.tiff,D8C27B8B031777CE0A92262D68DC161E0953F21D0F9DD5B49D341F21E4AD066B,9765870
foam/train/good/xyz/059.tiff,DFFC3BE7263DF859E60DC32C6ECDD98001F763874BE6B53DB363063215A567B3,9764696
foam/train/good/xyz/060.tiff,F275A901F292615523C4DBBCE1F4EEE9D04C11CAA99FDEEBF5108593A1A42AA1,9767130
foam/train/good/xyz/061.tiff,D052A07F20639273CF215A5982F09C42E20DE52AC65B5CA6ED618612DB745482,9766386
foam/train/good/xyz/062.tiff,F010261D15290F55773CD6CD3E3177704A13A1DC75207D20ED2035617615BBA6,9765514
foam/train/good/xyz/063.tiff,7966D7DD2A185FB0E0BC6FF0173E57BCF803FDC3CF021C7353F2ECA713FCD6D2,9768030
foam/train/good/xyz/064.tiff,B63C66DB9BA60498E5F812F20BC1A82AD7C1CD54A9FCEAEECEA2CA4069C57BF6,9764774
foam/train/good/xyz/065.tiff,BC3953700B717E4CED2CE2344ED4599B0AA788ABF9CA8751AD3871E90E8C9AAE,9764924
foam/train/good/xyz/066.tiff,9DD1FABC030E0A51B0CC48D905160C72AFCD6CD50DC81BE59B2AA4EE6CB01F6C,9765010
foam/train/good/xyz/067.tiff,B0D342551007A3E3B0B3F585BACB991D201541D9C08B0564CA311B8FB1F75CED,9765452
foam/train/good/xyz/068.tiff,07CC7FAD8738BA8A975663A5D027E32FD49FADB51BAB288FDBE51CDEFA85092C,9763572
foam/train/good/xyz/069.tiff,F9B2AE90B19D44DEA21D4BAC12BDC8AE5746318A5F209CB6B4F472126895B838,9765082
foam/train/good/xyz/070.tiff,F1C431C04E105FB3A2203402C714587891FA8F66A2BD7B23E95C11197458CEED,9767876
foam/train/good/xyz/071.tiff,E6D20BA5D3FB670AC474976EA4B94F03DF3D307D5AF4E4171F9AE417961CF562,9764204
foam/train/good/xyz/072.tiff,2278077EA49AA4107E8C6E5DD8A7C11E185498213288310DDA5FAF88A51C7772,9766384
foam/train/good/xyz/073.tiff,34FCCF6AF9B1279168A73D21371D5520D0C8CD928DC77181F97F5111A3E8A4AC,9766008
foam/train/good/xyz/074.tiff,523F75CB487546EC077F341C1DB4B9E9D53FD7652907FA65D9347AEA1A7C3177,9766838
foam/train/good/xyz/075.tiff,FAD492C450351B6A5A60E5246EAE19A44A84EE3B077D44B4C72E7758EDAD1334,9764874
foam/train/good/xyz/076.tiff,4C6833CC8E264360029D1568CE8A44A9D8D37D533336B25B6AEDA057870AAEBF,9766074
foam/train/good/xyz/077.tiff,FDB86E65C459CFBDB0EFD72C5BCE83D951592C17DFD65678934B4787684690C6,9763590
foam/train/good/xyz/078.tiff,5A7BAF2246234EC20D19BC7C23CCEC66495F8E1A7ED4CDD92724373B0D674BFA,9766630
foam/train/good/xyz/079.tiff,6F2D3A33E07C4903B674A1540FC165CBA0118BF626324E67E3B2415A3E31EA40,9764324
foam/train/good/xyz/080.tiff,D15436616B85BE6338BD682042239521C62F5F619AC424CEC09ED085E0FAFD47,9765268
foam/train/good/xyz/081.tiff,6E31AAFBE5273E3C82B86931FD22D54F70B2D345BE86F185FBE8CC00F6E92763,9764912
foam/train/good/xyz/082.tiff,387B2B3915363F9BD23A3E4F260E4F153F61E315E72B3E60B7F1EA46289E2786,9766018
foam/train/good/xyz/083.tiff,991955111D03A216A9E72F8A953BD11B4153917F1D31ED4B79B7EB717078AB98,9764974
foam/train/good/xyz/084.tiff,613861955090F7C453BD28388EC2EB1357A3576246B5B62F702EC014968E3B7F,9765146
foam/train/good/xyz/085.tiff,28A4C2FDD217C46C7BE4A9C421A415EB1CD8CC5520148A9E0E2952A07645A5DE,9765740
foam/train/good/xyz/086.tiff,287898881D2F194EDA1E565343E455E62CCC4858660AF26F6CBDA04CAB62ACCE,9764844
foam/train/good/xyz/087.tiff,E6F636A89E94CFDE0EF399363B9F1A51BE5F4B88E35C9AF78E623B8DFE6AC2D0,9766108
foam/train/good/xyz/088.tiff,B25EBA307376F0E6569A97A7165C2CC64726D48117B2DA97556BF5D910879F87,9764740
foam/train/good/xyz/089.tiff,A755683AE91BE0F11B0775422C18932C090ED80B2055250A6EA8097902DE1B95,9764938
foam/train/good/xyz/090.tiff,DE0DD306212EEC0D64B166719176A1CB7D22B6CDC07EB058F0ECD880C5F3736D,9765586
foam/train/good/xyz/091.tiff,E1C31832946F78B4DF27DC603450DFB13184D5F62B4B6C2FD3D65DAFDA9DA0BB,9766144
foam/train/good/xyz/092.tiff,5EA4D3444EF8F7F385003D769D9F1D4ABCDF5718FBDB667D84D0E13975118CC3,9764064
foam/train/good/xyz/093.tiff,AFAB7328ECD4552F5422B9E5113D1D0E33E0BE939E704707DDE05E8BB58A064C,9766354
foam/train/good/xyz/094.tiff,53BFF3C151460135F40D4F6AF01B4CFE1524EF29C6E867FA2250ABE7E61A1979,9765774
foam/train/good/xyz/095.tiff,41821DD74F1945D626E361B620341A1067814F2F5DEF5B563B7CF8A1405291AA,9765992
foam/train/good/xyz/096.tiff,38091252EF988E799FB54CC0F7236A3E8528F0531C14C58F8E3442F4E6B364A2,9766222
foam/train/good/xyz/097.tiff,DB561EE8AD8A02C29FB30C47170CC9DA44A6B712C2EE43322070FDE3062E82BE,9765708
foam/train/good/xyz/098.tiff,D34B6F02DDDB06B3B6AB0292785ED6DE9B1F6456323C12F3E5208DEC9CE9853C,9765726
foam/train/good/xyz/099.tiff,BF45DC2C215AFED0B190529F3640B315ECF6B11D62FC277B7E586A4A8AC78239,9767978
foam/train/good/xyz/100.tiff,A88FA5338A6E849E397A8843F01D1C03D746C856A6F093C644E2D44C1E2302AC,9764434
foam/train/good/xyz/101.tiff,B349AE02C10826061DD21D9D25055C4961B8D758782565CD46F0B1AC77FECC42,9766550
foam/train/good/xyz/102.tiff,4118CAD0420AA4D8B7084C20AF177E1335A8870EF8F57A8190281D228DF62C62,9765722
foam/train/good/xyz/103.tiff,C452037750051788C0C6C25B55345233FDD7B016AF9E977E4BEEFAB93A722BFE,9768102
foam/train/good/xyz/104.tiff,651FBA6E8A6CD83E184C1464CF4BD2E12454D2E191E8FF3A0EF4270CA7E122C3,9765070
foam/train/good/xyz/105.tiff,0AB6C6D3902FA79311DD212BCE99A443B2FBBD92D3180C9F60AAE0466EC3ABA1,9766210
foam/train/good/xyz/106.tiff,14413ACEDCE153FB187E943D0B0EDE92ADC357251D225A5F16F04EB2FA5A95A0,9764982
foam/train/good/xyz/107.tiff,562E12735BB0262D771919BE7FE48DE847F4464E81C12474978AF45D38E28880,9764682
foam/train/good/xyz/108.tiff,B847BC3E60D867787DF619081016D96EB7ECF69E6D403AA19195498C7D9F75CB,9765712
foam/train/good/xyz/109.tiff,F69A592C02CD855A94CC6201D10FCA25CEC4D8576042801686E8BC1BC334A26B,9764030
foam/train/good/xyz/110.tiff,925F6934A592DC327BA19FDD9C9DDD8374671116703CEF42BB825548D252709B,9765842
foam/train/good/xyz/111.tiff,E7E3992C1A3CA510B8629983A2C6F67C9BEF4EE5DCF6C05AB38021DAFE35DDA9,9764730
foam/train/good/xyz/112.tiff,20075CACDC9418B39C56C6818F816326B117435E315E1A5E6972B18B75CB0B8D,9767230
foam/train/good/xyz/113.tiff,0B722E061E855F758E12C1EDEF9342C79ACFC64E0C16C4DC9CE23C0949B95357,9764434
foam/train/good/xyz/114.tiff,1315B949D4FDE71A99DAC42BF8854374CF4C08E07BF0D55F11033867B4B79FF8,9765318
foam/train/good/xyz/115.tiff,4411E7D18ACCBDCCD657128CB4DC6CCC1E36E237742BBD96E282A2E75AE3E4A0,9764754
foam/train/good/xyz/116.tiff,3E534FA4ABE1361FFC940F8CDA8A434D1912C59A2B6BC798E9BDD174B746F34B,9758628
foam/train/good/xyz/117.tiff,7A28F9E592D5817BF6161FCF9BCC668061D7EAED884EDD3955AFFF1CF92B5ED3,9759932
foam/train/good/xyz/118.tiff,B5D10BB4364778A7A9434C7F5B488D53B4C14AD4E617DF20915716848450F96E,9759238
foam/train/good/xyz/119.tiff,7B1EB89B38074B4BE0BE62814D3B244A406AADA4247360B10331C9711620216B,9758650
foam/train/good/xyz/120.tiff,4EC2F11EAB5A5DBE01C6DC3870F5C988F09BBD0FE21DFDF88B21EE58819F512B,9758296
foam/train/good/xyz/121.tiff,9FFAB0864780A5AA27D0FA1CC3371A09F4E418A5FC0223A3494B7D9995822EC7,9760822
foam/train/good/xyz/122.tiff,0876ADFF8BE7BA0A9EE61E17EDF84FE832E036699DB588946AFBE2DBC530B521,9760042
foam/train/good/xyz/123.tiff,952A8DF9BB9960E870544DA69982C47E39A6CB03E88EAB22BF333B48B32E3D19,9759622
foam/train/good/xyz/124.tiff,3481C0E7E6217E3187DB7D73B3E364C3806E3FB5647A72091E8161908C6782C1,9762046
foam/train/good/xyz/125.tiff,DFD3EE978F1432D242013B04346E8B3841F8A61DD0ADB9FDC95B9172684297FA,9759140
foam/train/good/xyz/126.tiff,026C9C5FDE290EF98150839C162F9D2C33AE55334AE172D44465EEC3CD02CFA9,9760264
foam/train/good/xyz/127.tiff,8974F34797D5BCB54070E102CBEF4688AE8784EB1F2554E7C7DD3D52FA6F1A87,9758510
foam/train/good/xyz/128.tiff,259879A2CAF4AD59B036F7D12304685CE39DB30C76460F9E3E0143ABC94D72FD,9759464
foam/train/good/xyz/129.tiff,FBA7573B435D44560CD117922A5F72C99ED27DA92914A8F22FD7A5ACA2BA4C4B,9760490
foam/train/good/xyz/130.tiff,C4606D569A40D13EE05E76C1B6C07C9DB6340017493694397637E883AB78A035,9758808
foam/train/good/xyz/131.tiff,E220A68C20A2883DB936A924E8B4880AEC026ADBBC0A7E36E70CB30E599A9FA7,9760984
foam/train/good/xyz/132.tiff,5A4DF9B7E73E89C4EDD9A05EC6920E08AE451CAB3131A37FAEE8783D05450A2A,9758922
foam/train/good/xyz/133.tiff,45C129210E780F50FDD3080BE220F119D618469AFE3B3206341614A39F5820D4,9759798
foam/train/good/xyz/134.tiff,1D868AB4C7C96CF6976BF59F31E6C206EE470BACDC3CB707186FB30384718410,9758272
foam/train/good/xyz/135.tiff,4DCB253ACED68BCDB60DFDEB2476796B2CF8B4BA8FDACA4904183DCB16B11196,9762096
foam/train/good/xyz/136.tiff,39F11912FAB90FAFC13C97F8B7B086F138E2ED0E049C0EAC0921F1ED677F5108,9760480
foam/train/good/xyz/137.tiff,02AF998EE19BD7AA17E5BD450083200C8B386B7E485162AB5CB8CD99EDC2419A,9759126
foam/train/good/xyz/138.tiff,153F47B550AD7361C6965BFAC84CA1E38CCE88AD5BEC6D6A5328B8FC5FE9F5DB,9759636
foam/train/good/xyz/139.tiff,4EFF8F026C8EDED8B0C7863682EA260242E558F7C514118A78604978DA471D57,9759108
foam/train/good/xyz/140.tiff,96B6AF620ACD9052DEFF4CE7F7484E034647B04C12F1EE1464BE54F6C3D38344,9760660
foam/train/good/xyz/141.tiff,8D85992465971B41ACCEE9B655E0B29A0A2AF858CB2EF6E03176E5BD3D12002B,9760210
foam/train/good/xyz/142.tiff,6074A53E30ACA00DD6877EFBB5C4282618854BD7F99736AA63A85B3246E925A8,9760998
foam/train/good/xyz/143.tiff,0702B5E0719E69DFD54B24E734B822B70C31F292162D56F554DA3EAD10D46B15,9759536
foam/train/good/xyz/144.tiff,2508E6B9DF6F984AE3F763948416241D1326293BDAFFD55EDB395435956F2CF7,9758454
foam/train/good/xyz/145.tiff,6394EEBA2C58091E9D1E83EC1B054743E4F9C167447317B739A2C896A4FC2E21,9761188
foam/train/good/xyz/146.tiff,CDFF3A649EB92818E5CDD96DCE2009DD032D6E0CDAD2AB3DB49960E1DBE7D8DB,9759956
foam/train/good/xyz/147.tiff,4DD653EA6721C32431D156C5D0BFF96F11383475368876A20264E587B2E7C29B,9759976
foam/train/good/xyz/148.tiff,2EC0FCEE0896968E937A96651139E1722D6D1A3639C1FA24C7E5E1FE35B6FCBD,9760274
foam/train/good/xyz/149.tiff,7D21988515F3A4A724A4EB46812537CEFE2859F1346AD5397D069A72620780C3,9758000
foam/train/good/xyz/150.tiff,B04FE02B38E641AB2EF336D796389FC270B2DBADC6450B3FE05593FD2F667F3B,9759688
foam/train/good/xyz/151.tiff,AEF6AEA6B3710D8FCFA281FC9B4AE4C4CD70D65F186ADD6D365C4B3D5889A020,9761032
foam/train/good/xyz/152.tiff,7B48A2035D8F5602B3815B3A5BFB47A4FEDCD3A3EAE11BAA544D47D6B744C2AB,9759532
foam/train/good/xyz/153.tiff,D7704847F0A4ED5B5EE5D4A9E7D1ACCF73EE821E290B04EC1385735CE3213BE6,9758268
foam/train/good/xyz/154.tiff,FBF36E0364CBD9BDDBDD15B513356223472FB583A9A757D05727FB51C8331646,9760552
foam/train/good/xyz/155.tiff,5931D16A7465067D090EC23EF652E6CB4D042850B3A1A92756BF0E76F527D487,9759646
foam/train/good/xyz/156.tiff,EDFEF8132FCF81A8DFCADC547BD526995B4F87330113606E15080ACA2FCFA903,9759128
foam/train/good/xyz/157.tiff,569ADFDEF3AFC0ECDB85B0C15CD25D52EA23B856DD3D971424201558A4BAB798,9760108
foam/train/good/xyz/158.tiff,9D6DF2A6C59437219C23A81F50516F5A9EBAC18F85AC2145F0101DFFA88DCC2F,9759098
foam/train/good/xyz/159.tiff,95AB99466862C183A1A6F36763305BD9DE7E79A1BD6BD34022183E21A7883964,9759524
foam/train/good/xyz/160.tiff,9033DF41045027ECFEA0645EA682BA07CAC9A4A34F2E5DBF79805957C349FF79,9758308
foam/train/good/xyz/161.tiff,8B37963E9068740657880E01F2C8EE098FAD7CA697F1C57AABC34AB022FB3FAC,9760214
foam/train/good/xyz/162.tiff,F8CFAB412D3B0F4ABCC009D61B5D502D6B19A42296BFC5BE31176DE3A3F863DB,9757982
foam/train/good/xyz/163.tiff,AA4B5F27F95C6EB74DB031D1E08AF901F3B863924F00C6ADCA0F8B2DFE0493AA,9760818
foam/train/good/xyz/164.tiff,0F338613108717EC8707B52EE5EBE44893F4D0084F2C709A8B752E94FFE29064,9760444
foam/train/good/xyz/165.tiff,B63DD58624C5B460FE47330A09968E0D29A5B3D9401DDF51D409248E8400DD40,9758852
foam/train/good/xyz/166.tiff,4C1FACD5C25CA81922C4AB87A24DFD5BBDBE6072F5BC48FACFD50F6D408010AE,9760052
foam/train/good/xyz/167.tiff,36E684E13B2C2FADD35435994671951A424D2B89441D4665F1A18807E2BFFF65,9758544
foam/train/good/xyz/168.tiff,B276EBDA84584C28C17AA647120A4EBF8BFA47C9971BF5EC13CA5EB2AE7F4FC2,9759264
foam/train/good/xyz/169.tiff,3EC3F73C50161F8ED0858B46A97DA81BC2945CF6433A20A8E225F4C52C2F88BE,9759482
foam/train/good/xyz/170.tiff,77BD09B97AAE70EAD3FE6303AD8B989505372856335713393298A0BFDEA5AA21,9759470
foam/train/good/xyz/171.tiff,B181612BF0243658095CFA8544FFF0FE4E399F51482F9F0649A27C17D187160B,9759058
foam/train/good/xyz/172.tiff,1461F0D91029610AF1FECC7485614DC698D724450B8C2346C62020360623E09A,9759476
foam/train/good/xyz/173.tiff,8E6029217413AD2F3FF745057DB2F0F060AB8557F266E598A50CD73145129EE1,9758178
foam/train/good/xyz/174.tiff,F64CDF76C18F52D9FE768494B68E09D32F1F25DFB3C4DAC5E8A2AAE8468AC4D9,9759580
foam/train/good/xyz/175.tiff,23050358B01DF31B7478F83E1673B65CA3124394A5EBDCEEEE3A201E1C94E7C6,9759144
foam/train/good/xyz/176.tiff,67EB63FBBADAA35499F61AA00D7CD180C45A943B38777B3C2C8146A801BEBBF4,9758776
foam/train/good/xyz/177.tiff,20DFA96BFCC9338E23CB7398E97EA1D05AE305CFC8A286FC5CBBB9F2969D417A,9760154
foam/train/good/xyz/178.tiff,59A59FC207294F8BAA398CB8D49CA1B0A64816F2876AF1575ECA3D8923BE98C3,9758254
foam/train/good/xyz/179.tiff,D48F7F7AF3A9CED9860EF15CD6ACB3C5ED873856D5FE17655993F110A069DE6B,9760196
foam/train/good/xyz/180.tiff,CF516EBC337A27366FCFFBE15CC33E12846BB80B098819783709143C15BBBB79,9759632
foam/train/good/xyz/181.tiff,7AA4EAA3F8A1D82A81CB3892F5A36BE74C20F36781C3563E54B648BAB28FE665,9759182
foam/train/good/xyz/182.tiff,F4F7CF4D2BDFD49AA78229299B70F3A25B893E4FAA8B75FC08104F93B4716B8B,9760762
foam/train/good/xyz/183.tiff,E45E48BF568D20FF70F06AA55B88DEE5098D3198BE80499DE0EBCC600E35B59A,9758922
foam/train/good/xyz/184.tiff,439D2F11BF39742FDD82BF7560D863C0750D570F3C7F497F368912F51D2421E3,9757828
foam/train/good/xyz/185.tiff,11FEF1CB39CDE0F03578012DD278CD15BF92228B4C04DE13347F037C5CFB7C53,9761064
foam/train/good/xyz/186.tiff,F77549C612F63E11B2D5F84CAFFDD39F32854757E1BA2A2FD73C8762FE723A44,9759306
foam/train/good/xyz/187.tiff,FED2C0976BC86807EBC86C560A57E15B6293BCCE5153B8BB34A8254F83B8FF56,9761036
foam/train/good/xyz/188.tiff,879D11208DD6ECCCFC81131275DB2400C4CEAD813EF5561AFA025815AD8CDC16,9758350
foam/train/good/xyz/189.tiff,F39205440F19280A96324B5E3F2BE8ABD04A78C372E6259D8785C408AC7DDE0E,9758592
foam/train/good/xyz/190.tiff,303E7642E50BC283C206C87B39089B9A5D0A1472AEE41D8D3AEE94397CD4EC11,9758272
foam/train/good/xyz/191.tiff,F2E308A960E3C40AA95A18F6B74708814CE96C6128C41B3EFD2980F2D98E2B05,9760046
foam/train/good/xyz/192.tiff,0FD5855B210F02009053B076AAA0BDCB4221AFBA493AF09409ADDC20B7581F21,9758008
foam/train/good/xyz/193.tiff,92D80430CC85B1735BFE31844AE1B406E292E936FD022C84C90C10020E1DF3CC,9759908
foam/train/good/xyz/194.tiff,56D5E305CC13BEAED81B86BFDFDB3537AFCE73A63E6331A4DD5DE6E6F8DB72A0,9758102
foam/train/good/xyz/195.tiff,CA085271FEDC6A42DACD53F59BB473DD87669E182178F60A0417EA09B3F91DBC,9760970
foam/train/good/xyz/196.tiff,E7CC52867392DE9A82C2270A6F9E94E3B02920597D0D33BE37420661AB706A68,9759576
foam/train/good/xyz/197.tiff,4751DAD6FAFA347AB1DEE59EAC77014FD676317C4DFDFA02AFBA588B99D729E4,9758698
foam/train/good/xyz/198.tiff,7DCF54FF8903CEA17B400BCF2A7A1BD51A5CAECF08380499762D7D5900B40D43,9762052
foam/train/good/xyz/199.tiff,92CE8E667A0F58800D191F6645C283779E7084296FA1DDAAFAAFEEA9CFE5C9BC,9757946
foam/train/good/xyz/200.tiff,94ABD34BE52AB2EC7597BA7B44078F352C52FF035C1E644AAB729F65DDF33D50,9759920
foam/train/good/xyz/201.tiff,30705FC4571CC61FDD12C4E219D6D32E9C7C936DDB194B37967E0858A2046C41,9758190
foam/train/good/xyz/202.tiff,74F47B39D5A63CBFCAAC1CA9DD8D2C221E7222E852F77A0AECA1DC7D9990486D,9760330
foam/train/good/xyz/203.tiff,1DA12E960369AA023E054BA2B378D5A6DD8379A1D10EF1EB78FD6EF18F2DD2B8,9759128
foam/train/good/xyz/204.tiff,71746D2ED498C98D3ECEFBDF16138F9C91D3FC51165FD533605C1BC0F929D599,9761104
foam/train/good/xyz/205.tiff,35D716C850430EBC3619B2DBA412E6916255A65131406824F566F74C2D60D869,9759398
foam/train/good/xyz/206.tiff,CC450E58EFB196EF3823F74F238416F901F19F2A579732D3A78A3FD041A21D5C,9760524
foam/train/good/xyz/207.tiff,F16F209A2D7244F9537D1264A987C50694953279EFA96AF827DA1F7EE47F2977,9758360
foam/train/good/xyz/208.tiff,A46D0FB471DCAE34E3031ADBDD8D17354C62C31EC33D60B9BDA6B39E1885BC1A,9760056
foam/train/good/xyz/209.tiff,9330CC020816E02CFEF9236D242C6E08AF497744ADAE2C3E6B23660B90E2C4E7,9758736
foam/train/good/xyz/210.tiff,021C00A0FF9F35C8855CB6A1D7DF97A45AB9E86FD8C34654BA2F224F344FD553,9759204
foam/train/good/xyz/211.tiff,BFE52F6DCEFDD1AA4E3822D8B2B06A47D9746500A1323BD5B058548C76BDA309,9758250
foam/train/good/xyz/212.tiff,97BC8196F1B0C3E4D982E2C9E7E99F41C2096B29726EC0D99BA0646FCA271E74,9759452
foam/train/good/xyz/213.tiff,46AC8BE5F32FB19F5E5E357E866C2C5B9482E496CFFDC6272D4D6A9D9FCD4A8B,9758660
foam/train/good/xyz/214.tiff,943C0300B92A772C2F27F8F86600D32E6982BDF6CEACAE6EF585CC7E10B5D768,9759786
foam/train/good/xyz/215.tiff,535268F4829196FDB4B52271F3958766EE48E3A46E4AE5F463823AB44ED6406A,9758010
foam/train/good/xyz/216.tiff,7F54F6284A1EB343311FF606B3137CFFF7FDCF52424D5A628AB4F7C6847E0722,9760258
foam/train/good/xyz/217.tiff,CE74F94DE77108F8917A1E6758AC28CF7C66ABA9EF33C9833BD60DE5580FF353,9759286
foam/train/good/xyz/218.tiff,909DE68EAC5F82324139411D6B0E2211461FBD9768A438FC396E62F8D06298E5,9758824
foam/train/good/xyz/219.tiff,6AF13361A99272C905DEE5277D6CADCE0A67544A9A1B1ADC4BC6C29BECD96D16,9757740
foam/train/good/xyz/220.tiff,57CC6BCE4018ACDF5070DF5A82D21903DB87FFBD0EB96536FE5D03EBD4279E47,9760512
foam/train/good/xyz/221.tiff,CD8AD05E44125770C8B51B19949F9F2DE794611762CD89BC337BC31643F59EE2,9760038
foam/train/good/xyz/222.tiff,2434796AED01119CCB0B8B24D8B08F66A64336F942DB4CCB673F75351C79CE0A,9759308
foam/train/good/xyz/223.tiff,71FF4D504AF2C532BC77779D0BFFF8960A127483628237E23492C05F9F558092,9761384
foam/train/good/xyz/224.tiff,87DB277C384A77EE2911C29C5A44A51AC4ADC3D58EEAEA2C32B2BECB27AEC912,9757792
foam/train/good/xyz/225.tiff,A3359E6BEFA27B4E06D26EE988511506A90C4EA9C9B2D4E128D1B674EA24855D,9759634
foam/train/good/xyz/226.tiff,E07C2565BBFFCD62CD6E837A6EAD9182EF50D195D2B919DD2EEC615DAEE0A52B,9757138
foam/train/good/xyz/227.tiff,AA2F103C2EC027B03E6F1B0BAF61A26B1E20EA953D4941F108A64AA119D34EF4,9761030
foam/train/good/xyz/228.tiff,13F4921B746945A2B9264C89CA4CE56FE7B30E34BFD3379C67B3936D1AF3C336,9758336
foam/train/good/xyz/229.tiff,0C4FC8ABC298C586EFDF6F807E5CC87965379A0DF008EF70AF8588D812FCD359,9759842
foam/train/good/xyz/230.tiff,A4E408E71C380B96AB0FD1FD6FECA7EBE90A9CF8C06F162AEF5238D7F6C26B83,9758650
foam/train/good/xyz/231.tiff,F3324E52735269EB201418CD8A1A1768D5C31ECD02D588D397254B55A820368B,9761600
foam/train/good/xyz/232.tiff,3BF73A01CE6F97813DBAB7489D798C67A51809FF0741B94F33A37C49F76EEE6A,9757584
foam/train/good/xyz/233.tiff,31A8A5F6A64D00B8963D776142D07FCD573A9CBBED1E010672B9D993CA658DC8,9759244
foam/train/good/xyz/234.tiff,76FE2B5BDE37B535225EED1E7E8B1CF4F806AAA0A31F594AF2DDCD6815BC03F0,9757794
foam/train/good/xyz/235.tiff,9C801122AE8B5A8044426ED795C7D2EE5AA9234238E75926C35FF4D4B5667BE1,9755712
foam/validation/good/rgb/000.png,EBA4895383CBE2AFBB734F89850EC09794E257F290763EA17B0C30349BAA63EF,1256209
foam/validation/good/rgb/001.png,761EBC3861E7807EC3525ED6BE741A720EF318740C74B94994BF361BA0907D19,1242750
foam/validation/good/rgb/002.png,47A2FB45AD56EDF19F3EEA456CA553F8A28418033B2DCAB96D2B367B10599420,1232062
foam/validation/good/rgb/003.png,2D5585D8E5D611CB7B08009AB57101C66D50F5434E11997CD5F43EF09FF20A9B,1243877
foam/validation/good/rgb/004.png,BC4C8C6C96A87539C62068F31B87FB96E97A47D4420969B3FA2D3C052F162964,1253462
foam/validation/good/rgb/005.png,1DA8133E9EEB84F4998DBD5F20AAA3B94D798CF50E999C6377FB53E7F09C6233,1281216
foam/validation/good/rgb/006.png,F596ABE10A0A15D0AF474D240D0CA27E0DEF1720726FC4099BC6AC30432AE83B,1219550
foam/validation/good/rgb/007.png,4C7D7AEFE8747C36EFCD92DA6F28BE778F46CC308B88E35BEE3AD1DCEF958FD1,1286427
foam/validation/good/rgb/008.png,D1E165C8FD228E2C4A2D36C01CCAB33F7EC5A93A1EC418464731F714B2BD0F1F,1222543
foam/validation/good/rgb/009.png,C1640D5D200F0E0B2F8A010531505D43119A3800D110B61EC5B08617A8BB2335,1287738
foam/validation/good/rgb/010.png,3FCE4E5097462A2C0BF0AEB9FA713634FAD367E65BAE957D627BAA296D2732BC,1329307
foam/validation/good/rgb/011.png,2A32F12EDCB7DBA6BDCCE435C49A332D7B89AE1EEF364FA42B8B9624C15A400F,1280424
foam/validation/good/rgb/012.png,7E5A36C7F148DE610ED073EAABD452C13B1A8F130E65EAAE4CB8E3D93EE39BD8,1240433
foam/validation/good/rgb/013.png,B323C06C8964C5E8AC0EAD3892B09609EFD3C8648A4A09D83AD696AD31C56426,1235731
foam/validation/good/rgb/014.png,8D0D00A86B8FBDA04F97E8E3A8AF79DA73E4EF0F762CB80CCAC2B8BC4AAF4623,1290363
foam/validation/good/rgb/015.png,6E978931A1875DB66539E0206B7159391779FE9FDFC66ED9BEAB27C6A688B5F1,1269014
foam/validation/good/rgb/016.png,58C70C7111968793D108D238D9161F23A098BA034D4C43A63765542394F79F1C,1251646
foam/validation/good/rgb/017.png,C599F1362229FB6FCFEE94C9C7287245A36D9F625CADEBA232CD622A7B67F36D,1244282
foam/validation/good/rgb/018.png,971F4BCEAC300204C420CA06D3BC29CBA5316218667FA3C27FD54E982E412896,1260815
foam/validation/good/rgb/019.png,A8CA85E10FAE19CF94F2B5DB48077A87FFBB103A01AE34B9ACBD69578EBC8622,1330786
foam/validation/good/rgb/020.png,D02546AAFA7A5EB5AAA49591F4CA707BE22F51FF850EC0107950DBA6F98B982C,1380788
foam/validation/good/rgb/021.png,2D6E0223C370990E10670F619EE6AA963BC4F4F871837FBDF79BA1EBFCD73FBD,1319688
foam/validation/good/rgb/022.png,8DEFF45B2F72A9C72825A984A2B65C64C04E729008B909BABB681F90AE21260A,1253961
foam/validation/good/rgb/023.png,F1700831940B1D1359B232A17F1A7610FA134B7153AC9063BD3DD17CE5CD131B,1320669
foam/validation/good/rgb/024.png,11E31D966ABF5ECB25AF1C09CC7E10ADE6D9E79939F5338FC075B0CC78ABB032,1277322
foam/validation/good/rgb/025.png,6D049272F3D78D3D6CBFF4D24B72118D9FD943FB9489ED2E8CF8D8F39B18D4C1,1339379
foam/validation/good/rgb/026.png,37DEEA1234841728015B1D3A6CD4356C3B22127490C6AF875199F9F5D41FDAAA,1359639
foam/validation/good/xyz/000.tiff,7DE4E249908739D4FC007D15F85D719834E8322E9260E02B0203DE94536F8867,9759314
foam/validation/good/xyz/001.tiff,4885BF4850B7AA641A205C9C1A228CF3FB4BD12922EC0BDE4016F44FE477FB78,9763162
foam/validation/good/xyz/002.tiff,FE2D97244E37A6E115532F4C90685EBDE5D418A1547B9A6FB167BDE57E71D4C3,9759006
foam/validation/good/xyz/003.tiff,1C53906A51CE440B392B01EE91CDE016A7170014FF4AF1B419EAF86445E7DA8D,9763850
foam/validation/good/xyz/004.tiff,11589D1F575152F28A8CA2FB52A2E4F2AADEA8FBD2641859E2B07E82FA032345,9762876
foam/validation/good/xyz/005.tiff,AB201C6C204D44A5016A3912DD79CBC15E446F48B6E7788FDD8CEBE477EFCFD8,9760784
foam/validation/good/xyz/006.tiff,589DDB1DF9168A2564701C4B7C133F953FFD4B4AE2D319A221A144EB08EA65BA,9764154
foam/validation/good/xyz/007.tiff,94A76BD3FE2E1D97D155026A5C21310C2F289BD2F9851354434103A7E8CC49D4,9760742
foam/validation/good/xyz/008.tiff,757DE9473F0229500A3EF2F62B0F992FE705CA9707B6E8B03D973BA957A5A33C,9763340
foam/validation/good/xyz/009.tiff,533876E2D4BA5C20D8025C42C9A9213C414979BFE000132EF4398FB5F611C421,9761882
foam/validation/good/xyz/010.tiff,3CA7EB5FE6007E278F3D03419FE3965939EDA939DEE0221C89A742A67BF63787,9763022
foam/validation/good/xyz/011.tiff,94229CA2DCC1F508D5C1694F9B36711805B397ECAE6268A04045FD5C4D175765,9764430
foam/validation/good/xyz/012.tiff,E1FCAB2FE68B57C88D86AD47A02322F36936BE390186A7C24882D9BA0AABF8B3,9761330
foam/validation/good/xyz/013.tiff,0675B4DFC9653ADEFD08DB189C091257F0FAC5318414EC10B4CC519F5E35DE5D,9762136
foam/validation/good/xyz/014.tiff,10F07E4E0D9E6C5ED8AF7C1716EDDC76EFD3CFDDEBC8196FAAEBD822BD6B5106,9762416
foam/validation/good/xyz/015.tiff,EB016F673F7DDD89F597D0958387D4C76E4E04099C8287877E5379F5791AF3F3,9760238
foam/validation/good/xyz/016.tiff,CD2FFC0DCA4B15C5CFA8E416DC0A05035F675D7C5E56441BCF9EB1FBE622DB78,9761974
foam/validation/good/xyz/017.tiff,1313A91F5FB50CD0AF567614736801A89428F4C66278C2B5D6FA346CFFF6D50A,9761168
foam/validation/good/xyz/018.tiff,6A688808F344090DF9305F3FF45A6A0EC125ADEB44B990BD9A55FCA4F44FC701,9761878
foam/validation/good/xyz/019.tiff,ADCEE92434DB1029088541A39B0CAD07B885705DE37CA60AAC828E882DED1B6F,9760396
foam/validation/good/xyz/020.tiff,1BE8CFF385BC66C589DE9E2A4FF3B2925EB7E3F1D353C1BC5888D7DC1F5E16C6,9762902
foam/validation/good/xyz/021.tiff,D0D366CD649CB563FFA0A123F4A2FD2FA84AD45C09B83EFC550BA87E374724BD,9760032
foam/validation/good/xyz/022.tiff,BEF48600D2FCF0EDB27C88DDC179EEFD5985259F549B3F47D9277843641EF3B2,9761084
foam/validation/good/xyz/023.tiff,46F91560611F319C174AEAB913891B86F8CB0B978766D7AE39246131B50D8639,9760222
foam/validation/good/xyz/024.tiff,E2D72CE969C5225C47962969D8054E76159E2DEB933F92057A0792543B92031D,9759416
foam/validation/good/xyz/025.tiff,0FC2B4C055692097934687E349885542530C596FDD69437E6E8CB7A4C94C573C,9759734
foam/validation/good/xyz/026.tiff,54F4EA29A5B14BAE54CDA61E297EF1261025CA3A8A33BCB1FBEE0515A29003EA,9760782
license.txt,A355A57937552790EBD751F8A8026B23882160AB73F1C38F8030456DFCF1A330,20845
peach/calibration/camera_parameters.json,C85266024A87CC3F7CA0ED5D974345962627C0673546DCF5412421C5F08836C5,201
peach/class_ids.json,C0661F8BBD9C869A14EF9640E0048F9A924467C6ADF314D92A4D4AC26C4C9632,77
peach/license.txt,221519EB7AF2A395DA4474E7E136BCD4E0848D8ABBF346ACB2FB0B6D6BD2277E,20880
peach/readme.txt,CAF14511A62020E45ADF34A0CEB679E220CD688B3734CA495D71A97D561F508A,982
peach/test/combined/gt/000.png,20346F93DBA9C27D11DA57AC318FD2A5B13494C3F4E03D6FFE32C1441D14A9F6,928
peach/test/combined/gt/001.png,922B9DF2D2DBD408967CCAC067507C19672EE4574BED2B33DF259497A7FCCBE8,932
peach/test/combined/gt/002.png,5EACA36EAFA1B5EA88D4E83D0072F96FAB77B29782A8B07238B110620CABA919,818
peach/test/combined/gt/003.png,2303B612948D9C3D271C5B325C1931A4CD6E961D87D105ACF3A81350C56F2C2D,898
peach/test/combined/gt/004.png,211F5D6F66C5746559A765054BE04B1D82F77579265CBF93C60B0F6426B95957,1018
peach/test/combined/gt/005.png,867BF54414FE9AC9097D17657169720B428FA2D70200B06A6010C0A451BDA667,916
peach/test/combined/gt/006.png,3FC1D99F396CEA5589F2E2D97F3E14838629BA270143BEB0C65F94E134888548,1048
peach/test/combined/gt/007.png,5F6826DD7692AAD37D5B4C8AB2EDEF2D25986BF9E8DBAAB5CE997757D2C70953,903
peach/test/combined/gt/008.png,4CA7DE676B925FFC1929ED3B9262FF3B29C9F8C29922286DE1F3BFFBECD3A074,979
peach/test/combined/gt/009.png,5B3624FB5A5F1268D5A1FCEB1590F2A43F89183D1BC6296328F4D18B0A576836,990
peach/test/combined/gt/010.png,7A9930607C796D68BD2643F67FF304DB4E20C1A8473F49D44CCF78F0731822FF,883
peach/test/combined/gt/011.png,E7081AEF41587A8E481B258ECD657A6BE3990B8B99ED6996BAD48A4950D2F93A,856
peach/test/combined/gt/012.png,6BF62942F733103709F05C088E6036670D9547ED829FC72CBE49C11C14A7F11B,926
peach/test/combined/gt/013.png,FD453DE3D77579CBB2C7B475844F3CA3665976A2C36782BF9CD05F05CF644AC7,853
peach/test/combined/gt/014.png,43CFFA3B3095443069C744198DC83E88D2D10FBD8D08C650CBB32E3B3D29F5AA,1060
peach/test/combined/gt/015.png,F1C37F3F20A6B9A179BFF8D1465675793B9D1A178F0A07520D727138007DDCEB,825
peach/test/combined/gt/016.png,D6DF7BC2C44FFE6F5773357A018715EB3AAF404359BF7D11FC1685E9C59D3AC2,977
peach/test/combined/gt/017.png,A8A957BAAAA02B820794759079B808673969A73EE40A891991E1328C9A22E6CE,1085
peach/test/combined/gt/018.png,0EFC2091164888D713270FBE3EFF22FDAA2B8577E046F897694A407559F39E72,993
peach/test/combined/gt/019.png,060D606452FAD775B1BCE363B0D5AF83C56E5C51E7113149D1847B740EEDE07B,909
peach/test/combined/gt/020.png,BDFF2742CB5E623AFC6E36433BD0ED81A74A219C867648E2BC5EECE1E4217F66,942
peach/test/combined/gt/021.png,4EF13BC964B4244394BC2DD6A1C3C58DA78162186F20FFD3AC133792D186CB35,929
peach/test/combined/gt/022.png,0EA04F0D58B1D75E3B781BCB360DC797F3F014DA224BAEBB776F0B47E1AC88FF,951
peach/test/combined/gt/023.png,DCCC71BF0C9123686CE6246B53CC55F13F4B5C5967CE8D845F443B838DE6799B,942
peach/test/combined/gt/024.png,C4BDF8B16753027CA86F8725F9D37C508FA2F8736AC491504BF922E0492185F2,987
peach/test/combined/rgb/000.png,F7BAC07A31924D6A6B2E2EF59C9F289E79EF214D791A83A2C57B2ACEB9362148,440711
peach/test/combined/rgb/001.png,118D97A855C1B1E78BA8C9C69187AFE405CAD66AB961AB92C1A5F1AEB5F26A06,440249
peach/test/combined/rgb/002.png,C7C3BE392C48DF29F0EBB3D90DFCD60D1BE0E1D26403F334D500B9579D2F2D7F,445589
peach/test/combined/rgb/003.png,933243D8CC65E911D53AB49B10D486AEC7E39D3300AC2D6C6D0FD310A7253B87,450471
peach/test/combined/rgb/004.png,E0EEB2F4B908D229EB579C75B82A521D3E26BD0AA20C372F581A9742325837A8,454234
peach/test/combined/rgb/005.png,078CFC3CF3D9CCC9F4DDEA2CCE7440F3DFDB674E1FF9C621F8C9450964DE673E,456128
peach/test/combined/rgb/006.png,F32B07E6A2681786040D945A218D4416D561EC467D70C3288B93C98A25664C5B,441530
peach/test/combined/rgb/007.png,2615635BD6C7A786728241C3C46221ECB6D35F13B38F337B460BEF23F8A85C08,439060
peach/test/combined/rgb/008.png,FF7F2D29F4A5ADFD4BF76E211464ECD179CC9CCF4A78E9CB0665372951DB4035,452229
peach/test/combined/rgb/009.png,3A03E50CF54D7EF72ED2BE173B3F1E910A2E82A04C592147C92DB483B7AF79C1,452342
peach/test/combined/rgb/010.png,DB425BAB6AAA1A650523669574D62BDFCC88A207855B6FD997C8E757C5622F1A,458805
peach/test/combined/rgb/011.png,B9BD2131D8854987350C8EC0C7C1443A89795A68A690CA80A66B114456DF9F6C,457562
peach/test/combined/rgb/012.png,72835B44A64BBB5EDD4A4F44B643CF5D2B33E2F44C43E16DF03D36FDA2428944,443397
peach/test/combined/rgb/013.png,F2885343BB274F9AA6AAE24155768FF97254EDC2B3F397370BE5AEF3BF0E95D4,449134
peach/test/combined/rgb/014.png,A55FD9DA8EB9A468E1B2063ACF452D683B2D53DB4841AE3CC2110C68219AD816,438624
peach/test/combined/rgb/015.png,D0D7567B072EBC51F7E64A8028EDC23B918CA4250D82B86430286B829F28D397,436362
peach/test/combined/rgb/016.png,012174631D09514CA7F4CBB296B1EE7059CDE0DF7B7847E6DEC861B02EBAC9E5,425132
peach/test/combined/rgb/017.png,C2AF3ED2479B76A3898D36403173C767D8DE7ECC586FD0544A6C0F5E63FA9177,440949
peach/test/combined/rgb/018.png,5ECBF6EBC10142029C62A045F3899E80174B43D5410727E238F1FFBCCA78ACE6,447080
peach/test/combined/rgb/019.png,A1CAEF19D4282AA43E74AA4EFEBDD6747B79CB3E090C2CC16D990826347F52F5,434401
peach/test/combined/rgb/020.png,A9A694D2F661878C83462AB86EC83B9AF0AAF7A0D543F626836CE654AAC7BAB3,447345
peach/test/combined/rgb/021.png,BEC048A5537161BC797BB81A0D4A0A18FAB987E1C0156DE81280CAF4019DF691,437103
peach/test/combined/rgb/022.png,4DBF71104026E6519EECB3F1CF7D1456661F67220257D4CD35A2D9EE7B709B04,446738
peach/test/combined/rgb/023.png,79849816F0092E9A65CB6AFD6988829B178CB43F7A19E3908366E8D3FFE24865,426665
peach/test/combined/rgb/024.png,8D3CA9331AA7F5D010FC420273A6FFE998C1C88397B918B21A2053BEF2B553F1,447853
peach/test/combined/xyz/000.tiff,9A9BE436C7A983FB67A7E1D6F76627BBDEDEEF4802BCE2AED7E9FD299BB5D10D,4386678
peach/test/combined/xyz/001.tiff,D80B94B32B78F75FF25210E09AAE590B412786347709D584446E5A8A66DB8AD7,4386244
peach/test/combined/xyz/002.tiff,7E4A60EBCF0F3C069B7BB4E35BAF5A62583BC5E7429853E74FAFA1A57B353F01,4386154
peach/test/combined/xyz/003.tiff,3A2F619B462B98DE72A6B092EE0DAFA61C38054D946E3E599B88062C83FF7520,4389026
peach/test/combined/xyz/004.tiff,5913B4271207580D99EDE04202C96E663FEF1703A6DFAED3443885C41FCA10A8,4387138
peach/test/combined/xyz/005.tiff,215856F104C988722ED3E0580423DCAF0477A06A9004766BA53FF68A8E171DEF,4384898
peach/test/combined/xyz/006.tiff,64FF82DD45376C1DFE2156231C37BFF52F4CAE2C2B143CEBEF7587C22B4DEE19,4386946
peach/test/combined/xyz/007.tiff,14FD755024591988B63E5E54ED00A982E791B6ED772312807F5993FE3C578E0D,4387362
peach/test/combined/xyz/008.tiff,578E789BA066ACE834BF941A4A583EA092357C52F5BD9FCE6FEA87D0E4F3166C,4385052
peach/test/combined/xyz/009.tiff,AB0897FDB258F92EC061AA42088BC58F20440953E120958579CD0485439B9B09,4386926
peach/test/combined/xyz/010.tiff,A6525B24D4A8F3944717EFC692BFD52D45990688FFE352A13CDC95AB0BBCEB06,4386226
peach/test/combined/xyz/011.tiff,490A8D1DDEEA3ED2DF858DF38E6A491732B6E1854078B0B1D23720094A1BDB51,4386428
peach/test/combined/xyz/012.tiff,E13B031D29D027EE5C0F806171645C349D02FBB3A5228C40FEE2BC7ACB897462,4386654
peach/test/combined/xyz/013.tiff,9124E6CF67CD8CD0AC643CF9A2D7C56997538B4374300356527B6BED91CC450B,4383490
peach/test/combined/xyz/014.tiff,2BFEE111595570A92BF1143E01370DDBC3EB9A31D28B81F76A7F04ECCA77422E,4384678
peach/test/combined/xyz/015.tiff,EC30B7914D40F7ABEAAB54111F8FA713DCB73B2D4B5988766729B0F00CCFF62D,4388720
peach/test/combined/xyz/016.tiff,AE375CF6C3F5E5AD6A830B697E3E2225E8C4F614AA25DF48A5FCCA92C51FCCD7,4388024
peach/test/combined/xyz/017.tiff,173885589E1B450DF8EA8E14D6648CD2ACA4D56F1F9AD35DE44EAF01F1FCE4F7,4384744
peach/test/combined/xyz/018.tiff,FA0D03DD8A0FF7854BD94023044162FF1F42B9FE7F411D828F9CD86BA9F8B368,4387132
peach/test/combined/xyz/019.tiff,C3EEC8D35A958AB0E5CF2ACA0C599A499483786986F6FAA7F01D24AD311636D9,4387270
peach/test/combined/xyz/020.tiff,AEE2E8DA09F7CB5DE4CEF341DB899DAFC256FF0B9864DD4FD99CF50BFB8F6B9D,4386954
peach/test/combined/xyz/021.tiff,D8FAE48597F9358F81864B5D507D55C9F50EA07069B1B9506251A00F6726B646,4387718
peach/test/combined/xyz/022.tiff,49B8884C440D595E620833B17646B000DE1E7D8E38B8BBC6E855A8765461CC1F,4386056
peach/test/combined/xyz/023.tiff,6AD31DCF735896E14A13D9C7580EB3E1F7DE613861EAA0F8B1F0E82BCB310BE3,4390230
peach/test/combined/xyz/024.tiff,061D50AF57EA4182CB45DA41455E2C92119920EE5EEEB65B5D6C3A2B65599BAA,4387822
peach/test/contamination/gt/000.png,D07D11C71FB6EBAC6867C48A2AC831ABCE2C1E2A29E44EADA903058A747370F8,628
peach/test/contamination/gt/001.png,39ECAB3F22B24FF19BDC73A9D3B123C670742EE581C3B92E0E2731BBBF1C502D,679
peach/test/contamination/gt/002.png,14A3D961989FEC2E6F7790EFC9A6F7C9F417BAB5442749267CEC59D6EECDAC43,719
peach/test/contamination/gt/003.png,E942431BA4E2C61FAAD971764C29F24DE2031E4689C10A7A2B95D0D6502ACB9C,780
peach/test/contamination/gt/004.png,B9A9400C7E5EF2B181E1AA660F964CE98E3AF07F57BDF7AE2EB8CFAC94EF7635,688
peach/test/contamination/gt/005.png,9733BE039BDB4B23807D905B4377DD7FEBFE315E0E2CB78D8E2E3FE6252DEB54,724
peach/test/contamination/gt/006.png,8E0A1B5B27B9841F742D571FF77520EC2F88D27CC621745B53473C67470C9D84,685
peach/test/contamination/gt/007.png,9A2A64FF7C2688F81C49790EA824FA83FEF40B8E4383CCBB258ECAA0445402FA,631
peach/test/contamination/gt/008.png,3F0CB8DD048D1D7081699FF2149FC2CD237E49270738EA267D1B49FEC70F7654,797
peach/test/contamination/gt/009.png,441AEDCAE5DCB7A4AAC12BEA8205398930F01BF6113100B6AF30E1EF2E7B080B,707
peach/test/contamination/gt/010.png,98FAFB1586918ED2A61B4FCF99D8A7514873C9BAE589EF86CD67F331F6502D1C,592
peach/test/contamination/gt/011.png,7EFEDA96B841BA08CF24B8F19405EA3F07D368AA2D7DF99CCF064E94A505E61C,714
peach/test/contamination/gt/012.png,5FDD69790B7C3C7383F8DB4A8B4ADFD6433F93EC207C7D9BDE241D32BA52B2CC,604
peach/test/contamination/gt/013.png,58390E90742650B72469BE7CE06B51B2F80C5F4C1F0B3FA1B408148B56FFDACE,682
peach/test/contamination/gt/014.png,86108C4451DB7FA7C3AC00FA57C45E5AEDDCBBFE0ACBA0D37C026A5CF2237B1B,683
peach/test/contamination/gt/015.png,C5CEFE263F1C8CAEBA9A7BEE5D92BE46336CAA80F2D38C893841F32C6ED64F6F,698
peach/test/contamination/gt/016.png,7975CCD85164E45E9EFCE861FC6CDF82EB1E6054839C0D94914690A437EC17FE,655
peach/test/contamination/gt/017.png,1D02C3DC2BDDB4CE1124F86BBB76816E21D568CB272697AB522C969679D60B6F,643
peach/test/contamination/gt/018.png,4367E5BBA818BD28F6502874E87E95381C7104AF896D224FE0CDC7D8C8470F10,612
peach/test/contamination/gt/019.png,A9F362AD56FE492113DC0B7615025796D63767B930EC9BC43C8A0EFF8BFC2B30,642
peach/test/contamination/gt/020.png,10ED44959F1809D431709F98D96AD58B4F8E7FAD1CECEC91F6AE0A7164297E41,650
peach/test/contamination/gt/021.png,96F9D90FC638D35AB470F32CCD5ED098CD7EBC49125B76309BB1330049F81DE4,793
peach/test/contamination/gt/022.png,45235472E29284BDB9EB4E96A581F5DF1716EEBD7DFEB1955A0AF0DFD28CC128,711
peach/test/contamination/gt/023.png,FCFEA6DC696741B032219331A56BE11883679B2DBFE376832F5174A2BDD87676,692
peach/test/contamination/gt/024.png,AF6D473939FE4F01A5DF35558FFAFF3509B9ABD7EF9936A333C96545F1249F52,678
peach/test/contamination/gt/025.png,368CB06AA6C8D869E19BCD476DBBF9EBE44042993EB049A8176F44460CB96C5A,863
peach/test/contamination/gt/026.png,144BD659637F158DBB79C18ACE1A0F75D73CBB0C91D6BB6C5275C5B2F69EA409,668
peach/test/contamination/rgb/000.png,D1C6E3CD165BA372DFADF70D1049737146F898FF70C6B13958D4366D21708782,456361
peach/test/contamination/rgb/001.png,FFCA54A57F1177E6B00D02C25E4760729746B516690B82137F189CB547BDB98A,452558
peach/test/contamination/rgb/002.png,150844866FF3B417739747696D4E4E709D2D02AFA245B90E0D7C7969B93DE15B,456493
peach/test/contamination/rgb/003.png,EE9F475DD8A1688413DEA28E45660E69FBEEA42BA97B7C8C8B3E340370323347,462393
peach/test/contamination/rgb/004.png,1726988C1D4687EF1AEA574624E5CCDDC7D5E46C8DA015CDA7EE62DA7B84A48E,457313
peach/test/contamination/rgb/005.png,D5192B02BB3A4D73B5D2B8B123EB404CE51CDDB44401EDC747BC651A1F48245A,454937
peach/test/contamination/rgb/006.png,CA8A48382FBBF7A2AD75C89CCF57F925E156A4AA5B5CAAD93DC5A829F720465B,454408
peach/test/contamination/rgb/007.png,3F5548A0B0453ED0A4FBB285648D57125D9F2C3D3B7A1EC7A9F28307C2A118AF,453215
peach/test/contamination/rgb/008.png,EFB3DBC41FEE2662CBD05466FA30B73D535B1B9FEA40DA90EA65CD274E80660F,457236
peach/test/contamination/rgb/009.png,3C58BF9A5BE246E77C0423522DC0936BDF7E82261CC999D92E6361F0EC09C51B,455324
peach/test/contamination/rgb/010.png,42344C642719BD7FD82B35DBA56BD8991AF6F7C36C7EEB152C87A5DDB3E04495,466807
peach/test/contamination/rgb/011.png,1B248B609888C40A78DA994F090899153C726B77292596909D0931BC712B2840,456754
peach/test/contamination/rgb/012.png,9B641E36BAF354E2375B2D80B03FF0C463A559379DAACBEAC827B9B401B0F6BD,469102
peach/test/contamination/rgb/013.png,C77120970BB236E7EA01EDB466D23294DE6F80690B5EAD66EFB0BF7F4B31B833,456209
peach/test/contamination/rgb/014.png,23459D935613463C8FFF89921B639294FB33D3D256A6F10FC8B707EBC35BDDC4,432545
peach/test/contamination/rgb/015.png,EB2E9229977AD8813A1F3FE14A23ECEE4B1BABD0EAF5DE09AAD913F20CB06AA1,441999
peach/test/contamination/rgb/016.png,8F2A576034F8F6577698450EB205E356A278BA3C86621BC7D209E994D6D18F8B,434626
peach/test/contamination/rgb/017.png,DD90DAD056FB48BB23A0EE7AD5844BA3FC431657DC6C18B96F945DCB48F6AA10,445024
peach/test/contamination/rgb/018.png,572A222104DF0A0C3092934F0DACA3C05053681D07A7F5C84CEDA7500E88470C,443547
peach/test/contamination/rgb/019.png,56E50AA6335D6C4938900FCB436398546D1E5794A79F576C95F7338DF1601E2B,436977
peach/test/contamination/rgb/020.png,08A78395E28ED7283FC8543C3334075EA0C6EA8351798BD1742D7CEF20DB9397,447852
peach/test/contamination/rgb/021.png,DC3585A0B96C877C10C0EB37558D21FE5B59968F74AC124E431958630A057669,422642
peach/test/contamination/rgb/022.png,EF6A27985DCBF5D03F909DC5F10AD2600B10D04A8EFF4C3991A74949A82DF9A1,431644
peach/test/contamination/rgb/023.png,393A96517454F52116358E133BC42F5D50DABEAD72D9F5EC3E1FC75C175DFDEE,448755
peach/test/contamination/rgb/024.png,76557B89369EC0899770A8CD044157D1A9CC945F1C6AEF6D2B221859BC913911,448312
peach/test/contamination/rgb/025.png,37F34E2B0F8A39C94287C1A1EF4424F9E46FA4C77DBF4F5E48388B8EBCDAC302,455406
peach/test/contamination/rgb/026.png,7110282CF8E8C8B54F89AB12BEC63BE96965AF54F6CF89176505183A2D242B1E,433124
peach/test/contamination/xyz/000.tiff,5D5A84C4076FC9280CCF1364B760F02225A03E6537BABC3D3A6AF884521E4191,4380694
peach/test/contamination/xyz/001.tiff,00BDC137BF8A3F225575B4C0262565D65F9BEC39D5DD9B763A73506779EADC2E,4385386
peach/test/contamination/xyz/002.tiff,2D8050A7457DB8B4246D8F2837722ED82580EB14FB388BE81251A3AE655BF15F,4382364
peach/test/contamination/xyz/003.tiff,EA752B822255CF61D8D1E176E4C7418D997CF34E4F32A48542AE8A336A4E7BA1,4382542
peach/test/contamination/xyz/004.tiff,09D724970C12717D35225919687219FDA3FD10268A9DC5E993B7533B6AD5FE80,4382124
peach/test/contamination/xyz/005.tiff,61A60AD4AD09B3E817C38CB22D4E86F53BADEE21C9DA0AF16C1E9C147960784D,4385358
peach/test/contamination/xyz/006.tiff,6EB1793774CBCF51F43E4B6AEF7A52D0D284AD417EC374A50516B79E1D500489,4382210
peach/test/contamination/xyz/007.tiff,5EF9C6CE005638EDF45C4C14D2F17BB8A5BECD8452E6713C50672899D4B15CF0,4382544
peach/test/contamination/xyz/008.tiff,170D9DFF0DD6A591B57F9C7C25DCB618CB36E56241182007ED09B0EEF15EC841,4377462
peach/test/contamination/xyz/009.tiff,A7834CBF9F7E4438E4F082249DB35D784C6C85C841A81E59A25DBB772C24E67F,4377776
peach/test/contamination/xyz/010.tiff,5FB16F1D3DAD9C629D46674445210F65F729AAFAE2A82A0149F94DD8E3B1BE31,4377956
peach/test/contamination/xyz/011.tiff,68EB567AF6E9CAA19AFCC52E581517F24383558C570D9B05C3D4C31BD7B6D974,4378462
peach/test/contamination/xyz/012.tiff,14D4C9FA151C33C492CD3BD86FAD816791797B085A3AE5949B3D744E8D05F377,4376968
peach/test/contamination/xyz/013.tiff,5F75F34F4062F95418E661612CC26486A30F0D511EEB9ED4AEDE86F38646FB5E,4379086
peach/test/contamination/xyz/014.tiff,70E5EAC05C6E31A79C3D22E43C2617384F5A508E3A2D2C6DE0DFD2C1CE664B25,4387690
peach/test/contamination/xyz/015.tiff,CF9B89E9D4C136EB23A013D71C6F81EE7EA7E2CB18B0B41442438E935032D049,4386422
peach/test/contamination/xyz/016.tiff,B53A4B4816E7C28CE892DB207E84BD25AE4EF5D9BF59EA48357B3FCE4B1A2CCB,4388118
peach/test/contamination/xyz/017.tiff,9D97420D73CF15DCCC861BB582408D60E3FE5A14809BA2B614A34AB5B6BC64D0,4387400
peach/test/contamination/xyz/018.tiff,673CA250A5739FF69761A86BAD36ED884DACAAB9877E6A8391750D214223FED8,4386978
peach/test/contamination/xyz/019.tiff,C7E8F76A614F4C47873B531A1BD9D3FF1A22222371E9342487447E748F7F971C,4385466
peach/test/contamination/xyz/020.tiff,D3668ED7B6D8C27D8E08C65778960A2C80FD69586330062D40CFEF57249B9CF0,4387416
peach/test/contamination/xyz/021.tiff,EA4C836FB27ABCCC7C495524ED6F0661919E7AE04F6081BE6CEBD840148DF7BC,4387864
peach/test/contamination/xyz/022.tiff,F911E7638D5F149505F7E4DD762DD7E733D36C8AD5C3C8144A6E0DAA17959615,4388472
peach/test/contamination/xyz/023.tiff,77154BD3B63EC2FC191BA9AB9F1B9D6DBD4C2430C44EFB1D95C45ACDA0D1E1AA,4386840
peach/test/contamination/xyz/024.tiff,08E47F0C535F14A8AE0EE6A7B2B3AFC69B799BB4F0903BDF445CB7DCB0E1DC86,4387590
peach/test/contamination/xyz/025.tiff,9FE8A2873E7AC76C851ECDDD0CF5DA5750C26FAD75C204D551513EB84BE6C0F2,4381998
peach/test/contamination/xyz/026.tiff,69E4F83D6E0AF727E26DF9C116FA68F2A1E20F1299DFFE9976662F061016049F,4387708
peach/test/cut/gt/000.png,BE8799570C130C26EFA89C2204B8950E3CD6037B27C784BD0BABEA21FC08A2F7,846
peach/test/cut/gt/001.png,6BCAF90B9881EF6C1BF31ECCA601B50C6C5A5290B9A125EF3736E170954A7F5A,838
peach/test/cut/gt/002.png,8FB7BE8E64EDF81D74C7A43B72D2790CC54D5E3515859A70543002CEB4AADBAC,665
peach/test/cut/gt/003.png,40E4B829B71F7D34D6A7230870AB7F5FF4FB12684B09F1C276C2BF3AF52B7C91,731
peach/test/cut/gt/004.png,D4CF479FDBC2C1BEB5A0382DE0904D113B44E95F2AF5D995D2FA3A7E78F421ED,794
peach/test/cut/gt/005.png,08F286EA3D5911F356DBCBE776FB155E10A354DFC38D135792FF967126C7EF7D,781
peach/test/cut/gt/006.png,EB134DE2259282413F205FE42DD8E9B7DB47EC79AF9B02FB5D4168D26BA4B07C,781
peach/test/cut/gt/007.png,4ACF2C67E3BA9F1F2B0193A3D29ECDF9BABC3CFBDFC4C8F89E0F5941D67B880F,752
peach/test/cut/gt/008.png,D924941D4A941AADBD731B8EE300B30312F4AB10EF663AB71F817BC3A97F4028,719
peach/test/cut/gt/009.png,3E1D714786732614495474C72F3D26C908DF6EF5D06ADB60F9F2360522322018,817
peach/test/cut/gt/010.png,491016477506417189FF61B07ED9F8058A5AFDAB32E569381956B0E6DED62ED8,861
peach/test/cut/gt/011.png,62FD84DC9168F297D2ACACED0D990C511660E52C895B6EB752867A3B0AACF7D7,656
peach/test/cut/gt/012.png,E5FFA2B03E138AF52B581DE4BA6A17528B0E80C0FE4F06990C8EBD3E25B42FF2,766
peach/test/cut/gt/013.png,62982DD127D0ED737F5559D8C169C55BBC9A46A13B439C90F09DA270951DAAAC,687
peach/test/cut/gt/014.png,4EA1E820C5D8EFE81E93EC14FC990F28282D921ABA3D618066D36D9E4DE2656F,733
peach/test/cut/gt/015.png,5969BC90B9A6F9FD48795B7104C8FD9EA15DBE8CBCB40D6F1AC2CF4A48E8F93B,754
peach/test/cut/gt/016.png,4DC377C60CD110FBAB019884746E797522CF07D9C032A65C15FA3CBB39C7A0A1,696
peach/test/cut/gt/017.png,4A665FC444CF90FF2FFD330F84BD8CF08FDE1C381A1BC0BD5AF75A5278E4B688,681
peach/test/cut/gt/018.png,7399ABF1E988C37CB4BD516E97D66FCE7B3CB5819807531370D4F64321B8D523,778
peach/test/cut/gt/019.png,0863765F9F66BA69069C052F0B89FACEC508505B50567961803530DC22C70D1D,802
peach/test/cut/gt/020.png,9C5DF46FF5ABF6952D2B291432E4AB0EC335C7A574736B0D5A4E758219169E5A,814
peach/test/cut/gt/021.png,1E7C85A0057058147F6D81F9548BCA6DEF3947CD281C3337687F854F25AEF854,744
peach/test/cut/gt/022.png,01B5A7D749854B3F10667836B2F5ECB00E2814F7097D6600F4B581CAE449ECFF,708
peach/test/cut/gt/023.png,9356D891147267E5603495E95735EC2B125F1625A7BEE4DDEC88E734516CB5DF,784
peach/test/cut/gt/024.png,6EE7085B31129B41B29216A77CA9EB03FE3EDC23B3A411FCCA5D0B0EDCC0815C,973
peach/test/cut/rgb/000.png,B2F2263C1D2074F08C90F570B6D51AD803F1FCE2E5DF20EB7146174D02872FE2,466199
peach/test/cut/rgb/001.png,A58897489DA37273B3B8FAE3B8A29EB6E14737A136D1D10AEA602076BA21B40B,457412
peach/test/cut/rgb/002.png,71D4EC343A0E360A878B68BA40A0E8FF4870D640E2AF40B4FDDC29B71C44964F,452206
peach/test/cut/rgb/003.png,B721C47D31C3DFE91C68182331D2CDE20F5581710B8EB678B65F7B7E4DEA533F,456590
peach/test/cut/rgb/004.png,E531C9238109C1F0808DE707244382BFC95AF2D2C444E89C51814364F052BB48,458495
peach/test/cut/rgb/005.png,6CE1A69972014F60B2C715F86288578674EBFAC44C47C4481C04BBFBC49EE221,454846
peach/test/cut/rgb/006.png,EF97BBAB3EA9BA544E256453B7AC7405C0737FE486CA156FD2E2B35227D7D09A,458935
peach/test/cut/rgb/007.png,7D5BF9D79F501421B5DF212EF3FFBF4C044A31B534C8381823087B6205E5C744,454746
peach/test/cut/rgb/008.png,53A1B7836E88EBC61F8BB5A9FB5DD835573D27BC201A8D342E0B74BCE434CD22,457596
peach/test/cut/rgb/009.png,323A15309AA2BD427FA76110C28B1C0923060888F51E823F1233201942FB75A0,448939
peach/test/cut/rgb/010.png,B0797AD3218E9D3BF83106F9848BF23C433E35696BF6EA24C43A3499C09892E9,451200
peach/test/cut/rgb/011.png,642DF7BACE062E87C5B82AA7F15FB410113278459624009C20ED54932D5E7B77,448010
peach/test/cut/rgb/012.png,4FF9EFB9E7711B88AE5B8D3717DA305D5429C818469FFCC874679163E53AA7A9,451463
peach/test/cut/rgb/013.png,67D80462485BE27810BC328836FBCE73A149D4C2D3F70CDAC39F60B7ADBF7034,454322
peach/test/cut/rgb/014.png,E4780D894425CA2A92DBE6180C01AAA94409DE921784F2B8BE67284A1D4AB2EA,447317
peach/test/cut/rgb/015.png,1F5FD6DC3F64641B9BEE174AE24C86D8A0831434D2F3B44F390B4E44B0925783,445045
peach/test/cut/rgb/016.png,DD612B304CE6F1AE12D619CD41635EB29B51233F348C530719916B0F6CC228C4,441258
peach/test/cut/rgb/017.png,811422232D2A6AA4E344A4C70F14EFE79C0D2676D438149D9313A5E862222A94,451461
peach/test/cut/rgb/018.png,6C42E7A15C5FF71550FA7910313744A9A18AAD5EB948C70F5D0200A3CF96151C,448834
peach/test/cut/rgb/019.png,EC29727CE1E237CB1E3B064513D2AF5E9A170CEC3257A57AC94FCC7F0360AE3F,447783
peach/test/cut/rgb/020.png,A6E2AB6A97C3E33B1E1E6FDCC38E5CC921237187873B1F51A218697D41DC58BC,432249
peach/test/cut/rgb/021.png,D112662562CFB03D84F0D38F1EE31249CB4C40E57836AACC1D60CCFF162109DF,446716
peach/test/cut/rgb/022.png,045B2AB95E215A8D02DADC0048BEA7A398E1761D906EC89E68F4415BAE7B3106,454410
peach/test/cut/rgb/023.png,DAF6ADC76FB1F4EA7E649B6D89EE35AE11AF2E216642CC3CFF0F6B1D1F638FDB,429128
peach/test/cut/rgb/024.png,568F42F3E2D4FA31D315C90AC42A05BB1E1DF4F54DEEEC0723DCDAF9CFCBF7F7,449877
peach/test/cut/xyz/000.tiff,C662BE9F6445C1E4B9C10B3E55864B408D5F7D995780CB635321BEB8380E1E95,4387852
peach/test/cut/xyz/001.tiff,CD19B630F1183F2AC820D6845D38DE3B0A360DB0295799EA56F0504247902644,4385320
peach/test/cut/xyz/002.tiff,0A73D1F80ED31452B8B86FF68DA97E7EC4014844B5346F723A0EF43450E463B1,4385086
peach/test/cut/xyz/003.tiff,B39615A2F194EE1B8868540313C5C43228E8CCEAF2CF481F8D3FC5F738D4E7FA,4386554
peach/test/cut/xyz/004.tiff,D11CDCB952669DDA3BF9B296F31B84CBAA835109497C06DD8518E63A8AA704A7,4385578
peach/test/cut/xyz/005.tiff,4A8AD0A31DAACC9B8911C48AA83EFF7D380A292DE9BB5042B53A63301A36F7ED,4387246
peach/test/cut/xyz/006.tiff,56BA9BFEF7793CFC590560F4AF4506AA734ED8BA0D00FC8B6181CBB0216F8F66,4386816
peach/test/cut/xyz/007.tiff,2821E5C6211699FB6EFC9986F276409B249640D956EF2E8727646931C2B1A069,4387186
peach/test/cut/xyz/008.tiff,8A3E745693436CE42234F6ECCBE3F105312191B286AFCA482B3ED75FDB2965C8,4384734
peach/test/cut/xyz/009.tiff,DCC0452F58A5C27C51C1FC0C5930A50C3F124F0CEC8814CCA7012C76E80FCEA6,4386382
peach/test/cut/xyz/010.tiff,5B2778881AFBFB1AC29B58425C0F7C6FED6F7886EF5F96EB27455D15D1FED7DD,4386668
peach/test/cut/xyz/011.tiff,CCE68C465C21F65BA56C75AC2ECE3AED9558409B37BC056E41936F66727BAC4F,4386920
peach/test/cut/xyz/012.tiff,5A791896F5071AA4A3D13216A90E2CFA78AEBDAEDBFC0CD03638D2EF9B4CD21E,4387712
peach/test/cut/xyz/013.tiff,DC6E0ABFAA0913376900CBC502D6B53C93F72C67D7EAED91A9D1F6DC32D5BC15,4384610
peach/test/cut/xyz/014.tiff,CA15BFC1440F08F2A774A95FCDB584DAB568E1114E55BF7E830B4A3ED6CAAF7B,4384784
peach/test/cut/xyz/015.tiff,40D6976DF5FEABE3F1D818558E9D7AABD3AB4702B7F93583A759594135ABC57F,4383704
peach/test/cut/xyz/016.tiff,ECB18EB27EAF4EA282FAA5679145B8996BD7BAB8D99F6D2174957A721BF9047F,4383854
peach/test/cut/xyz/017.tiff,7A210DCD0643A6C5432E46522931501C70FF3FA271BD75B7862E1CB10A52CE48,4383992
peach/test/cut/xyz/018.tiff,7D27A4C9E02C92E6B29B0049CDCFFC35C7EF604D4F5BE86609A19F7A8663C148,4384344
peach/test/cut/xyz/019.tiff,102BC04D429181B14C106906CE911B9E85B1F412EDF95A2B230110902B1B2DB5,4383884
peach/test/cut/xyz/020.tiff,F579A3EA604D9822AFECD9D57979EE6EF90BFC629EC07A95E7FB17FEA7ABCC1A,4386400
peach/test/cut/xyz/021.tiff,08A60EB25C032940A11B225F1F23DEC82CBA95537B820E70D1488B90DE3D22F5,4383528
peach/test/cut/xyz/022.tiff,1C748808211E985BBA64E13FD98A77617FD187E928C5EFC97D2AF68DA5ED5009,4382560
peach/test/cut/xyz/023.tiff,60448044CEFA2DA5BDC52F1E7747E5DE5EC2340D9C4310CC8E49C30901561E17,4385356
peach/test/cut/xyz/024.tiff,379DAFE7C635A017348A2D90043177C68EFA850490C8296FB9AFF0838A0D15BC,4381794
peach/test/good/gt/000.png,4FEF7A9FC7A3A0608AD27035A2EE8A6E8A446AD6516D9D7074B1702F4883920E,485
peach/test/good/gt/001.png,E8A41584BB9460B5B886442E8AC4C36071FD3205DF2A57C5B109CBD516CB8600,485
peach/test/good/gt/002.png,E8A41584BB9460B5B886442E8AC4C36071FD3205DF2A57C5B109CBD516CB8600,485
peach/test/good/gt/003.png,173BCBAE0C56968317C7670679D278107838AF73472C0A22FFB734EEB13C4718,485
peach/test/good/gt/004.png,A6F4A5AD3D0B899AC005EFDDA96D3B0E4319E387BE8DB1FF3600D783C34BCB8F,485
peach/test/good/gt/005.png,034140275B185583838AF2A670F16C39D0880EE18B68139C82DF3091B113C79E,485
peach/test/good/gt/006.png,034140275B185583838AF2A670F16C39D0880EE18B68139C82DF3091B113C79E,485
peach/test/good/gt/007.png,FC90D126740F24A6BFFB8A06F5D35855BD9751425BC996DA874D6898D1968CAC,485
peach/test/good/gt/008.png,3370796ED032C4D63E6D8BDF4C8582057D2A95CF6E5DEF3E4E60EEFC440349E3,485
peach/test/good/gt/009.png,3370796ED032C4D63E6D8BDF4C8582057D2A95CF6E5DEF3E4E60EEFC440349E3,485
peach/test/good/gt/010.png,608ACBAE7CB013A9827A3F09C5C8958A9ADEE3B96923B1EE6646552826A3D8BB,485
peach/test/good/gt/011.png,60AF0609F9E8A2E94E019ED68F9EBA2FD816A8DB670F1B7A9DE352B2C725DCA2,485
peach/test/good/gt/012.png,B6D3AD583BE3EDECF2CA358A3FAC6D7E193479F8F896EBB9BF9B60357D897F07,485
peach/test/good/gt/013.png,B6D3AD583BE3EDECF2CA358A3FAC6D7E193479F8F896EBB9BF9B60357D897F07,485
peach/test/good/gt/014.png,BE684C0A9AE4C17F1FF57619E82381FAFD79FD78589CDDE1DD4860D62F0C53DB,485
peach/test/good/gt/015.png,C8203E0B5BE9E34C12EC2C1574385D149D52977F4D37455ADDDA11C7D926B620,485
peach/test/good/gt/016.png,6FBB3437236AA7D38533A0EDF484CB9713EC6F32456EB74512E14F84C512CEA3,485
peach/test/good/gt/017.png,6FBB3437236AA7D38533A0EDF484CB9713EC6F32456EB74512E14F84C512CEA3,485
peach/test/good/gt/018.png,E5727172EA9C20A2559763DCA48A611F303B36F3360075BA9B0F1F78E10ECB25,485
peach/test/good/gt/019.png,90B5D8A096FB0BA50FFCA0E5627ACC7C6742688892C2BDB2591DD19373248AA7,485
peach/test/good/gt/020.png,90B5D8A096FB0BA50FFCA0E5627ACC7C6742688892C2BDB2591DD19373248AA7,485
peach/test/good/gt/021.png,7204F8340AB12E5D6C96BC2ADF494BE7C06A13D83F15B84BC81D94DFA55F2AFF,485
peach/test/good/gt/022.png,65A7797ECBD28EDC0E281D9FE3DF1CC56FE1E0B686CD564DE3CB4D0DE2C8BC22,485
peach/test/good/gt/023.png,E7E891518A0C0033D2B9A495F63E0A36C5FEB8E3DE0F450554B8C25D6EFB4C84,485
peach/test/good/gt/024.png,998154AE2691237508750EA2401D408A6DBBB1A2672550FA94E181B5B717F301,485
peach/test/good/gt/025.png,998154AE2691237508750EA2401D408A6DBBB1A2672550FA94E181B5B717F301,485
peach/test/good/rgb/000.png,41B7E8A716F452F10902C9D8076EDBFAB800F51C5E862A8EE3E399C1B2A29F30,450472
peach/test/good/rgb/001.png,770BDD5AECE471AF3285D023F9D50378D6F1D4342133ECB7B69F6B5DC17AA6B8,448238
peach/test/good/rgb/002.png,F55857C86E7EE3831D30FAD4D98DB53EF40CDAF2100557739CF7C3744F8BD579,443427
peach/test/good/rgb/003.png,5D5AC99BA4BE365EC023B8C71D4A7F084E6DE3AFF78A35BD9767DA02F58B4A95,447442
peach/test/good/rgb/004.png,846D0A3D87EB914616A1203C60B1CBDED78DCC081EB24D4F1B9D8ACC1D5F5F2E,455411
peach/test/good/rgb/005.png,3A19C9C275170D526C2048E09B1390B883FFA1E5695C5F7AF10BEAD7FEE78EBF,453348
peach/test/good/rgb/006.png,2988EDF59FE52332F85DAE3EB233DF756B0A83A4A932C6719EAAB89AA3768B09,435403
peach/test/good/rgb/007.png,69B8D7611D1953A5CA76FC6271BF8EB3E68ABAA2780F5D206769AB357EFC4DFA,447097
peach/test/good/rgb/008.png,80F2E033B0BAE1542BCC98C4352AAEF8E6A94AE3A535D8463D3BD238B710C760,444103
peach/test/good/rgb/009.png,A866F382CD13EBB39E02AF4D8C8DBD77958A4E23D87B3CAE07E19DBF28623925,454374
peach/test/good/rgb/010.png,579E774E48B729E22FBFE605A4D66BAF6E40A450F2B5D050B7547F1941CBD4B6,452519
peach/test/good/rgb/011.png,8D1A2AB2378401157D39F79FAE36025F2BA7BD86029AD82D3470B2BFA82BAB2A,443117
peach/test/good/rgb/012.png,D16AADD68B84A5066AA8174EA7FD0FA57A16F31041CF40500D3042F4139D1589,454502
peach/test/good/rgb/013.png,9938F04B490CF910D485F38773A6BFC0017F0F7FE743BEA0EF52E03614B6CC45,449125
peach/test/good/rgb/014.png,39C8155985C60FF8246BFE69046EB772B08A7E3BFC1372E599E0E2C0D1A42935,426623
peach/test/good/rgb/015.png,B82AE4E76DA1EF1F721F38C45D6B9F20F910CB58686069CB4C5B09E32D394C0C,442111
peach/test/good/rgb/016.png,70E21D80D6901F3686BBBC96120701117B5A5D5F57948A297BE1FD58154B8A24,441811
peach/test/good/rgb/017.png,233C7A524D33C5B794EA0FB87B3DE8A69BDA85852745611170A774B6E6B21AB6,446836
peach/test/good/rgb/018.png,A4A2A0BADF5F8A5DADBC4E6EA6B92AF3BD083CAC4809CCC75FB9190143E78160,442693
peach/test/good/rgb/019.png,1D053E4F8CEEE3F583EBD526D6A3F7B5548561CDF16047CCCA4C7E2E0C849FBA,431523
peach/test/good/rgb/020.png,FCAA9AA8E4F53ECC35D1AC270DAAB7D178C221F8F2FD4C20AC67171883D58299,438059
peach/test/good/rgb/021.png,BAA792974B8F69178F5DB407D6E600C8778BD110E2C7B65F4EA784E9D69382BD,440707
peach/test/good/rgb/022.png,BC43EE959BD265BBE516D7FA030A01C5B9B7B4DFA76B8E32652F4FC9CF97F43E,433326
peach/test/good/rgb/023.png,8903C82335F73C59BD0DCE3DA5081F6C5CCE363DB00BD18F89BB619B74F5645D,440320
peach/test/good/rgb/024.png,2E3472006EF353692D8FA09EA5178A68BD0D2CAFBBBBD8F1D5082B6A888B1BC6,433794
peach/test/good/rgb/025.png,6F2BC36310BF47E1A7253D098CFE4510C1654BD2C90710249E3DB2B849C4577E,445605
peach/test/good/xyz/000.tiff,A647D01DCDBD062860AF3C632F215028653F4A917496A3268757E41CDA1C47B8,4386676
peach/test/good/xyz/001.tiff,E75C15E16D67F354B619FFA3C3880ED17DFE1D86F469634849D35549004A2901,4385624
peach/test/good/xyz/002.tiff,651CAA600A30C04E2B66441BAA9DE8CC351A6C750720DCED701D559E68ABBC56,4388694
peach/test/good/xyz/003.tiff,8C5A626A3729A083B34F08ACE16103E45A050B65CC10C3E1B8476EFD7CEE0363,4390620
peach/test/good/xyz/004.tiff,9BF1ADFB7427664448A3DE1AB0CFD74BA4169E828821C20C7C3A81894968894E,4387518
peach/test/good/xyz/005.tiff,2BEE02424761894FF655D54D2C74B9B6D9731E27E8416151A9A3256652661403,4390914
peach/test/good/xyz/006.tiff,E840F36404EE2513D957906E23838E093908C0A7DE959246DD83C8F66AC67F11,4391138
peach/test/good/xyz/007.tiff,8780E00E13170806330F6D3D6D40BB1953ED61111AE0BBB8127BAAD68CB959FF,4388096
peach/test/good/xyz/008.tiff,59A563B558EC62CB0AE22517552F7410274CCFB687C3600816B4B0FF78130A40,4390590
peach/test/good/xyz/009.tiff,437AEF0A6C94BBC9A4DE9F6778F389E1541DAA556ADA808CF341BDB802E88648,4386950
peach/test/good/xyz/010.tiff,4C0784EBA2347B5D021D73FCF439000688BCF2B8D16B63A7D7D92A3E12BEE2D0,4388428
peach/test/good/xyz/011.tiff,E1E779DAB32E25812EB4D28BB45084C5AFC2B15613A3A71B18103CAC80FA1188,4391258
peach/test/good/xyz/012.tiff,7CE9686834F43616E41E059BF7DDFC91CD43D0B1460B7B3E8B734BDB23DA975F,4390076
peach/test/good/xyz/013.tiff,AFF946478CD61676FF50BB46FFBE111F74F3E3EB069E72F213DC46ECF7847310,4386640
peach/test/good/xyz/014.tiff,BA41C71AA284425E09B881F31AC6933808421027B5685FE2299B8F917DE924E3,4388066
peach/test/good/xyz/015.tiff,A57ABCB59A0BD7551DA6B549E5B09A672743691DD179EC64B5B96730FD8637E3,4389264
peach/test/good/xyz/016.tiff,0A8377F5A5A4970296D0067D99F08E70C5264D09C0F7B33D8F654BB62E4FBAE6,4387580
peach/test/good/xyz/017.tiff,E69731B2628751B3D765FE0D4C8A281BCCE3D6E0089F9A2BE6A2F99F0DD4A4F4,4385166
peach/test/good/xyz/018.tiff,B805B90ACD2EDC029CA7A0D318EC76D0454FE5E594A41946D959FB73EE9A6D7E,4385580
peach/test/good/xyz/019.tiff,DCE3747A1C333B519ABAC4EBA37C37B6809E7355BF50B659828882BD297BEDF8,4388098
peach/test/good/xyz/020.tiff,7E9F310C5E23CBC0818834E9B9B9AD4E8B73B9CEE46DF5DC87F8D87A7A40FDD2,4387530
peach/test/good/xyz/021.tiff,6E7E3287EAAB662DF0BA9740DEE24CE3EFBCA59FDCB4E2E7BCA9364346125B1A,4387968
peach/test/good/xyz/022.tiff,8BDB39E8276475310828954C47181A07A6739F554A6C68D0160E8CF8077F287D,4388646
peach/test/good/xyz/023.tiff,360817D574DF112FCB8A7D193801B26BA745BE257B413AB05493B2E7D3AE300C,4383684
peach/test/good/xyz/024.tiff,E4EC23663256BBDB78B193C96B459E8512BDD3DF5F3CE9D75D7577CE222D8F64,4387932
peach/test/good/xyz/025.tiff,519DDBAAE1208109D53428C2B541B13206556E5F4DE1942D8943B93D3EC9EF8E,4387788
peach/test/hole/gt/000.png,018380F7EEF44A9E6059708972CEB47F83F62A106F685CC4BBD9BEA4B4C3D29E,661
peach/test/hole/gt/001.png,FC44FF2DC2765DFA3777540E995D2C0895D04758201D2CE8AF16A5EA8DAD36E7,643
peach/test/hole/gt/002.png,6DCF624A188749E0249E0D4D99FC5CED35A9354B4A2B930258788CBD528D5F8E,687
peach/test/hole/gt/003.png,AD0704EBF9311E8E1B164BB1F45F4C19BA7572F2B76A821E34FC237F9F0DA22B,642
peach/test/hole/gt/004.png,F09643D6A82473B3D5C0E76BAA98262CEF5022BDDF2FD99E61FB1FE30A159D9B,640
peach/test/hole/gt/005.png,F420E5B0E04100AE4F491FE277DCD7E1CDB77CC0F755FA041B9EAC2FF2B37D27,644
peach/test/hole/gt/006.png,2226051449264B496BFE2F5A033FE70816BD4E4A3354B4FC4163B0E2C5DB1DDC,665
peach/test/hole/gt/007.png,639E46E77A96B8529129CC7E40DE8ED08E6A3E9ED53E49D73EF674E2EC7D97F1,694
peach/test/hole/gt/008.png,5FF51F8076F0A4A668FE31F08A991C435DBF33902EAB8B8F896E7D46E7EFA3AD,663
peach/test/hole/gt/009.png,879DE4FA4DBB1D7ADE5494928155A2A6CEC6BE4A1D1C761A6BE5E8BF58389B9A,642
peach/test/hole/gt/010.png,76F68A217A0187CAF967BD449FFBAB45F7BD50BA32020558CB0B025A97AD5D80,628
peach/test/hole/gt/011.png,9BE7BC9D123261BCF7C4C217F651103083C5531E7A977EA64B1CD62F557A8E25,617
peach/test/hole/gt/012.png,A0D89F92F8035A0AD763DA2DB1A0407E769D57C3FA5CF2234FCBE07AB1A6F43D,623
peach/test/hole/gt/013.png,8A6E13D3B25CD1C7F0551DE4F853CCD72253265889F2B19BD0A2FE7C9B5510C0,625
peach/test/hole/gt/014.png,7FB292DCB28286ADC1004B213DDA63496C4151C0EA4D99111BF9BA162545E01C,700
peach/test/hole/gt/015.png,1F9D4DAC572068CE961076C965CE96202091E9EDD5997200739FC6F8DACB329D,732
peach/test/hole/gt/016.png,C10CFB1A60C4F9082566EDD8F28B326CCB599E766656C70821FC55E06402A543,715
peach/test/hole/gt/017.png,FD0E0559130EBAEE29576113412CACAAD40A780752555DEF28D9ECF301E256EB,648
peach/test/hole/gt/018.png,1089FB9896F74EBF8174FEBAB2BC38E29C7585E321B866E8F25F48B064BC6E42,647
peach/test/hole/gt/019.png,7A87F44D7C558E4E554EF2B12E929427861921375ECB2706C44CAE2237A625F6,627
peach/test/hole/gt/020.png,9DA08DD82E98CC6842C53DBE2123762C720A315F03475722E80D2BC12AFAE1E1,798
peach/test/hole/gt/021.png,58AFD534909ADAB34BD5D84A976B79F361A314D9B6A45EA926B89EF33007EE53,741
peach/test/hole/gt/022.png,0761170B2265B72D3CF5BAC33C67DD4D6845F072CF88CA9D0755E65EA642ADD8,691
peach/test/hole/gt/023.png,89F10560B20967F4ECC1AB151F7B10999DAE3392EAEC9F394BBD9CD6E411D85C,665
peach/test/hole/gt/024.png,324B9892D7007E10DBC181888713CBE15828B292B13EF7F81A282828843CD5E0,702
peach/test/hole/gt/025.png,B67414A2EE282C4678F89E26814EAC5970530C9FC2CCEA02359587EE240C0CA7,727
peach/test/hole/gt/026.png,AFB552E8A8A264976E3A5BAA07DF9199BA65F7BBB8279EB42ABE10E65D4F43E4,684
peach/test/hole/gt/027.png,80077E56BC0F7AA4102A327F1CD1B8980A028F6F87FD5109F57029F4F4CFFE79,722
peach/test/hole/gt/028.png,8F7181963A72EE19AD63425157E5D1D2774598A8F7DCFA5CB6C6F6593078EC66,677
peach/test/hole/rgb/000.png,557A60C1CA837E69E9AD0DBF996B4D392B42B8CBDD8C4E58FCDB430113B75619,466655
peach/test/hole/rgb/001.png,EFFC7295CBDC38BFCDB001FF0427A7A49C472DE990A7E3A320696887D36CC18C,466452
peach/test/hole/rgb/002.png,E4D95CD0D7920ABC3CB26B2DE3B459F5BD4887CB82BA56B519A7DE38D25CEDB7,457882
peach/test/hole/rgb/003.png,F4B3CE947CE1338D555A5495C8077ABB216382B958007E5B818EFF267BCC046F,463181
peach/test/hole/rgb/004.png,959CB436247D5A2E7CB5F94EDD9A40B8A3A9D74714C8F3848FAF5CA877A91287,456034
peach/test/hole/rgb/005.png,08210AC186EF3EF7B779310223724A439BE554DD4EE03CB3D528907850EEABE8,459196
peach/test/hole/rgb/006.png,3E8A127BC290AD28DB757106F5A7FE2D04CBA227BCE1A50F319FE62912A06C65,454019
peach/test/hole/rgb/007.png,2607EE41F3ACD22937C7CDA60ACA53D865435109CC1ABD28E90C50186BA1BB75,470814
peach/test/hole/rgb/008.png,D70B710796E0BCAA3B28985BB7BF42368AA1A1AEE9C7BBA55E03B6EB5D4B8691,461158
peach/test/hole/rgb/009.png,9387A89C6F7EE1C869B9CEA68098F2F155A9DFE9B869547A2ACA81F3854A0D29,457559
peach/test/hole/rgb/010.png,E35D8D9C61BE94BADB49F6BA694DB3A45C2A7E90EC2BCD0639226B48B23E7218,456184
peach/test/hole/rgb/011.png,CDA5257F36F0544390313102430065C0F90855F8597437587E531A2191BEB8CA,462979
peach/test/hole/rgb/012.png,04F30338B242560DDD61DF4B923326ABA61AC280C492F340DD462DFD9B387113,460309
peach/test/hole/rgb/013.png,0DED58616E8D6A1B8613A9FD2A3C0BB63D674E75B51A9A26EBB8E3BA940C8B90,463422
peach/test/hole/rgb/014.png,62B11D1A6533C7ED53D45DD2B2D48029D59E688498172A70376A747CFE60B9A3,449751
peach/test/hole/rgb/015.png,1ACE399EBF54AAA3285F3068DA34770BBC1A430884854CBF045C37EF018F3E6C,437890
peach/test/hole/rgb/016.png,05F90C96555E73535945F3EB32F9C8690F23CAE59BCBBB0007EB17A292D24120,438548
peach/test/hole/rgb/017.png,FB17B919E5C20A92ADD0097FBF0230A1DDADF1474DD41D110B0B5D8FAA685BE0,427489
peach/test/hole/rgb/018.png,DE7ADC2FF336A1CE224E1276DF22B1AE1C27EE418A33613E5FD209E14EE3B7F3,437091
peach/test/hole/rgb/019.png,414E910555CCC8D54A9C44C0FF4A18ED7CEC3CA89B807DEFC209CBE8623FB4EC,432604
peach/test/hole/rgb/020.png,02D6A2CBC1D538F816DB1278D14BB3DF998B6AFAD2A0E428F49FD8A726ED09C4,448863
peach/test/hole/rgb/021.png,6155139AAC08315982F42C6C6142B6D08B66D85E552009DCE2B533365042BBFF,436647
peach/test/hole/rgb/022.png,C380B4B27B0F48DC8E94C1CCD673E1B891BDA45BDE90CEC7014BA1921F32FC1B,450552
peach/test/hole/rgb/023.png,A8AC4BC2482C80C120ECAD83704A111D2C6769413137C8BF7557D7CA0EEB6B07,428989
peach/test/hole/rgb/024.png,928BFFFC81114D676A980290F2A52BD6E344AEDE31B3B9B3F225D897D0B0073B,439485
peach/test/hole/rgb/025.png,4F55546BC3496968729E6CECA9C17E4285B6D9310C53DFC27E087A3E10E3826A,449146
peach/test/hole/rgb/026.png,4D0B2E87493A8CA72AF9895E34764C096FFE800B1EF0347760FB863432BBED1C,437060
peach/test/hole/rgb/027.png,A2B6071BE9AA7451B459EF95D3237BC482E2BE54F991BE9C23D8AB1FA1059C97,432078
peach/test/hole/rgb/028.png,801B1A26AD524005FE3B4C00F08DB935D2B99C19CC06A2B44826B2CEDE9DEE27,421943
peach/test/hole/xyz/000.tiff,4E29FEC5AF13C3E08E7383579AED046EE9435B962F070D63C79EE318C2038F09,4387196
peach/test/hole/xyz/001.tiff,AEA57D1D093FF8D2B22BF765981D2DB90825FD624760B992E83A8C7294B24AB5,4385506
peach/test/hole/xyz/002.tiff,4ADB47ACFF524353BAF42792ECE824849AB53D507A3F2C31DA95EC3C5BD78911,4383638
peach/test/hole/xyz/003.tiff,F4CC04582B60DFB556D8CDB82DD87D3183568511AD0029747DE5D5C00C09657C,4383932
peach/test/hole/xyz/004.tiff,D459F8E173980FA77C1B834B42D8F86E7FF319FE098FF4668C1DEFD30A6F497A,4382974
peach/test/hole/xyz/005.tiff,02E54B2C3EF2A845DC1C0DC0D5FA7639FEDAEA08B41F4B5B46BD2ED4043F85DD,4383242
peach/test/hole/xyz/006.tiff,5995429D406DA5FF557FD6E1E3738FE5829FBD92FE66FC79ED328732F94A0400,4384048
peach/test/hole/xyz/007.tiff,E9329BAE0A634E02715B9EF67601662183C92454E87C2421C4CA94FF5A4C84E6,4379292
peach/test/hole/xyz/008.tiff,E6C1C4A783270BD60F638A10335A2B517B3C93EB8B5173B36DE9B9655EDA8D50,4384722
peach/test/hole/xyz/009.tiff,DCA24A317766C3F605854BB8248CC972C7F544B6D7529716C52168D016876EB0,4382900
peach/test/hole/xyz/010.tiff,87293388C66BDBF89AA75261DB55832CA4CEFCA8D5EE091F3E538A979F150D8E,4384696
peach/test/hole/xyz/011.tiff,658BB21C442B3E54271AE7A07B49EF038435BCEAE53BF9EA4B9B9DB992B24819,4384382
peach/test/hole/xyz/012.tiff,226EA3BAA6106177BF9FB6D30CCAF30A73AAD619C0AAFED5F44FDB7FCA95E49C,4383042
peach/test/hole/xyz/013.tiff,5A5349D4BA26FE235051FCB4489DF31900F4472B54314D9B276D107A21AF8EEB,4383240
peach/test/hole/xyz/014.tiff,277417F50E68DF2AA141C1ED4A308AD6BE55999F8737E0CE8C683C10ECB028B8,4386164
peach/test/hole/xyz/015.tiff,95CC7D2915B42EA855518F2D4D5F3F0AC71095233886ABF06CB1D2AD55D01F82,4388716
peach/test/hole/xyz/016.tiff,4CA48E33D47489F57656F6DA7451ED9C0B4A8ADAC41B6253DD84E5D563AD308E,4386058
peach/test/hole/xyz/017.tiff,39401E12B6F56181ED8851FECD015A59D66C0AF11C710C8A8CBBD0A39A5AFA93,4389686
peach/test/hole/xyz/018.tiff,18D6ABE1F2CAACDCE13D79317B11CA2D30EE34E2A06322D38FC8B3CF721DE172,4386156
peach/test/hole/xyz/019.tiff,1E8EF1B6B0C35363EBC6B03DD4F251AB5EB83140DA5A768979D1A490C5C6BF7C,4386828
peach/test/hole/xyz/020.tiff,B3C639D4FA2705B126713FBCBF61D70C4FEB3727AF59D8A6F40C877DBD7AD648,4384472
peach/test/hole/xyz/021.tiff,29CA13FA94CBD38D318522F17A064841A5C56E59FB258550A44E6D90BF0C6F17,4387600
peach/test/hole/xyz/022.tiff,BEA70CD6766628B984C208EE7F467614A58EC4B6CBF2E3BF8F15856491DC7699,4387812
peach/test/hole/xyz/023.tiff,E57480E9E12FDCD6D3CAD23030C6DF2608DE12BCA7240F6A2813744ABBFCB78B,4388670
peach/test/hole/xyz/024.tiff,0CC3C3BD4F93305F33D22CC1B9F26FC186FBEE922158C5CAF5964609876FDC2E,4387262
peach/test/hole/xyz/025.tiff,ED5859A5A58624A7CCF6B41C6EA1C206F56B79AEC30212C2A93FBC650C16DD1F,4385440
peach/test/hole/xyz/026.tiff,BEA89025C8588FDA3B6289E10C3FB8931A66E662C534E69EA2D4E9F7E8527D98,4387410
peach/test/hole/xyz/027.tiff,0AF560C4B8D2E710E4541AEA7813450676AF813605CC4525971B21A68B3EDCB9,4387820
peach/test/hole/xyz/028.tiff,95F2234635C6B891424CFE589F8545A50F5B63D27A3DF2055417161EAF28B77A,4390452
peach/train/good/rgb/000.png,40B7051CD88B5143D4A345A47A6B6596DA3C1DAFA100721B8DD350DA977C6082,463167
peach/train/good/rgb/001.png,3E524D3BDDBBFFDD71287854B9DEDDC893ED6E553E3E9AFE9E93C0AFA610DF80,462262
peach/train/good/rgb/002.png,F00248067D96D33C00174B870372535AAD494E935EDC0EEA75A33973B031410C,454204
peach/train/good/rgb/003.png,D55362FDBD36E13A2E8F37CC2FFCF9D68B7B42369CF5CFD4F0E016D8968050AB,452561
peach/train/good/rgb/004.png,98EA8F65CF534B8F1CB1FC9C8FD19DE614BAE830047E1BDF3B12C39957F9D5DA,463492
peach/train/good/rgb/005.png,B807663B18ECA26D38401399A806E22FD261FA3750F1201D0FFDEF6D1AB98935,465055
peach/train/good/rgb/006.png,9C0FA5E65B26AA1C14252EF983D7C62C3A299F207B1425F22EDC5451E389E084,450885
peach/train/good/rgb/007.png,37E90DBCD144658D65378B40D625831C0B1964EE2D42166DAEA128F2BB790AAB,450621
peach/train/good/rgb/008.png,75CAB372923727E4B92CF6012FD946EBA260EE8F39928CF1A1EBBCCEFAEF0989,462287
peach/train/good/rgb/009.png,EFED1DF7D7753BE6F832620B3058A89D2BB0008B20B65E0E6457F7AE21950541,462744
peach/train/good/rgb/010.png,792435FD59785E522F0F3085F764EE1EF376C697FEF5251B48D89CC792EE1BEB,444485
peach/train/good/rgb/011.png,76684FC3B0F1074F738ACB0DE520EF7AEA09AEC3AFBD1379B09CD312592505B8,448246
peach/train/good/rgb/012.png,8D0C27DDF3C6DDDA9EBFD4B051DD4BBF14730402080716230CB2F4931BE715F6,455544
peach/train/good/rgb/013.png,A7689205790CFBE2966B73AA2AFF3CE4D4F9A96B130D163AB6D09A78DAB266D0,455817
peach/train/good/rgb/014.png,7C7BFF45D12F482FE0724A5246AFC77001DB3D17255105E416193F35784D3F14,457496
peach/train/good/rgb/015.png,598F60946DD2571FD282533862083E724052858C3182B4194743EC951BBF31A7,459054
peach/train/good/rgb/016.png,B8E1A6A8E8B95375BB54FD59089D2412F6051AE695BD4B6BC461B08B1343D1CA,459170
peach/train/good/rgb/017.png,BA226631ABF6583A7C1FBAEAE5574FB11A9607CA952E3992E5FB0C337D7696FF,461455
peach/train/good/rgb/018.png,B084EDECBD166C7F789AA9152BBC88E91F53CCF600879A8523E8A4E188BB637A,454836
peach/train/good/rgb/019.png,4F18680C3B4A1DDEE9A0B57256FA74B554F5D5B0D8A6C4FB1EBEF74B33B1E946,454442
peach/train/good/rgb/020.png,873D3E866BFCEB12C93DE3C4DDDE88F982A3B908953B03AA928355FDB7724794,460413
peach/train/good/rgb/021.png,5FC4E2A97FEDF216E9D6FBCEC00F490C71585996EE73175F14E5149905403111,463917
peach/train/good/rgb/022.png,81CFAA80DD15C2362F5722856885A06F3E7DE3355F1F281D892452466D988102,448727
peach/train/good/rgb/023.png,87686C4F72E6E5116119DF13BB1EDBBB91DC5896DD432AF53B3324852A516C8F,449783
peach/train/good/rgb/024.png,EEC024E896C5F1B7AACBCA62E664A51A000CAFAFB4DE864601734AF20C56EF93,460994
peach/train/good/rgb/025.png,417A19B9ED54D5CA242B3018EE2BEC15F3420B723C01EC745395952B42120019,462286
peach/train/good/rgb/026.png,9E7C462FD77F325B30DD23C8457E0F9FD12D0B0A002A1ED50AC5A799FDFC2D92,454906
peach/train/good/rgb/027.png,491BFF27C15B79C5382633CC0C897AE9542D1E0E93828FD821379D93EF271281,456859
peach/train/good/rgb/028.png,9EB7E808D6E1EF234E0614C8392B2B14CA93B6D73FB840645098DC2D766B3274,453921
peach/train/good/rgb/029.png,AFF232C44C725EA1815C25C3D4B32EF33AF46374D3DE557C04388E014A77EC5A,459444
peach/train/good/rgb/030.png,99E64BDE557EE1413246B7EBB4981C825AF18D53AE7E82A88B48AFA90B66FF1C,447164
peach/train/good/rgb/031.png,E74D40AD4EF56AE03C746115C228DA56A50F356A54F36EEF30B8EE26128FD62A,445935
peach/train/good/rgb/032.png,C7FA5FA6098594D2A11E9D59FE62B19785CA89181327A29434AAD0EAE7E81001,463699
peach/train/good/rgb/033.png,4E694E53B860CD7283242E4643B0FFE93B25EE0590376A30BABC1EE15C5B519F,460962
peach/train/good/rgb/034.png,19C3E4711E0EA1111C32B053008243858AF6200E7D5E4588418EF05550BC6B3D,450343
peach/train/good/rgb/035.png,297AF5BAD7D24DDE6422558BC49D617E4C36C01D08B10B46CB648D44C768FA64,451935
peach/train/good/rgb/036.png,1C5A1B9BB15812E19573D3B106D633D1DA7A7B42B5CAA04A0CEE28768165B0BE,456893
peach/train/good/rgb/037.png,872E60EE25CB1163F02325FA7AA220861783C198D61949CC6C63AD2551E2B2B2,461468
peach/train/good/rgb/038.png,9B9EFEDE4D008E5EC4C47DAC70FB6B28D1CB71CBAB0ADDF7EB45350302316D1C,445440
peach/train/good/rgb/039.png,966F153F06EB1F24C2A75D6DBD7B06CB2298AC1A359D63B66217B67B90A8644D,447705
peach/train/good/rgb/040.png,9E54EACC739B1DD31DC037E2A68EA8799ED57B04003E6E222F291A173667C8A0,455841
peach/train/good/rgb/041.png,97FD4CB00FC369556B75AA743652CBF127232791DF2894C7B954C2794940666A,455031
peach/train/good/rgb/042.png,88AE221570D913B999A9A1D7E3EEF91A32C7BED69C792648B20DEA06DB499F33,445081
peach/train/good/rgb/043.png,0D101EF5D08AEA81B863CF308D4D99415460786C030E3ABF65D37C9407C5DDCD,447583
peach/train/good/rgb/044.png,3F0E7A19E8D868E52DAA5E5652B9847E4604FDC758926F4744D5A906D1932900,445335
peach/train/good/rgb/045.png,9A7025AC98BF007F6E1F18F0D1D64148955D2B6FC8D5A0A49021C1E9A7F99594,449521
peach/train/good/rgb/046.png,2D3FE46DA23BDDA26304EB234FA2FFBB28158987B16D764522A78886C855CF51,444042
peach/train/good/rgb/047.png,4063743CA53526547C229E61B262748205DDF9E15DE0F6115D5645E7E4C77429,445960
peach/train/good/rgb/048.png,B5D3578BE5EA62F4A5A4BBF33CB0D6B6E12144C325651D9CD013223AFD8A9C9F,446966
peach/train/good/rgb/049.png,39F25682BA100F7A57430FFB0774F311ED6B107F1DA31782044AB53EE3F3A01F,447413
peach/train/good/rgb/050.png,797155F4253EBD16DFCEAD349C158D516A691633DB985193161C0625E2F5197C,457702
peach/train/good/rgb/051.png,6812108A6AA79F635A6A71E6CB3D2F5A77DB65ACA0B2FC69215F858D378B74CA,457963
peach/train/good/rgb/052.png,AE7EE75B2B4DC7B52102D6DDA6AB478DD40EF003CF21E13DB54A1DA32F42DF9A,453976
peach/train/good/rgb/053.png,16CA316D0ACC28D4C693E52C721C2B8B0CE7488E234DD91C3A3880873297E123,455768
peach/train/good/rgb/054.png,E15DE8DA5747B5E98643D945B9C5E6EC763170273D8828520907B769FAF1FA9C,455500
peach/train/good/rgb/055.png,9C64BADFC941930EF57B9E7E89296B557710E25F3A14D0B3D65CC5305EF24B8F,456742
peach/train/good/rgb/056.png,7E90C1881E09C211C587262201C5F76F9A5719802B8E79A3D8F66868903D4FD9,458043
peach/train/good/rgb/057.png,682B28B5C7DBC0527ABF007EFEA67A13CBA240EC0AC87379949D918689FC3365,454315
peach/train/good/rgb/058.png,DCAD85F90FB7345C846C5EE7271F531E3AA5B81FE0998AB1D52D86AEFE6CB828,446493
peach/train/good/rgb/059.png,67750CDE95AA34EE49ED5B2BEF227D2C6001407B3F8D229AF881C18893A9915E,448920
peach/train/good/rgb/060.png,07D38791732F741033BB402156EC47AF8BE8CA3C847866E9FCBD3763F9C6F449,467632
peach/train/good/rgb/061.png,34E3728C85D91EDCA0CCCE44CB1474DF69091D74CE663A8C286DDFDE42314BFE,460362
peach/train/good/rgb/062.png,8BB0E5E648ACA13CE5CE8DD9E2A2E94378FC6A41BA10939907DC942AC1959306,451635
peach/train/good/rgb/063.png,638165F4C4D5CE24695D4EA56EDCC0B91CC901CCA108052B10D43C4A8C0E8698,445261
peach/train/good/rgb/064.png,2A705289A28977F11B53651C25F85A56DA98B913B34AC6D24AD716F0481DA528,441951
peach/train/good/rgb/065.png,A98E993A39ECB43E1FF0AA29BA0605492DE461B1EC966F3CF7A2D89F4AB36EB7,445201
peach/train/good/rgb/066.png,C6FF3837FAB8F7D9543BF69A0A63AF74E72EF1A808739A47E372B9DF7CA499D6,457986
peach/train/good/rgb/067.png,3D28268DD75DA18ED6275CCB6F05F1D073570B401B82FB4867AABF4ACE4A5770,459585
peach/train/good/rgb/068.png,B19B6BA57219E7BE7C51FAEEB022C046632CC495D7FE0FB59AAC2F6C85D77EF5,442186
peach/train/good/rgb/069.png,5E4FCEB69B5F423800D18FD60D6DCFD52920B3A8F37E9F88CFB86F0B2D698B07,442976
peach/train/good/rgb/070.png,0F0C1B10116556B3C0A7FC8E7C6F4304A58DF74A16D3897B088391BF69941CB2,449416
peach/train/good/rgb/071.png,BE916B6D3DC949D0C9FF4AFD642D2BD0134596D6E4E5EEE32BF8E71208DA8D54,443633
peach/train/good/rgb/072.png,AC56228FDAC72C12A145A58EA9C03F81BE55CA0791110ADCB7D1138F88FBEC5D,443863
peach/train/good/rgb/073.png,B21B988CD511B6DB254FF662AF8C75ABA5D12E1B1F16D9F4443A9AFF2906A420,443613
peach/train/good/rgb/074.png,CEF76ED61BB542BEDF7001A0FF831C26CA2186BC068DC68E06A8EB261F041EF8,440575
peach/train/good/rgb/075.png,41FE34FD34B3E1B320CCECE2D705DF7473A43C9197486F002BC93A60746D6B41,438256
peach/train/good/rgb/076.png,F66B18CE2509123288F37037251A5563897927C64530423A6C21F29EC0F7FE6F,456974
peach/train/good/rgb/077.png,E827214CF02F0166CB1E533362CE6BF3059081B254159805EB39DC81F1F57A3F,452634
peach/train/good/rgb/078.png,3372929B97036ED9306048302AC6A76F9C712AF28FFEB7D80660E5AB77455246,450786
peach/train/good/rgb/079.png,15420897F666BDACE5FE87A5C1F31A17B788C956E4A0041B0CD1AA1A5F309273,450590
peach/train/good/rgb/080.png,E1BB70A9F9964D9C6684F8B09D1C48B7A3A61E2B5BD4EE78D0FBA9E62775C4CA,441871
peach/train/good/rgb/081.png,6A01E4C9F9F07D1D6C70B5864FD07B0B1D79A314F18947EE225637C8EE026202,443688
peach/train/good/rgb/082.png,2D60ECCCBEABA9FBB513A9FB189C56559BC793074ADFBAE6D0571187A0DFCEF7,456801
peach/train/good/rgb/083.png,E13E1788C3D8A0997E0BB307110B94581B0B65823E0B192A58E7F2613E23B06D,454228
peach/train/good/rgb/084.png,F0818B5307BF222B5411A3B3B368FBEDBE98BAE1F2ADC5BBB4C3071D56312DFF,451487
peach/train/good/rgb/085.png,8CCEEA0058B82311F0E703DFAAFC7FB9D3D13428ED8012F466C9CD0B21286B43,466906
peach/train/good/rgb/086.png,1A6C96F5C70943EB830C9254FB52D539D4E1C87C86E13B230F3F3F3E7E82089E,464958
peach/train/good/rgb/087.png,494B57068CE518BD057CC7CE76A2A6F4CC3ADA0F86E457B26B5B44FE25E410A0,443960
peach/train/good/rgb/088.png,F9826F4B917327EBE641EC5343E530CB5371A09340F7FB33453232390F915DFF,444283
peach/train/good/rgb/089.png,80E5B4DEAAEB6D164C4ECE431164B82998CB2603AB8B33B3791E7B52E4840DB6,464251
peach/train/good/rgb/090.png,D0C526C4D6788E5228C9FFF619BA4632707B41D9F1AFC5C3EF85754C30F70D17,465671
peach/train/good/rgb/091.png,9BA1DF882C25446543C9FC4835C379C9D151245EF55BF82B2FE00DF890242635,444454
peach/train/good/rgb/092.png,937C0E01947C2957EA01462C4CB9347ED0D73732AA2038018A170ECBFD6C122D,446240
peach/train/good/rgb/093.png,0802027FF4497A4DC07B983BBFDB9944BACCE69E0B02DC781E6E4BD2C2CE1726,464662
peach/train/good/rgb/094.png,7540CB2D542F091D6189A1D7587A6553843F89A8EC9129CC41D1DA6632EC184D,462905
peach/train/good/rgb/095.png,86123EF46C6FDD2CE3CDE21DF53C257EEE62C7D0521F2FF1848D18EF25F7C36F,453076
peach/train/good/rgb/096.png,68780F828A01E7C5CC8FC892E33056CB93C9CD1C194E992A7277E9D9583AACE2,453679
peach/train/good/rgb/097.png,A73AE3886D0A959C93F1EB4059F0D256BB1585D7F7ADB03C5AC09F3A8EF66518,461220
peach/train/good/rgb/098.png,7916541D0BAD35FD8DC7D1AF39BC27C7DA80C86449CA88B30823E096C842EBC8,446351
peach/train/good/rgb/099.png,87E212EBA85C2CD4BDB42243339CB8A664957613D84A6CE8532959EE432A21E6,466684
peach/train/good/rgb/100.png,17CDA7EB497A69021B1B1A1F5AA5496CFE63023430170B6490063D0B382F0456,464255
peach/train/good/rgb/101.png,36A8AF8F85C8AC4E1902321755B2ACA1400494ADF006C284A8A507A1007F48D3,451594
peach/train/good/rgb/102.png,5A8246D9ED53B71E81FE6D01112404881D81E021ED628441E4C3F745D7CBFA87,452254
peach/train/good/rgb/103.png,755F7CD9AF302CE4C046B033178CDEF706F17A80B977FE3A05AC11B6F769B21D,451651
peach/train/good/rgb/104.png,C7908BD68498286C150E7E45F0022B3AB4C31BB10D2E30F7DF85D1FFA1DB422C,447459
peach/train/good/rgb/105.png,2C6B68A270BF16675A76798A48E110A2AD33B0C1672DAC71A9E55D092B50C0DB,444201
peach/train/good/rgb/106.png,8F676D2273890F26431B87FB5DBC5ED3276994F33714E45B0AF2183519BF1F1F,443275
peach/train/good/rgb/107.png,C75ECF4F2DD344FB9B34106CDCCB3ED3AD36157D7285468B6EF8E13C02F03D3F,451530
peach/train/good/rgb/108.png,FE30AC300BE56258EDC597646482C6EDD1432B1B99C9D5D7799A7DEF120AFD81,455358
peach/train/good/rgb/109.png,9471DF4FDD282490FAEC6CD00C7E47CEBFB45DA76CF6A8C69B13A8FFF4437CC5,444003
peach/train/good/rgb/110.png,7F2219CC17FB901A1C18C44B69C4AAAED011A962EBE106652292F3B648986AB4,443717
peach/train/good/rgb/111.png,FDF4C8A0BDB894EB1C94CE50EA742A13AFD50E4B9B705C8176C7D84864B9731C,449653
peach/train/good/rgb/112.png,25ADD8D6531419EA9B8341A597DCB4EADD880A8552B9928E85C67CDF4275979D,447345
peach/train/good/rgb/113.png,728DEB1B552CAF81303E58351D45CC1815DCEB5F0C5B95B03197D1A9F0F1A743,452183
peach/train/good/rgb/114.png,5B86DCA2F6339830E3AF48A48F9689F74F1448B5DA92EEFFEF54E2C04FB84DDF,453910
peach/train/good/rgb/115.png,0E66A8775F975BC604E6DEF9FD8056AA3D3D99FBC07D6A2FD2064DD43F8B07FD,449414
peach/train/good/rgb/116.png,DFAACBF5C6CDFEC446689A2119613B0D4DDD6BDE99C473C54FD63DAECE36A41F,449470
peach/train/good/rgb/117.png,EFFB2F956B4A1B54A0CF991D0DD87F19228F7256F69C8AD830E18C1B3232A9AB,449871
peach/train/good/rgb/118.png,BA8F808AC2EA35559E3D4D317111CD21CA10CE6BAF82ECB2E7AE465D041D6DC4,449297
peach/train/good/rgb/119.png,B1A738EAE4E8B26CC2FFCA7F336A18DDD6AE2B71AA5C730B132191090FA28993,443505
peach/train/good/rgb/120.png,95155CDBB3454E1FD1DBF2AE012DE7610E1E3E724AE27C89EF0005E61C086858,441224
peach/train/good/rgb/121.png,79E23B3C3EE7AE200C39DD4DB3120A59C834C1969A8845616B602CE3F4847D3A,464802
peach/train/good/rgb/122.png,683F3EE01D00C760C91C50FA57DDDFBD21BFFB20745D80793E5FD967EDAB2DCB,453004
peach/train/good/rgb/123.png,83DE9E4FF135ADEE63DDD86F1B9F2638A52D16F5DF42395B4A0B47D5ED19F2A3,453985
peach/train/good/rgb/124.png,145A5AEB3571FC6DD57E385016B5C449CE50D43AD1E7C9166FA4B2353930B4F7,463225
peach/train/good/rgb/125.png,CA381C67220768D9BC492508AC1ED670F882271CF7A3E5926367ADA35665B7B0,466808
peach/train/good/rgb/126.png,F1A891FEBAEA75B286D169A855A4A50F8E933E988B76D7016086BDCF55D2B9D5,448141
peach/train/good/rgb/127.png,1149520D7B6CEE59A5A19854CB1BEE252F2E3DF7CB8AAE92AFD9A6B705F08008,447046
peach/train/good/rgb/128.png,CE382A70A0784215DAA8196E5815B0AB00B2234E577ECB35E9B052C6ADF9CE99,464385
peach/train/good/rgb/129.png,C5AA29644E909982C7406FED35CA831974A5DFD36C70B830F7C8FFF4B41234E1,461789
peach/train/good/rgb/130.png,06E574CBC1AB0ED1B901539086FDE310F92B56DB6C355044B84207B9FEABC187,457448
peach/train/good/rgb/131.png,2406446BF8EF2561CC65D7B8E35C97DF1EE1A6FE76EC3786D5F9CCD150E4E345,456491
peach/train/good/rgb/132.png,AE4991B3797B783378B86661EC1B19B310A5E8325B0E07544FA1DDA7BF975337,468021
peach/train/good/rgb/133.png,8BDA34307ABBC9D9A70AD56EF6CDA0D74BA729D65BA490A8DF43E42A1521ACEA,463620
peach/train/good/rgb/134.png,65DEC26FBF3357C28225F4685176BD5FE9AD0D31A4915BF935159C5F76868B10,456125
peach/train/good/rgb/135.png,9D4CE8DFFE44B70E9FE8268E1036870F083312D2E3F46C112578E6F5565311E9,456257
peach/train/good/rgb/136.png,67505810A98497C19A0584FB4BA6AEAA3C6D8C9D06965CBD165A0A76CE83F749,460657
peach/train/good/rgb/137.png,43ADC879E912574E3B231EE2EBC8677F9FD0EB21D69C1E88C215A7067E3652A8,460186
peach/train/good/rgb/138.png,FF4A7FE287FDC9BA94CCADE073CA72DFB29BF4DE22DF70109FC5592CB4BA03D1,460237
peach/train/good/rgb/139.png,51BC54F33326CDDA1ADB7F703C8491AA259E816A81867C2E4C9A9881C27FD9F1,458050
peach/train/good/rgb/140.png,61B4E742FA7AB91CE265923F68C68961961AF17D5CC121383987C03B6B014CA7,465984
peach/train/good/rgb/141.png,BA8081D4BC27680B449B91569463228A74D6DD6C85E37DDF2D948F935858077F,462018
peach/train/good/rgb/142.png,496A19DEDA23396AF1BA3F808B69F5618F7793AF1F88C58EA9B6E41D11F2B461,453113
peach/train/good/rgb/143.png,DE23328A10B18A970DAD8F819995ADF10F6A0CDB373D1A30E5AE0CA53FF3AA70,451179
peach/train/good/rgb/144.png,1E0E7D22284AB8A21CCAC12446A38FF2FE54941363C0EFE8565E15E0780BD32A,460295
peach/train/good/rgb/145.png,37B769982C12E166E94DD2466336556AE32B67FDF3F652E0903EEA20D71B4284,461093
peach/train/good/rgb/146.png,187DC8E54CE427FB6A6DE2353FC2CE038571E45824F339003DF4C3BF8A98EF8F,459774
peach/train/good/rgb/147.png,0E3F86B0F171429F6D398B14B0A94ACF9C9AD6D33684A635E62B43D3CE039C59,457902
peach/train/good/rgb/148.png,6FABC5937C71C68596F5A5CD4A3BE399A2F53C2BB37B8F64FB0EB80C63F6EBE5,464552
peach/train/good/rgb/149.png,85AB925048854EC18FBDB11FF7055AFCDAAA9FDC256051F5D2D786CB45503633,465523
peach/train/good/rgb/150.png,D1941C0610D820A55B0FE03EB63E35E72B737D2C18B40CA77BE07C1F3B9EC0E6,455294
peach/train/good/rgb/151.png,41E0B752A8E6F747250160961465ADF20BF7F52B8D6ECBC2154F942DBC4439EE,456154
peach/train/good/rgb/152.png,D167BA410E4FB8210193F34B055F6FED4802DA8E6F68E6F1682171318D11D4DF,467294
peach/train/good/rgb/153.png,72E995A4ABFC1BF7F061DFF40A97E720BE0362E060995626366DA60DAEF9B8A1,467953
peach/train/good/rgb/154.png,C192A6062A911AE3DD37F7445C0629B206AD4AF9C69698DD28F87D3E696DCD21,460519
peach/train/good/rgb/155.png,228F608F901E1AA9DF92F47D82ADFEDD5A104A2B3EBE35E56C2E8350FF9D4B71,457973
peach/train/good/rgb/156.png,17235390BBBEE13F5DD3421D688426E1432B36A1911E52A4964920CA7B03D400,469221
peach/train/good/rgb/157.png,1919B29419E0A38FFF21C1DD08658BCEDAB833E25D76A46EDF3314C203BED5CA,472904
peach/train/good/rgb/158.png,90295B656353A03E93CD30041F369C28A3EE01DF77BD3D6B34BDED86798C33C0,453265
peach/train/good/rgb/159.png,D0BD03821C4B079D5C9940E04751E0B811E1F878D7ED8F49AA5FB9BD850FBF6F,457242
peach/train/good/rgb/160.png,C1904198350F9017F6441585A155E9415015FC185A5263B600EFFA4F4C45CF4E,469778
peach/train/good/rgb/161.png,1FD8306F22E2E95F950B573BADFF35F818198E66159FE181ADEE5C46E75C4A4C,465495
peach/train/good/rgb/162.png,AF33E7E11F7B0F71AEA64DB717DE2973DFFBC6C2D2E405BD77916A24E4A1CFB0,469585
peach/train/good/rgb/163.png,D3D6C01E7BAC836B189815DB317D2FA577AAFA00153A81468223B684E5C48A8B,466827
peach/train/good/rgb/164.png,F96C711CD9F8859A8EDACB859CE48B1EFB34E2CBCFC3FA7D233AD6F4EF4BEB7E,463380
peach/train/good/rgb/165.png,F1B35EE74E4160D00E4A1AC35FC7A504C366A233FE7FDDC1ED9C6A05472D2F2E,461966
peach/train/good/rgb/166.png,91A658BA9F153EC5ED5618B32E0979F80242244E2552255C9D2975A3D17C267F,463132
peach/train/good/rgb/167.png,D00ED1DC0BB102BC1136A313DA65F69701DB7F265BA6AA3F37BC4F1DDDBF2349,461731
peach/train/good/rgb/168.png,D3BD57AF778836347F7BADC79AC6EDD9DA6F848114DA254B7C9FF250F0879213,467300
peach/train/good/rgb/169.png,F9740E0FF6DB9F4DEADECC4299B380D86D95534BEBCAD47B5A5EA0D1B9A34CCE,461286
peach/train/good/rgb/170.png,1F27A3B5E767D4E8042B213A895C38F4BDB296CF3FA392567AFD01374D882F81,452011
peach/train/good/rgb/171.png,96BB0E2E7093481FD8CC13EBBDC5F9B04CFF946EE8B14232D3222135D41941AC,451929
peach/train/good/rgb/172.png,055C1ED2A3CE08729E9D590AA3799DAD6C5545D35EB31A44DFDEC6EFBFB9217F,468093
peach/train/good/rgb/173.png,0CF0CD8BB1C4FB963A9F42B96D412782772D40582BA6CAA3A82FD54CC4DCA320,459168
peach/train/good/rgb/174.png,A22BDDD6A558AB6D64A9B450ABBF5A780598DD53F100F4F1CD1202BBEAFE2542,458621
peach/train/good/rgb/175.png,953FA1C6A740A7AEF998201324180A5F04DD39105AEA05DE3173DFC0F30C8F4C,448584
peach/train/good/rgb/176.png,6C925F15CDDF3DC17B6B2C761B837A3D5023E665E0A89476A8EA212E4BCC07D4,445370
peach/train/good/rgb/177.png,CD162FBFB574EE8499EB8B5FD17400339DEC0E472E77596F45E4FADC6C884359,451760
peach/train/good/rgb/178.png,4377E6453393E687658CA973EE0FDE8119084D56B18DED70BE0C957094E58C68,454571
peach/train/good/rgb/179.png,F1086AB4F248D1827BD242687A3EA6BEC97242FFE8FF9C402EF26F9ED31E2A5B,441821
peach/train/good/rgb/180.png,7E27D122B98ACD4B59562CD3B66C0937F2A74D26B0C40B7B412A6424CA597D70,453051
peach/train/good/rgb/181.png,157BD830A70706DCAE189CD924D182BE859493D8B4E08FB73AC15289B1CB9DC8,444400
peach/train/good/rgb/182.png,13696EB8D44E7C76F41F3037F1F7786AA7F5A7C1D6E7F76E9B1DAFBD28116143,461884
peach/train/good/rgb/183.png,C14682966619021BE72AA7F62FAA591DCE991EC5F550CD473B88F4B38BBE4BDA,459001
peach/train/good/rgb/184.png,4D3FFD7B55B2BAE71F24135EC51BB0D2154318CD3F2A514E0E7B1F5CEBCCC4C2,448854
peach/train/good/rgb/185.png,2F72CF609E0D92249DC675D1579BC96AA21C5DE97F718CC69FDAF2AD5E8CE63E,447468
peach/train/good/rgb/186.png,BB860B2C0E0B815A8647B30A4F21CA590CF2ABEFBA31D60431F77139EA6E9BAB,454222
peach/train/good/rgb/187.png,B88668361CE02A9AF8647DE6D103231730CC35AB9DC532BF39B15868B93082B2,454687
peach/train/good/rgb/188.png,7257729D9ADF9753A7C2C55B56F7733D91440517F0F6FC65B8F03310FA11E562,459493
peach/train/good/rgb/189.png,E8758253024DB2ABCC7E2F2BE050CB88C18C657FB63BDF27FE79B8B53AB8D835,460662
peach/train/good/rgb/190.png,A265B64C569748E046A42936DE4963F222251494BE68A3AC2203BC5B79421F79,449314
peach/train/good/rgb/191.png,C23BCA48DCBC02DCCC80A5056159E780D2BDE72E31A35A2A8DC43F0A571B08C8,452000
peach/train/good/rgb/192.png,B3872CD4BF654CFE1A94D23D8DA063A9C86FB8D8C4F98129E619C6309A46F617,444367
peach/train/good/rgb/193.png,77163EF298DE3E0A56C8583C9B214849B40F497F4A1297063DA1A5CE709E4DFB,445806
peach/train/good/rgb/194.png,29F930837B6FF4AFC0EBBBFFDE4375B5DB3EFD930F5F1800CE18D83FA5965360,445285
peach/train/good/rgb/195.png,F20F7153A3F367100D238C9C595D746C5C9B5311625FB14F40CCDC4872890DC1,448397
peach/train/good/rgb/196.png,D222B00D946818008D501C0B35C32429A22CB7AAA3A4FCBA146071AA91F6A755,463770
peach/train/good/rgb/197.png,AFAEDBC7C836F7839E9ADA3ABC132C1882D41077C3D09E485F181CB1819E70F1,461629
peach/train/good/rgb/198.png,43C99CD5A60D5DAF27F030E3F2CA5A5210D1E33F2D0691FAEB4C9D80BF917B96,450618
peach/train/good/rgb/199.png,A996FBFFEF3FD24886B1AC351CF994E9F4A5171DA2AB38ABFA8FA90BCB2FB68D,449525
peach/train/good/rgb/200.png,25D11F4EBEF8DA8C3136A6A6C8B30998D496C13ED85ADECFF9BD54E4943FAF76,444673
peach/train/good/rgb/201.png,E9F7308EB5E7B902C9C41C7D450198779CC19E57DFB66FF59C8371C6C1EEB4A8,445852
peach/train/good/rgb/202.png,CB17ED5B4D65E5FB18FA345949C3E8F7D53C847B55654931EC5EDE583CB32A89,453428
peach/train/good/rgb/203.png,DD8402C22FA390F2C5AF69264E5AA99F7E1CEF381F85BF9545B1A7F008DD02DB,441444
peach/train/good/rgb/204.png,9DFFB1898CC543B5E5E170203F388EEF88029D2699A790A68EA1966C2D0FA8AA,440185
peach/train/good/rgb/205.png,58E505F9F9015D4B72B925F904977E484DDF28471DFEFACD7558C3B695A7D812,428348
peach/train/good/rgb/206.png,A0F4F51043208EDC2BD1466BFA1D772C1270062B37EA224320D8CAE6D28DE499,436425
peach/train/good/rgb/207.png,A9A19059C4A429AB662B8CA84A6BE1FA25D0057B4B2A8CC552F5549466856E87,451512
peach/train/good/rgb/208.png,C57DB16C88D305B37E511AF6D4E543BD51E731A28A8B8DF5677DD68D7ACD871A,451298
peach/train/good/rgb/209.png,817B50FDC31E6B7844A9405CDF33A96513589155D118ED313BD47AC4A1BE5DBC,448884
peach/train/good/rgb/210.png,F6D3504D9CE0D1EB5E8FE9C679717E6AB4EEEC5879C98F3792F2B85BCB93580B,439111
peach/train/good/rgb/211.png,FCBB4A6EEE49E16DB362FB0DF4E3DE54D5E2BFCDC81B9B98261E67B81D40E65C,440012
peach/train/good/rgb/212.png,B27524D3E2B8AD3EC42D3D80816D7D3F64E53F8945F9048C4B32F24A7F29ABD5,435720
peach/train/good/rgb/213.png,097B74AE8E72BBEBE06E1493AB8A3DB8D22113E1D9290AFE575BB4164253F4EF,437801
peach/train/good/rgb/214.png,1549623BF8D13560B87D38F1234B7066818CEF6BDAB58F21896C664102A62506,452015
peach/train/good/rgb/215.png,5025DD6956FE413D1D052D2D7EDAF53B347F8D62C10BE9F542ED12E8FBA16E89,452532
peach/train/good/rgb/216.png,51F60411E8A1BCF3FD3A308B439F32B5F5CA7F9CB5E71D4006A9B6CE99FDCB96,453429
peach/train/good/rgb/217.png,1685B072913496C1FC8E4AC14DCA1A03CA6872E87DB07AD8570F329745A0694E,445953
peach/train/good/rgb/218.png,991AD2A8B7D78078029C66F5ACD34A71465128A65B698CDD8C3212A26AE8CC50,445373
peach/train/good/rgb/219.png,FA1D0EBE89BEB84E31DBD33ACE139FB3D5B3DF5F77AC6B2913D011BBECA44789,449881
peach/train/good/rgb/220.png,48E0DE784D130E09A2D6305045F83A4B7035F48290097756B5D9B778501A3288,447536
peach/train/good/rgb/221.png,600EC16349318F68604CDBEE53FD640127D1690201038E335B64EFE4A41B95AF,436081
peach/train/good/rgb/222.png,CD84520286FA3853649A818F8144978BD9A70F2C945533467A2481EF47E0DAB4,436615
peach/train/good/rgb/223.png,D4BEE7013711C947CF58452DA2A3E0987A7D0CE92C8B260ACBCD3CCCA6FD4CA8,436720
peach/train/good/rgb/224.png,8CC5B8A69310338A44C6CC749FFDF19AC2689CDB6354243399625176406EC6CE,435714
peach/train/good/rgb/225.png,DEA2055AA9C1D038685D2BD32705837E1065C4E54C2FE9E14C8DA3C2AA852672,452931
peach/train/good/rgb/226.png,D82EE22FDD13583CAEBB7ABF9F3F0C109B59296E1155F9F93FC3D0A6C9EB4434,449748
peach/train/good/rgb/227.png,3F5B2DCAB7F8B750F4586877CA43ADC5F54638711A896535E7F6BB2943AD0EB7,449863
peach/train/good/rgb/228.png,8719B3D9A4A962DD40AF21C9BFFF014CA67B1CC7F654BE5C50BD9FE40537D028,434508
peach/train/good/rgb/229.png,381961FA22A4453C7E3A1182C0634FBFC10B729589071AB922B072ACE8B4FFC4,436532
peach/train/good/rgb/230.png,B39E6BC246F3A1F0626A7D811730C7FB4D904100464B20EA7D1E19334ACE39FF,452874
peach/train/good/rgb/231.png,F29AC1CC0977114891FB4BE50BBD55DF993303A3DD1E6FE586493EDE2C133AE5,453623
peach/train/good/rgb/232.png,5850987ECFE9A85A0B1C227587E039176C548AAC1BB2859B43826A55DD6E1FB9,434112
peach/train/good/rgb/233.png,1DAA4D1A1293E47A5F89D9E4011311B231C98D39D684E623578FBB0FF19A17E5,435101
peach/train/good/rgb/234.png,3AC67CEA8E75C722F0D7DD8F18AEB1DD7F7245E9773DF64FFB998CF02E39B7FC,442208
peach/train/good/rgb/235.png,35227F371DCBB5EE05D7E9537B9C2387E87DA095CA09D19874CD52E0BF84FA6E,445310
peach/train/good/rgb/236.png,FBFBAFED1A9DC014978A67C78CA43F2A87EA81426632C344335106E1633B584A,447038
peach/train/good/rgb/237.png,D3E9DCC962B29A03C0253762AB37F15E6EF6212C3C7E6ECF4BB31920B7540ECA,449966
peach/train/good/rgb/238.png,B25ED9A79B4E3E13627D7DC080602966406778AC2347D0BCA1B763EC2535E62B,449139
peach/train/good/rgb/239.png,11ECC920B77BCB82F0C623DD2772EBF778E1AD23A33FD75DF05B4171D3C3F7B0,447926
peach/train/good/rgb/240.png,6D927E6DA78941550E7CAF7D4EF2779F4D52F6CBE7AA7DB6C0E2B6B63F8B7F96,445058
peach/train/good/rgb/241.png,2593978F9D05B87DC34FAD88284FD8DA7076AA8A0B505B4929F0F72ACF0C9D46,448715
peach/train/good/rgb/242.png,FDA3FEDA71846BCFAE29D1232C123C0722458F0DC84B1AF20CCC1FB663409384,446814
peach/train/good/rgb/243.png,95853C0B0FB3E88C42A988A576A17F8DC814F5BC8F1B45FC94342291D84BFC2C,453996
peach/train/good/rgb/244.png,E5E61664B863EF8BE802034A04A099A42748753FDC83AC6558BEC5DB587CD74A,449191
peach/train/good/rgb/245.png,639B8DD6624109A322A0DAE5EEC09016F9624DF006A7CAC31913B679F1804E00,439602
peach/train/good/rgb/246.png,163C10D74A6CE71E5F8DE9428A01316E5906AD94D1F8856B69CBE041C6A9D4FF,448285
peach/train/good/rgb/247.png,27DBDAF68085D7D2B4E2F1BDC69F24A1770B550E82758F8025D4485C6D6469E0,450372
peach/train/good/rgb/248.png,8FD2E3316A5C4E5BE25F5F750E8C82464C8BD8CCCC9FB3E54391708ADA7EDE2A,443001
peach/train/good/rgb/249.png,EC8836288D4825D682453CE5D1E26A031C9F0073DF5CF4A66BE67E47A7211ECB,443767
peach/train/good/rgb/250.png,B97250282F4BFD63FB5AB252465154AD46D77B72317C761A8C9F531D85C67130,449716
peach/train/good/rgb/251.png,7C4BA601CD4D29368EF6B306F046DFB860E1CEFAAFE9400C9672D211F332C62E,450475
peach/train/good/rgb/252.png,68DB495D46F2199085C1CB13C053B12BFFC38D45A06CDB6ED2186A4C20B2E348,446934
peach/train/good/rgb/253.png,824A20625773C4EFF1CE778E080E39B4436C18BE7A603846FF7B145220A58B1C,448202
peach/train/good/rgb/254.png,FE849CE7388A872C2950083A864F5CC75AD3B6F2173BBF20B00520D15BA8B6FE,446453
peach/train/good/rgb/255.png,F92BFCD8D2F320BF8DA336A5CD7675BA88058C373267FA3683B0A05C287EF199,450347
peach/train/good/rgb/256.png,D91859C7E0C2A78BC74306FFEA7FEA71908BED95879CC8427B6059D0DBFF433F,449521
peach/train/good/rgb/257.png,64E0173660DDFCB46244D215348EAB9B7BBF94C3A763BC5D72D9F0C2B1971A78,438047
peach/train/good/rgb/258.png,2C0F8DCD955DF1C0981AAD3B31E271A29E020E4860DCC5843B5DE8B29CA54654,452868
peach/train/good/rgb/259.png,D340532D79B7122A6BB454197DBD0D06572927323CC8FD7108A41A6FD1F3DAE1,451073
peach/train/good/rgb/260.png,68CC64096EA3DCB23C3FBB1165173F7BC515D9FD6D1DF849A42E53982BE7CD44,441106
peach/train/good/rgb/261.png,B2596D1573E9B3312AD40D0C0D0191AE66BDF2CAB5DB06A98F221948CFFD7A38,459997
peach/train/good/rgb/262.png,10CF0B701778AFF9C8F3DC461C1223E2AFEDA0F31CC5FC29B5EF5C25F6959138,461375
peach/train/good/rgb/263.png,AEE88FF4212DEDA5CE2C21A18FA410BD314B0BB137AB13F3E96A29F1C70B788C,442800
peach/train/good/rgb/264.png,62C6B4A20F6B214F507C873FA95CC4ED73ABB2F47B401121917BB8B8A0C323EC,445676
peach/train/good/rgb/265.png,19BDE340DC9D528BD94C1926B2590B872629E0735ABE1AA1E51036958AFDA4A1,451199
peach/train/good/rgb/266.png,AAFEEA7FDD8452B6650BF650F23A713932C4CB483BA8207EED215C5C0FB02B74,450432
peach/train/good/rgb/267.png,96FA924201F47DF6404B1C58EAB68E30D7B14BC83D93BD633409239A1290103A,442185
peach/train/good/rgb/268.png,8A2A380EDD4FB8BB7DE254149138B0695926B97A4117222E183A8B2733C2285A,441742
peach/train/good/rgb/269.png,DA7BB117FB1AD5D123DBB6D7C4E7315974C899772DA106EA21ACE706F6A99665,450264
peach/train/good/rgb/270.png,849E9AF191A55DF98C1FB733ED5FC7B9D0F9C9B2DABEC55AB296C6BDC33080A6,451766
peach/train/good/rgb/271.png,F4CCAF3B5BE9172973ED9C73FF1B134C4224D65885A5BBD49A9A6560887373C5,439319
peach/train/good/rgb/272.png,1497B949C308C7BCF3E326109AE1188BE3E32A1798C2233DE9DAD871AA18B1E3,439700
peach/train/good/rgb/273.png,359948BF237CA0E55CFB75AF2DBF51EDB131DC57A8964CC2F72FCC3A54E5A508,444168
peach/train/good/rgb/274.png,7A841F03CB4BC5BC520B3D676AFD39A7450561A67D1417DE0843885F2921FA66,443564
peach/train/good/rgb/275.png,4FE8C7B72DBC1F8C40931E22C89E3D3A7045195DF041E4E7B14A3AF0C6761F0A,442250
peach/train/good/rgb/276.png,F0B30AE00FD017E0AD88F4034EFE6FE71BDC88FF49F598ED74D020AF1FA14EA7,459266
peach/train/good/rgb/277.png,E92A71A42A6C6E64440BFBB89174EA320473958C94FADAB763E117DACDA3EB2A,456495
peach/train/good/rgb/278.png,0A9F23145776FD1B3B2D49F0472C5EA0EC8083F03CF8F55240836051D824FB62,444566
peach/train/good/rgb/279.png,DF1E79E3F1979A71C5346FDB1FAC91C9CF0818068BA910370E2A7474D82A09C7,449132
peach/train/good/rgb/280.png,84FF0CC48E6BF0DD96B3807F00BBAE9D253062DFAE1935D7D47AD07CCF8B04C4,451309
peach/train/good/rgb/281.png,6B78755E177ACA602ED522B7E4BD791F99E910E2FDDFC4B9C337E7CCB743DCDA,452221
peach/train/good/rgb/282.png,6B929E5FA62629DADE7D56260E63F66CAE3D6CF472F0883B011087D80B05F6A1,445065
peach/train/good/rgb/283.png,661D4AD425469A9759E1434290B53CA952AB0894C48D6BB6B3579B75B7639B6B,442745
peach/train/good/rgb/284.png,534849D3578A9B0C9FAB31C39F4D6D3BD39A46708293AA474D8C94CE7807362A,455014
peach/train/good/rgb/285.png,80835929F495B18219F6536F75A161F3DAA3BDF837C1FC2C71D1236DD8D49DE9,452831
peach/train/good/rgb/286.png,5FC2873E17A3A395A21E3AF37F63288596FC0D1F835460BF992F05C49289D946,440339
peach/train/good/rgb/287.png,7B1290D0691E5B1C61300D6626ADCE7525BEE50A50901EA70BAF83A668BA58A2,450541
peach/train/good/rgb/288.png,8142E93E9D3957CD93A4BBDBFDEE4C117EFF9626A25BAA7478CC598A72443C19,450732
peach/train/good/rgb/289.png,13A3637110554338609B31E51BB80283F33A3649C7691CC000A13D2BC7B43114,443088
peach/train/good/rgb/290.png,75C7CE9E003FCAD6A183FD4C3F929023EE4C0C19429143009C29CBA8FE753BF7,443299
peach/train/good/rgb/291.png,7B95FDF0A9BE503BB768911430B7B9FB4CF9CCFCA0CE1B1CAC257A04169417A5,453920
peach/train/good/rgb/292.png,80EAC20C3081FA3691D864E235050CDDBBBEF9DDF94753A7934262E68714EAAF,453630
peach/train/good/rgb/293.png,436518CDE42BBBF7828F3CBB6A9A88F4F8EE3EC77392ABB8D1879B7DCFD9DA81,447310
peach/train/good/rgb/294.png,CADF28B0FC0B03BE2C9D09D88B1C0769B5D97FF38144ED02C23CBC4649849E20,447272
peach/train/good/rgb/295.png,EC60752AD2A5CDD5B9F723FD2F9C1F0BC484C228E2F9573503CCE4AB859742BC,452900
peach/train/good/rgb/296.png,DB4EDD1BDBC939A169F646155AFA1BCB079ED3138230CF611311ECD90714292D,455359
peach/train/good/rgb/297.png,CEA7090AEF49CD4772705AD5D7C4982FFDBE544ACA831CBF0A178F4CD7E5EE63,434680
peach/train/good/rgb/298.png,C7678650EDFD7EFEA011B1B61898E816F0C8822995F3F1F1F2B611F3C3CCCD40,437201
peach/train/good/rgb/299.png,6FFC992DACD26DCC1EE288168E28A4CAAF769A90E075A282DD8E28E70E43A263,442050
peach/train/good/rgb/300.png,03EC132C7BA85F7D8F13C4BDD2B683690D7EA0BAC5DA57487C045751A21E7495,440914
peach/train/good/rgb/301.png,19E72173995AC5F0CFFBCAA7519C53740E7367B80C49B51AC674A27BDF1A36C0,455847
peach/train/good/rgb/302.png,950673E0E341BCEC8B435488BE2728FFCC3D8326CAF477E8BC0780A1500ABA42,454494
peach/train/good/rgb/303.png,8DC2EC60A46CBBA12C15F32007C61E0E7B48F473953092D8C1A7AAA91CCF0CE0,456617
peach/train/good/rgb/304.png,A5548435A92263C55466BA7E201B13E875D1837D28308BB123CD7666EDC25477,454122
peach/train/good/rgb/305.png,007C7D33D547E66109866901AD08CD484741269F91F5A9D1EA21D30092586F43,448772
peach/train/good/rgb/306.png,89E606F2084D4C21CEB0C4D3E6E72EA3E72BAD321E0B2C3E4F5CF5F4DEC0FB3C,449525
peach/train/good/rgb/307.png,AEBBA774BDAE2752780F848EA6A25866CAC3B690BA5FE5420157B052F43711DB,455872
peach/train/good/rgb/308.png,878D336CDD600465D9799D4D3594CA092C5E0B0093A5F6ACCA7982457B326826,448346
peach/train/good/rgb/309.png,7DADE11D83AEAF53701DBBBF3C2B925C2D3A1284F9BC1FC832C87E6F2D57B720,443295
peach/train/good/rgb/310.png,64336358F1535BF8968A5BD9A332656C2BEFF62A831C4844E44AEB54173EEF67,456306
peach/train/good/rgb/311.png,6B863EA7CBDF8D0FABFD7FFA8A6B5D6A3C80EC056F498542FA7ED7FDD931B1BB,452489
peach/train/good/rgb/312.png,3BAA5556BD769B0DE468D0DE191684CD5D2D7284F16C157C24953AEBA7E8ECBA,448099
peach/train/good/rgb/313.png,5997E644BD00BB47BCF283DA7C44FFCE709A825D36FC5D48B0C5105CB7396DEF,447763
peach/train/good/rgb/314.png,C45F47FB3F0D19E351D23E5F522A3C0AA34EC7FA22E39E18EFF72366B500818B,451729
peach/train/good/rgb/315.png,13903FC3DEB02DE746198C34ADB528F8145A62E0903401015734591A3674D83F,454616
peach/train/good/rgb/316.png,5BCBED40F3CDC9B204FB7B13A38E5C1143F8E3F00293E63B4202C34EB3739A4E,452363
peach/train/good/rgb/317.png,166856650F58A4E6331B28B158B065BA46FC3F1CAA8CC7120CD98E6DA65C941B,453492
peach/train/good/rgb/318.png,C031A6761C0FC22F65BE38FD08716E5D1C2E56F1E351F726DCADEC08AD55B8AE,444014
peach/train/good/rgb/319.png,5F434D35008424FA375A2E3785E716E8DAEA139952FEC0104686FD72D4E02DEA,442949
peach/train/good/rgb/320.png,1BEC1666871FD0D1566225A05D3D0605A60F64E253E7A9949C7AC581ECB596B7,456021
peach/train/good/rgb/321.png,14E277093C146B2F6DB8D034E8353AF5C31F81E892D3DB8A7341FDA236C805A7,457389
peach/train/good/rgb/322.png,4B7602BC04352AB1A2F1C9C0CE5930A48C670EA313C96220B7BAFBDAA3D6AB78,453623
peach/train/good/rgb/323.png,C1AD94553CCE022A189DFC1E483AEE49821EFA5C3F88CA815849CDC843829A31,455823
peach/train/good/rgb/324.png,43D9ECC4E27A168375F7987CD7B8EEBA039B74D4EB5B1AD3F8E597E9C4F335FA,459429
peach/train/good/rgb/325.png,BBCC78775EA2CEA77C403AE3FFC4D85EDB190A92EC0CB85787BA9494FCCE6E30,457917
peach/train/good/rgb/326.png,3D91388B1C15E8D2C102D4E5A2B4FE26318B093075FAD64C20957EF26C868CEB,444090
peach/train/good/rgb/327.png,E4DA2E45B9D23EAC52955AC2164674FB0D7C5B466112A137DBC3CB06D7AB8A54,461342
peach/train/good/rgb/328.png,35EAD6D10B9C7B84A8A97F325B828E1812F27F17C40B79E55E1666E2F6A9816A,459161
peach/train/good/rgb/329.png,3614FD0BD3E93F54F07EDC877621A17E1897F3F53EFA1B0A0265DA8F7C611C7E,447240
peach/train/good/rgb/330.png,4405F980D5F1A264EEA81EB233829A2DE0A77E045D526A324F2A1DDBB2DF270D,458979
peach/train/good/rgb/331.png,8057774A74B2B05BAC10D8B92230555E01897FC9A57D030895F36891C9FAD329,456436
peach/train/good/rgb/332.png,A5944CE625A9783A28FD58401536A8E8C198462C1DDED306637967F9CF861302,440484
peach/train/good/rgb/333.png,D9D27377063959E3F5B93A1486C1E4803975552AB4D6678AED119BDBB8C10F3D,443142
peach/train/good/rgb/334.png,00015B14601F2385A8335D36645C691E3E6AE0D45F5004F3D705EBAEBAC68AAC,456098
peach/train/good/rgb/335.png,98B690BAD1B515EEDC8E35DF347DFAD0505CFA1834EFE20665A14E1AC6236D6D,457813
peach/train/good/rgb/336.png,36357EB6A55DA70FDC2BFEC027CA5E1711F050CDCC9ED690DAC010F3EC53ACC9,440010
peach/train/good/rgb/337.png,7BC426895DC45B49313A8C7C63CDEAC874C63E92F745D28B8BEBD8A0D23D82E5,441466
peach/train/good/rgb/338.png,FE381DEA4B00807704C3339C80F5DC0A40E1A0923E49ED6AED9217000553D2AA,435691
peach/train/good/rgb/339.png,F8084855BD153019EA9ED811020713CE6D9850FFC69560E7508D5499CCF6ED53,446059
peach/train/good/rgb/340.png,B83D56365ACADB5B17C78244999F54736E992A1220B8845B13A00BB3B679B000,445095
peach/train/good/rgb/341.png,A7775E5CEE3A672D010A575086BF02168F210D3BAAF660578017C37B53021AB4,446615
peach/train/good/rgb/342.png,C3E99DFDD36AE8D097C35F225B11E29E6504FA6479B7A0D6B12F1EBF31CB2A0F,448995
peach/train/good/rgb/343.png,E5B4CD25338C100BEA7D2DF81B2E46C707B446100A498A6D08E05BCFFD2513A5,438174
peach/train/good/rgb/344.png,8D8677765BD91EE7D7F3A12DFBA852DF36993AE24E746303E9EB357C540B09E4,437853
peach/train/good/rgb/345.png,A09ED54F199272F71ED8F8F243D4A57D50BF61B4A6B17D907AF781AFFD708723,443819
peach/train/good/rgb/346.png,A60EC7420B70583FCE7FD4F5E783EA80442458E2C3BB78E87BD33C65637A9D1B,442146
peach/train/good/rgb/347.png,BE2F9C691B225CDE0EAC4DF30D959092D918E1E4972C12C7FFF1FB9C30E720D9,446846
peach/train/good/rgb/348.png,CB3858A92D72BBF6048C356854082299AA0F92BB7A8FCB0677E15771C4E1A197,449634
peach/train/good/rgb/349.png,9D8D09B5696B6600F47725DCDEAF792D7D40E225D7CB1F39D1973370190D18F7,440827
peach/train/good/rgb/350.png,D15A228C6DBC2AC0216342A08DBDB1BCAD4FBCF13B4AAA9516AC12544B2866D7,442660
peach/train/good/rgb/351.png,B7DFB70874C75DAA6520AC2DB448AFDE8F84F1A3A64AC2DFABF903878B3962FF,454004
peach/train/good/rgb/352.png,BA4FCE7D8D03EEB77CB3D261DB6FED60C9E0E625CB981CC742D3443C20A552AA,450509
peach/train/good/rgb/353.png,4C290EA05CD25AFD1C64C15FB446385D521CF78F4451A81CE8FBEBA0A11DA867,450972
peach/train/good/rgb/354.png,994CB00F03566B4C8ADD70613CB3A278B534EB41158E2F92789EC432FFFA191F,451439
peach/train/good/rgb/355.png,BF16A442ABCE115A12CD09A0EB9F406DA72E3E98901D16F399870F57CA6C0B9F,445499
peach/train/good/rgb/356.png,F56CD17BD889D9D0ED9D61F3E2DA56CE3002F3A4481B886F0FA72179BE21E5D2,442404
peach/train/good/rgb/357.png,B68E83B2CCCDE2FF26799E1579DBB8B859C85416B23A8790C0688D447DB0E1B0,456557
peach/train/good/rgb/358.png,5C23DC03BFBBC6020BDC4AF855B4C97F46A9DB43813A3476133E33B333F6161A,452626
peach/train/good/rgb/359.png,AFC4A24650E99656778778704E8F9E9EF8D96852C323AEC58D2AAF277FD4F3B3,448400
peach/train/good/rgb/360.png,A083999C12B60E12771CF3E3D7CE1A2CD3F1D95B292C251F3AC1DD37484B4238,446636
peach/train/good/xyz/000.tiff,F1D77FD6DB8D60F6B466E940E176FC8C986C338761294F5EEC70534C64811EE7,4389734
peach/train/good/xyz/001.tiff,35E3E7F3BAD9F3490AFC83D1733C315AFB0EE85E25A28587DFDE4FCA69526621,4390256
peach/train/good/xyz/002.tiff,D03FDA3C053ADBDA441DAF332A07EE05B73BF26A0EF4C79C4AA1274808778BFC,4390426
peach/train/good/xyz/003.tiff,9E6E9B5D8022652FF62E05FEEE98551C463E611F41E45B10A7BCA348325DA3E7,4391978
peach/train/good/xyz/004.tiff,EB2A15C795936A86CE5A78C521054F0973692E727A9712B707839A4575236519,4389092
peach/train/good/xyz/005.tiff,65EF78D76C798784DAE8B082C5D80B73B5D80BAA99946DC636DC9BF2033D967B,4389434
peach/train/good/xyz/006.tiff,CD8C4B666E30409348D87A482F637DE93356704D5525176E66C72BC378E405CD,4390294
peach/train/good/xyz/007.tiff,B2A0D31785248C2079A465E85039FA985972B1A2A226BCB61808093570B772BE,4390770
peach/train/good/xyz/008.tiff,D3CAA439436AE3D1926F940D28347FFBF5282A96FDF509205FA11EFBA878E3B4,4390316
peach/train/good/xyz/009.tiff,83044971C8BDB4B0C823D745238F18C315D74F9C64AF58CA3537939B3D76E0BC,4389370
peach/train/good/xyz/010.tiff,BCBC06A3C97460EB9D6712EC4A429F1F8326F95956B0DB6AEFCEEB114FF55E71,4392020
peach/train/good/xyz/011.tiff,2DEA4A99A8ECA43C09C20417DF17E431149DF0BB7DE809FC65157528AAD21BFB,4390678
peach/train/good/xyz/012.tiff,92BDC3AE6C00CD5EBD8E088F113DC06C6A200692160DC111B00B6C266BA36EE1,4390510
peach/train/good/xyz/013.tiff,2403AD9AD621D27F03D84099EAE34D7B4704F1330F0D50F52963B5BA9B94DAF1,4391094
peach/train/good/xyz/014.tiff,B19931BDB20A997709507F63199D5C0B2F79EE209564C1D89D6E1B92449DFD54,4389332
peach/train/good/xyz/015.tiff,0A9AC25AA12698B43E374526ADB0A18C98AF298CF23D44D994F630B60E03174E,4389826
peach/train/good/xyz/016.tiff,F1BD02D93B56117619336AB300B868350DCA09D7505F4277B25B4249D8E184E0,4391012
peach/train/good/xyz/017.tiff,6137187A82C6DE67AD9ACC8FF399C08FAE03D62E1DE654398315A7554F498B42,4390666
peach/train/good/xyz/018.tiff,ED87149496BA8885EB70B10929ACDF0B6064B9406359B39EAD4F377F35C8547C,4392142
peach/train/good/xyz/019.tiff,791E7760B887C5E472740E778D323C96E55EEB9202F21AEAA066990587CF73F2,4391766
peach/train/good/xyz/020.tiff,862C9A169EF0C4A1CEF1FEADF2C2B2DC5CB58CF3235AE102FE24A7A580CB5CA3,4387974
peach/train/good/xyz/021.tiff,3456F840CEE6C061128AEA462F3914F3E7B917B12B1CBD3C42AEF3F1BC49B7D6,4388086
peach/train/good/xyz/022.tiff,C98B4A70D861725E9B43536E588CC77C2DE67265CBCD3E7257E7B2A7D8761072,4388374
peach/train/good/xyz/023.tiff,9F9DE4278609BB8B27A5B62B657CA33E788106A30052E6F0D6567155A9EC0E8D,4388192
peach/train/good/xyz/024.tiff,878BEA2250C91DDB9A7391F5DFFC39819DDE40F47885F38749D22CF567E64A47,4387132
peach/train/good/xyz/025.tiff,A6C8FFD72758B235B443FCC7E7E5218AD984E0EF716F28320FBE34B6F334DF77,4387604
peach/train/good/xyz/026.tiff,569823C3DD048310615E2175AABB8997DFC76BCA7B5E9A284176F31D0A6C65DC,4387144
peach/train/good/xyz/027.tiff,F16B29FB2768BEFE5C2FBC4178FCF8026694CEF2164AAAD1D786FC7BB89A6C64,4388246
peach/train/good/xyz/028.tiff,B9EC3E1B13DFE43A9222BFFF536F1344D4BE2945607136338CFD317CC8F901B3,4390318
peach/train/good/xyz/029.tiff,5AC6A8C90844BF467B29C1122F9C0F1A47C38DD15D11BB6763BCEA292F339319,4390532
peach/train/good/xyz/030.tiff,8F0CBF7DCA6A9517C419BD480D6970D33F7FBC7727DF3CF0D660D678B0F1C79A,4390338
peach/train/good/xyz/031.tiff,677FD02068057CBA4C69C3E54FB1194E9C7069FCFA990048415B5ED83D2E0B66,4390464
peach/train/good/xyz/032.tiff,C004AB6AB364F0D0E533FFC04C2CB521F289FD8226CB92D841690A9027047472,4388496
peach/train/good/xyz/033.tiff,38BCB11651D51A74D4D2398A85EC18FA16FAC40E273D997EF90BA8C98778AA70,4388854
peach/train/good/xyz/034.tiff,A367FDDEBE2CB20041BE6208FA0F4103619F7DF5D513EFA4E5889FCDE8B5EBD5,4388736
peach/train/good/xyz/035.tiff,9E367D39BA7ACC115B84DA0506EBEC3ACD668741AF51480163E1BD008A2DBCEE,4389202
peach/train/good/xyz/036.tiff,8965C205F94EA20265A888ED81D387E5BE54B69EA5EB6F129C777DD258D6E161,4389168
peach/train/good/xyz/037.tiff,C3D199DE741DB54C6B4065DDD818A4EF9D8B0CCC26FAE98F0198D4D0A975B0DA,4389022
peach/train/good/xyz/038.tiff,E22A897F4659169C8AFA0996BBD9A303BF555E29187C746DB4115F434FB32BDE,4390312
peach/train/good/xyz/039.tiff,05F38AA6A70B3C89F0C5AE310D21A2A7244EF96953D4B79286AC8960C9FEE843,4390050
peach/train/good/xyz/040.tiff,8D0E33CDEEC6CC34D976EFEE309E37B84DCFE09C20DE015304E386773AF6A2AD,4391040
peach/train/good/xyz/041.tiff,E875F63E20627C638F12AE10749E45C216A1B6A937AC72D6B05D536F3E80C4EB,4390324
peach/train/good/xyz/042.tiff,B9975D210F5E982F1357D9C0D043014645F7A494ECDD2BC73E9D80A257BC956A,4393254
peach/train/good/xyz/043.tiff,6DF487B22CB5C684DB8C1D3090FDBDFDBAB596401918B302AD19795DEE841B87,4392146
peach/train/good/xyz/044.tiff,567B933C3106035D69FBC55DD5BBB51DA3C89251FAC21CFC5CFA8A3A5ED38DBA,4393514
peach/train/good/xyz/045.tiff,D0BA7C7801DA710FDC0A1077E93CF05454F1AED6031640F96DB7E4E5B35FFA61,4392928
peach/train/good/xyz/046.tiff,34825332B454B53FF696095D88F9977BC71D40A1E6506BEBC12B4277F2B28DE5,4392132
peach/train/good/xyz/047.tiff,B9C58761CECF95B270C37D8ABF90285B8DE6B43C1A63B7D586EA79CD67FDE053,4392160
peach/train/good/xyz/048.tiff,10D40AE9668C4146E93BC29850DF4830D994B07C3C02AE2942F05DC1C29019A7,4392616
peach/train/good/xyz/049.tiff,B22070213B9FC0C46845B617BF52E5DB9C809CF2404F3BDA8AAB82387EA5717B,4392604
peach/train/good/xyz/050.tiff,83EB1A981BDF89CF07EAD5843D961DF40B0C4910D07E9FB4BEE8DDF5CFB97201,4391846
peach/train/good/xyz/051.tiff,D68F1C4E459A546F638F285D7C89D755DBBE7878DEB732EFD28F27AD1273C079,4391746
peach/train/good/xyz/052.tiff,557D251AFB0E3E8F8AE81218338E593A813BDCC50EA64B97792F74B19063828F,4391578
peach/train/good/xyz/053.tiff,9216014AE3304716CDCECA8BBEB434CF665361499C90415551CF59EF710072D4,4391696
peach/train/good/xyz/054.tiff,23506E6730AD5912B915784015CE7251CADDEFCB9E2954C38546EAA59A3F2A95,4390380
peach/train/good/xyz/055.tiff,F7073D6F0F90ADECA9F3AD7B0B99C45490A581A055A6F9FF1E554A2A8A9F1FE7,4390966
peach/train/good/xyz/056.tiff,19FAC845CF70B8DF3EB57A2D1758CBB62294FC613C6F61D0E196CE5C82A0EBCD,4389430
peach/train/good/xyz/057.tiff,69B8D82CFC011D4A7096069D82D3E3E8F7D47CF90BFED3F9477D7A0DDD03AD0F,4389562
peach/train/good/xyz/058.tiff,0BD41B17E6F267EB417C214AD107896D7DAA9475C9564E158F9DD8E924781970,4393054
peach/train/good/xyz/059.tiff,7628011F342880CEC115C77F6A4B1B365A19A80ED102401B0DF4129007876846,4391812
peach/train/good/xyz/060.tiff,5E1D45C1E7266007BF88E6B476ED9AFC9489985E4804E42E527F2104FBB98DD4,4388794
peach/train/good/xyz/061.tiff,8082BDAE34A9606E0C2BB05E1AC490A73197995407D22984652EFD11769232F2,4388870
peach/train/good/xyz/062.tiff,3CEA467BE4B75A6BB1EDE1ACEA312B6DEDA90C88656EC642B79F5B781324B220,4388624
peach/train/good/xyz/063.tiff,420B62D268BC2F6647B1DC226B4B81AA54F9FD4FCD789E8577F859C4D35D3FD0,4389610
peach/train/good/xyz/064.tiff,7BD4742588F51FB963203F92C673E457CF40A41330ACA52ABBEE1D3C598EF6F6,4392660
peach/train/good/xyz/065.tiff,C7551A193725B3F14E52931425B08042C43A1AF793470FDA6E1F5DE26F99ECBF,4388898
peach/train/good/xyz/066.tiff,4B58E6AA1D0FD9EEFAC5B63A4A0A4108EDADCDD736FBF3DBD83C50672ECD7FE5,4387566
peach/train/good/xyz/067.tiff,97822871E0AB87AD641899CF1702A8F108AE7AC31AE9E7302CCBE277565D83E1,4387068
peach/train/good/xyz/068.tiff,AF9D9DCB98F14FA7DD71E0CD3D45EA53A72078981BF9DD09A405ACA087C5169A,4389974
peach/train/good/xyz/069.tiff,A55E601A923448DEB4F0F8AC8121E597EBE1FF269DD2C54F50928403AFDBDC72,4389812
peach/train/good/xyz/070.tiff,6004E40E59FBF49D5BA4D2DBF3473B473C831BD9C69E8F086990B55D2934019D,4386158
peach/train/good/xyz/071.tiff,CF3FC943D2FBD892ECF89B6C062FE1DFA7FFDFAB2D8CE8EA5EBEF1BBCEFD9A0E,4386354
peach/train/good/xyz/072.tiff,6B3D24618E7867569A597AEF23886F9666FAE281DA98BA23C8CDD1C30E08F1C5,4388776
peach/train/good/xyz/073.tiff,ED96A393CA8407CEF6355334ACA26ED3E1735B3A21C317B2E20BC422F713E8DE,4387714
peach/train/good/xyz/074.tiff,84E5105D3A2CC031F03B7D2E69890313CA4D38ECEDDE12DD8689CA3F3DE57E6D,4387822
peach/train/good/xyz/075.tiff,FA757066CB2F0A761F983C51FC2E5E93D5FD4C9FB3B9FAC39AC439E90CD4930E,4390116
peach/train/good/xyz/076.tiff,15252E351DAD5484FC70A1B4483246CEA535A2A54C5006AA1E75CF234FA03EC4,4387138
peach/train/good/xyz/077.tiff,4F9DC876069FCC886DBCC8BD0A5B3EF7698F04F2B4ED677B29FDA9127BFD6778,4387958
peach/train/good/xyz/078.tiff,7DB00D3E95713E6F2462832B17D5053CDDA8E393667D3038840C6A384764BFB1,4387092
peach/train/good/xyz/079.tiff,8985BDD13B6091D61A76BE29C2BD8AC2794CDE6E4D1206138C49D8C02E4B6AC9,4386496
peach/train/good/xyz/080.tiff,3F8EF1DA967F21ACCA91DCDBC1A3AFCC350DACBEEA82BDFCF4948F1897F4B195,4389728
peach/train/good/xyz/081.tiff,AC2DB9B6063D916BC86075FFA17F972F632C0E7337A257411F1AF6111EA1B8E5,4389162
peach/train/good/xyz/082.tiff,E07649B4B99068E410B093C0B9B8F0ACAF13B19CB541C5A4C0554EFF753A42D4,4385856
peach/train/good/xyz/083.tiff,3456BED444DBE4BE1ED4C4882892DA5E5B662D2AC5784F30FCF6BCE368E61B29,4386796
peach/train/good/xyz/084.tiff,E4536CD7EC5200BD9243E8AD9200861BCC0FFEB45263691C6C2ACD60EF7AD7B1,4387172
peach/train/good/xyz/085.tiff,AB3EF74FDA15463CC0CECF8C788D66D7E7EDB7B9952787960EE78814C3C613BA,4385910
peach/train/good/xyz/086.tiff,84C27A0248E66F7A26CA8D1448376641C7F0363F17288C88BE50AE993616F619,4386222
peach/train/good/xyz/087.tiff,92252192624105BD80B056D8EDA73DEFF7E33468CB9CEA83AA56E4EE0B06E472,4387236
peach/train/good/xyz/088.tiff,BE34F9625E328DD04AF13F171E8D2AD54AA3C69E7224ECCDFF72FFFEAFA4BE5F,4387092
peach/train/good/xyz/089.tiff,CD6043A7DE7445A2150CFEB2525BA4A145AAD6B0557D1B2F5DCCCD2495C1A1C5,4385370
peach/train/good/xyz/090.tiff,CFA8FBBFB7023BEDE2B0CBEB25FAD1D1481EBD94BB2631BEB4F3891538270314,4385228
peach/train/good/xyz/091.tiff,714DDE9E8A9E1C9AE6A02C80180B9C070596B06867AF8CDAC697D242630150B7,4388470
peach/train/good/xyz/092.tiff,2DC36E57B5CCC290ACF58A0D0CD2E0E2637CBF83B1CFF8BE2DA403A8515D7DA6,4387174
peach/train/good/xyz/093.tiff,39AEF37967998357C14E1A8194AE1695EAAAA8E7ACC765643F1E712B9215DB4F,4385888
peach/train/good/xyz/094.tiff,9A73CE5FF870536E8754CD952C10F2D9EB492F100AA8D20C0B965453FA2D49F3,4386278
peach/train/good/xyz/095.tiff,FCD32A6AEBCF5B78D0ABC1AC298AC3B5A3CC0FCBD8B353ED0243E3AA14D6EBE7,4386668
peach/train/good/xyz/096.tiff,FFFE9242D0F79A364541E58D629C81240C236FBA396749146BC47A398D94232F,4386058
peach/train/good/xyz/097.tiff,037A2C19D3E328B5B86C1EFD38F7DC483756D8EB14CF8FEEE394F19699C269D5,4385924
peach/train/good/xyz/098.tiff,4C5550B4FCF854ED21CBF636FD873875668915A3765D092F5103F8161D75BF31,4387376
peach/train/good/xyz/099.tiff,F8897044114BF4C64006B5B6221B88780E75DE1C8F0D0452FAA98103FD8A825A,4384986
peach/train/good/xyz/100.tiff,66A03E03F93794AC8CE5A81BEE5A18C23FE40D8605999D282E210AE52719B665,4385180
peach/train/good/xyz/101.tiff,EA410B82B295F3A71EDE29A0101D2899372E024C03A3B6D75525A990345F8FF2,4385612
peach/train/good/xyz/102.tiff,82A1AA61D1F204496847DE5E497F4DC4DC086D1599A98E450668B803CB94DB0E,4386780
peach/train/good/xyz/103.tiff,1E7DBA806786BA58F89560DE8E69127677445A5B77B140F196EFDEAFFF5853E1,4385722
peach/train/good/xyz/104.tiff,9433B419A8BD4D16530357A1BB3BAF67F0D03EBDCD802047894687052670DC72,4386320
peach/train/good/xyz/105.tiff,9071B091E826CD6B23B2748D994265D32361330DF8BEEB6505818B712AFC9109,4389208
peach/train/good/xyz/106.tiff,22F7D9A194353E248EA8AAEEB94ADE2942A7A88FD709319EAB0B880EDF470D2A,4389430
peach/train/good/xyz/107.tiff,B582EDCBB586531136A7C47A69E893FC40B5E31E65C22722248A94D4BB849676,4387188
peach/train/good/xyz/108.tiff,8ADDDEE6B17817626A3C572FE78AB10AF2BA4DD1C668D80EB8E68AB2550123DB,4386632
peach/train/good/xyz/109.tiff,C180ABE0C02C1D66DECCC0B0F0582B2E2FC2F38DC00A548F11C61D0D56F44A25,4386256
peach/train/good/xyz/110.tiff,62BFAA1A778B4F4A26DD66ACBECF1DB58B6845AD7CC79F175FCD3CD809ABEFCD,4387664
peach/train/good/xyz/111.tiff,8A399BC4D8D13A9C30B55C1B71B5C1251FFB4E8D9B0A57F82E6288960227FD5B,4384700
peach/train/good/xyz/112.tiff,B33745FD98D51F1C7A2A6F2BAEDD79057DE7A6C1458797C192A4A682EA03A978,4384010
peach/train/good/xyz/113.tiff,23D797F3F1B4B2BA5204E57303D2C289D427FB4522D04F2320A7A04D33CAC637,4384166
peach/train/good/xyz/114.tiff,3F2B9BB594319D04B310700C1EB96BADD9B21B0D52A36F99AA6A8FCE7F1C4FED,4383756
peach/train/good/xyz/115.tiff,90593AE42F49125EE4A77A0B7657F83D67BA39B28EB25ED390298FA521B09F3E,4385594
peach/train/good/xyz/116.tiff,7A16E492747D5C5E0FA5F3B6A91C434AD1075A7DEA7F660CD27AEBED30D2F732,4385114
peach/train/good/xyz/117.tiff,CEC4528E453913879C3FB0655E64E689A292E0099792C259698719CE7247E252,4384234
peach/train/good/xyz/118.tiff,56A200C14CD451DD62F5A30739AF6AC41A81E927BE032AE9727CDF099C96797F,4384738
peach/train/good/xyz/119.tiff,7852085725F5754272571499FBC69C5923641AE68B84B4222B9418CC5F49F99F,4385130
peach/train/good/xyz/120.tiff,F7A889C3FDA251ABACFB743E3C4763B03B137E0C87811DE1E400BD0BED596554,4386344
peach/train/good/xyz/121.tiff,688E832FF290588E547C5E54D85D92FF93B2F21CA0AC600712DE180B4B4B1DDB,4382726
peach/train/good/xyz/122.tiff,2AE51D515AE5A04363E7336BD2DEC5A2849DCB4C25BCE3C087E45CEA18D1733A,4390058
peach/train/good/xyz/123.tiff,6CE4FC13B9EC425321804BB5BA6B7C19305C6F012B0EAF41B564D3B253E1E838,4389322
peach/train/good/xyz/124.tiff,CBEAA55E95818EC0B38E07D179B2777000C1241FA1DA0DBF098B570B9B5D081E,4383002
peach/train/good/xyz/125.tiff,8F4411FCFE03812651CD030F08B41C878805762054E2896736ADCEEB1099AE86,4382358
peach/train/good/xyz/126.tiff,44044FA187BD42655ABC3C393AE0321CE773DA38AA5A9F6CA11CABEA977E41EF,4384302
peach/train/good/xyz/127.tiff,3418B268907D1AB522ED54A3AD3E7E0A112152E635C46F402B422FCA8DB7ABE7,4384458
peach/train/good/xyz/128.tiff,B72B85CFCAAF4BF1819ED2FAA6CA029EB158098808853119DA9EC3DC1B234F1A,4381854
peach/train/good/xyz/129.tiff,6CD6A7984E969B7FD408AC306F1CDE6716F6EF8D5347967FACAB8CA74EF41BD6,4382878
peach/train/good/xyz/130.tiff,AA75CC33B0BF6FBC110607A0CDD7D0329C4C29ACDB539DE7242CFC63F230CCAA,4382036
peach/train/good/xyz/131.tiff,3916B66355987417EDB5D31E7D551AEACF2BEA8633EB5EA63FE3F99C5D9A70D7,4382402
peach/train/good/xyz/132.tiff,CF38288BB304D36472CDAD1B7F7FA60123756F3DA65247BDEF678D442D3E6ADB,4381856
peach/train/good/xyz/133.tiff,FB77D781121EC2004C08BD5405BDD32BC52206FBB3BCDC85E4EDAF903B5FCF79,4381518
peach/train/good/xyz/134.tiff,7274F8209EB07C9654C4A110A53B127D9BB41A9236349F1CFFBF0B5EB74C36DC,4381920
peach/train/good/xyz/135.tiff,37411AE95CC245B6B929F8F139754278ADCF09AB0A73432B8A8D717EC95A04DC,4382582
peach/train/good/xyz/136.tiff,1D2D895AA87E26A49C115C2F79D63FA8F61FB1BFAB265A37AB054DEC692060E5,4380412
peach/train/good/xyz/137.tiff,AA87C979152806DF6B4AF30E4282893AEB36C185931F010E5E158F182665154A,4380434
peach/train/good/xyz/138.tiff,253BBBB9ECC9E612AD6884DEB439A657A2676595B755F5C491DA3EF6CE019253,4381198
peach/train/good/xyz/139.tiff,72D1C74A93253DAF77413BA955F3C793F957BFFF7CCCC46D7F8D5C6EEAEE2C69,4380366
peach/train/good/xyz/140.tiff,600597456B66646697CC568B606B7EE3C358FF7AFE2937DED1CC777F75A31012,4380754
peach/train/good/xyz/141.tiff,98D5E3EF89F021561BEAD6BEE315DA221B90E798306021D3E0A9F3FF8DD14B14,4381456
peach/train/good/xyz/142.tiff,3F4BB1A0F2F72FA75908B625038FF5BE8B6541FAAF2FBEA16FAB2BDB440CF3C1,4381532
peach/train/good/xyz/143.tiff,4496445A8E65C28816D4D0CA7D6FC2711B90B2ED2A76A0692DBBAC8B8D416E87,4383858
peach/train/good/xyz/144.tiff,291D8417ABC24A93B92A7F2DEC6C3F217155E37C9EBA6F31AC56D2AFF3B026E7,4379684
peach/train/good/xyz/145.tiff,56C42AFFD044AAF8001EF6590392CB20D34CAB32FFD45C19C1F946D44D7D6176,4380176
peach/train/good/xyz/146.tiff,E86845FA2CC476AF45BD5DB2AE0411DDB0249015605D80C29BB15E5E689A8009,4380548
peach/train/good/xyz/147.tiff,D945D716D95C2B535203D263E324F39EDD641F7504DF8CAF41FED52B8660882B,4379958
peach/train/good/xyz/148.tiff,93B9036771BC7238710BB4ECA927010159C04FEC40DD710BE918EB43EF94C594,4379620
peach/train/good/xyz/149.tiff,14C55D605FCD8B1392B3CD935BC5627659530B509654BFEAC6D86E477E2D359C,4379442
peach/train/good/xyz/150.tiff,25DA3F51E602454076CBF070796CBF0FF0F616EEE1278EE9A9FEEC0F092CB5EC,4380062
peach/train/good/xyz/151.tiff,43F2F7376440DC1EA0A905E45C558D6CB7889C7DCD187142805B65F5EAD5CF0E,4380440
peach/train/good/xyz/152.tiff,D3208A51C21837BAD016EB50D6A03C7FA4781C849CEB545F33473D41CF78C573,4378594
peach/train/good/xyz/153.tiff,9CCB928B2B52DEE2A206285D4FF7998012713766D7791084BCB4134884A9DB97,4378700
peach/train/good/xyz/154.tiff,7C1C9810509DCA89A903879DDD09E6958FCC6E2F4638FD90169060333FC1E54F,4379110
peach/train/good/xyz/155.tiff,7717A117CCE17B9EB8AD257ED28D5AA64C4D6DCB4E1CC8B49737A701A9890E48,4379132
peach/train/good/xyz/156.tiff,C848E32ABE4F48A16476C60A9DE0DEC651D6E84AE8C6829B02FD756CDE615F8D,4379656
peach/train/good/xyz/157.tiff,BB910982468A386EB62C2DFE1DBAD654B750D5AE616BF424A577C94F1F035B1A,4379618
peach/train/good/xyz/158.tiff,9F76AEB960E385F95F7F1065CDC107E6E363DEB30A9B80A5CDF16DEECB31D50C,4381956
peach/train/good/xyz/159.tiff,34B6DED62A5D3FB74415971D669D504E61C1EBBEB7800EDDA91071CB7028C6E4,4379324
peach/train/good/xyz/160.tiff,6038BA376AE54B45C2C0A3DC99A26DB96531401C26D1C0CC32EF20D0AD7FDF2B,4379248
peach/train/good/xyz/161.tiff,48DEB6971904EC9778DFCBAB778CA3A630D287DAE74BAADADA273B4B04DF647B,4378700
peach/train/good/xyz/162.tiff,4568F0911BB21E1B52DBAD829348A162EFA7851CCEF178CE3AB1F05726FAEBC2,4378940
peach/train/good/xyz/163.tiff,B2BCA61A05614050F3F98CF7B507CF0B38A76EA12CA4CC1F85E7222D95280015,4378706
peach/train/good/xyz/164.tiff,D929712C948F9794E6E5C28E94A7D1B781C3CA32878B88E741A325C03D847157,4380628
peach/train/good/xyz/165.tiff,FAC47C8A6E51D9DB2A90E5C403F368A535E912552A85D5E090C52A834F87BE02,4380342
peach/train/good/xyz/166.tiff,19CB742F0CF55B8E91B9B2FA3374924B3089955ED1457DE1E90E49DC497597D6,4381078
peach/train/good/xyz/167.tiff,86DEDF1BFBC5931742C0CBB15C19158B54BDCFD4D09CF92DCB695924AB6CBFCB,4380772
peach/train/good/xyz/168.tiff,2763152E281B552457FB49B56FCD31EA05C55CE98EF733BB8CD2301465BC5CAF,4379646
peach/train/good/xyz/169.tiff,2B42D23A32FB153EDEE0D4A1F9083BF353EEEC0ED834DC0D9206B083E79A58F1,4380480
peach/train/good/xyz/170.tiff,CCBC2311A1224D766E09B679DAC542C035923C12BAA8B0A8287D8971E5828FAC,4380876
peach/train/good/xyz/171.tiff,BCD44DE8BA681DE383B7E31DAECBAF2EC9484875DA0E7AF21B643B1BB3887A89,4381524
peach/train/good/xyz/172.tiff,873C1DDE40998C22FF36D2181A188DED2E46FCE7869DA3C608B1ADC1355035BA,4380958
peach/train/good/xyz/173.tiff,295C36FCEE3EA244686FAB47E02974FE3B62CE3C577AA947444365238C2389E7,4388778
peach/train/good/xyz/174.tiff,82A2E554BE682081DB9CDA3688E8DFFC462A5A9152D320AF17F5FD2AE09FA6DC,4388804
peach/train/good/xyz/175.tiff,A34C8005E18F9AB23FB7A84622C40F7D64C18F35832A917360CB93F4867977B4,4390078
peach/train/good/xyz/176.tiff,052F8412DC46D235D62B78036508D89D8DB38D2D24CF92725400FCF6276B2B26,4389884
peach/train/good/xyz/177.tiff,3E7F0FFA5D3B91413E87494787B2D87AD681ACCAF93F3C3EB5D46F2E7560F204,4390220
peach/train/good/xyz/178.tiff,CFABBC682B265BD779EEB84720DA2644F2FAAEB6861244A7B085E82356C0905E,4389434
peach/train/good/xyz/179.tiff,86D75EFD4D9E6654A32DAD500F11404DFAE8FDEBE77A7F28E4A104C9442C303F,4391390
peach/train/good/xyz/180.tiff,8926A00E0E9995C0E64A9FAA4BDA184AAD8E08EEC0725FDF06326971C841C684,4390746
peach/train/good/xyz/181.tiff,1659378C887E1DA6BCDCAA198117D18E78C64DDCE3A7C4F1F80F7741AC1BE6C9,4392666
peach/train/good/xyz/182.tiff,A37B0DD335C9EF241F64D686711755624BB65D785515FA82032373DEF7DEB414,4389326
peach/train/good/xyz/183.tiff,EF971D2DC3A6C897E46FBBDEF7D35D9943E70B0D8C8E9C025C42989A2D20CC7C,4389702
peach/train/good/xyz/184.tiff,F0F8ADB11D6CE31AB6A5D7F18338DD9356885A8D7D834741F95EB39C961BE568,4390488
peach/train/good/xyz/185.tiff,AF64928206E7EDEE264802758DB1695638FE397907CA805D2DD5191C0F2117AC,4390070
peach/train/good/xyz/186.tiff,8947A731BC0FFA9DC65671D77B1BEDA9B3820F5B9551DFFCA12D5BDF3E04795C,4390106
peach/train/good/xyz/187.tiff,34DC730A2BFDD602BD820FB890D0FFF381C29A503F3B1C02C6023F35CF149B30,4389550
peach/train/good/xyz/188.tiff,3B489CC2B622490CE8B860792A77E49E79859B0311EF347C8CFCF4AA50461FF6,4385330
peach/train/good/xyz/189.tiff,F8AFF58EC7C8F5BE021EA4C422EA8EF41814AE6D221290812CF15B775DA6A8A4,4385846
peach/train/good/xyz/190.tiff,48F12D1E3138537780C013F91E3FB9444AD8F05E5C12366521DDFB40EA5FAE6C,4386894
peach/train/good/xyz/191.tiff,B72D39BFA3B241A3F47E2478A52B6CB6EF13AB95DD8A16594646EF3001EFB701,4387996
peach/train/good/xyz/192.tiff,38064ADDF6EEEE2C43F873ABEBA8DBFB6FF0A93186430EC2EDBE8ABEB5C1203A,4390722
peach/train/good/xyz/193.tiff,DCAA729008FF72D602D457809879167E342D334CAB2828ACD875676EAA8182FD,4390818
peach/train/good/xyz/194.tiff,BF767BCAF617ACA73C865684BE20985355773FB8EECF9C96B7C83BFBDE0C19A1,4389792
peach/train/good/xyz/195.tiff,75B83929E00162A5C6C7EE685917954A28E1025FACBFD57A303A67CAFB354B37,4388614
peach/train/good/xyz/196.tiff,86D97BFA082ED9611AD4F23FF50D5FBF3CD401C792B4C4AA43A3F4F4EA42727E,4387462
peach/train/good/xyz/197.tiff,D60D30DACB800688F910A60723C7F4AEA71D25851C97DBB33442373A3387FD02,4387008
peach/train/good/xyz/198.tiff,7259A1D0C330B0F51FF22AE4FA4371D8D5B8182CD973C8AC0F4AEA7C67718F14,4389294
peach/train/good/xyz/199.tiff,9BE394C336A2941E7E3E87827029FB0DA391DEB7698000B00F6B545AB545544F,4389114
peach/train/good/xyz/200.tiff,6E4BE6215FBC734E17CB5EA659907FD8DE6AC98952F96AA99612AFC17ABB4950,4390374
peach/train/good/xyz/201.tiff,DA115A5F9D7B351CEBA75F98E95987348FA2BBEE3760A684A106D06795DAF799,4389848
peach/train/good/xyz/202.tiff,8392B33CE9BF3BBDFEC963DC4728048A6E7EBB4B71A8B78414762BEFFA3B8284,4387362
peach/train/good/xyz/203.tiff,6A1D8959757EE1FC261CBF7D5FC501725914F25D080676B2F4BE2BD180F62678,4388342
peach/train/good/xyz/204.tiff,6F7F9E07B7FFD844E227C9BD0A0E9016A5E1EBE3FA302067039519E3DF0D91AB,4389486
peach/train/good/xyz/205.tiff,E3E7FBB2EEF2C66E1125CF97D581B4C19D4C6B0550BE6FCC958D8D7CE239A6B6,4389788
peach/train/good/xyz/206.tiff,9255ACEFCAD946086F4042D323FC4B6B2DC791C79BB3B9E5CDA4320160E2207F,4392138
peach/train/good/xyz/207.tiff,33BEB345B2A6061D4BA35A4C5A4CE81DCD4D1ACBDE8F5D742D38E6169D66F190,4389166
peach/train/good/xyz/208.tiff,9DE08228C1C856321C23CA1445C9CB9CAE6027D5027CF6576E484EEC862A3F31,4389138
peach/train/good/xyz/209.tiff,D04D326DB15AF09C8E2FA23322F9E76E6362BF25E1617D389412F58971F88504,4388946
peach/train/good/xyz/210.tiff,6D73FDABBC9CC5DA3CFDD1BAFEB235BA7CDE33178F7759587CDFDCDBF2950CBD,4390064
peach/train/good/xyz/211.tiff,DD442FBE24D323D5C9FA1D094499075ED0DFF97B4EE393B3E3FA6F18352B97F5,4388058
peach/train/good/xyz/212.tiff,1CDC7FD0A79F027F263AD08464E12A586F3158A555B35CC66C87EE7557B67CA0,4386710
peach/train/good/xyz/213.tiff,ABE14DD29A7091453ADD65E7B307F611CA8F2E8681A5378E96DF93D6C4C93FA6,4385446
peach/train/good/xyz/214.tiff,6C13999E3D9BD7CC7488F103705A44339863646E432AEBF74350E1A65845FE5B,4384604
peach/train/good/xyz/215.tiff,53349806921E1E00B4509CFD69422E9EF99936624DAAD7BAE8E1F02DCC93BFA6,4385254
peach/train/good/xyz/216.tiff,8CE9EDF44ED11ED543CD37F4E9F6AFA285761EFD56C62D08ED63223FB357074D,4383730
peach/train/good/xyz/217.tiff,3CB26BCBD5930DDE2CD4A94A6A082F04AFA68A757937C0D6836B276444FCA93F,4383182
peach/train/good/xyz/218.tiff,B0A1C13D39CCE31F817978F7DE6150DF3F6F7B5ED162ADD7F744D683ADAB1CCB,4384206
peach/train/good/xyz/219.tiff,AA19CC4CBB6DBF17C890571993A5FDB3F5A717C2DAF6FC3AAE13D226108A441B,4388084
peach/train/good/xyz/220.tiff,EB7B51351A463E65B59A2CB1FFE64F5CF0D9B3B457254F0D89BD42E42281B5C6,4388378
peach/train/good/xyz/221.tiff,AB5B0F41AD1A720B277CEFF7BEF8847DE0FCDE3C28A130687D56754B9FB7CFE2,4390116
peach/train/good/xyz/222.tiff,BB07B3B125F0F44150BEDBE500E5EA2C3492AA034F780C400EBEC7BF1B91E03E,4390350
peach/train/good/xyz/223.tiff,86DE4E400CB3DC4F15EB0BA523F01BFC75AC6D64A89FFB09E828A52DA33FE154,4389816
peach/train/good/xyz/224.tiff,52C495783BC437270CB957052688EC413A01CF3D361F298D573475B29402CA65,4388668
peach/train/good/xyz/225.tiff,8425688CD197677AFD254C44FFBB86D292DC2B1C85C82A24CC54B1DC95EABF18,4387106
peach/train/good/xyz/226.tiff,86000B39081A825A6F146C8B2E78EB866E1EB21B3D5AE4344A525A8A6BD4510F,4386106
peach/train/good/xyz/227.tiff,98BDC84328C104A6E87397C4ED75D12F9883318296FC3C4EC482D31B8F971A10,4386376
peach/train/good/xyz/228.tiff,9D0F516E8A0BFA17FF1AF890B86409DC14E74C23F249442E8BEC7ACBC7DD0529,4389452
peach/train/good/xyz/229.tiff,03AD223ABE4803367D3E5F50A5C68F673EEEE054A3CBB60B4D646C31991214FA,4387772
peach/train/good/xyz/230.tiff,71589CBEBAB8B140B03C02630F92433369C5577ACDD393A12AF15DCF0BCCC549,4385366
peach/train/good/xyz/231.tiff,6DA5D850BF22EBF30B9E5BA864B843437B67F5FADD1503C1C45BC6BDEC0C03A8,4384802
peach/train/good/xyz/232.tiff,4CF8171ECEE13A27771896084CCF36F83C6C7E9D5E4737E7105AAB7094C8439E,4386810
peach/train/good/xyz/233.tiff,EBC5FBC00A38F4A0F682DEE2A9B40DD74D518F9D5EEE45FBCDCFD13C132E2812,4386424
peach/train/good/xyz/234.tiff,3746141C4DF9D528875D61C90297EA70D576B857B7475E694B3EA6BD45995178,4385486
peach/train/good/xyz/235.tiff,14CE58A1C955EB8C0E793E490DC0F3B31ADC1AAEDFC40F9DECDCE67DDBB71BB4,4385920
peach/train/good/xyz/236.tiff,D3A1EECAC204D2638C1A34AEE02B40CBB736825ADF7E1FFC2CCF2DFA03AB3734,4384736
peach/train/good/xyz/237.tiff,3D4CBD21F9B494DEC120C1EFEA94181A53BBB1B0D98A406909A2AF9DF204D0F1,4384532
peach/train/good/xyz/238.tiff,571F7006BABC03CA2C6A35247FC60EBBEFEA535E625DC054E5917E927671868B,4384796
peach/train/good/xyz/239.tiff,5151A660F320CADB2ECCCD40726753F6557EF72EC56E37FBC093D8A986431F86,4384928
peach/train/good/xyz/240.tiff,1D54CBA3897095B8EFFB19C1B9CEFBCE224401D536CAAC8963526A9370DFC721,4384030
peach/train/good/xyz/241.tiff,001141DBE275E102D1676D0A45041779912B29F9A92AAC2A9CBBDAED21E9D9A7,4383864
peach/train/good/xyz/242.tiff,27351AC76574307444482F5076EAE4BD4086AC17BC30A2F41AB91DB30E0CED6B,4383876
peach/train/good/xyz/243.tiff,877C72AA503151B6AFBEBDED19D1DE013C8EF53A3B794BE671684393A62D299A,4382838
peach/train/good/xyz/244.tiff,14EFD85E295ED2280EAE78B908EEED04AA451D84525CCA63C0ECC5B05FA82C6A,4383320
peach/train/good/xyz/245.tiff,C067D069B42949D66AB4C4E1267CF36F7D78A3299F58D5872A48A48ABA95EDED,4384262
peach/train/good/xyz/246.tiff,94A1675B82A3FB95BCB8537600EB8F89E34BAD431A38FD7622AF73261BF690AA,4383378
peach/train/good/xyz/247.tiff,42E794F2E41CAA8FBF7F51B65F99513A142BE4F76B39DC179624E9A1A93B715E,4383426
peach/train/good/xyz/248.tiff,63DC5C0D74190F6B9D4EA872E74933B0592A804F9AC262F017B15E64DB8CFB51,4383896
peach/train/good/xyz/249.tiff,659DBB8CD00DD37AD891610302AA7B7F95DCE272F3B2898C43F80854F87D933C,4384112
peach/train/good/xyz/250.tiff,6F513405D779BF278BB1CE9D3BED0E133A46DC88135D261D845316A23AFBFDE9,4383528
peach/train/good/xyz/251.tiff,DDE60F41ABD260D44D57143BDD6C33485E3D33689AC924C72AE8A135F1D0D019,4382740
peach/train/good/xyz/252.tiff,D4E90421C00D45F21D7D90FCB7EDD90F3B1DF82E5108BA3A9E87D67370634DCE,4383814
peach/train/good/xyz/253.tiff,F70D9D2DE694FF0C32607C6296295870969DB74A6E7F8DDB54E3020DD50A4D43,4383538
peach/train/good/xyz/254.tiff,3992B47BE6EA27573A60506709EB60D4D3B72EB083709FCBC7CFE976DE95E044,4383624
peach/train/good/xyz/255.tiff,69FE3F474C344181E554D0E1E6A04968BB69397C5A0C3FF8235ECCB611F77BDC,4384056
peach/train/good/xyz/256.tiff,3F58B3A77EF4AF48EFEEF17F35C684B0C450D3D90821AD308B1389F00DC1A251,4384060
peach/train/good/xyz/257.tiff,A833933D5AC82DB1374C74EC3C96520F5EE5B17ABF307C0975B1D0FA836B769A,4386300
peach/train/good/xyz/258.tiff,CED9A64D49EF1B915D7B0303B70D58B1447AC339FC035AD0B882F4DCFA4C8E3C,4383470
peach/train/good/xyz/259.tiff,F1C6C364AFCF12F74E1D14649115992EF5EFE73BB926B7C5CF7DA6C8A9A6A637,4384160
peach/train/good/xyz/260.tiff,2397CA4F675B66C84C72C4B522478017F890A21504FDE942546E8925BE71FF18,4384768
peach/train/good/xyz/261.tiff,5C295756B61800F73C34889E147AC1287A80095EE75D68FBB4C8A7AE595290D4,4381878
peach/train/good/xyz/262.tiff,2A145A84CEC3C873F67F882AC7A814DA88FE162B8115731FE36CE99D3F2F49B4,4382678
peach/train/good/xyz/263.tiff,D9698526A34B144F3AB15DC080DED9B5971D0F857B09F71F8CB397A68AD94B54,4383838
peach/train/good/xyz/264.tiff,8AFC99CB97AFDFAD9871ACCE5465DBF42CA00038635EE401A03375ED2EF4F638,4382682
peach/train/good/xyz/265.tiff,A3BB3A6B3AECF7EF9D79D4BEDDBBD550ACBC160CE97445153E1ACCCDF87340F7,4383210
peach/train/good/xyz/266.tiff,9DC1AB38135FC670C560388E5A4DA8554F638A066B4A3C7BEF60D31E51585358,4384178
peach/train/good/xyz/267.tiff,7FC9FBD103BDBFB518C1CAF3AA738BC8E9A40BD413AB323357E06567277149B5,4384696
peach/train/good/xyz/268.tiff,0067E8B4529A417722CC607DC099FFE0C2075F23D3A1E6DBEFF9544EB629776A,4383632
peach/train/good/xyz/269.tiff,AA5889C6E8FBB118DE495E163C22AAC856DC0E052DA65139F3DBC79801A9BC2B,4383156
peach/train/good/xyz/270.tiff,53B5BC4B0E6456F7320ACD95A567674905F5936EA4FC1A7A8D73DCA421671335,4383202
peach/train/good/xyz/271.tiff,395234FCAA9FA4D0645042D3953CDF353FE77F1D42F80E602FEB1A64E7D72473,4384718
peach/train/good/xyz/272.tiff,73514C71049CEE6D039051329CB113C8500190C672AB745D97DAE1C71056885A,4384588
peach/train/good/xyz/273.tiff,A23DB2DDEB400D825B3B906A785D98F4A6A44A26BDD99A1B17FE386B5EBCD8B5,4383760
peach/train/good/xyz/274.tiff,B2A8EC6A85801489136602556CBA4B93072F25D3323383CF5A3D2801EE87655F,4384042
peach/train/good/xyz/275.tiff,BDD42258FA58C1FD6A9DBBB68A9BA22B077B9646E3A1A5DFF00EBF7F4632A993,4383810
peach/train/good/xyz/276.tiff,33DCBCBB078E1A7B46059D21DAACF47AF483CDE7BC7DA3DB2D64850C51BA612D,4381796
peach/train/good/xyz/277.tiff,157E6DA21D4C8CE3927A49AC93D8E2CAA9CCDEC7FF88D83AF9DFB54F12A7FB19,4383040
peach/train/good/xyz/278.tiff,D85D1D959890A86C58BBF520EC29325C2B089170BE6B472F02B2A3A48EBE9B8D,4384100
peach/train/good/xyz/279.tiff,5464B4A66FE9AEB9F537B853307E0D966922C2666DE4B7E6414D0F7BDEECFDFD,4382274
peach/train/good/xyz/280.tiff,7DF470861520B72EED67CDB40F8C2FC68741300F9DE5229C48DFF7FE76AB5978,4383880
peach/train/good/xyz/281.tiff,F9AA2DF372E284427E6C62AEE25321DA1BB0AFCC263B10B757E210F29F1233B6,4384364
peach/train/good/xyz/282.tiff,847B8C03D7F775A2BC457876162F52FCDB5999213FA1A5CB9DA3988F69B14950,4384382
peach/train/good/xyz/283.tiff,A2A619057CFC78BA9C2C4956C362339F3FC7F3F362558712792B2DED0FFC15B7,4383494
peach/train/good/xyz/284.tiff,52D7AFC8914A2A21F740EFA1F9BA5E62F7CDED9271FCDCFA10BAE70F9713A373,4382112
peach/train/good/xyz/285.tiff,58EAE848CEE109557B9A2FACBFACA3E7641947C5803BF80571EC15052FA2E792,4382024
peach/train/good/xyz/286.tiff,6FB17558F9E9463900AE0B8F718ACED5E78A2DBD9D02A8E0C5D64A5AFB9AE966,4382952
peach/train/good/xyz/287.tiff,E467404826AA8C36A23FBA94D10DB7816F0D569F0ACB81CADF9701EE602F3972,4381852
peach/train/good/xyz/288.tiff,4293E4AA437126CCE9C412D50AAD88C3849AC99243E6467235539B1632F0B5D4,4382616
peach/train/good/xyz/289.tiff,E89BA027621218EFC70087E3D7029910B8C1E49B154F8268EB70A57118E29D4C,4382524
peach/train/good/xyz/290.tiff,17AF199B32C85A4A7B258B3CA8EDB9C47E01545643718F1D5E10F86C1E1DA28F,4383664
peach/train/good/xyz/291.tiff,D634C43F5054CC5491B546D315FF86D5A8A0552AF99D6F3086054A1A8B85F233,4380846
peach/train/good/xyz/292.tiff,4C76221E470898932003E9CCA492388C6629D6425809B277C951430C030FF565,4381010
peach/train/good/xyz/293.tiff,ACF2F77A21A3319E21A0FF25EF0A44E50166F9D64816E26FB7B821CC76BE192B,4381876
peach/train/good/xyz/294.tiff,B93F3F08832801235D4715FA28A641F5C02E39E335DF027C44597095E2527DC1,4382650
peach/train/good/xyz/295.tiff,D3B71D343C12AA3DCF2D0658CAB3A670E94A4CCF513AA92DE5FAD6A7CB01DD11,4382854
peach/train/good/xyz/296.tiff,46A6685E02CEE130DFC5C81EE966291C52F8681B5E9C79E0B75121DA8A631060,4382128
peach/train/good/xyz/297.tiff,F999716BF7A181B3DD45743FCDD7B243948E3547FC3B9386BDACA21E65442721,4383484
peach/train/good/xyz/298.tiff,3DF0B052DBE5041886742F73F8BDFB9DF7B46C0937018D7BFD25FB06BA024164,4384568
peach/train/good/xyz/299.tiff,E1A8BB1309D1FC9C24A79545D9C1D8DA968AA62656F52DE178358CA53ED79FD0,4384638
peach/train/good/xyz/300.tiff,E7D8ECF7F75AC5E5E07DBCBB46C7A4B2EF68CE3C4E71563DA55E42DF20A77BAD,4384016
peach/train/good/xyz/301.tiff,672462D5A0869DCF6A57B14552752C77B163FF26F8A36A4E4A03795777B7D148,4381698
peach/train/good/xyz/302.tiff,CE85BE824287DD6BD3C58BF0BF65E3E99906C8A4E4FD992B783A93A52BF7D685,4382386
peach/train/good/xyz/303.tiff,924FC87CBD4700FD462B88A8807F890A9648DB19EB5D2E2964C79ED52156BBC1,4381412
peach/train/good/xyz/304.tiff,FAA00457C8154DD02716B6FDFF9C076D33AEADB7CC51CD273724B8F9E0660489,4381924
peach/train/good/xyz/305.tiff,F9529AC9162CE13DC1F1685F828EF4F790ED678E4EBB2A193C65AB69A6E091B5,4382958
peach/train/good/xyz/306.tiff,6F91E54F121B35E6DC54C45FD0EE4A521D1AFAB4938542994BBAC4ECA25F2717,4381626
peach/train/good/xyz/307.tiff,FE43520458DC86B86BAD31774C8435C342A098F8B31380889ECE29BD24288EA4,4381896
peach/train/good/xyz/308.tiff,D37A24EA681418351B9F79E74888ED36C5EA316D9A4AA46D6848505C54F7C480,4381288
peach/train/good/xyz/309.tiff,7E3CF412F57647D97CE28905C76102BE28196768803E5919CB674CE33734A032,4382396
peach/train/good/xyz/310.tiff,AC50D9B30DA47A83EEF18116B98E370F44FA8943AE8252314311151890C1BE35,4380356
peach/train/good/xyz/311.tiff,F7B208CD91A4CBA058BC400946D2D60097DAC9C34A8297C9D6042FC5B0F627B9,4381914
peach/train/good/xyz/312.tiff,7DDFBE86A208944E06FE234E8C92F2E9EEB3ECADBE3E040A621790F33D0919BD,4382158
peach/train/good/xyz/313.tiff,9049791B589456960DA29FCCB12C2E4BF3D96661B33F651F5A152FAEBFB7236D,4383150
peach/train/good/xyz/314.tiff,59C326384D4A7EAA3AC2BEE2C34F1AF655B5CD1F3C82DE095E9D017E90701DA6,4382300
peach/train/good/xyz/315.tiff,6A95278F50742A957A867EC1BA473E807F06C95B5E6C0F7B51645CD79A489EA2,4381842
peach/train/good/xyz/316.tiff,6C6055D94964E026CC090C7D148AB6B1B04E007410F9C15EFF6B71BBC7293432,4383204
peach/train/good/xyz/317.tiff,51EB1BB9884CDC98EB900DEC46DDE6D714D185A5E60FDDEA8BE68A0FF7B58498,4381976
peach/train/good/xyz/318.tiff,5C7CB849AAFE51BAD6CF43B116728A1DD6ED1741076148B2E1353F785F26ECE0,4382546
peach/train/good/xyz/319.tiff,DA878F557D1274A191CA7A687FC113B533BF07839135FA3F2637BDA28ACCFC6D,4383012
peach/train/good/xyz/320.tiff,476013E3BA8DD30108E97C7C497B2209EEA75F7234350E8095E3F101ADF7F51B,4380936
peach/train/good/xyz/321.tiff,4FD587117AC6C39A64FEDAA8933072B30601B7C3D7B93449FC8D3326F0B098E6,4381586
peach/train/good/xyz/322.tiff,0C9E09914119CBBFD4EADA90425467FDF0F25EF13D93FBDF57B7069F7C4B9C0A,4380922
peach/train/good/xyz/323.tiff,E3380DB63D6DAD36032809ED0FD6AD39897E7D765A1250AC9EE111E9C6EA64C8,4380906
peach/train/good/xyz/324.tiff,76328D9F2D6E23594D74D1ACF7CC0E74FA73ACEA52D440EF06DB7CC5EA5A0524,4381258
peach/train/good/xyz/325.tiff,F292BB84ACCA2A2B37BAC2D8B9EF91A64A7F0BFD776AEE801BDD12D4FE409B6D,4380916
peach/train/good/xyz/326.tiff,AD7E0F15C4AF290D51EF1BBFC15793618CE38286157DE59678A81AB257C65FA9,4382606
peach/train/good/xyz/327.tiff,6D76B221AE249F5A3D1AEE0C0D92C1818B018C45117179668A0C16CC1AD895AD,4379956
peach/train/good/xyz/328.tiff,60AF519B6C9013C7CF3AF68EB755A1F6CCC52A60D3DE9D78FBD62EF922FE300D,4380308
peach/train/good/xyz/329.tiff,C4A38D7E02F106108E6B47A238990C1029ADBC5D240558A347101052BC67F5BE,4381090
peach/train/good/xyz/330.tiff,B74080385C90F373E4DBD1AADB136C727AF7D14C7DBAA8CBD1C1128836250D7C,4380178
peach/train/good/xyz/331.tiff,7F6ECDDB24070B51815F0E8C5B9EAC7520FD58113F106467BC3D8647631A17BC,4381052
peach/train/good/xyz/332.tiff,9AAC94286F53BCAE8A453252FBE58D4E2FCFD932E71EF3785C2FD95CF6174255,4381636
peach/train/good/xyz/333.tiff,6F613A2C2AA8384208022B1D6F7E7AAB3AB8B0EC4B998560FE502530C085AE7C,4382014
peach/train/good/xyz/334.tiff,E0A11E57AAA5DBC7A33A8D734D48494FE6E383F7201A856B71AF910218E0A534,4381392
peach/train/good/xyz/335.tiff,D9EBFAE08B4EC1FA9BB2294179EB08999225DE999161625E3E8FF446EEBE7FA1,4381682
peach/train/good/xyz/336.tiff,6643902E4F7BCB52244030D7C8A92970B39DB767124390CA46D709A967FD9F9A,4383196
peach/train/good/xyz/337.tiff,690568B144FFFDB30A2728D59552E2B898E50B0FEE058D2EB8921ADE42C397BF,4382030
peach/train/good/xyz/338.tiff,D810ABF2215A1081C448B311D15D905F6FD76FE10042D36C14D7B26D9008FCA0,4383594
peach/train/good/xyz/339.tiff,D7B00F6B6E73C596F07CDF0E90FA785EACC4CD40F548D4FCE644879958884652,4381418
peach/train/good/xyz/340.tiff,12EE61C22868944D8001496D3A06DFFFD78E73C81514D5569686A9BB0213583E,4381806
peach/train/good/xyz/341.tiff,629070DB246080561265A0BBD21CC2DA06E9833116F4BF622F473C78055CA393,4380690
peach/train/good/xyz/342.tiff,5CB61A5FF4F38D2FD14035D052B93811592F05F7BDD1010219DC81D38CB479AE,4381218
peach/train/good/xyz/343.tiff,6A2FC98DDDB57A421155BE3FFB4B782BE9E02012C4F621B8660EBF176842287C,4382420
peach/train/good/xyz/344.tiff,D41548A5EA4486AE5FF3F356C2F6A33BFC49AB902A9948B67008D01279873668,4381784
peach/train/good/xyz/345.tiff,A7C93EFA4FFDE54885D30761C2F91E5B0591B976457C3F42F065611D52B58484,4381724
peach/train/good/xyz/346.tiff,174CC5AF0C483613C608E73D58A2D3D91B14BB51297F53AE4429F033698C7E10,4383250
peach/train/good/xyz/347.tiff,F776DEA9D26D273DB82B5D8212443D91EB42C46187300CC43941AB41E28019C4,4382090
peach/train/good/xyz/348.tiff,52C22CBA0535ED0BB668AED5E2A343BE2EEB2CAAB8FFCCED746327BEF0A6199B,4382120
peach/train/good/xyz/349.tiff,821C83E1FA1B776AC20A76144D2E74BD35E8A0446C81469DE70676A69159E8E2,4382738
peach/train/good/xyz/350.tiff,035021879150AC46530AE0B1CED78EB85982A80F00277B13B5FFD48E990A50BE,4383082
peach/train/good/xyz/351.tiff,A2DE2820C625441F78F4074E35E3152BC02A2223FD4FE949498E6DF9C90635A1,4381130
peach/train/good/xyz/352.tiff,60D9989C874FD9042B22991E40A974E01A9CC07234DFB23F6FBED5446B8E490A,4380830
peach/train/good/xyz/353.tiff,180D9A65C0C1851451B7B426B32E08C1D369F782A7226EE860DF742F8C2BCAF2,4381612
peach/train/good/xyz/354.tiff,0BD8AF75F17F205C759210DC17039E5B37033D292CBE511BA9890C48859F3062,4381714
peach/train/good/xyz/355.tiff,4E5FFA0CD78E067F7105B26CE463F1168FDDC681514251184681DE33A19A6B95,4382200
peach/train/good/xyz/356.tiff,C270A828A4BD340E7EE5E91F4FE9F3050A4915DD7D7B629A1709554F55C257CA,4382346
peach/train/good/xyz/357.tiff,738F1DC4F122172C418BA4E9971F3394D7DABB784C0D6BEAE82790611FFFAFE8,4379804
peach/train/good/xyz/358.tiff,E8FBA3B7ADBFB1E439F9938CFE37A236D3CA51FAFCE94D5106C800564B8D64F8,4379612
peach/train/good/xyz/359.tiff,94DF02953379CD46D205679504C74CC8FC5FD64E32FF1FD1A65C7C87B65B4C54,4381348
peach/train/good/xyz/360.tiff,29E2B3235D8869B986EE294AB8B358C162088441C261BC666BAA812F57038660,4382394
peach/validation/good/rgb/000.png,577BF5E357AD4A0A8C3C782447C8144FA6BDC34F0EABF85CA1607E2E67CC32DC,454632
peach/validation/good/rgb/001.png,45214717DCE1C0016B4FE9F56F91F62476B7FF5DD2F760301B414B5D56CE4589,447165
peach/validation/good/rgb/002.png,E76AB9EE2C9C6FFFA6201E88C9475EBCBA8E3274EA4A65E4B8521A1D2B6049E5,458720
peach/validation/good/rgb/003.png,888D6BA4F4A04A8F5D41A7D2FC3E552CFCD95EA922EB3CB17BA3B064041AC9BC,446158
peach/validation/good/rgb/004.png,EE3464E45197F5284EDF22E22057BD0794632CEC5A45A50C8AE6AFC9E42ACA7A,449128
peach/validation/good/rgb/005.png,288E9C7388D9340A77A0987FA1333F48025339B1B4C112AF888F0412F92A65DE,441711
peach/validation/good/rgb/006.png,0C711690A10A769978AB601D66546F9EB08B3C90424D9081FFB302C70AAD6A1D,453534
peach/validation/good/rgb/007.png,7E246F2A3F095AD64700F2EAFD966E70F37ACD3607F1174EAA926373233759E0,449722
peach/validation/good/rgb/008.png,D3ACA2CDDB2C6CB734D26B318685F3AE2F8C98BCCD4E593666EF58C30B865194,444079
peach/validation/good/rgb/009.png,B45A2DB09314560A3B199C613BB7D9E5A3FB924C72E2A396F8A8C53F7AB159BE,450812
peach/validation/good/rgb/010.png,7220140AD7D3FB595C8840E20B9459B0D040C89A6A3993099162D23DF7764FDB,459733
peach/validation/good/rgb/011.png,819A6FD5A0FDA8687483C7BD9C1C7417A8356953A70E9005462A3396E58E01DB,440082
peach/validation/good/rgb/012.png,95F09E79F5473CB80E57DF0902A296DF46166B7EA95C40E454EED8A3DD91C2A8,442212
peach/validation/good/rgb/013.png,2D622A434D13FAEB2A8196F81A308ADE09DFC24B587012D20925E50BDCA50EC4,448806
peach/validation/good/rgb/014.png,20646B4AAAF1CB22C697C3A9F575229CF861488274B1B796E3C6D066C4390789,444701
peach/validation/good/rgb/015.png,9C2410875108D4DE31FFDEDBA6BF24A7F0FD380ED2DB0F631D15B625E9CBAEEC,447732
peach/validation/good/rgb/016.png,809BC0B0E7F69CB3F040FCFF13D1EBA3F966BFAD274F8E297BB9B4F7B008DDDA,453125
peach/validation/good/rgb/017.png,96941172C9CA9FBDAFD9C2EFA068260C1A92EAC4AFFAD67C2BACC4473BA8DF56,445768
peach/validation/good/rgb/018.png,210893E1CBF25C068EC2D9171E62F6B01C6324007A2793BEA6713A5CEEE0E386,456985
peach/validation/good/rgb/019.png,238765B66F3F8A4BA5890C5360DF9303C577D967D6C38AF7278E1A9BD876A772,442114
peach/validation/good/rgb/020.png,EE8A42C7CF7919E0D3F829626D7D6D706462C9155A800E3E76A33DF3253F4904,456574
peach/validation/good/rgb/021.png,331A4B3C5118605AA8EA257BE42C3778086C3EB5DA81CF19431D53FC0E090A78,440185
peach/validation/good/rgb/022.png,67F6A68E42718AA11B3133D160930B23E6D93B5E2CB979DA0D2722EBC2AA17C8,443847
peach/validation/good/rgb/023.png,B0513F8B04D14743D2190ABB0603CA0A39F64073D77D6490949976557E049B02,450466
peach/validation/good/rgb/024.png,B839FE6C672696EA6F58258B4A30749B462911C1B853F11050D224A7CA7C581A,456406
peach/validation/good/rgb/025.png,B81E841141E24CEDB3CE4C62095B541CCA9633DFF5F466C914ECCBE96226DA83,442284
peach/validation/good/rgb/026.png,31D88E57D4B5A2104AAF693137EE553EDCD4BF1D61D5EC25E1BB9A4A4A7777B1,450194
peach/validation/good/rgb/027.png,469B378B69CD979FE378CD3843B026DBCB80DA5436BC72890741EFBC13FCC345,439279
peach/validation/good/rgb/028.png,663F13EB64DFED494E2A2F53AB3E7B81D25D161C64B4DE1DC83D4FA23E66103B,453263
peach/validation/good/rgb/029.png,21FCDB4BBAAED93BEE621BA72007C5785119E51EC77866AD99B1C1650FECC39A,432886
peach/validation/good/rgb/030.png,AB7D6BAF03565720C835B471477B34DA8819BF48903FB8F33B6B82EEDDEB5A7C,453944
peach/validation/good/rgb/031.png,34CC7B4D14EC0EC20DF8887320C7D3A0CA107764CE788D21D2ADF03706A45EC4,443997
peach/validation/good/rgb/032.png,F8F6FD8D88416887114C53B90287EBD2D35F8571E5FEE3CF6EB1A26793773726,440795
peach/validation/good/rgb/033.png,0CCC12B45E8A38D5F892CE82877E645036C766BAAE60B6594A58F1330D2AB347,443352
peach/validation/good/rgb/034.png,6B881883E37C43EAA09C2AAB81B6964B7072820F1BC7BFA0C6222B55C88255FC,434212
peach/validation/good/rgb/035.png,4CB0A5B0435C6F950BE444C4F1D92AEE88439F187555809C88AC6F57BE6EA279,442823
peach/validation/good/rgb/036.png,14686460865F589B090D6AA7B610387543549AF06C40E57B1E4B5A442247887F,435269
peach/validation/good/rgb/037.png,808E23FA142B5D21E1BAF18ED80D5D91528D14892C7A6E57E39F6E07C3534095,445582
peach/validation/good/rgb/038.png,4EFDBB93603DD15E3F958073DA5887AD6A6FECFB0F883E9B6D07BB05533B1482,441417
peach/validation/good/rgb/039.png,C078EDED0AC7D6BF6B662795AFC99387E79A1A372DA0CCEC1C6D15938EAB1C33,441473
peach/validation/good/rgb/040.png,ED97723139EBADFE05D1DCE6EA8ACA1F9E3514EBE840EB46450C0C5D5CA719AE,445708
peach/validation/good/rgb/041.png,140A13C51352823C38BBC94931429478ABCBBD4BE54258D5253C02ADE32D5411,430115
peach/validation/good/xyz/000.tiff,682C2F977FBEFDCC1D8DA915F2F36F5F5D848986C57EB98D6F995C0FC13312B2,4387156
peach/validation/good/xyz/001.tiff,E33481C7843CBEB56DC6AF4CE5CDF4F9CA0D2E0DDC8159153CC12798CDB5028E,4387260
peach/validation/good/xyz/002.tiff,7151E21F5D7658C726866232B9EF0B72BB68271E592C90DE6435C444CCAC2CCD,4387060
peach/validation/good/xyz/003.tiff,82905C58EF46BEF84BD1A32B8DB7959FD55AC6DE5BE1E298954EB7A6DEEE3DEB,4389458
peach/validation/good/xyz/004.tiff,B4FF56A0B57198FCF179B81AEE17F1D6D1B6E7A4AEB8269016FB429DC4BF3A10,4389386
peach/validation/good/xyz/005.tiff,54CC91CBE1A022746A1F2B6ADD0B599E3C6A50B3060EE42400193A3BB12F851D,4390198
peach/validation/good/xyz/006.tiff,B7202A4DE33C377CB5E96C15E2714CBA04D20C66640CB27B6C65814B6668B3DD,4390204
peach/validation/good/xyz/007.tiff,1A357303662F99C3EE695EE02F008B70A26302C5466501367952AE86551C6487,4390916
peach/validation/good/xyz/008.tiff,B305E8E2C0283E68B4F5735D058EE8888145C4DC20D984E05FD10EF1981FABD3,4391278
peach/validation/good/xyz/009.tiff,C2B3849A9DA5F7E4EF44DCE89E5BB11FA7D768BD11F7ED622C6137B7B8FB7F54,4390176
peach/validation/good/xyz/010.tiff,5CE355C567143B49673D8F24D1BC8EFA98363F559B43319724E8F1833FC6954A,4386198
peach/validation/good/xyz/011.tiff,2A03CE57A059BAA80B56371A23B82BD8E2591BB663CA49217E1F1334FA27A80A,4388990
peach/validation/good/xyz/012.tiff,33AF29DD24E69E506228D8C3BCBD94AE03BE8B692128BA80BDA3054490892151,4389290
peach/validation/good/xyz/013.tiff,41FF36C2110E2CB1D0C413212FA8E8F15B757DEA63579DAABFFB5C5C8327AEA1,4387756
peach/validation/good/xyz/014.tiff,E6785222C782D9F3B748F5908FB9F4942B750CBFC4FB344C1837137DA5EF2E47,4387850
peach/validation/good/xyz/015.tiff,AFA4C8BBD8FF90061832DE5D1FE16020BA56D9F96057BD49962EBFC2E6A2FEEC,4387718
peach/validation/good/xyz/016.tiff,196CA7CF2044F455AB6BB500BC6E2A965DB1EFF29DE54D43F730A5307C66D288,4388936
peach/validation/good/xyz/017.tiff,47859FE05FAEEF31455487784F0EF6374B580DE59C1ECE88710CCBEF41C3D3E5,4389686
peach/validation/good/xyz/018.tiff,F70309055A01A465C3EB2EAAFAE07D68ABF2C5BF4E4DE86E9C02F3301B8B2468,4387656
peach/validation/good/xyz/019.tiff,2450307A142C4729D47BC4BC0FB55BE71DECBCA5597CC855CDF2864076AE0ECA,4388946
peach/validation/good/xyz/020.tiff,9C8E621597D15BCAE444FE5D73658688867514ECE7897BF8AC4819512D4737E5,4380682
peach/validation/good/xyz/021.tiff,DDAAFF6D8DEFEA6F280FFF3804E781C012B8A7543AE769915A34FB07FC534ADA,4380566
peach/validation/good/xyz/022.tiff,A0E07606D12EB948A7352FF2F3C56B4E82B21377DEFAD06947AA7039D3E2A0EA,4381070
peach/validation/good/xyz/023.tiff,61C20B3FE4B1CF20D2ED0A45D434C718AE4A07B5D6A789C3189B93AB17029E5D,4379544
peach/validation/good/xyz/024.tiff,E4E334BBE0AE7A61A3E07B3E81E054C0F53EFF26C3A301C40D059FC361EA25CB,4379320
peach/validation/good/xyz/025.tiff,D51FB65EDC2DF6A123047364C01C4C52F51D93ED2B415BAAD709B8BAFD5AA82D,4381346
peach/validation/good/xyz/026.tiff,A0F842E89768BDB44B8797DD643AB36986541C9DD61900171C4D8609A860619E,4384036
peach/validation/good/xyz/027.tiff,C219DA7B69455D7FC598875B5709E79E5C521582B5381F3BAFF9D46B4A28782F,4385020
peach/validation/good/xyz/028.tiff,1637C98C31A7B59C5D5562583E33B0D3D5854CD782D3B6A069E4B35CC44C5AD4,4383732
peach/validation/good/xyz/029.tiff,C08E451541AC0B34CB76C3A5E5AF759961E675B9B019E5B1C27D878AA3DEF020,4385624
peach/validation/good/xyz/030.tiff,025DCE3826CDDE9A2D886679C27961E92F2298F1F1D0AE01035D9DA253442C46,4382468
peach/validation/good/xyz/031.tiff,694D61FD4818CF6C2BF140D36D63AA428171098D4584DAF3397BC12F0404C8B2,4383932
peach/validation/good/xyz/032.tiff,6A57C561CE683BD15BBBD2DF3173705FD15E133DFFAD79890352390917D52DFF,4383456
peach/validation/good/xyz/033.tiff,C5A67F686636A47CC243DA9A506B917C71C1669A4A3E2F815562BC2BBB550495,4387680
peach/validation/good/xyz/034.tiff,E0732A3E4D8608C81CB40A7F5906EAD85A16A64E8CE0B54BC48BA772F32ADE8C,4387334
peach/validation/good/xyz/035.tiff,7D2FD318B921DB37D3CEA43BD5C44E2C6359C6D0FC56F87E7CCF84AD7264860E,4388634
peach/validation/good/xyz/036.tiff,C3B8EE2A255ABF4EBDA110C6DA835F96FF53BBEBBA7C923F443FEB6D7DF654DA,4389446
peach/validation/good/xyz/037.tiff,FD46569E3254125492E579A7AA0D68638E0C113D58324012DA5C6BD583E2F698,4387238
peach/validation/good/xyz/038.tiff,DBAF2A2040AF1073820958ADA90C6333B8C3BD3C9679B918DA194A8914FBA575,4387658
peach/validation/good/xyz/039.tiff,A0DED78FE273B0D5F0F04636FA1243746ADCEA658F3D2ECEC98F34297C8C61CF,4388456
peach/validation/good/xyz/040.tiff,4E3A257E6B428012860ED2C6B2FF2E8E455E57E3A98D4B9E00ECD298EBC58392,4387990
peach/validation/good/xyz/041.tiff,2750A921380C5DBFA9AA411CDF8A0B3816399AFD2A0CA5542268D9A76CA88075,4389356
potato/calibration/camera_parameters.json,D1C7B561637F5624530FEB6A38E48567E9F812B90ADBAD5E7C8531B1BE4AD093,201
potato/class_ids.json,3811FF55AE093437399679216BCF41941A585F3439BBC09068CA3637F18FA9E3,76
potato/license.txt,221519EB7AF2A395DA4474E7E136BCD4E0848D8ABBF346ACB2FB0B6D6BD2277E,20880
potato/readme.txt,CAF14511A62020E45ADF34A0CEB679E220CD688B3734CA495D71A97D561F508A,982
potato/test/combined/gt/000.png,24910DB88B6CCDAB88BD79B481B829F8C06CFC27D7DAF839A87DE5EE94A0E238,1076
potato/test/combined/gt/001.png,D289162283CF78CBB52ED61CCCD64737355696050B12A53D48BB872166D0C9C6,1379
potato/test/combined/gt/002.png,27DC0CD237BF663048070E7557A59D00C6C27E269B9F0042DB3C2E7F4FC5D503,1031
potato/test/combined/gt/003.png,14BF266E2FC226BF66AD9776C33D6EAFF75C772982D41AB15F8F406E8C83B037,1019
potato/test/combined/gt/004.png,4DE314A7C8950859D245A3B39F2C61515EA4482ECCC22FC40B1E8082B1D6D732,1231
potato/test/combined/gt/005.png,C6C894E34841E721F284C4CC457755F1811A277FD5723ACC22070DA76A459F05,1058
potato/test/combined/gt/006.png,ADF6DB4B2EF4C21674A4670987DEB17422F4AD449EFAC036DEE7FBBE8C544901,1123
potato/test/combined/gt/007.png,3F0806B44227E02941C32EF4DADC724D929E4BEA479127B698322D55B2D2B7FC,1232
potato/test/combined/gt/008.png,485235015EC0016FBA287F1F1C5920EA5741C6CC186AB04881B2116ED49ADACC,1063
potato/test/combined/gt/009.png,5CE4D900CB1CFF276C2B77589C8EB7881B2AB0A0FC3AC13791D23CD996A84288,1098
potato/test/combined/gt/010.png,1808D692D73EB6B0211A40EA79F4A86EF0148A45563DB59D4A7A11D21C193729,1416
potato/test/combined/gt/011.png,E31F3777EDB21BA6D433FBAC190ECEBC82EBCB17B9375BC9ECFC4651D6626033,1071
potato/test/combined/gt/012.png,9BACF4B0887C85522A13595DA0D2972738A59184B374C533FBE6578B63D94605,1103
potato/test/combined/gt/013.png,90CF8B44BAC6FD7A399468DF155D291FB2F6E529F7AC6DB3CC9661D268137810,1166
potato/test/combined/gt/014.png,BFD042A62D26162D4E1B56FD2D27C2191FDFDEC244E1DFBFE3C5817DB0C03FE2,1291
potato/test/combined/gt/015.png,4C8450938CB2B8D7FC782BD0AB01770B99DD1029A0E0953B0128506AF722F5A0,1452
potato/test/combined/gt/016.png,F22E0844E84D9F8CB51ABC2C3333605D7DA80724C1443CC515161F5FA6A3B970,1161
potato/test/combined/gt/017.png,67519FD35FDC69EF9BC15C3F50BFD82B775DC52482C9A12D3FCCC84CCFBD5C32,1136
potato/test/combined/gt/018.png,4C7F2B6F20F10D29417ED3CA24B339EA15E6F54666A6450DED3677541B0D21D0,1055
potato/test/combined/gt/019.png,DA5E98E2AC0DECFD8E511AE2CE74E4080D1C92894A0C7B405439D417F5987902,1199
potato/test/combined/gt/020.png,68D7B6CAD9C66DB78A2E012A53661DD7135F576C57A0CC394085FE37FBA0BFC1,1460
potato/test/combined/gt/021.png,35CDC650E640B728119BD436B4900426AB51C9B59FABD35B39EA1AAF2AB19117,1261
potato/test/combined/gt/022.png,4EE9538870877A69A2F211D94F1850A193FD66014A918C8E54DBFE191EA64E03,1056
potato/test/combined/rgb/000.png,198BB88D19EA59B125E5BE58B440AA684C7F82FE5A619E571330719466A93764,769386
potato/test/combined/rgb/001.png,A507801948D758400B2267C860075EC86260307E91FD1204E076CB7E5482BB77,772859
potato/test/combined/rgb/002.png,F626022C61052D7DAAEF6A77BBF69C50C0485EEF73B2BFDFD33725DF638874F1,773040
potato/test/combined/rgb/003.png,631A89F67702D7CC2AAE101D32F19BF6257A193F7F07DF508099FBE589865FFD,772728
potato/test/combined/rgb/004.png,4C0FEF3AEB8715CF7595A1ABAFB248A3CCBA88B3B0C095580F6DD151FEB917B0,788042
potato/test/combined/rgb/005.png,C79C1F1166367B85513A6246D5C079491457CBCF737E02070505A2385130DE68,770375
potato/test/combined/rgb/006.png,735A1BD999C5E5AA6A27458553B5EF7F044CD8D9BE806A13C7969F8CA4C5CB5D,769878
potato/test/combined/rgb/007.png,A4DDFA55C87D610D61390A05A0B638765FA2C59B6229AD5FD067D382504A5B18,770783
potato/test/combined/rgb/008.png,5044F03B45B1A573CF7BC3E3BA364C888369172A6FCCF32A77FC72E963EF6606,780957
potato/test/combined/rgb/009.png,C4A5B54E3BA3EEF25CAB43BC68703F4659CE80EED5AF0E4A8B60A1C8A2F763F8,773486
potato/test/combined/rgb/010.png,C1F0C727B39915F7D49E150EDD2EA9726900A2B3EF0AE87965D5AEFF30922584,775715
potato/test/combined/rgb/011.png,EA962D8B17E59CD242859898E416C3C189C4BF02827D2A5B2F3719B676D688A1,677652
potato/test/combined/rgb/012.png,1A40A9D9724157AB312AE3ED2D16C6E1EBB8F5C3B3151807990AC02318AC0062,674094
potato/test/combined/rgb/013.png,DB8FC9A8AD77E9135037522A90B9796679960049053FBA8AC4A3EF937AD70B1D,675691
potato/test/combined/rgb/014.png,87E54C6BFDC07C7C95A49E9EB46E45429AEAB26C37A98362837507DF5A2A21DD,679085
potato/test/combined/rgb/015.png,E3454815833397436807D78576EE292AADA09A9CBFC5F15CB91E549B3615532F,694836
potato/test/combined/rgb/016.png,A3FACB96BF6C83F43E5423D96999F60995392837F863407FA796254019A8D46E,676572
potato/test/combined/rgb/017.png,0C07A6C2A894AF5513D6AF652CD6BB4DB11216F06C91FD64D1219C7F16C94221,682570
potato/test/combined/rgb/018.png,0756D9A37339C7BE05AF4122DF4334ED1F4BD65A1A4D616FAEB42D173F5D1FDC,681082
potato/test/combined/rgb/019.png,1F2BE6FAC9F0C52FC3BF0BEEC347848EE32304AB263226168E753EFE671FAC06,683823
potato/test/combined/rgb/020.png,53A9373ADB0898244EF21F4E814ABAC03F70B0C94D37B4DDFB44B14C3D68600F,682710
potato/test/combined/rgb/021.png,69985DE65817B15DA853EA81E5A50C5720BE9E6A4A065C60D9894FBA52AF04AC,678362
potato/test/combined/rgb/022.png,B22C2F35055848C7E39FB1E42A5DB6C74E0D757140A0A9BA0488D76AFE782620,676798
potato/test/combined/xyz/000.tiff,5E7D8C3BBBB1F2179DC67A5C5C3C64534D70FADA4C295CF582703F597E4E9AAB,7754914
potato/test/combined/xyz/001.tiff,62AD29B0EB7CC766DF42EDE816F51BE58FDC49BF2A8E24C438B78C2DD18B25DB,7755054
potato/test/combined/xyz/002.tiff,90EC810A11600A5796B68D34CAAF94CF6CA07BDE6AE0D265308387E00C702DE8,7754510
potato/test/combined/xyz/003.tiff,2530C0A3CA502B930F94762883926FB411E3C9EFF19FAB48443229DAF734CD6C,7755906
potato/test/combined/xyz/004.tiff,9880920C3ABB71099FCEE39DF2149E9060B506604EA8BA133F3A8CC18C77E18F,7756010
potato/test/combined/xyz/005.tiff,DEA66C87652581204B25B30F8882558240ECCE97413FF7E71428838B53B7020F,7759278
potato/test/combined/xyz/006.tiff,2D6A7FD8BCA438DADD8722CD177C590B72137E9452E069519CCE756F408CB223,7759970
potato/test/combined/xyz/007.tiff,8B5CAAE0630788EB21189AC607D63A8D960ACF9FF79DE796F8048D53F34ACA70,7759216
potato/test/combined/xyz/008.tiff,950248977DFC6019A6366F51787E5D0225D4ACA51CC81825BC33385EAFF2B4A4,7761248
potato/test/combined/xyz/009.tiff,92C92D1D53C00E830CE7A58BDA2AA48998C2D3C87C91289B5B9B038E02C0271D,7756590
potato/test/combined/xyz/010.tiff,C5D5246875E92C3BAD6EF372811E6127BC4EF8F460D4EAC11A5544483A7F56DE,7755438
potato/test/combined/xyz/011.tiff,B42C05BA7F14C484EAD5630BE78081C9AE8FEA424213301F91372FBBD57F2DF2,7805204
potato/test/combined/xyz/012.tiff,6E6CC6D76FCCF773F7AB34D3288C0CB038262A1A7972976E59DA7B778748A714,7806080
potato/test/combined/xyz/013.tiff,866952C14FB025E9DFFE2B9006103BAC2686FC85EB59AC66C492571248A2E816,7805504
potato/test/combined/xyz/014.tiff,07ED1093883BD521C3288D3EFD7540B58099393F1545720F887D3D65A7E1EAD4,7804408
potato/test/combined/xyz/015.tiff,4CC14121101C7C9F8F91AC6507502CED1FD7ACFD52E321887690F8CA898BFB91,7804456
potato/test/combined/xyz/016.tiff,0F4EE7071B3BE5A21F0CE995422A7FC058F484B445FED8EC77FBFE2754A9389B,7804606
potato/test/combined/xyz/017.tiff,77A378C27437A2D4061B8C2579A418970C6A1DB85FB8F49BBA835CB4F2D02662,7804124
potato/test/combined/xyz/018.tiff,387210680422C9CC069CBB98DFDD90AA9ECD1473B80D3FB8BBBF3935DCF4CA48,7803918
potato/test/combined/xyz/019.tiff,EED7FDEA239CBAB989F79D469758C97DA97623C02099F832D99CBC5784C4BD6F,7806060
potato/test/combined/xyz/020.tiff,046299F1D85916652B01062062E9496C07532EFA36A3819EAB8816EAE1418BCE,7804068
potato/test/combined/xyz/021.tiff,1D64FD91FBDD7E235F1717BEB3AFD8298E7BA2B3181A41C74D0B8B8DB0C0F379,7802692
potato/test/combined/xyz/022.tiff,A5ECC13EBFAD0DA9EE2AD77E90442D9FDA71A1E1FFF63B3DD257B44FF2DD3872,7803914
potato/test/contamination/gt/000.png,AE3785F512F66731761236E8537E7091EDE97CF1A71A11DF8377D14DBD21E539,966
potato/test/contamination/gt/001.png,18719C13C03FF351F84C5980B0A3400B775665215C7946EF5E9F9EDA262824B5,1117
potato/test/contamination/gt/002.png,A8E4CC1E6E1BE0C8588138424498DC161D59E45415120EC5FD2A1C562F706AE5,922
potato/test/contamination/gt/003.png,2DB65F6612205170DA988C94503A923284DBD22F66F9334622E2522D750773E8,891
potato/test/contamination/gt/004.png,AA8B7DF0543AE88BAB58A4526BAE988110DED764EE310FCA721DACA76E1DDFD5,951
potato/test/contamination/gt/005.png,864E54FE54B082DEA5F6527972A47C51932902E37C1E9C8F34E7D17EC3F5DEC2,882
potato/test/contamination/gt/006.png,D275717EDCDF2A424A6CB344AF6E5DB5ECF1C566799BE11209FA3E576317C8D3,976
potato/test/contamination/gt/007.png,A4E6FEE0DF057D49C3B8712B36AA4EC56E429286DE2C88264DF65F027DF33C2E,931
potato/test/contamination/gt/008.png,F436576C1CAC42C23505E55F9013E18BB9A876C480EFC0C4C12E0F1E933FBA1C,1068
potato/test/contamination/gt/009.png,ECC2D71CC67599E8DA3AA3F02197E1AE19F354E9F98B8E11FE471D66B3C39240,957
potato/test/contamination/gt/010.png,1A82C0BE24FB12AAB9115D0C0C78936CB2947C2E33D32665EC79FF6ADE46A30A,1028
potato/test/contamination/gt/011.png,C7174E4F1E75CC40C10B2E093F1E4C676F8E32E5044366C71350AAF03B85E118,858
potato/test/contamination/gt/012.png,BCB773BA682D7CDB1F2753525EA1772AEB1ECA1C20AAC3EDCE4E16E0515AA8FC,859
potato/test/contamination/gt/013.png,F83688260E51CA3D9B7DEB634B3D9024D88AC4C12E333B7F40E25FCE437C0DCD,838
potato/test/contamination/gt/014.png,D72F29B76FFD20F8B891D88A54A694F1F043324600BE1D844C4BD5954948287B,918
potato/test/contamination/gt/015.png,C3A5AB519E9C7D452FE48F413C183A8026CBF88A564C348D492E29B10C91B961,882
potato/test/contamination/gt/016.png,42FF156479E3F6733B82BD6A5FBF8D4659D7F0DE7522EA59727782ACC6EBD65E,922
potato/test/contamination/gt/017.png,FA27BAC3FFE2728E25C91AD3E5DC1B3BA86B82E5950C52E011CFE8F96660DFE7,867
potato/test/contamination/gt/018.png,7220F43B7F3F7D9BDCE1E6EA257A5EABA5B1876A036C6E0871538C3471D3DB1A,924
potato/test/contamination/gt/019.png,E6DDB7BF99B5EDA9D0D5C71FD20A5175598480B9F50343A4D73DA822990F66BB,920
potato/test/contamination/gt/020.png,BAD85B65E558FB998AC7947E2F094845277F7D10EDB8CE149C14B752434FF37E,883
potato/test/contamination/gt/021.png,0FDD20823663BA45AA6216520D88D68B795AE8ACDFF6F0AA3A4759F007E87778,915
potato/test/contamination/gt/022.png,7F34C9EE6A59A16571988AF1B83ED7B5D1FAF3F46EE548654B9460FB5EFDC7F4,896
potato/test/contamination/rgb/000.png,B85AFEEF8148FFE198AC1F158E4935A155BDD3D0230E5BC754C8584A5BAF95C6,785791
potato/test/contamination/rgb/001.png,151589D19D873B4FFBC689F4D5965DD6C51DD0F2EE7963A2486869A1C71A685B,785328
potato/test/contamination/rgb/002.png,B15DB4623C1A4C066C6EDB0FB6C5F836F91C3331F066005AF0171C90E4F892C0,786185
potato/test/contamination/rgb/003.png,E66E2542259227DE02543D23406FDD277E022FFFA75A1E37FE5AEF048E69E91D,803827
potato/test/contamination/rgb/004.png,F95C88658D91616918028D6C456E69DC5A87BECE33E660A46C2AD426A55A3FEE,796994
potato/test/contamination/rgb/005.png,506E4101E766247096E6305F9535BAED3BC321510185BD8189F11A58D80D3428,795041
potato/test/contamination/rgb/006.png,3F1A36904FA06129A3C57F28D4628E7CFC68A44B293A00ED818E7E63FEFD3C7D,790053
potato/test/contamination/rgb/007.png,444A29028F94D4A069F917C38B6A2F482595674F975E0C8A69524749BDE26C5C,785426
potato/test/contamination/rgb/008.png,6D8BA232E3BD0070A1678FF1BFACBECB66E72ECF7CD46B25DE9D920A864DF68F,784917
potato/test/contamination/rgb/009.png,F69111EB1E8C6FD742ACB24907917131D7B69E5C0F638CB45C6BAFB39498E676,798565
potato/test/contamination/rgb/010.png,75B43639061ED658ED9AEDB2852EBB2C6340FC34BC58810B400E41A57343C941,788667
potato/test/contamination/rgb/011.png,37A0081CA6DD8A6DEAAB2C7D229DFE8E3475EC69E2768DEC1AEAE3E9298798CE,760498
potato/test/contamination/rgb/012.png,ABFCE3E6CF23AF47BD53A64BD039E404EA292D50D0D340BD5F4D040FC20C2C5C,754216
potato/test/contamination/rgb/013.png,AE51CE358AB5018DD58C5E5FFCB004985D9DE71DEB8F331DAB598E8597229FBF,765222
potato/test/contamination/rgb/014.png,6E83936361001DE7820CA7242BAADBE8333AC9AFA762488925B7530F1DFABEF6,760915
potato/test/contamination/rgb/015.png,94BFA18883E4AB62586D7C3756215AE96A70BA7B167D575024BA5720004D5047,777671
potato/test/contamination/rgb/016.png,81F47741C657767742741D4ECB2CDA3EEE8296A460A81F1E19B9BCE75810DDC6,760587
potato/test/contamination/rgb/017.png,B229BC7177CD75DAA8602E7870173EF63244B32DDBBEAB73CA790D6A82C16913,756337
potato/test/contamination/rgb/018.png,65AB76DB23A1F2B40086383B1C3DBFAC1FEF02B766F67B92E003CAB5F7812323,760947
potato/test/contamination/rgb/019.png,517FB41C3F91F3A038C5FF75311923815B8B7C37E76B74D180B9D32A59BD6315,764294
potato/test/contamination/rgb/020.png,8B143B08F8D807BEFA1DF1C342F80222B64D2B337973CF3C432D13CBE4B98B70,757652
potato/test/contamination/rgb/021.png,7CE1C9970E74F6FF638DA2D9CCAE90463F41B6F570A40683545E331019063D2D,762817
potato/test/contamination/rgb/022.png,4A6EB3F17E9AA742DCA8B48FED0EB07486ED8CF994B34E83D40E2B75CAC26AF5,759698
potato/test/contamination/xyz/000.tiff,DB20B810165D07410123D1B3A71C9029569F03F592239EE0885385311EDCC614,7743480
potato/test/contamination/xyz/001.tiff,A0A18BE4F50DE34D853806B1FC013F5CBC38F79396F4B9F7420AEB29252F26E5,7744434
potato/test/contamination/xyz/002.tiff,BAC754FCC2C0E6C5FE6C403FEE9AB39319C9BCD41FC306E01A4B5D64BCF733C1,7742580
potato/test/contamination/xyz/003.tiff,344F7CDE2861C59D7054A2729155E485FE16CA2156A6AB3AA585B81DF20D056E,7749290
potato/test/contamination/xyz/004.tiff,711048A7031592C56808A1A44BDB6382539134058B7C233BF60D2BFADF30C0AD,7747080
potato/test/contamination/xyz/005.tiff,C8EC82E961846B542E01D912A296F051D6B1A16ED201211566C054FD59C83A1C,7747198
potato/test/contamination/xyz/006.tiff,B03235981F2B9E7756C57F6A1287225158967B9359C57DE13F268B1263FFD032,7748162
potato/test/contamination/xyz/007.tiff,FD19FD2F63FAAAB6BB511B99D7F1C98C8E6919B2A2A75DA6EB07CA6784A62F86,7748270
potato/test/contamination/xyz/008.tiff,7AECDCA5EB524857D5C925E82ABCE4EBCB8BDA38BA523891FE1CB4BF0A1A322D,7744766
potato/test/contamination/xyz/009.tiff,E1DE87A92AFE3152ED6FCA31746DF156F62E711E2418A70296D5C32D63D90B8B,7748012
potato/test/contamination/xyz/010.tiff,B8B2E48775A1D15B7F93C355CCB82F5D074988186A8A3B38ECF74DA75DC62749,7745154
potato/test/contamination/xyz/011.tiff,3E91813CEAFC2EB6C97907414E8EB1DA399DD63FECD5D00DBA4F92D29893E0B3,7756454
potato/test/contamination/xyz/012.tiff,DDB55EEA397A44CAD47AE6F916932FBEF673D67523B9E0E023B31B8B4B7CEB03,7754574
potato/test/contamination/xyz/013.tiff,0D9EC92934C86035239BE8D198DE94415A1C6A36947A3066C91CEB4A8E1330A9,7756360
potato/test/contamination/xyz/014.tiff,D9C895A8012627DFFFF23486484629C92D473ED28CE46BC744F207DE33B32021,7756438
potato/test/contamination/xyz/015.tiff,5BCA633360FE2D1D12E719F3F33527E88A7525F5908C721CBCDCB58BE64D6DA5,7757710
potato/test/contamination/xyz/016.tiff,484B8295B73AF2A8165CBB8FF35FFC979A0F56E03B9E755BC381604A283C6139,7756788
potato/test/contamination/xyz/017.tiff,06C63318C118CFEB9B01A1F26A478430CDA75628C252F6D259F63640C16487B3,7757044
potato/test/contamination/xyz/018.tiff,17044BE2FD4EBD4663FDB6AE291FEC3AFE557BB536875EEBA525244697FC4EEA,7759652
potato/test/contamination/xyz/019.tiff,0D98C31649E949C048B9F687049DFF4B88B026193289A78AADC64927CE1DEA14,7758190
potato/test/contamination/xyz/020.tiff,E57D1DD7582523648F833E4A80B7BD98614EFAEC4A23C85BD89083A2028EA5D4,7757160
potato/test/contamination/xyz/021.tiff,0E32B2398638817D3DDEC61B49AE8265DFC0B83D15ECFE8E0A0B174E1FC0432A,7755742
potato/test/contamination/xyz/022.tiff,E61CDCFCB22C7AB07E9FEB45651BF10C47FDB5F32F9183671DDDBEDAA1B90783,7756636
potato/test/cut/gt/000.png,D2080CC9EDDF0CB28C30C5077E920818CC5C2DF890110E492862E43438CD6059,1185
potato/test/cut/gt/001.png,DE333E08B4865DD5BE90C24A28ADA3C739F10FAFD6835ACFA0C3EE6809C368C4,976
potato/test/cut/gt/002.png,A3034910A1A8251BAACD43B2AC4EA3B6C27E7EC1702862AD5DD94C95662E2A3A,1050
potato/test/cut/gt/003.png,DBF2B51F05DA33BC4AA957913FE171CFCBC988B4C4EA7E9FCC91B4F3B177E34C,1196
potato/test/cut/gt/004.png,B39F86DC559DC85067DDACFC65D8100B63A563B93AD7568FB0E3AA151FB02B60,1101
potato/test/cut/gt/005.png,3470A8997E4A6224AE0FBCA3194A7C81F0EEFDDBE25D56A372FB9F165FC98DDD,1104
potato/test/cut/gt/006.png,CB38E4EB9BA925EF4D8ACD8A17FAD65927F67749D2DA829B7924ED883455D3AD,1231
potato/test/cut/gt/007.png,4F519B5DB402B05F9E0C1D1118049A3916D283C40683712BB7055FE4916AB5C9,1199
potato/test/cut/gt/008.png,DB81EAD88ED584F0E3956DEDB2342BE321C27E656AF763264242556186ED7836,1154
potato/test/cut/gt/009.png,5DAB082DC1B29745F425012C0128E69ED6E27DD3E982ABCB68FB13F44ABF451E,1131
potato/test/cut/gt/010.png,793918F0DBD667568D34AA0067F3D57447425944E810AD2FC12B161B9A01A7D3,1030
potato/test/cut/gt/011.png,2B711582735AD80009F07D0940B8606C8A963221CA024F4C61BEE884FF228F9E,1178
potato/test/cut/gt/012.png,60AC6D77D9E73E56BEF567FA7C18E2D435DDA588278263DBCA5C3D08D9659AA5,1285
potato/test/cut/gt/013.png,0544DFCBF5EB4826186217962556305CEA8B440AD7B5119047700408A615E5EC,1086
potato/test/cut/gt/014.png,D95C1E4BCC86908C6AF5CB16581B13112D0CDC23EE9D2089D8ABC8DFBB49795F,1074
potato/test/cut/gt/015.png,01413AF3D398042DA7F95C363F3D20D852BE76E815D0E992514137D7B350F4FD,1133
potato/test/cut/gt/016.png,A72322FF6C2C0BF3B45989CA00C68B819D8171F4910AB604E3B82B83F565F07C,1088
potato/test/cut/gt/017.png,D7CB490294B607D1AE15C5EFDBF22F542B980739B218A12A37E326D4635D5EC5,1012
potato/test/cut/gt/018.png,FFA6053F44BC205966A7CB74114BCF2207740DFD6DF9CF1D57BFF4C5A9ADAF92,1120
potato/test/cut/gt/019.png,F54DF035B7C94A8894872EFFF30497A05D1E0959F612E9A679C018053D32C711,1110
potato/test/cut/gt/020.png,7F0EFB39E3858CC2B60F06475B7DC088C80972FA18FE8963D9607C186BC97919,1103
potato/test/cut/gt/021.png,3F3A150623CAD065ADA632AA9B8CDFFFC86CF1D880FCB2F051BBBF1E93ABF76E,1072
potato/test/cut/gt/022.png,EF36954E9AAAECEC5351C0AE0FC55D2A7FE800AD127BA654021651DE6F4D34A5,1112
potato/test/cut/rgb/000.png,B0A2FD8B06F8935A107EB87A899D106ACE723E7B886A7FA334B7D50F632E90C7,740371
potato/test/cut/rgb/001.png,1C34647115CF3B8DAFCA2248E1A8F19A372B6D4786DE5DA55A8BA20488336CD2,735511
potato/test/cut/rgb/002.png,56A4FBF8C279EAB3E65F6DEDDA55A929F1075BD3BCE356E2890BF6406FADD88C,733405
potato/test/cut/rgb/003.png,F32DAF9CE963F3CB5292928323317B1A8A5D70871BFA6C055CB8218FFFF3A195,731866
potato/test/cut/rgb/004.png,E923401FD022C0A38A1CE3EB89E1ED2B24A6C04C02F9DC6D74174836549A7ECF,730114
potato/test/cut/rgb/005.png,FCEEA15565AF1CCE86C8052BA47E9DA31292BCC970D0F4BAF1D32A03CC91C70E,733230
potato/test/cut/rgb/006.png,9CE8FD4AA7CBABEE6DB3D6695E644E4B9470F163CA03369FC90F5E95124AF28F,732676
potato/test/cut/rgb/007.png,FF1EA1717301B3E16440FA4824E32B7AF9D10025BDC21475D24156ED70B3F4A5,730599
potato/test/cut/rgb/008.png,D514D9AA5D07C7B1309B41C7DBECF188D08ABCAB03AAC12EFCC32D086436C02F,737328
potato/test/cut/rgb/009.png,C0C2C8EBD1AB340CA6B042C2BA9EB30B31BD9668CC5255E1683793DBD1D25D6E,733915
potato/test/cut/rgb/010.png,E6DDFEAFBCFC6CD0C047F529F574B9E41A33FA7EF66A39038666B61E6CC480FD,731093
potato/test/cut/rgb/011.png,BD40EED7C28A6D1533860B0D804B454550E5AC540C3AD7531D0FC0F21EB603D1,786505
potato/test/cut/rgb/012.png,4575178392CAC9ECDEDA6231B5C59A19ACA63524C6FCF2FE68BCB89A71F8C74D,779933
potato/test/cut/rgb/013.png,61B3F0383E29677C20B067297D1A2090DE65BC681AA0972AF5436F3877A2B778,784280
potato/test/cut/rgb/014.png,3FE872B7CECA280EAAEFAB140A01E8A2930EBB707E85D8BD137DF8C7E6E68CF2,787823
potato/test/cut/rgb/015.png,80FEA95995C05FC79E4DDAE47B4EFEC4B681C74D98287688DC6A74254037D419,780345
potato/test/cut/rgb/016.png,F720B16B2A146F34FD1A805AD1C6CDB76D405AA145C7D93F12DC7580C40921A2,776385
potato/test/cut/rgb/017.png,2886458307260F2B79EB61E1BFF7727E084C3E7A5299F986A7098BBB48BF5E9A,779423
potato/test/cut/rgb/018.png,3F6739BBDB4863D08F9D6697ED8C53CC050FC9AAB02C79D39C42B41C51A1433E,779096
potato/test/cut/rgb/019.png,6AEFF8375587EB466BC804ED859396C19F7510C72EE8BA0CB204D3BA51A304D6,777387
potato/test/cut/rgb/020.png,4A88589CEB2B4435CF77B0CA0F364A779AA3EF6B2C7FB1EA3C11BF3F94354DE9,773682
potato/test/cut/rgb/021.png,69D366209A45E83B03C7892BE68B381EF1342404B673FA0B4EABE57E91ECE423,785100
potato/test/cut/rgb/022.png,66CFBF5B1639C9FDAC9A1E126B62657F37A36C5CCE29C7A41163180F5063C433,776429
potato/test/cut/xyz/000.tiff,02FBC8D0AD387517FD9498E13176EC620E9F4A942644ED0602CE3FFEBC46EF51,7775586
potato/test/cut/xyz/001.tiff,EC280C8EBD1A1F81A40A6A134538D3954B35517DC0329977F732586585E3B5CA,7775464
potato/test/cut/xyz/002.tiff,F37B2B7D6831186FA856CD19653EEF747FF62AE532564C29007FA36BF5E7B47F,7774920
potato/test/cut/xyz/003.tiff,C3D38A7682BF02E9BA7B604517C2938921BECA25E0FAE8A38523E90A47685FE8,7776768
potato/test/cut/xyz/004.tiff,2C7EDF010604D87911050F6EF985EBA678229E0293E884FBA9EBD44228C04AC8,7776712
potato/test/cut/xyz/005.tiff,681F84EEAB6698D0D8126E1B01FE343D17613BDB123D8EC7788192AABDF79D0C,7780056
potato/test/cut/xyz/006.tiff,5DDEA59F1703041F690F60E143E263FC4FAFA6B86D8177EFE41217370182B83F,7779328
potato/test/cut/xyz/007.tiff,E5CD9AC5CA4731487A0773267A2AD93EE3BE2FE9BAEDD737A4E51311C7EFDCCB,7777820
potato/test/cut/xyz/008.tiff,270E2CD4621657F451EBEC346C33646BDABB2F9615DC015137D2A36E24CB5189,7780556
potato/test/cut/xyz/009.tiff,4800D82DCBC0A714EF73427C0A89A850899E4F2C38F1EBFD7CFCE66B75AB6EC7,7777156
potato/test/cut/xyz/010.tiff,92A98C8C2B454D924DD2E56569387F4E5263DEC5ADE10CD64C22EDBE581C08B9,7777528
potato/test/cut/xyz/011.tiff,F383B33C3CB1B184183D91593FC80F2F899CA641D533C690DF5BE4D7398139D9,7748530
potato/test/cut/xyz/012.tiff,FCB68C46116A800804DCD86AC9E244AC0AA76D7180739A4CB083BB815DDAD3F2,7749434
potato/test/cut/xyz/013.tiff,887EDBABD6A1CC92F782FBD77701C1570FF35AE20DC9A9562D849EB7CEAB3519,7748712
potato/test/cut/xyz/014.tiff,F6EC0A92EBAC8D729F29647E611C102DDF6F31CF6AA470D5EDFD67BA600988E0,7748244
potato/test/cut/xyz/015.tiff,B522FBD7549B9421AAC2E760E52F0488234F9ECDDD642CC7ABEB47A95F2072E5,7746488
potato/test/cut/xyz/016.tiff,5A6DF6513BEB9CA374D7138C4EC170F0226F6CDC252DF39D8668FA6A11AECED3,7748660
potato/test/cut/xyz/017.tiff,F02A9997CCE76D66FA9172CB303B052D03172C836FC4AE9A7BACE44A02746215,7748030
potato/test/cut/xyz/018.tiff,2E8589836B499D23B12759EDDF445178602D434CB3507C67F65DE0EDC7CAB79B,7749414
potato/test/cut/xyz/019.tiff,40A02A2E1E071BC4BB1B62A8BC7CDAED179F86BA96AE6DBA0F37196539D94445,7746836
potato/test/cut/xyz/020.tiff,B23756FA242596E56DF6336A7031AE70085094188362D887EC34589D3E34A044,7745226
potato/test/cut/xyz/021.tiff,F4F257FC7FBE4820DAA22382A7F414C27038D94B05DA6D93CC82FF72434699B6,7747244
potato/test/cut/xyz/022.tiff,B99DF34177BDE9A10F052D40C84BFA0D8E71A0C571A7BBC04C735FE6CB110A02,7747606
potato/test/good/gt/000.png,769E4D09AE6EF16C439D215ECB04DD9BA6CFD374E26767E522B7540DFC031378,757
potato/test/good/gt/001.png,8551B1855BBA1B8180D8CBD19A5F9472806A13D01C534FE46309A4396E1EF1EE,757
potato/test/good/gt/002.png,C403F8094D03D3C587108AFCD50746FD30815DD093888F031945299F59E35BE7,757
potato/test/good/gt/003.png,920A864AB7BD804707219EB8379DBD2EA78F2588A20DEE49FF61B8CE730F71A4,757
potato/test/good/gt/004.png,698FEB9468F626AE1E0938DB09DBF2F24D8DB29748FF2FA2B128759EEB938B54,757
potato/test/good/gt/005.png,1B3D89A66E076D461D33EE03024DD2110D777E7D690063D8789FCF71FA6587C3,757
potato/test/good/gt/006.png,FB9D369D0B9E17E29E4E1423116BFA944113E48D2D018655D511E17D2B551AC3,757
potato/test/good/gt/007.png,34938E54B631A1C440E8E3B6FF619948F2415D63C7C72422D22E5065EBB516DE,757
potato/test/good/gt/008.png,95D340A08F65E16565BE50AB477A0BBD12EC80E3AA2F15DA462BC948142813FD,757
potato/test/good/gt/009.png,8626B94D97E41C6AEB9571EF384A46B9D0E1BE19EFCC2D1B99762E57E98C7232,757
potato/test/good/gt/010.png,1F638F06EB9F7EB91182B622481907BCC3714887D3C0293B9958DBC1F0564C39,757
potato/test/good/gt/011.png,5E730A318379BA395E2EEE23F616066C487D2253442FA873AD893F0027AD6FF4,757
potato/test/good/gt/012.png,6485F50132D9FA7C76E7F0708FF5821F272C9FF5907862AAEA42B55B22369645,757
potato/test/good/gt/013.png,4BDF80337B69A6F949FD8CF07A7576F7B79348827C5F52921B8B2993FCF9C387,757
potato/test/good/gt/014.png,4BDF80337B69A6F949FD8CF07A7576F7B79348827C5F52921B8B2993FCF9C387,757
potato/test/good/gt/015.png,689D171ABBE3813C60623C0FADBFC90875F29A498088C84E9DC8E56A83D61AA7,757
potato/test/good/gt/016.png,DFAB450B2454FBEC4F2E1D73D12F5006D1772D0C37BE9DCC1A266BC6A4D58FD5,757
potato/test/good/gt/017.png,AC3519999551C2142188C8FC3AB776915755CE1DADDB21510C91718E3885CBFA,757
potato/test/good/gt/018.png,C57462A395B2BF8527B007436F1F4966E4FE7158F5A8C0BF80A21976F51CB985,757
potato/test/good/gt/019.png,836EE3EBB650F4500895088B5B33F7C87150904DDBFCC9E27E845E9E59C4C084,757
potato/test/good/gt/020.png,3EC181E59B335641D162C1A8C3715A82D3BDAFB1F125CB3D1B6A563FC31836BE,757
potato/test/good/gt/021.png,381175D8E680218C397A19CD5CEA7CAA7EFBC73F0D217FC4B58F48CA4775A9B1,757
potato/test/good/rgb/000.png,B0D3223D65A2EF8112E7AB19412AAF2DEF94C6960B61208F627C0B7049837877,775981
potato/test/good/rgb/001.png,7245032C83E4EB5AA6F5CC8DF3EB99E26369BEADCE21B00ACAA7CE570EDD746D,765072
potato/test/good/rgb/002.png,FC19903A974A8EC4C40BF019BABF4EB036836597DD54936B147B25788735EF33,767629
potato/test/good/rgb/003.png,DDD479C0FE7206A6C70C35CF3DC0F73C7C7BC4B7B5C6A6CBD9501D1089AE512A,766706
potato/test/good/rgb/004.png,41BA61E1053840BF19EC497EF65CE392AE5A37F4904EF20C0A0C7E433EA209F5,766103
potato/test/good/rgb/005.png,54B1C27F879EFAB6C463EAFF8CC6A14E4158417D58509167CD9BCA93835F0DD2,766011
potato/test/good/rgb/006.png,BBD3565FCCBEAAA3996B1E1317939B69C1A00EA0392DDFA023D1865E2E060C24,736363
potato/test/good/rgb/007.png,AE088FEEC5CFB5E4E284C95DA063937C32B6D16E3B1A70C3689DE26E37D0B37B,730860
potato/test/good/rgb/008.png,CFA879F411D59A0A0EFD4371221FFAD35E00A856B8EA6884D88E76309F0A85C8,737911
potato/test/good/rgb/009.png,9290BE51839ED82C1B90D5996608D9603177A741FC68DC50321C7EC39E230164,730109
potato/test/good/rgb/010.png,194129E8C670573F0E49D2A533B216FB919E96C6780744C8B62825D2B9936738,724694
potato/test/good/rgb/011.png,0EBB95712712CDE052AE698256906E1949FA39CCFFB31D454E8A75DE7EB63ACA,679620
potato/test/good/rgb/012.png,97CD38EDD3C6638816CF46E5D9EA3F5B5FE719175B8B1C49A03314CCBEE04887,672290
potato/test/good/rgb/013.png,F1FB164B173B3596C08C472810207CFC0873720002A3DB766721573568A6ED50,677988
potato/test/good/rgb/014.png,3713865616441F23BBE136099839736557587DDAA2DDA89BE630C910A42AE61F,690591
potato/test/good/rgb/015.png,77839AC76CF7A09A0E4820A552A9EC122528F0CE3717B496084A696DB23A339A,677465
potato/test/good/rgb/016.png,A741F7340014EA77BFA4CEC5E6CC87FD7435FC46A3838EE24154B4E174B10C9F,679720
potato/test/good/rgb/017.png,0F3B2CF2449ED8341F3FB6CA8E2C63F4A3577B1B02EEA8EE05992CC04DE6241B,676601
potato/test/good/rgb/018.png,CF97239C2B3B479846C518110DDC092C930A46EA31340D0700DC9FD7F4CAA39D,679126
potato/test/good/rgb/019.png,9F5EF7F7026D501F674718D9C0C744988AB156BB28FA0C9C102D824E3C59AC93,682797
potato/test/good/rgb/020.png,D7B8492604DA9EF8992725A1B96001A2DFD7FDEE18F15FF9032766170D43BBD1,685009
potato/test/good/rgb/021.png,02ECB3A5CF7D013B05BEEF1DC729E459907C11041EB38AC30BFAD188EC7F8AEB,674825
potato/test/good/xyz/000.tiff,8F3C6203B8C6FDDAEA941455751DD8C38997C97CA189C310976192AC7F1C100D,7758888
potato/test/good/xyz/001.tiff,D29698A30146795C79266B8BA72E1C408A1F584487EAE53435DD098E7E0FB331,7758976
potato/test/good/xyz/002.tiff,4FD2F755C54F48E6F1D0001B1078E2E69AB34DFBCC69BCE75EB772FA8371B26F,7762002
potato/test/good/xyz/003.tiff,A62CE43C0E19FFA87CF8EC5056035D40FEFF8661254E2F043E869678ECCDC3CA,7761192
potato/test/good/xyz/004.tiff,8E095497DAF7FF6565A37C8E8BF080A1912BADB4B23EDAEDD3A38FDFBA3D4925,7759262
potato/test/good/xyz/005.tiff,58FC02D41DA28B8C7B10F7AE579DF8FC92D6AE46F12B6EC8EAB048DFC0BC606D,7758646
potato/test/good/xyz/006.tiff,78F48B0A167B894412EC15E7D0C509D15B7F71060FAE3788C1EF62A73E4ED2C2,7780746
potato/test/good/xyz/007.tiff,CA1433144BD9A1BA9FC77B697B4AFF321185A068DF82433A816EE940B5B3A7C8,7780304
potato/test/good/xyz/008.tiff,4ADD1D504D65B93A7BCCDB42D6F0600DBC3E55BF9CC2E4974D46FEA2209A3BFD,7779568
potato/test/good/xyz/009.tiff,916EAB362DFD0252D0C48AE6822951ECF7F08EDBE0830C18DF39A3E5416590E0,7781662
potato/test/good/xyz/010.tiff,5F60AACF7F222B73DF7B090598C1EEEC4D2A4919EEFF27A0D0E2654B3B4BA205,7780146
potato/test/good/xyz/011.tiff,01902BD739351F12A18640D983A6F2A2058A3BA9EF4EAA3E356B1BA9BA265A9E,7807222
potato/test/good/xyz/012.tiff,C9F920DAA83821C9A5962F79C80ECA85C7FB5931E44D189D40814A5FD13E0009,7807186
potato/test/good/xyz/013.tiff,009BF8AFC54FE51FA593EB2C24F6A47E6C70C98D8C8290E76B3D6A0839150892,7807288
potato/test/good/xyz/014.tiff,E0645091C47BBBD47746B6022F4AC46554F86B95EEB2DEB602852B1A00E6EAA0,7806274
potato/test/good/xyz/015.tiff,1CA060A1532D3C2486C3A6F71C1D985E278F5A04376A6516107B64B87CF9A4E3,7807412
potato/test/good/xyz/016.tiff,FE4C1215136E844D2D96B8824F6399E5457017E9F45D05720D8DC036E5C551F8,7807092
potato/test/good/xyz/017.tiff,6F85FB028D6EF2829D7ED494E72066F62794B480B74A975E875EA4299415B41F,7803798
potato/test/good/xyz/018.tiff,8BD356C3218C87D150086275D6787DD74E043D88E3E944CEF6CF9E5B729383B1,7806076
potato/test/good/xyz/019.tiff,44FC7C31CA706143DBD4623CB6A866E4C9855E83ED89CC6C08DCABA5BD21499F,7806552
potato/test/good/xyz/020.tiff,9AEF9DE30E5A9925F3DF89316B79B0A495960285D052885749AE572722F9EE00,7806192
potato/test/good/xyz/021.tiff,CC112AD05C86459922B17B6DE7EF43E29A250E58E3F3D3BC6800DC7751BA1602,7806456
potato/test/hole/gt/000.png,223F6B063E99CB1DA63077B5F15CC11D20F11AD69F2B3CE64C4B65B63851E9A6,955
potato/test/hole/gt/001.png,3F1E408E6B06176666F843348EBAC69C638704C0765E2E72A13A399D90A88919,933
potato/test/hole/gt/002.png,52BE00015594D0A2897582B359E77A79FACD309F57509C4FB672B86A1C0F356D,909
potato/test/hole/gt/003.png,DEBC34CF42667912FC979CABD787239BF110D5493E7C7C8305D0DC2F81D5A744,996
potato/test/hole/gt/004.png,C623F746A738D029FA7FD0C5C07B38FA3B41C9292244CF5718959A6712F293D3,883
potato/test/hole/gt/005.png,C765D35FE42DBB827AC6C3A32E003739819BA6D098D96864291584A2BF7C074D,981
potato/test/hole/gt/006.png,CE7AC12637AB2E7317DDE0A326C6C8EADF56ABDEF3C55C0D69C7A58EE8D79C7F,921
potato/test/hole/gt/007.png,AAC0FE8437D10BC6FF855624A9F441432A982BCDE732A677BC513B43B9DE614B,915
potato/test/hole/gt/008.png,553DA8B37436B9E96B88841D04FD343E4983F45B2B5443CEBC4AE386922E0BBB,958
potato/test/hole/gt/009.png,EE54B2B4E94701B186544DB07880D7E2CDA452BBEBDEE452F4A8DA95F8C6BA0B,877
potato/test/hole/gt/010.png,A6E3F60F39EA71246DFF11F31F8F19DEA5CDA9F551B42054FFA620B7BA476A9A,910
potato/test/hole/gt/011.png,4E9D74765099911C480A5BD2EE5F5E27E1EF8713EC2FE68C9148B82AE6152143,910
potato/test/hole/gt/012.png,5FDA1D3A4C5EB4FF23063592CC1C4E0D4EC620A067AAD99168B5D21BBC1EEC4D,910
potato/test/hole/gt/013.png,192FC45E85ECE5C4608337728E2BB44AB2E805EAD305C153BA7D5AA9527C9FDF,971
potato/test/hole/gt/014.png,C5D750C0396E68886795E682ABC21C763D1B3169220D8AE7DFF233A9E3193F69,1056
potato/test/hole/gt/015.png,03AAB73D9664A590A9AB6E916775D5549B8B7593858816B38A0BA3B1238B4C70,919
potato/test/hole/gt/016.png,D4E700DAE24D8EC1467C0884FC72A595648C8F403180D9BB16A6AAF58BE5FD17,986
potato/test/hole/gt/017.png,C3B8B9BC2F399B9EC5AEB6E6D38CA0086CDC20FF41D091BC7B8B40C447E843F5,963
potato/test/hole/gt/018.png,F34C8648BF049B8EBC6B5308B317AF9385313B159001B38E7464BE958D79E9F0,926
potato/test/hole/gt/019.png,199E9D8F85AEA0CE20F8A25966C8456E19A4EA272B2E98B360941CE844EB8A81,943
potato/test/hole/gt/020.png,C898FA0DB786FD6F24DB3A03F1B1B78AD2272C310B604D875477CE10A1B6C0C1,969
potato/test/hole/gt/021.png,F0A945459F450D912A08F712BDACB615B96C0934E94907F4458E210758EE2335,1051
potato/test/hole/gt/022.png,19AAD547C3CE9B4899077138CBB994D77E375073597408D1E42B4F5597153750,1009
potato/test/hole/rgb/000.png,7807F7F2FDD0E9A7DAF5007617987AC286D9B8AE5B5F9207EF20123320A9D215,776966
potato/test/hole/rgb/001.png,D61526D30FB578F0295AAB70F8F2FA3ACE4279AB5268802F9F9B0301388011E9,771467
potato/test/hole/rgb/002.png,5025A54C35EF31AA9CCD06EC55DC34ADE6E7E867E08E4265622BC35789379506,764497
potato/test/hole/rgb/003.png,26CDBE422193DB99BB8D921F5C8E495151FA7910FF62CE5EBF3C7A7EB79F2E35,770981
potato/test/hole/rgb/004.png,14FC0BCFF3C60EDA71C613FCFC2FBABB4A79102C0D7E7011E21F9AFF48749A5B,790490
potato/test/hole/rgb/005.png,A247A5E10ACA6BCC18E5AB9143FBA37221D7C7ACA2D5B5F2B2A1914067B28A6C,774146
potato/test/hole/rgb/006.png,61513F39829B02BD7F0578C31CA9CF4F60A5969A530352B875D91A6E3B93D61C,769282
potato/test/hole/rgb/007.png,0E4B605FD7E012EA4FEDD5642B34F9980D6093D9AB8E745034D255263226F601,775441
potato/test/hole/rgb/008.png,0C38FBE6F1EDA65E71F2746D17FFE7A02197BF1570D5747268BABE20B1FF8D9A,766759
potato/test/hole/rgb/009.png,9F638A000485D619B6CDEF1A0E9C1B6141D4F2BCC5D3FE569C11AA07A31FFAE3,772111
potato/test/hole/rgb/010.png,D4E76C295ACD7E666DE236817D5200DF9F0D6F478C920CCFDC9491A1BB7A5E3D,768521
potato/test/hole/rgb/011.png,F6A5AE57E816D9283E46746C2CF60A97A62B3134B7168EDE9B49ACF4EC22F584,742909
potato/test/hole/rgb/012.png,B1BF7E617F7C2F752F1C78DC75FCDE1EECCE4C28C51C8BC394CA03D86D915F38,744131
potato/test/hole/rgb/013.png,B630A1EA8416B7D9A5EC1A79328364A7348E777714B53A2CF7247BEF751C523B,744266
potato/test/hole/rgb/014.png,6FE584573EC218F565E124D2E15AFFB709766773B6694BDAFCCF648BF67D7300,740930
potato/test/hole/rgb/015.png,0DAA7FBB8E34BA883A15F84FBC7504C6D79CCFCEED80EED05F805F2F6FA6553A,738940
potato/test/hole/rgb/016.png,9BFF57F973581FBE18C81CF1605E795B805D569C2578C95963D89824D7316D4A,744434
potato/test/hole/rgb/017.png,A426F0E695A81C24E95F9C83DF7A04FAEE512A77B00BCADE378122E631C45591,745753
potato/test/hole/rgb/018.png,37BB04A6D728F758C79C5A867359629D6215C7A5F0DF948B676B4E877473FC19,741861
potato/test/hole/rgb/019.png,46EB0C46AE068131ED91FA563B5708EB871CF3CC93CD35F9FFA89468B3CD3AB1,742188
potato/test/hole/rgb/020.png,E8610E295AF9AF50D9553F3038BA9CED60E5D91CBB9BC26DD7BF849F0C615BE9,742688
potato/test/hole/rgb/021.png,00943DCA7BDDAE9D7E0B66D0D5052387FFDC9F5CC5B8CE4139D90753DB10EE15,749758
potato/test/hole/rgb/022.png,8DA7F84FFEE964B21A86AFDFD9C29525835881E74CBADB68D261873CA218BECA,739502
potato/test/hole/xyz/000.tiff,10BC3DB11DB3BA15A5BB147821E4A48061633FBB9FCB3F96B6CCD15B2B7FF2B8,7758582
potato/test/hole/xyz/001.tiff,1A0B5A37EEFAC6BEEC35ACCBE7812EE613BBC491F4B40BC6EDE2EFCF6508527A,7756000
potato/test/hole/xyz/002.tiff,E2DA8F0F55F81A450FDE25832CCCA91F64DA924ACA12991D47F653AACCEC0B81,7755334
potato/test/hole/xyz/003.tiff,1CC9524027AAB67316570B6DC3704E06E1D06F2635174AD41D09319A109F7A88,7758604
potato/test/hole/xyz/004.tiff,C69FDD0540B5962D92EC6CB2A1AA0E704BE0193E15C503755F10AB9521168F45,7759598
potato/test/hole/xyz/005.tiff,9C3E268819609E8CFE5327855CF508E880B9C10D8901E168608995A4B808D584,7762204
potato/test/hole/xyz/006.tiff,2CBE658324E8130C05AB7A96E6CEC980894F8745D5D26E6088CC1AC1BBA2FC7C,7760104
potato/test/hole/xyz/007.tiff,CA03E978CD1080EE7D77910D24CFA9B26803C1C58E25F6E0E4BE45DAD3BF3DEC,7761374
potato/test/hole/xyz/008.tiff,9104892D67970C7BFE4DB614B7D1EED20B548E1A8CE6B8991F3411654DFEC414,7761272
potato/test/hole/xyz/009.tiff,90B7BD69D3392ECE7F6CD5B5992AE15DB50C93272760A227F1D55784954FEEF5,7758212
potato/test/hole/xyz/010.tiff,96FA5D003120A24C2E3D39BAF215F794FA6A03290D1698EB3FCFB9F8CA2454D2,7757092
potato/test/hole/xyz/011.tiff,F624C6B9C37275E3A9C0E29A55A6295DB761CECA872BA652EAC6FDC5FFB3C55C,7764394
potato/test/hole/xyz/012.tiff,1F307696DB4C015D5CA48305D3DA2E9D630BD152569137892AB01E8B1AFBCAF4,7764244
potato/test/hole/xyz/013.tiff,8A0959F106ABD564ED69B949C5F52299815AB09D5F589659D526AE34EBF3F655,7764066
potato/test/hole/xyz/014.tiff,FD905943CC9E40615C02B3E289B368293CC9AB9625985ACC04DCFE07ACE4EF0C,7763420
potato/test/hole/xyz/015.tiff,67C3533A15C3525325955617E63C4892405E6BB2BA3D28554C481A4DC940DD52,7764980
potato/test/hole/xyz/016.tiff,BF074E1C1E4536C45EEB7BD2A63AA441B9528DC2EE7774F25F46BE24307F67A1,7765670
potato/test/hole/xyz/017.tiff,E54184CE6EFE22A58F849FA653F361AFCF1418FBC7347F3039E4CA15AA092B52,7766008
potato/test/hole/xyz/018.tiff,37EEB41A879E2631A05A0EE1E2F8CB8005AE34D6ABE7BE4A29C1559EB67D757F,7766418
potato/test/hole/xyz/019.tiff,52F48CD15C14F33415296DF832CFA6493B0786D62AE045129ADF133137942BA6,7765116
potato/test/hole/xyz/020.tiff,812AB792A4730F8FC4DDEC179210533A07407D50AC6C1F1EC98066353FE8A8FC,7766892
potato/test/hole/xyz/021.tiff,E0C8361826E1E783EA7E23B7682FFAC217C30CB6C951284A7329CE211E55A4B3,7766284
potato/test/hole/xyz/022.tiff,5381819CAEC2DC91A7EAB1427366CA08BFB3856CACF8A0093F5EFEDC4997AFC3,7765164
potato/train/good/rgb/000.png,9325D2D30AACE76ACCF4D23703F7B1B9E57B10B86835D599A12BC6EA54035516,780546
potato/train/good/rgb/001.png,4EF296E34A5F1F579E82840EDE331AEFF6C979FC41CC8C14469350C0F73B08D5,785674
potato/train/good/rgb/002.png,641CD0692925733A305995FF8BFDC080B29C22B46E5297FB52153107D1D4BA37,785922
potato/train/good/rgb/003.png,4B6CFBDD44A726D5A00396F497BBB88B79C4B06FADF461BA17B746045E8D51E0,777929
potato/train/good/rgb/004.png,3AE8BE8BF81C2EE73E18E5816FF386F21AACE36784D9A8FA74AE2E1301D0A7B0,787773
potato/train/good/rgb/005.png,D36B25D41216E61CD961CFEE8DE22429C6E8545258FB7D3CC600FCB382426782,777419
potato/train/good/rgb/006.png,0D26CAD9F04465F3E550741C56C679F61EE516BBCD65D9260CCBFCA796322795,783199
potato/train/good/rgb/007.png,18AF29C9C947CDA4A18BCC57EAFA6262C7AFD90D70233FF027EDF46E78CF241E,786414
potato/train/good/rgb/008.png,BD14F18E50BB56C180FA8840A2E4963D512E5957CCB71F34F266E1800808D8F4,779475
potato/train/good/rgb/009.png,9F7AEFF0BB1230E24DB8C40482C4FECCCC6E5DC1DA481DD521D475415D6CD8E0,778832
potato/train/good/rgb/010.png,7AC08E74FDBED3983E47A6E8EF3AAC9FAA349A0140E2419017001330C84142DB,770945
potato/train/good/rgb/011.png,1C6227255EB9BAA8AECBF786893D117C8391FB413F0B6E5224E44666B0CEBF11,779816
potato/train/good/rgb/012.png,B3D3D2520F3C5B7EA9DDB11E2003C00FE52B9E0228099151B0733A044E636FDE,770752
potato/train/good/rgb/013.png,50F10714183CF5D204CDC1ABF1E13F24BF499B0CA307907CDAE7B04A7890EE58,769441
potato/train/good/rgb/014.png,650845CEBDFB72EDBE8E35E1DB477E857F028406383D8142291959A18494BC4E,783300
potato/train/good/rgb/015.png,7724C81FA8DCBD844736AD9371C8CC3F365A642CB3BDBA5B7A1BCE98AC489512,779391
potato/train/good/rgb/016.png,324F3BE64A9ED5CB8EA2240769C7C3022055AA989F81EF9A0C5D7FB5B43C4B26,776790
potato/train/good/rgb/017.png,D645991E617034973B291216C41345AC0EFFFBC44E16E2820EA15D5ED02A0126,779463
potato/train/good/rgb/018.png,2ECBD20961CF72BA7E2CFC75064DAFC6F7CBE06FB1560B5AA5F7D9D967EB32CB,772259
potato/train/good/rgb/019.png,3E0557ED4BE35872FC5C7378EE2D8F801FDF1020D4DC3A2DB80F1160579F7696,773127
potato/train/good/rgb/020.png,5A5ACA87B95F7B46DB91CD8E1DAFFDA027F15F9AEE5A47BBBAF2C7AF697DE6D2,776768
potato/train/good/rgb/021.png,CDC7C9108475B0A75B0C560AD0906497791A8C0A1D019B520410CE0C416E8CF7,773428
potato/train/good/rgb/022.png,3F8DBCB5CD81CEDB0D62857F63C7219E58EC9303867DAFE888D20DA8F8343292,780727
potato/train/good/rgb/023.png,39ECEA8A4CF7AB16CA53DCC6294AF820542B315B81C683CA368D84F035B93933,782789
potato/train/good/rgb/024.png,93066FBCF11E6BAE5B3D50B27643F25DB631A2F88D93BB25528BC6B170F66FCD,773387
potato/train/good/rgb/025.png,216C46EE085E4FC034BC55A65BEF7488414DF641E7A65BDE54BD4F4C1369E73A,775224
potato/train/good/rgb/026.png,6C91FCC906804B90BEEB6297421BA4E38C438C60E8FEB0EFA26D79D46E74CBE9,769183
potato/train/good/rgb/027.png,9850F37E5DA90B350FE9039096F6AAE5E2E3B7C8672FCA4EB4E2D5E50F16A5BB,766010
potato/train/good/rgb/028.png,2B7E6484447D62956F5E9C9F728D90ACBAAA1AD4B0C67F52A0AC637E7D15B7FC,784576
potato/train/good/rgb/029.png,37D136DB0DCAA5C9E7D1011120899075B50A054EF73F1CD774F65F41B1E194F4,773868
potato/train/good/rgb/030.png,801A11F3F70EEF1A75BC85B851A9F4CDD69BAB9147F69F6D40EF380C0617AE27,772365
potato/train/good/rgb/031.png,79B636F20E2A070CF49B7C7C4D337E091E673CD08BF44BA63EA30F492FEBC940,771127
potato/train/good/rgb/032.png,5977756D46F7BEF85CE6AC3F084225B6F9FD4D18D92E77644FC8975B1C750154,779205
potato/train/good/rgb/033.png,BBBD2443B233BD2B626770B3E64C1B18EA1F7557204638385F1320B0277372D3,776073
potato/train/good/rgb/034.png,3DB421302A24BBE816115A80E3F12A87BD9AF3A2E2B4A0B6100D23ECB21231AE,771108
potato/train/good/rgb/035.png,CBEAC99F64F6C11BE80978982F001170CB6225F0E4E8B2D2D339507D5E5C997B,772269
potato/train/good/rgb/036.png,427626A18C3D616BE88B641F1FACD2AF92A0E0498C78ABF814512BE65975A20B,769708
potato/train/good/rgb/037.png,CB7FF3E786664B903D2E062F233203F3B58FC3E6D44E24111388626A86994BCB,773609
potato/train/good/rgb/038.png,8A5FF614CBFE3344842F57697FC10C7375CE356BD386C00DCD6045AD4B834A26,786100
potato/train/good/rgb/039.png,394A823EA1044E628CADF113E08E7ED4CDD737A1D736509AC64BFBD9934B7FF1,779805
potato/train/good/rgb/040.png,1F9A71FFCBE22695086387CE9A9423E7598B9FBF433EDDE469AA5D7DB568E793,780106
potato/train/good/rgb/041.png,7822063070FBACA801CB6B9D570F6230AF380F9633F6E6EF3A4D334795E230B8,776559
potato/train/good/rgb/042.png,2E764954C9FB83055076EF5DED5D35679AF519BF4D2AF34B6167F275C1058D4C,778837
potato/train/good/rgb/043.png,25B45AAA79E0FA4A2F2D4E71BE4CD6CD3D2A164102C51FF27C555D7EB30D881E,777713
potato/train/good/rgb/044.png,B311D5D9B68B2550380AA0ED1159B998AD6F1FBCF61AFCB906B4B637B8D69B88,770970
potato/train/good/rgb/045.png,6A6903BE1B64D2595332F42B975689AA5BBBF2B4E1318902039E6E899ACB847D,771568
potato/train/good/rgb/046.png,BF67E4897869F22701D86ACD4987EB971E705DF3202AC1410E4BFC71FACDE6CD,779307
potato/train/good/rgb/047.png,8C021A5BC7A782D824762E8202FE1469BA02286374667DF9AFCAD78A5B1C8B02,773913
potato/train/good/rgb/048.png,E7221FC42059BF50EDA8FBE7675B754055E6AC4FB62C7174E179A92B187418C9,771041
potato/train/good/rgb/049.png,0D410306553846F2BF599BDC56043A959CB70BCA8C68FDBF80893ECC5D34EA22,775692
potato/train/good/rgb/050.png,532C30E3D43D8E7554C42AC2070EB7F4EB5B6B08AB7F91EC88F3400229E09F23,768991
potato/train/good/rgb/051.png,A5BE52435CBDCD00A5C1BB9F0EF4FC3E31A761955FA172968848D3A92D78D76A,771522
potato/train/good/rgb/052.png,2C4D96FBE1720BBB6A73E059F2EAFAF188D733DFD797F7A2C1C4D6890E0B6B4C,769970
potato/train/good/rgb/053.png,F02D9963FB597DF8004A3A02CB240B16D3CB2A8B492A5AA0A173FBD0D2403F9C,768561
potato/train/good/rgb/054.png,65BA3FADEBBCFAD3DBB0651447C56A7050873293203F95753B2485FE9DE1E7E5,770464
potato/train/good/rgb/055.png,69EEF9C128798CDD05268C153E042ADE290119ECB6CB023EE3F49E0338E38BFA,772039
potato/train/good/rgb/056.png,5447B55D7C84AAC8F3874CA25A29885FF6F80ADD314188AFE529C3C8F2C8AABE,775727
potato/train/good/rgb/057.png,43330FDFDCE81959FCAE125E36CEA51122DE728449DA0F4E4761BE874C794EEC,777192
potato/train/good/rgb/058.png,2FC52CA5E200484A3459C16E53E66093C7DFC30BD0932F2ECB5AA08F494AF9C4,773395
potato/train/good/rgb/059.png,92E17720EDD922211C891B51F39CDEFCDD6052A99552DDC6D762CAD0606C14D3,777128
potato/train/good/rgb/060.png,9CDA086AF6047444F9AA5B2F89CA3CC123F4F145510EDEF9FCCCDD4EFB0BF86B,773266
potato/train/good/rgb/061.png,F4B3FD4FB6E77C6BE986E03505912319726FB65233C0F91EFF2CD99455B4B7D5,783698
potato/train/good/rgb/062.png,37434D976D2AFAAF2F1FCA9D4D2E3468746CBC78080B0C95AB202CC9228E7A01,777501
potato/train/good/rgb/063.png,8E22A9ED1EA2F42629FDAC646AC761CEE5F0F897DA9139E0E4470E4A9D6F545A,773070
potato/train/good/rgb/064.png,033442FC1C205F20729E4E8D561221184B9C78E9A969D0E10E05EB0653DD5757,772462
potato/train/good/rgb/065.png,597F5DA69147301CAAA7479357DF8204ECFE830AE36297069D2386768A0DF6F4,772634
potato/train/good/rgb/066.png,2EDD696EF8A010C768A21A01CD988CEC31719BFBF5CE1AE447842E94A4552E27,771242
potato/train/good/rgb/067.png,6B5E74E42B29ADB02C730B77BAC4275D92B12E5AF0B0B9C548576A30B1F72EAF,770787
potato/train/good/rgb/068.png,9AA46CAB63C2AEAA21CAFCB192E06A849E1A9792590C6DDFEBCC8A4313D9B6C6,768600
potato/train/good/rgb/069.png,5352624EB5F9E757FA9C374A2D4C67D227F469BEDE1507EE0D7AC93DAC0F2018,772263
potato/train/good/rgb/070.png,61023D9E68225AC5B877BE06D658B50E4E61D5724ADE1EBA03F2FFE557E23AB0,771262
potato/train/good/rgb/071.png,C79B59B280B2A867608C295BAA4B93C6ABAA5F6DB147E909B727A16A7A3C35C5,774304
potato/train/good/rgb/072.png,E75FFD7D81FB974C1C4E39FD14B15CEEEFB8FE4BE835A90FBEF1500CB2C413EF,770808
potato/train/good/rgb/073.png,A765F330575F9EA9071A926B30EDE6191569DADA81C138DFB841E4FFACA68D8C,774714
potato/train/good/rgb/074.png,A483D6EE116281EC03BB0F3D94BE605F241A8076D977502DBAD6B3FD0DB35D67,772779
potato/train/good/rgb/075.png,8AB78D13BE79DF3061C5B7F527700FB323289C161B1FD50AE2A0A21707C50BC4,776884
potato/train/good/rgb/076.png,9FA6D6F98041E38F3A3A706FD225EA517B5312C6B4DF259A9EB3B77C53AE5704,774720
potato/train/good/rgb/077.png,29CB0E22B0B56C97A0B3DEBB1F95CE7E7AD6C259579C064A2919E32735407F5A,767917
potato/train/good/rgb/078.png,2FF05170828692029656CAA2E00071B750BFCDD17B1793ACE0C24EFDD16D1612,772903
potato/train/good/rgb/079.png,DC02224A5E96CB7997216C5E052A481BD5AD6177729F604354D9430D31B1CD6C,784486
potato/train/good/rgb/080.png,D360E04E22372F0640181B3EB03B7BA4F2C083555D0675DAE24EC189DE36C6F7,780312
potato/train/good/rgb/081.png,0794ADC0D90E23CA34360F40B7B934F11D1F6013B64E921EB05BECFBDCAB606F,772445
potato/train/good/rgb/082.png,1620895844D02E9F8071ADD88AA8404F4610904F51140203DD0F6E386D946469,773178
potato/train/good/rgb/083.png,56333D705AD8E534498CB9A62F551FC2800A5CDCC5D92C473EBADBFC2E42A016,772964
potato/train/good/rgb/084.png,18451578770570023F8BE0B9721569F25207E06F6E5BC34C7F990291D49F3567,771172
potato/train/good/rgb/085.png,91A61623643129C8D8DB3E5C510DC9F9E52A609A670098E6AA5AD86533BC0D2A,771701
potato/train/good/rgb/086.png,152BA9B4F925ADCBBBF3431AEA4BD338A02DF4392308F9FBBD03EDC075CF19DA,770618
potato/train/good/rgb/087.png,A7010630F8C3F93BE4FDB46E76EF0DDD0BEB9AA0981C58515FE8E2A0B63A1C93,777292
potato/train/good/rgb/088.png,FFE314B6A90A88E5886FDD6B315D8638489AD41368F7141A8395A2C179C36C9D,780890
potato/train/good/rgb/089.png,B8A8CE4194AC618B776FCBB18473DB05B088BED15C949B7C36B9E201D5A886E7,784388
potato/train/good/rgb/090.png,6222E4401FAABFEFC590CE0D9E56792652745FF8C26D5E124D8E699D75D752AC,776978
potato/train/good/rgb/091.png,36DB128839DE937A7AE992F4023E9EC7AC84E0BA5DA39F5347D341EB76A65147,776042
potato/train/good/rgb/092.png,1D0EE0E9C840B920526A1E8B8FE37E8C2CF7CDC0D7F5D320F5FC6CB9B92556F1,775686
potato/train/good/rgb/093.png,C0FB52316D682600A46F327A23C30760D32E7974D84409929E4AE89E2C02A1F2,776991
potato/train/good/rgb/094.png,568B71DADE36BE6BBA3FD0163567D6C958F4B11C94F33AE6596EA63E390B9C66,778255
potato/train/good/rgb/095.png,D59C74154CEF0257462C467F23C3BE12BA1563D41509EE9D606AF4963A1ED0EE,775528
potato/train/good/rgb/096.png,E449DABD7F3863B4D5FED4B5E7BAD1C67D8D6544360EE9B5C3C869DA674648D0,774257
potato/train/good/rgb/097.png,2680E43885867915C4E6F9A43CA24205B8AF3F8169AB8E46A1255FFB9B05914D,772863
potato/train/good/rgb/098.png,6CC9A361F402565549E372FC494291EE23F5F586B45BBBE66C5DC3107CA05EE0,779337
potato/train/good/rgb/099.png,63F84B1925004B1C0DA6295AC795A5281117527104236847EF0BD8436FA724BC,776403
potato/train/good/rgb/100.png,DD85792B29681994F13F18C21A9964FF7073DEF62E1DB78C25EF0B4A671B283F,774973
potato/train/good/rgb/101.png,D035FC37D4E1604A7D774FFC08D743F034B6ADAD5625765D02B989810163180A,774824
potato/train/good/rgb/102.png,BAE598EA5D06A205F5D100D4154FACF71DEBB50D8BA0EC7617414B5EBAE60138,777803
potato/train/good/rgb/103.png,E188634BF8F025B219255B763FA895BE215746BED96E8936AD357CAB6021164C,773240
potato/train/good/rgb/104.png,EFA21592A3679A793DCE61B3D3F076968B0F0A5B65D64865B3F1B3614A2CDE22,778748
potato/train/good/rgb/105.png,BB64FF5ED6547EA037F0972F0A95AE33058941D4D9BE177D38765CB60E56EFBC,776570
potato/train/good/rgb/106.png,6FA6BD583C71094340DCFF57E732B646ADCD546FDADAEAA46852204E2E2D7161,776184
potato/train/good/rgb/107.png,757D9FC78FCCD228CF7C7CA2F6371E217DFF9BE7157E16A28355400AD59E0909,773301
potato/train/good/rgb/108.png,78B858FBF3BC9E4E59ECBF7FA9440BD3BF0717158665953977BD13D44626018C,773172
potato/train/good/rgb/109.png,8B2A994E4C1D306D6C16263EA0E73460955F612D1E40D7B5C78E79487796F703,772117
potato/train/good/rgb/110.png,16190E88D032368C277AFD0FE408466F19B6B92BECDD49B1CA30C35DC86C2F93,770183
potato/train/good/rgb/111.png,B762F7761C84DAB95D707DE3E64ADD05AC123BD7B845EE185FD92D5C6A224FED,768192
potato/train/good/rgb/112.png,C59B854617E17B2A55806FD2A7303F6FA9CB6BE57FBC6D982F6EF15F10E11024,785847
potato/train/good/rgb/113.png,6A2A4290B618E4932FF06540D8E17886A678401E10B75309AD37207D784A5F8B,790254
potato/train/good/rgb/114.png,3629FEFA0C98E9FB5C81EC66049197CB1F9921A1FEFF84CADAEE9BDE614AACD0,774642
potato/train/good/rgb/115.png,97F110D181BA3722872E9304FF9D105609AEB4F654B435BA0737A6C2220BB2A7,776030
potato/train/good/rgb/116.png,9A2E9D50C39A81AD03572187CD2B668748BAFA7096828EC3E6A16A4DB812104B,781375
potato/train/good/rgb/117.png,861F315BB6812BB56B16BEFF85BDCB1571CEA8C08FC980875DC165AC9331545A,777679
potato/train/good/rgb/118.png,EB3D776724AD9107AF8801397C42AFBB599DF48F2810AE1104C57E2AFAF325C1,779575
potato/train/good/rgb/119.png,E7E8FC48368BBF03D62655B03F258EAEABAA658ACE19F6303859C9F1282EC4AB,778286
potato/train/good/rgb/120.png,B43EE796867D1E156778671B0F16BE78EB1B07FA107BBD7BC752CC05107D1876,782970
potato/train/good/rgb/121.png,B10E4F6E047773CA92BF4C383D7C8178143CBB386445D601F3F9ADF7F7133CCE,785848
potato/train/good/rgb/122.png,0A47B0957B900ACD53D0D2FE9AA72EDC80802BD5DD587D92791AED8A7CDE3DA4,775157
potato/train/good/rgb/123.png,8601A4210772C1108A3B839B761F40D0E72EB290482591B78ED35458C5A1E689,776037
potato/train/good/rgb/124.png,7D7B290C6413274280F9CD320FF0C31B529F01CB9A36C11033B5DD5B03BFFAB5,776216
potato/train/good/rgb/125.png,D2A778E5E14E98B045E538C5B7FC490E55378011B747FBD984AF374254212C5B,776358
potato/train/good/rgb/126.png,067297D83767BAB7552EBA78D2417B6C0D9CAB291722C902D403AD9EA344F37E,772681
potato/train/good/rgb/127.png,A4B00544F07A4C3FA07DF0820578194E89B1EC8F554586036E7F89C554DA1614,770550
potato/train/good/rgb/128.png,E469F4AEC4F7D2629EA683151683BAAF27B8CE5E611A29245AC4E45E933EE485,773634
potato/train/good/rgb/129.png,4A58F73AD12B68FC51C668FDA49259549538692EDAD7A4DEB01C73584CE60F32,770933
potato/train/good/rgb/130.png,20CF96A2A520FFF13C7A7CB445C67471416FDD7B958688DB05432B544575DC9C,782510
potato/train/good/rgb/131.png,C1A7956B8873EFA4C09BC753D59F2B3EE90456B08B26131BAEF4F74DE02BF527,779402
potato/train/good/rgb/132.png,4B72AD3DD8299F15E85A3B31F40544E85D727EDB6BE688F24AE8FD805FE7DC53,785430
potato/train/good/rgb/133.png,A4796D899F0E9A77EFA52A9DD5BF239F75B74763412356A2702D5C3374324D66,791624
potato/train/good/rgb/134.png,BD64DDEF2DFFECDFC62AB52BE03170D51090043E8EA5FF06D1454A9112DAD7BA,777254
potato/train/good/rgb/135.png,7703D1C53EAD02F1CB52B1A4D49D2E119115DEA7875A404E5EDA3B62C00B28D5,782229
potato/train/good/rgb/136.png,08872D7578459B2A9FB4BED450115CB9274D08447AF157379DA43D59C15C11F6,769846
potato/train/good/rgb/137.png,D0BCFDD513F53C62B68096FE572DD6C6491457BE8C461B28CA67D44B7D0BDD14,771391
potato/train/good/rgb/138.png,33B5CBD1F0B070CFF3BAB9E247CBCBF7834251DAE96C689AECAC497D8D800BCD,773150
potato/train/good/rgb/139.png,8EAF0A2D3E158B06D8FAB17E70F525B8C2CAFDC1565D67D924D8D6C44DBC9F6F,773364
potato/train/good/rgb/140.png,46B3BE034616FAB133B275C2A31BF5A975B1F27B6CDB0D5B06C29B65FA21A5A2,769153
potato/train/good/rgb/141.png,077B9EF2D558476F2716942985D03D70F670832CE4A8A4CD2D5CE2C672EE2151,766444
potato/train/good/rgb/142.png,65422275EF9A123DE941DE5F8F131EB93AFF8F4E270DACCC7EE7665993E20242,789108
potato/train/good/rgb/143.png,4EBB47FD64E289A804896017704C1664FF4FED325DD942664DBEA0E18AED71FB,789687
potato/train/good/rgb/144.png,9964E7F6EA6EAE1BE19F7D50A09C06649C24D69B17BA79098979DA96D062BD03,789736
potato/train/good/rgb/145.png,750B5FE4AAD47FA291989841F5E6E03C641C9AFD0AD18DF95116D9680BC4AB92,781429
potato/train/good/rgb/146.png,71FD136F28A25376CA0C3F5E1820FABDFB7B7FF3C5B5E85AE66AD33723B3D637,766245
potato/train/good/rgb/147.png,29EC71256318E5CC7529EF9C4E9DF92EE79DE90B65FB36A7C546259E79C8A811,768075
potato/train/good/rgb/148.png,35224267A60497ED9884D7D0931FA41F798BBCE05BAD20405E209A67C1255B23,780243
potato/train/good/rgb/149.png,6DD8A20B0019EEDDBFB4D9DF161C603F36085195234ED4B7E77E221B3BCBE3BF,782034
potato/train/good/rgb/150.png,4D0A74AAACA62AAABA29F55E69CE1B9AD2DEDD45EB13BE0F7C2C28B61DFE6B5B,776560
potato/train/good/rgb/151.png,2DD96E7D17665BBBD8F25DD8FCB0AAAB677F0A2FFE25F28DA2BB6E712F6C4978,775415
potato/train/good/rgb/152.png,ED1C47B75A2A644A02EB3F24C9B57FAE27127CAFAFE692E561EEDB53646DEACB,768839
potato/train/good/rgb/153.png,432842B0E4EEBA9C067883EA08402BA7CF1D03D57A81C71C4CBD67B13F7781BC,771828
potato/train/good/rgb/154.png,6070CEB0FD5891709726CCA44A834DE0C090AC1D6E46CF11EA96A0D4491B3367,769756
potato/train/good/rgb/155.png,9615EB9E286AC73964995B44498F8F96C20C6A292DDCED62FA1D3BC40B093A8E,773346
potato/train/good/rgb/156.png,6CC9938BF6915DCA5F908FA5532DB477D15D7FE479D5E2574C66F5B8E3E84AA6,779922
potato/train/good/rgb/157.png,C9F89928ADF97F17E668258FFFF20A40D13E5358D3CBD8CB748EAE3173E6F689,788232
potato/train/good/rgb/158.png,E336B75B5B333464D067C7F49937CAE17C7C44D1C64ADBD2744DB85676065289,780295
potato/train/good/rgb/159.png,752A1CDC7180CC9FCFC0D6462A03319EFA9C51583E129432F855E02FA77BE908,783930
potato/train/good/rgb/160.png,A3F23090295B78D6A8BB08B8EB6662A2A6CD93912A0FDCE6C38D65466DC9B5CA,781707
potato/train/good/rgb/161.png,2461B66B3F2B5E497A3779DCC04CD45087F304921E9412B7F43FA34E4BBC20B2,776468
potato/train/good/rgb/162.png,BE256F566996141C312CEE9C45104E96A317482D65AAD6E58C29441BB3C2DEB6,773625
potato/train/good/rgb/163.png,00FE2FC52AE54B909C77CC2B544CE46F71E1879ACBE6FD8F4404CF63E0D671DC,769398
potato/train/good/rgb/164.png,FCE9CDB2112DB83214C2945CDA223C03B454474DB6537FB2BFC37CD8CE517422,779454
potato/train/good/rgb/165.png,33B6F7FB7847F77B134AF93A5058AA4D0FDC763567202ACED0A2A51D178848DC,780176
potato/train/good/rgb/166.png,2632A1A16A29FC1182815B81C06DA655DFBF2682B3573978229159A374A36A7F,774230
potato/train/good/rgb/167.png,5E4DF191129E3A2748B81317F0B2D387C964A9413D800A2D494C9DF6ABFB9F52,778829
potato/train/good/rgb/168.png,02B065B8D0C127FE0E05611B07A4E611634F85B49340DC2332B13C6EC1AA5B96,783162
potato/train/good/rgb/169.png,422FDF1F2E339504D386871053B71ADCD0DEC0191146193CD2D50881B0325789,776043
potato/train/good/rgb/170.png,A1E21349AD75D21FCCF3F92DBB50731D3D8CFE2D0E6DBDE561CD42F3053FE8B3,774497
potato/train/good/rgb/171.png,34209012391A50D2532B151EE0E9327C477A10EEC571E887EF4BB9E7030A0BD9,777871
potato/train/good/rgb/172.png,FB009E5F00D09B973232F0CA07D7C5B15B031109FBBB8377A2CACFAC2844A5A5,778292
potato/train/good/rgb/173.png,9A872EA9AF6A5985581A38A45DEA9850D0045F95B924559FB6F3505AA149B7B4,779721
potato/train/good/rgb/174.png,3E1D1068A18D7B3E16CDA398174A27EB75EA58BCF1DC8D9BA35AF818550138D7,791849
potato/train/good/rgb/175.png,91BE28989B54ED88E95894E4422C31E8F1501F5FC2CB7B7C2B73176AF5287E6F,792091
potato/train/good/rgb/176.png,BFBDFAAD01CE77AEA39652295E6D085267AB72F6FF100C52B808D2FC74C6F04C,771397
potato/train/good/rgb/177.png,D87FA39F5146352869590A5F1A34AFD1FC449EE057BCFF7CD504A49E9286608D,773482
potato/train/good/rgb/178.png,07E953D54E715BEAAD04041739CE752A293FC0A519E15280142A21EBA4DADC7F,706474
potato/train/good/rgb/179.png,C95250D70898AE4A27FE27B6C832F3AC1975BAB61AB68ECF5E606295687BF3D4,707485
potato/train/good/rgb/180.png,85462DD28AFDA77E1ED48C53ED47DAE3502BE7345AC50DD97CE73C1DC05E9635,708249
potato/train/good/rgb/181.png,829675AC493DD1FE964724B82DC6CD06A394736660899A85491F1EE3F8E24FEF,709390
potato/train/good/rgb/182.png,5A0F0CE265D9E6C5145BC663C4774E6A32CC2BCE6B3230732027B7F11E34E61B,709902
potato/train/good/rgb/183.png,1DB8E647DC03E636DA684EAD8BB513C832D351BA82C3778F4BA64002851F6266,707128
potato/train/good/rgb/184.png,F3C47D3A1A6616C80E2851311E8A03423E668F09A023CD51429C75D99F1C81C2,705844
potato/train/good/rgb/185.png,B3532382775690D00AE31BA5BBBA1CE203D197E0A891AC691C0DB75E69270AFF,707892
potato/train/good/rgb/186.png,0A718656790C7183CC648C73EFA513A7368CBDF98A9CFB052CE05D95C9425357,708409
potato/train/good/rgb/187.png,37082CF44EB515DFC3C3C974A6010598183DA922B2BE902D31D9B40337769F3E,706090
potato/train/good/rgb/188.png,55BF5CF5982582E33D877FC2BADACECE9DC3B98D246DB6717A987B261DC45FFB,720997
potato/train/good/rgb/189.png,DB2BFF24185D719FAC564E0A8E284E4AFCE0D28C5D5BB3B925868FE9DD627B46,712503
potato/train/good/rgb/190.png,F1D8FD70094C989C365BF2437DAA6B183F6D2E5774C38E11D8FF9335DBE8991A,707369
potato/train/good/rgb/191.png,12FFD420688D504AB4578AA9F3F979A5BE8AF582112E9D3614F1B045D81EAC25,705420
potato/train/good/rgb/192.png,45CC5B7237F2F5597F5DD4966B4F6EC50BC581B0A0C4BF0B87F2E94FE43F9BCC,709586
potato/train/good/rgb/193.png,6FAC90E4CB2F27CE317E0A02D94622F3A275D9B6B6BE94F6D2923E2C796D20C0,712274
potato/train/good/rgb/194.png,93B27A65C86690279A4F5BDCEBB88D89CB078807E0719379EB651B73F8255BD7,711339
potato/train/good/rgb/195.png,BA452FEF5CCA5EDE7F52C608DF17284F0539A8115D0F75445EC4676FAFDEC89E,714213
potato/train/good/rgb/196.png,F0C3E191C2260E1CA869B874D75F36D82429F391AD077318DE765EC2B6F94D5D,711285
potato/train/good/rgb/197.png,B6C0827E36081CAC0B93E4F64CBD534BE642CED63B38A1E79B054478B6FA9731,712354
potato/train/good/rgb/198.png,1BD8885847891EC0B9D62DD1242EB765E1225755F81083D15CA51046D924C4A2,724431
potato/train/good/rgb/199.png,5BFE0AFECAC16CF9A818D0EA99C455C252FEF2728B5510A57B8225B924EC60B1,719165
potato/train/good/rgb/200.png,EC5FB55C2EA04E93E9CF04134E355357A5F8567D7EA523201FD8F0ACD078AC1F,710790
potato/train/good/rgb/201.png,A3A8E794349132EF4D5F29CA18FA716EF9A58A0882C366601076DA775F0863AB,711996
potato/train/good/rgb/202.png,0B562A39CDFA216B31C8A9431E930F596C128056B3491174760BA513DED7EC80,719422
potato/train/good/rgb/203.png,9D8785B4F7C665750EF17B064C88D0652529D6E44F9D683B098A4BA98C0D9C34,730834
potato/train/good/rgb/204.png,B909405158F638011D5199CFCBE6F3C8CD2CB0E5FB274F15AA6740204819A2E2,719298
potato/train/good/rgb/205.png,302064F95D58BAA948E9FED6A4D9B1F3B515DC3D1EC5AF0E1220E8A5B96147E0,716533
potato/train/good/rgb/206.png,116FF4EA3686EE7A7176595BB4FFEB0455F5A0B02B59E78E4F79F88E1C0E9737,716579
potato/train/good/rgb/207.png,24FE2D4657A482F4054E8DC7512352236406B3AE50ADA6CCA4C1DEDE63CE577E,711929
potato/train/good/rgb/208.png,4C1DC72CB294D6BDBC91538CD1582FD497AD04B368BDA578F105C55FACC1F8C2,718864
potato/train/good/rgb/209.png,3E252CF767C5460B3ED719EF42489931FF0BAE37D68A622A48704F1893FACCBB,722336
potato/train/good/rgb/210.png,225276B9699F818DD7BAE1B30EA8666A80FF4C07D65FC289718DB65DA49335A4,707327
potato/train/good/rgb/211.png,B9584821E790F22D8D9C56CFDC6FF60EE3F8452535E986AE064AE0991676F75D,709898
potato/train/good/rgb/212.png,8CCF24BD55F7BC055FA1A34BD89F42343446220EE0A73B2FF577D849F55B3FFC,713573
potato/train/good/rgb/213.png,0FC4FB3A1019762473ED03165CAF56C27F7D16D02ADF65B7D550A5177B4E6592,712037
potato/train/good/rgb/214.png,2226A25B4032362D925BD7113EC2BC70DAAC83ECF0795F84C28F20E7FBBD2941,707731
potato/train/good/rgb/215.png,FCB0605C1C7D07B640CBE7790067187704823573849CEC0E005A58C837917382,711706
potato/train/good/rgb/216.png,C9EDBFD606AAC0FDFA7B55BE02DC15B638DC4590A3ECE06D967F78218B53AF2B,710851
potato/train/good/rgb/217.png,1F8A220235A28F075976F332CA59381ABE64B434A3CACD1D3F8BEA7B9DC9F728,712858
potato/train/good/rgb/218.png,6AE9D172C0B78702BC8F3660FEDE082BF975959CB63691D0A9132B193C2BFE3A,710158
potato/train/good/rgb/219.png,E0E2D890EE4D6475F1B7604660551E240715CF5D2D5F093D051CA72A93E1A30D,705868
potato/train/good/rgb/220.png,E2ECCE75F2B7519F0906BA1C6AA58B14AD7E4B5CFCB988AE8A0DE4B3077138ED,705674
potato/train/good/rgb/221.png,C7D8ABAF63876ADE7A6EA7A1D309B6649A236B01D765948E2E7546AFAD961EDA,709034
potato/train/good/rgb/222.png,4EC0C4222CB2200EADE3FCF45C29DD1038EE7BC660CC87496055B64E69328682,706246
potato/train/good/rgb/223.png,91BB43823BF2B3D230DAF77D062026786D0A1F1EDC567E3DEE946FB7CE496FE7,705498
potato/train/good/rgb/224.png,8BC0FF8479490B5245F03C28CD6E6BFFFFE87FF633C119E4F57758B0D32C0A0F,711480
potato/train/good/rgb/225.png,7C1A30BC500B65720A98125F3A13A5D0834759F3CEC90D6AF75325E9D9475AB4,726839
potato/train/good/rgb/226.png,759F1B1B5FA648E114E789043996A9A58DD171EE336DF362F7B4299E42342330,724005
potato/train/good/rgb/227.png,7AD51992EC8890719174022BF4F1456619AEA9F060B85D630730F24E24DCC14F,711770
potato/train/good/rgb/228.png,E8354849BC388172D0E96C005C722569CFD12E7CE0A3E5AE72F5BBB36033B146,714344
potato/train/good/rgb/229.png,2706C01705F24124A75A089BAF94AD81B91A52390D2B3C7DDCFBD8FBDB07758D,716035
potato/train/good/rgb/230.png,CA96D4D11F2DA30A9042FBC27CD5C7E14E04E09502E67D2E13FC5B79C054BF90,710322
potato/train/good/rgb/231.png,823C39FE723CB1923E2754495A66876BF256824680272E0E4E5CD25D3D691D78,712134
potato/train/good/rgb/232.png,47770E669AE016FF80F336F1CE7285C7F3F572E82E6162AD9185D26C95A29FF7,710757
potato/train/good/rgb/233.png,447E504A43C5068974C97C0E174254F5A0BCBABAD75B6A21F721370C0257E660,711262
potato/train/good/rgb/234.png,ED4E78485363E505B82E1CBD737818A57D5123558D963A367D96B442A64404AB,717224
potato/train/good/rgb/235.png,BA4E106A139F8FFA06785A268F5A94F449AC39E5FEBD1900DA2F685E8467F3F8,716482
potato/train/good/rgb/236.png,72B27A905BA6FAD583F631D113BC130065CD6606CD7811D8F17E8284924F32DE,713210
potato/train/good/rgb/237.png,9C961F1D44B85AD8DF8DF4818653A9D33C59484E692131784AF66E43BE84A9C1,717473
potato/train/good/rgb/238.png,D1298245CF3AB03F3BBF9AF641D5962190829453DC371A750252954E19C975F6,720169
potato/train/good/rgb/239.png,03EAE1BED89BA06F0ADE15266A2170C7CDF126B7622D7D5509F76A3FCB05A2CB,713830
potato/train/good/rgb/240.png,3E9FD8554D1EE48AB5B29E81BA85A238528C6A093CB7D72C87FCF740ED915555,715079
potato/train/good/rgb/241.png,C238CCA4E0963D475C827B4E7807FEFCAE19D9094A874E23D41D04682403FDD3,717024
potato/train/good/rgb/242.png,D58917B101925F3EDB027BB9AC881E8BFDFA9B5511104BD288C0BBE41F1DFA7E,717151
potato/train/good/rgb/243.png,ACA7426B6CA466E4C9802B2AD24704DB535D711E4B2162E3E7ACD7F9A2EBC246,711603
potato/train/good/rgb/244.png,463F988A8F7769F01F368DE093EEAE5B9C206A384F86A2807A9DA4F0924D07A3,725996
potato/train/good/rgb/245.png,F964ED170BD05772A9393C54B4F85A8E329E5E5DC29F1E014204366BF7DA8276,725943
potato/train/good/rgb/246.png,5BED40003790972326658D5B60EEABA9DE3E1F3F676394411E9BC602019D6DA2,718408
potato/train/good/rgb/247.png,85268F0A5D7C0326B3E0EF2DB7F33E9AB6C47C46849E6D66905131B58FC4BF18,711720
potato/train/good/rgb/248.png,FE1657E565F4AB2332E985B4205087200F15F46B6325FC596671EA098B9116AB,720359
potato/train/good/rgb/249.png,4951545754CC13F94DE373BCB9241287793BA5C8F0B92EC841E7F99261B73099,715504
potato/train/good/rgb/250.png,A5983B8DB09397E0919CC6798912BE37B5F1DE0775B63D9FDB96A06AB7E5802E,715336
potato/train/good/rgb/251.png,1A3D2CD5D73922B525B5F2F5326BC94D4054D0E3143C607151665C6BCEFD995F,715646
potato/train/good/rgb/252.png,A0FBE76623EE591CC0AFE6F4BA94895321C004F91F54E18D020DAB26C860A899,726276
potato/train/good/rgb/253.png,F4747EB6FBB6D877993B469EE9576816E42E09EFEF266FE36A9F502F61C9F695,720991
potato/train/good/rgb/254.png,606138D617C252AABB979CE6E9A6EE3A60E02C5CEF158747327A64B769705D0F,708536
potato/train/good/rgb/255.png,C220BC928815B2D80B94908F49A9694B87392BF21BEF8454CE3089A296CE1F33,707488
potato/train/good/rgb/256.png,3552ED7C2A9D8889532A875B7682304758DD78CEDA1D75897307E37F941D7C82,724250
potato/train/good/rgb/257.png,FCD1771A60CBB4A005E98C93AD8BAADB293FF0CD6A4FC467102EA85B4DE8F523,718466
potato/train/good/rgb/258.png,21CB82CABFED786E8425E0EA323D38FCDD7066850CE79276A2B34A25B8C0824F,716074
potato/train/good/rgb/259.png,56E9AB023E25C279CD5C3845AB6D7C810DE62FFE9F06B353C1F898EADB75221B,711049
potato/train/good/rgb/260.png,8CB3ECA6FAAB0D6943E796E3BDFF87541E76469598DC59CAAAD4364DAAACA1D2,711649
potato/train/good/rgb/261.png,E1EAF0DAC5623F17CAAB4EE4AEB199D40BAD5D9194E08F62B3679BD56E9351E3,712413
potato/train/good/rgb/262.png,92932A664244C6DD6454D672355665A6B202532B2F35258F4D6EE79FE3BCF416,713437
potato/train/good/rgb/263.png,DFA54F49F5FC1C00EC78E0BAEFCB52CC41D7E211A72EEEE9C4D370EED3CC7C0F,717790
potato/train/good/rgb/264.png,FC7A577EE266DA71460B11A43F0D13C581EE3C2F3182BA9845299E399E5FB5BF,719782
potato/train/good/rgb/265.png,72BC5578C2B37D666E57FEF32B9196D2A5A6CEDD9EF34CCDF79A3517E02A26A1,720337
potato/train/good/rgb/266.png,B469925B2BA915F2B876494FFD90E6AA55E0B9158D98A957B46B9B1D24C65ACF,723012
potato/train/good/rgb/267.png,8B5638D84B3CEE629DDD5BFEEE77E83F74F2941D7213702914E9378448E461FD,731078
potato/train/good/rgb/268.png,7C5BFD6E50406E3C5069083231CBCCC72221233DD5CBFE4BF7FE76C387206235,726324
potato/train/good/rgb/269.png,63CA00A9486751E9EACD01D7418C2E02767AE7E983113EEE8A16BABC666ACFA8,718997
potato/train/good/rgb/270.png,6A191CF48EAD485D22A3936474A84CF64CABA46442F78FE6C71E9060B96CBEEC,722703
potato/train/good/rgb/271.png,F4477D113C2BB1008D6266CA5FB358FE22DC0EE851565B26D85093458216AD88,714180
potato/train/good/rgb/272.png,28012C70C22E8957A7D3BDF9298EE7B889DAE73ED0C0C19122AB801E2024C2A6,712160
potato/train/good/rgb/273.png,7FFBFC86171919295AE8FB80CB2F683FBF36D7C3696F9C1D6D6E98A888EB7002,717517
potato/train/good/rgb/274.png,30BDB2C752AD0E37EDCED503E596C77C19FEB8AAB53F51BDA657C1D99C14FD50,720831
potato/train/good/rgb/275.png,24F5B6F34E05D553F9C7E2774CA6EAF10C23FEC5E4A7EE0DBF4E12AF60A35354,715565
potato/train/good/rgb/276.png,C341B1F9C17F6ACCC6F2CEB1F3BC2780CFD0C50B2F6AFF0C98FC856B03BF386C,717742
potato/train/good/rgb/277.png,343035FBF1DDDA9F0D4462B306C289C33FD2DC65D9C5D3E55B035257CC0D8485,717549
potato/train/good/rgb/278.png,DE4DD7B77862CD3C673D7A1D851312A48829760B3ED391E02A22E569D58ECC00,716507
potato/train/good/rgb/279.png,3471CCD678F6F9F42EE4EACABA49CA1242167190E8BEACA4A3D853F75A436B30,714051
potato/train/good/rgb/280.png,D482C52F74580D743E2D9BE81634D22BE3F5D00A3C74A8F411A6F4ECAFE303B7,719912
potato/train/good/rgb/281.png,AFF86F3C5674BBDEBFAD9BF8AB85E2059A8795984598701D6E50030AD150BFA6,715790
potato/train/good/rgb/282.png,06D48FF915CAEB0E80B2AF57BE93EBFF2675BE9653FE2B34B061D4CAA9BD871E,716042
potato/train/good/rgb/283.png,4DF9C3CEF3FEAF31C146A5C20C88E37CE9067D79ACC98D6F5F79B51E545D7898,717018
potato/train/good/rgb/284.png,2C27DB1EC9802D100EFE52DF57BF7DA088037A4BF5499FC39D4BCE8C56CEEA06,712689
potato/train/good/rgb/285.png,20A356EC1048B4C9951EB019778C8E39D0025DF7E33E145D8CD4F0C6381D5A4F,713547
potato/train/good/rgb/286.png,7BD6EFFE22AC650BFEA1E1DE9033AB29F5ADDDDE8AEE1FBB0987261279A43940,711698
potato/train/good/rgb/287.png,B248533E9981006AEA66DD4CECB19161232E37BC307DF9E83BFB404D3BF8DF30,715715
potato/train/good/rgb/288.png,027930F92DF85744CEC2EB0DA07CC6D91FBBD5E5BEFF84E0A964ABCBB80B1374,715081
potato/train/good/rgb/289.png,7C100BA75C0CDC14CDD99FE1F50CC89EB0956B34E1241B4DBD27A6C9F2972F36,708805
potato/train/good/rgb/290.png,5A277DBF7D8447EA7155596071B07CEE34C257ADDD97973912B483DC5F709508,709161
potato/train/good/rgb/291.png,DF8AE886A35FD3A84F86E79B9DD7E0A9ED8D3AA21CD49272EC1445F5292E0A6A,720373
potato/train/good/rgb/292.png,193CA5ACCC1B294D3B00EBFD8D2C26576A23EB5D9E190BA50EB9EFF23AB3D648,721557
potato/train/good/rgb/293.png,A340EEF29F14ABF9A274F29D914679B3AE37D3DD89A2D0CACC966921E4A71921,718758
potato/train/good/rgb/294.png,026B16BA77B921E6463457EE104B3CA0C98C6DCD861078894B40AC3398EC25A1,714446
potato/train/good/rgb/295.png,53F8396A77DA7E569C93CBDA9AB84E34D32C1C9C8EEE42C0CC72498DF7810319,731660
potato/train/good/rgb/296.png,FB5F8D5524AE0DA01DDD673A2E3FA283B27870B4418F363EE2260718DE2FBC43,727453
potato/train/good/rgb/297.png,BA3C97A6F0EB6F0BCEFFE40741385D12ECBE7A5D84B6C18DB5C7C999F6552AAE,734517
potato/train/good/rgb/298.png,D4C930B0493511212087E34B1BCA3FC6C4F1D1AC88FA2C65E5850908B1003575,778290
potato/train/good/rgb/299.png,DE43E22EED51FEA1524311C72BCB6654BFBE1CB08B2106EFB26C9252ABE9FCEB,780258
potato/train/good/xyz/000.tiff,2D3875E62E224C6EBF804244A78622621301A14D1EA3AECAE7ED71420DCBFD91,7770206
potato/train/good/xyz/001.tiff,C86A0AD580520AC00832B4214A4B2B56F4FC2A055CD25AE092ED48F3B00204D3,7771724
potato/train/good/xyz/002.tiff,22F88808BDA710B9A077CAF72E0A41A384059DFFF7DCAFD43A6BBEA8873E7F97,7768840
potato/train/good/xyz/003.tiff,DCB709526013A09C434A823804816892D7AD4E289DF810A410AB3C57858293A1,7771294
potato/train/good/xyz/004.tiff,49004CE5BC7BD1B02A6685B5C0F7E84FE3F53B16E35470FECCBBF6171496686E,7771786
potato/train/good/xyz/005.tiff,22C9242C05005FB0DD3C826AD0AE2498317A54B9769553507C6E1FB2006522CB,7771286
potato/train/good/xyz/006.tiff,E16CB23667732642E55E6519ADCCCD44A44E6FCAE1B69CB18ED212B2DB6680F0,7771586
potato/train/good/xyz/007.tiff,866ED2E1EB298A857BC160C2A1369F758EF03E54F25C838DBC9D906B9DB8A7A5,7772526
potato/train/good/xyz/008.tiff,1034AF5BCB029142B395BF05DB0F22D6F644B2A642B3D18C9C4276A2F050BE64,7772652
potato/train/good/xyz/009.tiff,6F38C299324AD25571F083410BA3F230587B343E36A6895BE921218313F9DD5F,7772890
potato/train/good/xyz/010.tiff,A095A18F2E73FB25D1C3F360A2132D82ADD5C5AA62771D3BF9071DAF2ABE4011,7771812
potato/train/good/xyz/011.tiff,6517AE88642B219D13C99ADDEB5CAAC72D3791B3ADDCE61239BD6FDB5E9DFD4A,7773236
potato/train/good/xyz/012.tiff,E5C191EED58BCFB2C7A0F25168B554EB83FA5F379CD1ADC8325386E67E04ED90,7771922
potato/train/good/xyz/013.tiff,37998C9918D17E45DEF68DFFECD568BE2EC21AF51DC34D1246F054FCA6B1B0A9,7772228
potato/train/good/xyz/014.tiff,1F58CC82D6B4F3B5F70B00DA6E53D5558AF0ABB6D90AA84179BEC0550CBCA0BD,7771952
potato/train/good/xyz/015.tiff,B928CEA996454DC79A1B56998BA7EABC34A7C6CBE1537F1CA9BAF1E12A486023,7771460
potato/train/good/xyz/016.tiff,3EFB9CF59248047484D9593719F81D7AC0B97BA9D5616C4EDF6916E0370B6559,7770496
potato/train/good/xyz/017.tiff,37E4E689CFAA64ABF16D14B2226129B0777A08E7453DD501EF04845313104502,7770848
potato/train/good/xyz/018.tiff,29B7DFFC61D51AB7CE3AE9A98325263073807319C7B39FF0C13CA254F25A8933,7770268
potato/train/good/xyz/019.tiff,1E9B857435F0E3F50AF2FE27C0FAE487F01811CF485726F2E2626F6315C38DCB,7771354
potato/train/good/xyz/020.tiff,0FB382596DB5BA23E027BF85DA0EE57EA91EB4AE5F5E6201B970879DC0E99DE5,7771622
potato/train/good/xyz/021.tiff,DC0D6FF4272A98114EB57EDDE10F11B74552A460965C908EE3136DBD3C852292,7770806
potato/train/good/xyz/022.tiff,738A36CE67269391C77B4130420758AB4C26EB1120653C9175944C7F7B55A7BF,7771316
potato/train/good/xyz/023.tiff,7EAF62B8608CFC9AFAC02BAC9B2A8D2285068F6B6DE5FB6CFE9778A88893569C,7771854
potato/train/good/xyz/024.tiff,14182F199014E11FF9EDB92DE0DC28089FC560B2866D47665E0B3055145D9AA9,7770672
potato/train/good/xyz/025.tiff,46C56CD49DFECCCE6738B0B555B3F19D792C56892B69C410F0BB5F3B3697857F,7770958
potato/train/good/xyz/026.tiff,2E2616902A8FB27C01132E8A65CCEDB8DCEC3EC34EA3703F24854E59EE17EA68,7771118
potato/train/good/xyz/027.tiff,4D3733AE41D5207A74F514EB6BE447D004298B4E549A97835EB5FC559561315F,7770548
potato/train/good/xyz/028.tiff,4AAE1F186BD5059558B1B298B02C33B5A6D9381F585C68019533A3A3AEB86652,7771084
potato/train/good/xyz/029.tiff,A651155F452C49CCA31A4EFF25E76095D06A9C8BDFC5E9D962CC8BCBABE7313F,7769396
potato/train/good/xyz/030.tiff,9FE2D9D3F9A27DACABD709B9D8E275613B662EE2DF789B36F70AF85A6847FF3C,7770186
potato/train/good/xyz/031.tiff,BC693B6571D11FFACD8ABCAE162DDC102BEFE6D4E6121CF44B089C9B4BBC26C8,7769304
potato/train/good/xyz/032.tiff,5917CB97E21A00F0096D8AE4DEE1699AC0E3FC62D9732A8D994990D741272C3A,7770244
potato/train/good/xyz/033.tiff,93683B1D765F341997AD23AA453F425B1B9CDC1A4580CC8F7ADF1D3C06D5B39E,7770308
potato/train/good/xyz/034.tiff,E6DEF1EDC1F0B5C20505C2D9FE121665AABA597A3650292EA2AEF02ECF003B9E,7768406
potato/train/good/xyz/035.tiff,E6EB69FA8E89D9FDBAC60F42996AFE6AD928D1092802D476208F18C9EE701CB3,7768898
potato/train/good/xyz/036.tiff,F5DAEC300C5B23EFCC61B429D83E51535B5F72D3473AB25123E84017F8DF2623,7768988
potato/train/good/xyz/037.tiff,CDA51B9D9DE43BC73A62C86E66B11681AD239B4DF45B17311F4A3750EE5D9482,7769144
potato/train/good/xyz/038.tiff,1968CB74D658F644D69E4CCA47064FB090A7CAE486FEFA39EE2AC838D054377E,7769332
potato/train/good/xyz/039.tiff,4C1174E1F75ECDFBF96A58BE0DC6F8328F137007E04B6482991D81ACC11DA22F,7768974
potato/train/good/xyz/040.tiff,ACB2C288874E4755AF8BD4792E5279B46EABCB31C1B88C9FFC9250E629CA0D18,7768192
potato/train/good/xyz/041.tiff,F1416B246A9DE93E8A6FBA46E3D7ED0F4B643656A722037D6D4B9E9F121DA273,7768114
potato/train/good/xyz/042.tiff,9CA9074D13E1FFD2A407F231DE81BC5FE6F2F394A0530DB452F74F3DAB81AC79,7769140
potato/train/good/xyz/043.tiff,AFFF017AB13C7708D900BAEB358BCBA4C3D3D8402C761D34868A5328EABE3C29,7769888
potato/train/good/xyz/044.tiff,EF0EEA2D621EE00CA9096C349EBE5E64DBDFA05A9FDD81B6F8F6BB17A53E5C6D,7767368
potato/train/good/xyz/045.tiff,39AF7109449BDEE41349C96B268BB3C1A8B07443BF570DB7A0CFCD089244167E,7767436
potato/train/good/xyz/046.tiff,05953BE16AC7BDE6CCA6B221BD393B63E5AAA3F16AD0F920619E400E0CF2F0E3,7769776
potato/train/good/xyz/047.tiff,AAC5EABA1D4BA87D991C9BFB2A17AAF18A605F8AE775742C74CB3CB5EDF0F903,7767816
potato/train/good/xyz/048.tiff,0DB331DFACA14CAF0423ACF73F29830754D6A00D5414590DBDDB692B2A82B4CF,7766800
potato/train/good/xyz/049.tiff,3AA7026AF06F901E40F6AD9D27D60A32113BA06DCC8F8BBBF89F5E0E3108111C,7767876
potato/train/good/xyz/050.tiff,1A1EDE42D703AE514C7EF977C3D25D5A873847FA9F25FF77BEF7B66D27B8E978,7767234
potato/train/good/xyz/051.tiff,02F9EC36067FB1DF154CE3794D77F287F936447A7BD7D23AE6667D32692BACCA,7767778
potato/train/good/xyz/052.tiff,CE9F48F335C5EE7E553A1CDC055EC922F75B5B9618644CA3832FC2F56922424B,7768450
potato/train/good/xyz/053.tiff,9E6CC64238BB0811FE2158E26420FB79F03A371737C0D529F4CE7539013FB7B4,7768562
potato/train/good/xyz/054.tiff,1497EF9D02EB24348D3E9388232E7507792B385E8196FCFD2266CD0CD952A0F0,7767618
potato/train/good/xyz/055.tiff,830D8827BDD57CD717661B7E90545A4B83A18F405498E72E10DB32D2FE645E4E,7768076
potato/train/good/xyz/056.tiff,98334A80747BBB5917A31C5CAC2949CD396B0D2DF8CA5765C7D133338B5C821F,7769156
potato/train/good/xyz/057.tiff,59F0BF249A9E5209F1592F68DCC8C9FC8E097B6B050469F4815EC510B39FB2DC,7769508
potato/train/good/xyz/058.tiff,ED327B4EC0FFE000A35B61FC27D9A18BD4D8807BC3B046F62C43C1D9E7B9AFEB,7769080
potato/train/good/xyz/059.tiff,246BD5CDDF4533CBB7693C42AB79B799C8899F326A6A367A01BB2BF4F19188CC,7766872
potato/train/good/xyz/060.tiff,08B9D6C8FF96D3F5B1B39322FEEADDC27BD6ED9263DBB08067DC7F1935330557,7767636
potato/train/good/xyz/061.tiff,2715EE82A03D7089401F8DB3A0C2E587EDA9C1722BDD01FE17FC1FB68FEEAC45,7768824
potato/train/good/xyz/062.tiff,EDBAE12315DC8F2758ADB4EBDC9A3E673065E5396A63484E58112552A7E564DA,7769660
potato/train/good/xyz/063.tiff,D6E5C41584F90A6177B54BDA5CBBB62DB09298520B6DAF32B7F9978D4E9D4631,7766868
potato/train/good/xyz/064.tiff,EBAF58D82B6343833D079E118715F4B29F8BC7E43C73B8A38E939CD8EC6D4C3B,7766560
potato/train/good/xyz/065.tiff,565EE31C194A24F37D5C92FB3ED9D7EF2926E0461668AA5F242D46EA33F046BF,7763818
potato/train/good/xyz/066.tiff,4090A9D6503595C1D15994BF9B11C4BF59CD7EE9533255A147EBB348E45A7168,7764042
potato/train/good/xyz/067.tiff,F0FF85CA5838EAD540715BF5F3AFA87CC4CAF7A571E980E4E2E44822A747C606,7765192
potato/train/good/xyz/068.tiff,3C59496427783F610F18C333488337EAF3AF66915D0EE52F783D26B02F894E3C,7765136
potato/train/good/xyz/069.tiff,0CE699C74101A1FC030B7E76F9FD9DCF673BDE32F2F1AEC90F4A9FE3D6E75365,7763656
potato/train/good/xyz/070.tiff,B757E39B47682255EF2210E08E39244AC9D339395293CDD1769B23AB5D37E7FD,7763086
potato/train/good/xyz/071.tiff,880D6D10EDAB631B4789D3D29D758F83E4F28AE2F25B5DEE529E12F92B8289CA,7766992
potato/train/good/xyz/072.tiff,12E5B21F158134F32F4C3EC219C86EED3FF920F538C7D48DF61F9FE26F43E708,7766242
potato/train/good/xyz/073.tiff,BFE42394F344490CC1959774E2FF7CA33AFFC842E1B9EA73514FD526154CA58C,7766542
potato/train/good/xyz/074.tiff,2BFC66D7C96EEA8C6F65358C8A6FD83B9B97548F0B7C82C9E41737BD570AF9B0,7766808
potato/train/good/xyz/075.tiff,E2595E07603FC932B0B0FC77E554FBED58E46017301ACE0140EE754AB5FDF025,7764892
potato/train/good/xyz/076.tiff,8D4DD5340FE6370E48F81F7C52372EB82472343F9093904E6C20B173A0209DC2,7765040
potato/train/good/xyz/077.tiff,E395F1FC7D56E4F148E52AC4084BBBD8A0FC4858544BEFC05B6648FD15920CE0,7763424
potato/train/good/xyz/078.tiff,991218DF62F8984EBBABDDA3D8D8167E0DD4BDFB17BEB9F09004788847AD27D9,7764482
potato/train/good/xyz/079.tiff,E516E1699CB27437DD6A6D52FAA357F29FB499F9946A68D870F6A4974AB93E9F,7766436
potato/train/good/xyz/080.tiff,860E19704019E491FA20CC1AFC5AC79C353F2DE1B6BA32E017B43FF721785F0A,7767482
potato/train/good/xyz/081.tiff,D4FCD8E0504E4A967E222077EBA84B1EF55A0EE42E71A001EFBB4DD9B043893A,7766032
potato/train/good/xyz/082.tiff,5B322B8DFE50B2BA50B94556B34B9865A5997E7D973B6EADF5E02C84DE794E6A,7763454
potato/train/good/xyz/083.tiff,B49364F900373D44E8B6327F16AA32FFC7731B567EAEC14DAC0E9D7BF4A038E4,7763184
potato/train/good/xyz/084.tiff,3BE90058ADBB8154069FE65C5E7165F73CE19CCFF5339B8030D9A31286C7D268,7765634
potato/train/good/xyz/085.tiff,D7C7A719C5DBFF05ED36770A2A4EFD4B3C4D7DBFF160337359AA32FDE4089FD9,7765842
potato/train/good/xyz/086.tiff,FEE60FE68B2FAA39F7667287422DF662C57AF33BCBC06D787D6F73F99ACE6F10,7765828
potato/train/good/xyz/087.tiff,42223EDDB880F9D33F5ECD277274196E8206CB6FEE9A9E8FAD55B69022B12F42,7765514
potato/train/good/xyz/088.tiff,82D7AC7A2486CBA6199DE12F7CCF1C038BD9358370F945E7FDE63604D6E1593A,7766068
potato/train/good/xyz/089.tiff,8784712CEE8DB5501EA4CF4D376086D674461D2C3E7C1D7002C9D9A35708AC65,7765226
potato/train/good/xyz/090.tiff,F98A7E8889984F62DA90154A0893D3B230702D64F01D509F1ABA5C5C13F0EC65,7763892
potato/train/good/xyz/091.tiff,17BAC41CE3DCE8CBB81367BB5D78EBA6463E8A5D887FDF4772F6C47F582A5ADB,7764670
potato/train/good/xyz/092.tiff,2E057C394E6C715D4E802C1EB88BE4D425EF620552B30228C7F8B45C8ECFA94A,7761796
potato/train/good/xyz/093.tiff,83AAF4887BBEA73CB181189473E299C28E85EC56F00FA7FD211C04EE7EFE5C62,7762494
potato/train/good/xyz/094.tiff,81467D9D0259E7B77EBCA47DD6E2EF7B009389685F7DD3E55B02BF08BC31CB84,7765558
potato/train/good/xyz/095.tiff,862D7DBDC129268E7C5F1A897397B7D11CE23AD2A7E24C55D961860407528B2F,7764812
potato/train/good/xyz/096.tiff,7DD736B07185B0BB7F83FBDC47E8FC0EC6E7998D9A0957254E4CC9A174D8666D,7763914
potato/train/good/xyz/097.tiff,F2004786267CFEB0E4E179448947C8EEB7E176DAF8B6255DBE4387A9F90331F1,7764236
potato/train/good/xyz/098.tiff,CA927814AFF052E2F2240BA8B82FD29ED01626914EC4FC88339CB0A112643A59,7762998
potato/train/good/xyz/099.tiff,EB30CF12D27EFD83D114973E34B4380C1B8BE22A695360FC652E3C4B6C5B0B6E,7764208
potato/train/good/xyz/100.tiff,5AA5B9FE920FF7CF01A1E121B5056C746EBB8DB50B9062E34335B57AD9B8C3FE,7763066
potato/train/good/xyz/101.tiff,770245C2817A89441B4911D3212988B2647EFEC41C724FA9F0F386F8557F5B1F,7763388
potato/train/good/xyz/102.tiff,5F3C7F5C9C84E6CAF1095340F6751E9980C1FD8128D6ADD7E59292267BF27322,7763934
potato/train/good/xyz/103.tiff,FB418C7C41C021403C6F63310028FDE065341A28CE1FA4AB7FC934C717C16DC4,7763388
potato/train/good/xyz/104.tiff,424568BC8AA9299D234509CA1FE73247ED3FF88B46EC4012D6F58BCD0E70A5B6,7761512
potato/train/good/xyz/105.tiff,365EC0A641C9563B742A1C9E9460203B589556A9FE314CA0547CF9E630F746A6,7762118
potato/train/good/xyz/106.tiff,6DBC1B1E89A261B976A7A0FD8068D9C9C8215FB3A1BF0E91222749A9699F37D3,7761544
potato/train/good/xyz/107.tiff,92BB84818884366F1AF407141F9ED6A613C4876268BFA89D7B85474089D987E9,7761214
potato/train/good/xyz/108.tiff,7534F00B00180D4C288EA316C47032FAAA0AC94F80204A38C4B68BDFADDD28CD,7760600
potato/train/good/xyz/109.tiff,7F62F6EF8CE84E907CB5712938CAF546BCA691203A3ACC63065663B91BE83C90,7760256
potato/train/good/xyz/110.tiff,73F98833059C686B933AE5C88622BC46A05C3A21671D81632269D089EF98F88A,7759556
potato/train/good/xyz/111.tiff,2035CEB5184EDCE0A1D086B0347D671F143AB25D9B2E8EC8ECD4EC2F9110135C,7758016
potato/train/good/xyz/112.tiff,A4F2704E36DECD22C2DB38ACCE709EDCBC1BA256E86D322BA80DF1B6B54EC843,7760398
potato/train/good/xyz/113.tiff,B0E11E15B8CD5EB0E936B67E811C6AB1B25118C1E6A7A1A36A20C26845F70FB5,7759842
potato/train/good/xyz/114.tiff,E50D17235C77F3B3CE325DDEA06FF4BCA8CEE4B9A5C88F2704EAAA87D7F526AF,7760128
potato/train/good/xyz/115.tiff,389C23ABB833031EA8479D2324C1425B1BD4B072088411D20130F115D2B74FC5,7760438
potato/train/good/xyz/116.tiff,58D060EB8E09736EB8FD764AC6A0F2DFE4AE30BBB0C8C3EA9AF74273405F672D,7759736
potato/train/good/xyz/117.tiff,08B97DAB69A47703E20E20DC0C5D7420F37EE0EBBEA2AA3E84DCFDDA1337AE92,7758988
potato/train/good/xyz/118.tiff,7A714DDACA19F781549DE633105F3914BB2240496C00ECB8F48887810626E494,7758156
potato/train/good/xyz/119.tiff,4A88203584C48AC80CE07A0F3BFCBC4733E0C53A889D2BCC229A26DA0866517D,7758220
potato/train/good/xyz/120.tiff,1A7991C6E0BD54555FFC9BA49BF61A474BAE008ECDA47837C788B855CF8FD9C2,7758946
potato/train/good/xyz/121.tiff,913BA88412AE241019D6AFF5BFD0DC9DEA91FF058F4AF0007A459625DE5834ED,7758886
potato/train/good/xyz/122.tiff,EA2B3435F4B2168A2A7B2DB7B79A913E8C53D851D6A0F308C84F17C0788E1317,7759844
potato/train/good/xyz/123.tiff,746203CA4495D97DF1E6B73E6368BF51E49067D7DC78CC0FE7019EC0562B9F4E,7758952
potato/train/good/xyz/124.tiff,EC4AE69E831ACA0C98DBD5914ED4A41B9F241E1213D37AF3111C89346243D7E1,7759134
potato/train/good/xyz/125.tiff,6B6E68958667E67FE0965A2AC2816C432F9F9F55FE56C9BEC758FFF59AA7F6AF,7758568
potato/train/good/xyz/126.tiff,0FFF91AB2A968EC3BA88B1FA32C0FF3D68CA158E73E5E3B84F515310CFCAE15C,7755260
potato/train/good/xyz/127.tiff,E0DD474EF42C9A3E3C9F107FD1A160F500177E58F26ED8E5D8CB1745930BA774,7755944
potato/train/good/xyz/128.tiff,BF6968EA4DF6A619533AB6E42F055215E375AFD30728CD06A4F1A4B66BC36238,7756542
potato/train/good/xyz/129.tiff,54784E6B3A6EB17B1A5EA8DB1C4F1098B2726D3DE96C4FF3A2184B05C8A0F651,7755940
potato/train/good/xyz/130.tiff,03AD5B65F67544365A45297BA6F02C8B94A0123616AB906B4074AE7B6DE610A2,7758522
potato/train/good/xyz/131.tiff,C024352138956A443AC409BB22E3463A2D5E846E346024DFC5D2E28DE20D632C,7758904
potato/train/good/xyz/132.tiff,22F3AA15F734738F9B29EE769D8D85CE910BCE37121609AD8731717B7CE0C668,7758166
potato/train/good/xyz/133.tiff,F18C11623D7B96963A0D35DC9DFC5319DD2C6B30CA4069EB0713832347896141,7759662
potato/train/good/xyz/134.tiff,BBB12F5F046DF0044FA3541BE578CF7DF8F67D646EB76FD0252C62F112E0378A,7756382
potato/train/good/xyz/135.tiff,55F3B34488EFAC5D98C31ECD7201770FC9AFDAC814E571702F6B8DD2EBC34083,7757008
potato/train/good/xyz/136.tiff,E6C20B24835EA75F923290ADB6238F8A22A8CE859F2836AFD68629BCFADD25AF,7756918
potato/train/good/xyz/137.tiff,A1F2DAA9B80A5355B42A6422998EBB816FCA8BA0A34E8B10937CB479B78D7598,7756460
potato/train/good/xyz/138.tiff,955E5F2F22B880ACF33EBE729611BEFF556D079FFC9DE28FA7D4EE7123C3D97A,7757366
potato/train/good/xyz/139.tiff,A21D8FE8CBC3AD584242DC4F13758446DAA215B2C1F54BF253A0CBF8453FCC11,7757646
potato/train/good/xyz/140.tiff,AC8B27137417B1E3B9A8319C42C7E91641D99F3F718271B0B66E4DD91A360008,7757126
potato/train/good/xyz/141.tiff,3C16FD0A1C29ECFD2C8B0806D5677A0DA8285293E70D96B4C32A6738D1D03A48,7755926
potato/train/good/xyz/142.tiff,5E3D5F832AF2B46672EC22A807FA3EBDE022851E75400DF4FEC32BF072767349,7757412
potato/train/good/xyz/143.tiff,DFA4644145A399D27DEDE337E3428304CF7855CD9BBBD93C1AF9E600EEA1853F,7757368
potato/train/good/xyz/144.tiff,FB791A330BC5E0D69E38D77C1E0BFD0F6BD9CF879D126C0A28DF4090580E3F90,7757516
potato/train/good/xyz/145.tiff,F0268091AC281AFA7A2CE4F857CE53A3802293B726D301D9589D20EAC271AAA5,7758068
potato/train/good/xyz/146.tiff,549D4C17A04E7FC9B852303868FC49668C268D1B52C73C6637C4AE9F8C9DAEE2,7755964
potato/train/good/xyz/147.tiff,0FEEEEC85AA84D8968D37031B9587256DB2952362F937B2E8A41A2402B5F708F,7755850
potato/train/good/xyz/148.tiff,8B92DE8AC76597786983E7F75867C7DB07672296481760D85318ADD7975EB027,7757654
potato/train/good/xyz/149.tiff,2B4BE7817A9DA0EB8ADC34D3053D227DDCA0C5EED4D51E57ECB57EAB90C25159,7757196
potato/train/good/xyz/150.tiff,3B922669748B275ADBD8971629556D248E92A01C17ED5F0DDBC23C1C4B6050A6,7758536
potato/train/good/xyz/151.tiff,48A4FBA636DB2BBCC7D6FF3A7E0BC270116C7F7CC7B33CAF30DCAA13FD3C9D5A,7759478
potato/train/good/xyz/152.tiff,A922B3BF094C9E7546834E3E52066F1C6667D77D7398A6030FD86CE0401ECF22,7755658
potato/train/good/xyz/153.tiff,C516DD2170B64F67EF67020FFA5EA1FF0DB6ED58600723133C2E303063A543AE,7755912
potato/train/good/xyz/154.tiff,6C52EFCB8153CF9CA2326800C95C3EC862FEF5CA2D4015A7D1A5376BAAFC179A,7755250
potato/train/good/xyz/155.tiff,1BD1963CA6E7CE62647FA55A8E4AE7B2AB7FD5BD62FADF975B253D3F4CD01AB6,7755108
potato/train/good/xyz/156.tiff,D1659C69A581C07E90F3DDEE08AF85C31300CA63998BB78F96C0C82B987CAEF5,7756390
potato/train/good/xyz/157.tiff,43A1BD440E84033AB01E170333B5182DF5EB5415C37748E28A559FEDB9087ACA,7756224
potato/train/good/xyz/158.tiff,1267F00F899B8504CE9A7DBB1ACDA0B16D4ACFC5CA183A43C47E6D2A77DDAB34,7754456
potato/train/good/xyz/159.tiff,E78C055BBA67FF39CFB53C5755F21958DCD43CFBD42414BBD235632D95B9795A,7754332
potato/train/good/xyz/160.tiff,50314D830AAD0A7725F471ED18FD194EC1701E42F55197DC93416D87430D2B21,7755392
potato/train/good/xyz/161.tiff,DD6F74E860677C6DEB532418066C17B0BD66F47476DC1E2B342F262C30B36619,7754352
potato/train/good/xyz/162.tiff,AB2D6F3E540023C46252C42CB69C389F481468FA5A959C63A44CD893D7337D2A,7754446
potato/train/good/xyz/163.tiff,FE1C2BE0AE2126B72858AD560CF2C0D366692D0DA44F93EEC84FC2D61F5DC4C8,7754062
potato/train/good/xyz/164.tiff,FF0C0DCF157CACF0BB0C25B5432AE8ADE89C46C1D3973AA4543746F2FF11FD3C,7755050
potato/train/good/xyz/165.tiff,6A87B34F725F285C60488B104CE5993E832E627A6C57136122866B1EBA05A823,7755016
potato/train/good/xyz/166.tiff,140A7B4F69169A8BA2B3FE6A34F7B5DBFCB3C7736FE88E6BB4D6673B54437D91,7753512
potato/train/good/xyz/167.tiff,91FB2B8223CC840F69296B419CD9FCEAA799478468FF79691FA3455F7B65465E,7754420
potato/train/good/xyz/168.tiff,C0A77EA1D15C31C61627EC0DFE170C3A01A106D9B383A842A4AB6D7A2F62F18C,7754656
potato/train/good/xyz/169.tiff,E1186220907EDB7A287FFD5AEA993D61A757C08C92A891C66913481BF3AAC456,7752900
potato/train/good/xyz/170.tiff,51DAB2A850E0B6AD6A81E530CCE578868502629618FE2805CE8A587218CF6789,7753208
potato/train/good/xyz/171.tiff,44ED3DD2ECFFA5FDA711AC06FCD1B7DDF4A8278BF2B33B1177302330013B31EA,7754804
potato/train/good/xyz/172.tiff,A3228740B5924809423E32C47BC3B1C29EA1C27075615DD8935BB0B971079ED2,7752646
potato/train/good/xyz/173.tiff,C6D48AB419CDAFE1AED3DBDDBA00DC9A44167458441EF5664A21C3234C12353D,7752920
potato/train/good/xyz/174.tiff,6EF8D84D29790188B1D7D45401E4D82C33079C02EE1995C49EA1268E12B38FB7,7752884
potato/train/good/xyz/175.tiff,6F08AA9EA9CB04085DDBFBC13815E0A0F5F7F200B2D3F4F5757D97DA84EBE1A7,7753058
potato/train/good/xyz/176.tiff,90DD358D5589632DF6B4474E29BABD9D5408876D609CEB625141FEA9A389174B,7749654
potato/train/good/xyz/177.tiff,7B918627C55D35B62082BC0E98B281D964B30240E2BC689F780779CF8FA86FB1,7750414
potato/train/good/xyz/178.tiff,07CE6815DD062267C29670EE7B69040C49CC3A56FB84A57E6672536E8855D4B6,7796370
potato/train/good/xyz/179.tiff,8D2920C8DCA60DB1B10E9F1320EE174B81A127C21E318B27E92400E1046DD707,7792464
potato/train/good/xyz/180.tiff,5D55FCE22DAC2424B91F0D145C06372A2B807EF17867EEF1AF989F7E2484214D,7792818
potato/train/good/xyz/181.tiff,9E6B1CE8AB670FA6CA58F49FD9FC0295CBA411A9E0B20F3355261E3522F8161A,7793330
potato/train/good/xyz/182.tiff,29706F3C9402C16B98A5197F9D90448BA8FBDE0CF34F596124E4FDD50187ECFC,7793384
potato/train/good/xyz/183.tiff,A9BD67E05355252D78D1D51ED9EA5B3043C58346F9A3A166011106A3A6ED3CB0,7793074
potato/train/good/xyz/184.tiff,6D6E562228266E5152E689B987413DE19698B4642CF328B74CACA3AF48FBBEC4,7793148
potato/train/good/xyz/185.tiff,4D567E288DFE173702D0CD2150253270DC26DB33113455C37249EFA68E658200,7793494
potato/train/good/xyz/186.tiff,71995125529DEABD57D412D695A2A4B7A462A5BE0E4D5679FD5547BE9EF3F892,7793108
potato/train/good/xyz/187.tiff,5BF9EDC3C2F42BEEB301455D31E3A95A0163A97B0F798C2AB4BF7BCCBB1BA2F2,7792462
potato/train/good/xyz/188.tiff,1A3AD45C81CACE1313BBAFB4224AFAE7392ECBC4960788C53CCBBE66E72FA868,7791476
potato/train/good/xyz/189.tiff,0FEFB0054A0492D77363382FD443A2729C8029A0FE503BB8A34027EA6882AB73,7791902
potato/train/good/xyz/190.tiff,09A254D5B9778C36B815E69C2BE1DD3C2DE7DD279AD4CE946CBD587DB3957E35,7793356
potato/train/good/xyz/191.tiff,0DF8CB4B9B59F3787DEB9227D46CB4EE6BFE913AE6CC163116224D74CCF2A0D7,7793428
potato/train/good/xyz/192.tiff,396008F5A6371E7E37B4F367E564F145E7B05F881A8063748EA1773320D86F4C,7792250
potato/train/good/xyz/193.tiff,30419490379B35ECD75E19619E6013F42C4D5CF60FB80CACF58A8372D90ACE22,7793480
potato/train/good/xyz/194.tiff,1F64F0AF71B5FC6E53A9768644C3B72CDF1118DBF3675B16EE84AA3F3EA67BB5,7792420
potato/train/good/xyz/195.tiff,41E75A2E9C1779FA70DF3872A3EA2C4153A6649963579C527EEBFEC4EF557B1E,7791590
potato/train/good/xyz/196.tiff,F416B13B66FB4493650B413C33828017E4173F11D60E7C83101427D3FC1FFA3E,7792732
potato/train/good/xyz/197.tiff,9ACAFE77EA4ED66F3FB881B756D80C3DEF682C58AA4EA7C84B4374BB6DA9F99B,7791736
potato/train/good/xyz/198.tiff,1E865553B440DEC86A49DC0A395FBB7F75ADE1942E179039CC01F5C971EE546B,7790708
potato/train/good/xyz/199.tiff,62E4884E7113151BDE7A9B2778A9D1EAE46E6AEE3528D5FB726A02D155FA11E7,7790410
potato/train/good/xyz/200.tiff,FE8744134BC4DE4F679D1B632C6F968B722B4AC53A20B72B4CC9645325B25DA1,7790684
potato/train/good/xyz/201.tiff,88896AC449DDB3B92476E085B1DA78199B9058F3A410FB901F188C17B754C526,7791404
potato/train/good/xyz/202.tiff,FEE146A0834B4B154FA2EF504CEC2693D6F89BE928DC9E19AF1DD7A567EC7267,7791682
potato/train/good/xyz/203.tiff,90C076D612A5C133C15521BBBC753E7998F80B90B1AD66C87CEEAF2019205DFD,7789230
potato/train/good/xyz/204.tiff,7FCA35426464ABFE877C92460E7320DD64AABAA4062320975D88075D333696F7,7790082
potato/train/good/xyz/205.tiff,DD99CE883A904CDFDBFC8B917C421696CF1CCDCED70FAD6F0F70E656139A9B97,7789994
potato/train/good/xyz/206.tiff,FB5DE544253F09A53E83775A006C8DAC8AFE32087AC71018EA9C959366EF030F,7791372
potato/train/good/xyz/207.tiff,256EBA5E51A82A989D7C8FBDA36DB85A1DF88A4013F95DB824603CAF858BE556,7789616
potato/train/good/xyz/208.tiff,A5734F4EBD3F899A6131EA0E810D3D1A123A642CCE37FD16E8A43B640E560E2E,7789660
potato/train/good/xyz/209.tiff,C8F8F993876FB767CBC8A2213B8E143BAACF5EC414E56A1585C82FF8B68D1AD8,7790628
potato/train/good/xyz/210.tiff,9210DCB4F5D2E9592CB96B3231982C0169D9D0EB14A2046D49608FEF59BBB1E9,7789894
potato/train/good/xyz/211.tiff,6C75B5706393CA216887D79FCFAF4758FDFD0FE7D9645729B1C17AF00C1519DA,7790050
potato/train/good/xyz/212.tiff,33FF321258AC41B73DD8893AD41838C9813F195F6D62144B7FB710476C7C4D2B,7790286
potato/train/good/xyz/213.tiff,6BD72FA92B4000FF6D26AD11ED8D6D437B2332DF2181C312194269C4482ED172,7791162
potato/train/good/xyz/214.tiff,C6C00147279DEF160B7720631426191983A113AA3B2E929CCBCF730014CE44EC,7789476
potato/train/good/xyz/215.tiff,751F476BF3601404BE1EE54927DF84E93E1E78CBC37A205C759FC7F166FE3F74,7790230
potato/train/good/xyz/216.tiff,6CBF563277C2C03600F6A208506A6458460C66572E3CE1A993B17314258BD9C9,7789934
potato/train/good/xyz/217.tiff,51687455DBA1284A5B25D7037F0F397F97118795FAB5D098348CD924F9254BBC,7788916
potato/train/good/xyz/218.tiff,7CDEEC5573FCC912D3EA0E4B82A98614BB78B3EAC1789375E4EAFC18A8BE939B,7789510
potato/train/good/xyz/219.tiff,E46D7B60EF8FD3B6FF2B943599BFC85B9FC26F74E3C9DBC56DD408671C00DBB3,7789898
potato/train/good/xyz/220.tiff,C79F850FE5D9F5D243338374D257E5252C8AC9A0C146F52850DC8F8B1CDD96E6,7789216
potato/train/good/xyz/221.tiff,4617ECF36D4AE3D51C27B004F323CABBB8DE0C7D9751A8A13E51C579316F2AEF,7788870
potato/train/good/xyz/222.tiff,3D787204313989B61E5CE2C77EFAEE62E67249BD577C0A2FEC592886BA28DE1F,7788956
potato/train/good/xyz/223.tiff,C6A9145A8DC4063123E4EEEE36A8C123C16AE7B06AB65CF0EA65134F7B3DE146,7788602
potato/train/good/xyz/224.tiff,A1A7777E2D6E1AE6A44110E1625D565146E72C679BC8C20AD9655693B3F93D6C,7789648
potato/train/good/xyz/225.tiff,9ED251D48036DCABCD028C0F8367609736E5BA210B4233A869727A8338BA0872,7789706
potato/train/good/xyz/226.tiff,F8F6FF42DD9112B63731D85B35281D5415F8C5226A6B0877DB4DE9AA38506D16,7789338
potato/train/good/xyz/227.tiff,4B36F417790E45C7FE873159D0D0939C1F94C184DE58CAB6BCD931A28274E1A2,7789192
potato/train/good/xyz/228.tiff,A48170E5E71BD9C747590261F8596660702831FA637F9A81BE41BD92A4B6D11D,7789150
potato/train/good/xyz/229.tiff,02D7E11BD4CD0C6859ABC1E7B03D06396CC10FD54EB4F47869865D7AE509A5FC,7787736
potato/train/good/xyz/230.tiff,20DBFDEFD57F81ED70C15FD1A624A8DCC11CDB5D1F1572A46B0D043F1466CFFD,7787890
potato/train/good/xyz/231.tiff,5F29F7F13388AD08311F10F87D745942EE5C2E2C92A07674987789DC963A833A,7787214
potato/train/good/xyz/232.tiff,0B0E3CFEA6300C6082907FCC9ADAF442F915B079D626C07D969C97A959C48EAA,7787964
potato/train/good/xyz/233.tiff,F64AEF34727BB192764ADB5DE1D0AD09831B7C9697ABE2216E3CC05B2BDA4A53,7787388
potato/train/good/xyz/234.tiff,2F678FED2D4ABEED0DB5F9B9591873DF662F56075AF8A1FC7EA1199DB9AAA4B4,7787826
potato/train/good/xyz/235.tiff,3741AE1F8B192D1ABB5E0B0DC1E1929E2D538BD0DCA263469F81D0D3579D02AA,7787960
potato/train/good/xyz/236.tiff,FF262776564495C8BD7184D1BA9AEC8EDCD72AD3E2B6C6A1C6839F62044D4C84,7787184
potato/train/good/xyz/237.tiff,FCC56860F3E6C5F44CF05456E7DA27D2BF4B4C8F2664F49467A25A48AD7038B5,7789968
potato/train/good/xyz/238.tiff,0B8489A1D6F1EF63C07F1D9DA5FD3486C251012D3A5EDAB53240D6809EDE49C2,7790840
potato/train/good/xyz/239.tiff,3EFE58CC2B37F6B0DE6C9FA86FBD71B4B06D7222B7B84DE9BA4C986D6D7F969E,7787810
potato/train/good/xyz/240.tiff,26A477EB7F8A0AA1002DEE3C2BD3AB46286A649B116528081D4F7A829A6FC542,7788608
potato/train/good/xyz/241.tiff,18E5EEFE9C731E1A5F14B3067DBBE1FCA45D17CD40362104740162DE366DCF52,7787168
potato/train/good/xyz/242.tiff,FE9465E6F64DD9160977EB24338292088EF9F5EE3738CF01763CAB5F5F48C8ED,7788126
potato/train/good/xyz/243.tiff,9FBBDA75F60E66AADB02479D91F1D9CF4AF1D0743695961EDEFCCAD702F0DD5A,7788404
potato/train/good/xyz/244.tiff,02D17FF1CB89B0156994585FFF2BD044BB3C486E09FC0D47930B9DF6130936ED,7789956
potato/train/good/xyz/245.tiff,A77C365F4C631309C8BC39996D56ABF078472583706A19B61EF46EF77ABE38EA,7790142
potato/train/good/xyz/246.tiff,BA56A88444D4A1E21F4AF2A9A7E0DFA41A58FE75AA39538194B484E62FEFD5D2,7789454
potato/train/good/xyz/247.tiff,A04F85FE1C31D6D969181C82484C63C0A28A6417B367FFE3DE52AFA64659689F,7789648
potato/train/good/xyz/248.tiff,4EEDDD65F4BE5A94F91889139FDF4ED409DCE6305112CE8F1DD0D2543E34D733,7788430
potato/train/good/xyz/249.tiff,1857C090EA46674BE54DA7CDD167728C82C3064DD0C611D0C6BE8812936C1971,7788122
potato/train/good/xyz/250.tiff,12E2214649049E855D5A1F7F653B097E30145045FA3A2F536BD87E1EE6B41701,7789632
potato/train/good/xyz/251.tiff,F141ACA8FE7B9EECAE2E25BF541DC433D1B7B54020293C30ACA961ADF7BC6926,7789576
potato/train/good/xyz/252.tiff,BDD2D53A8D840CB1D45B9278CAEE9F5EAE751E7A07FBC07869B3A9FAB79335FA,7789224
potato/train/good/xyz/253.tiff,54A22FB03F5F2BB05D99565DA446ACFD94C8B14F04F4F530F271D75E04C270C2,7788048
potato/train/good/xyz/254.tiff,BB7C80835D8E0B67DAB58B35C43495CFE4161B3E672F72384FA77F10BEE943F6,7786524
potato/train/good/xyz/255.tiff,542CAB73D5BF5EF6E9AD9E30A150C36B460844CF1C5B6CC75F521A09AFDE216A,7786456
potato/train/good/xyz/256.tiff,40792CDD8C99C1D33CD5145F054B00460DA8454E9E13B2E9F43CC88AC29E8F3E,7789406
potato/train/good/xyz/257.tiff,AEF56FCBC05EF54615D14F0F76230B4AFC6379D912C64471550F4770C19090E6,7789152
potato/train/good/xyz/258.tiff,3E544F1CE34C7CC71FAFB6E2D9D777A53FD517C0E36C5020C2D7FD99DD03A0D1,7787568
potato/train/good/xyz/259.tiff,C0677A36EF35492793049D345F6F33B340CA155F00694A0FF32B16955F92A7BC,7786552
potato/train/good/xyz/260.tiff,12DAD88EAA0B4A1B13CD16151A7EAD6800F484E5D0312B8DABC6F56E4F0C196D,7786106
potato/train/good/xyz/261.tiff,D7EB715E448981BF0DA3970BFD6FCF5FFA30897ECD70942779B0A646C4FFA3EB,7787732
potato/train/good/xyz/262.tiff,A65A14C26E766CFDAF381F9DB2E4227011EFDFD5D9874AC6236A8FA5E4C4328C,7788414
potato/train/good/xyz/263.tiff,F8E6FD6313E605793420ED24CB533409CD94964365D6ED53C47E122161E4D12A,7788138
potato/train/good/xyz/264.tiff,6B07F30793831B72E6E716E89EEE9CD8C7B37845BD3C90F4353459CC200FC925,7788090
potato/train/good/xyz/265.tiff,7F7BF1B0E3D32E05DAF2263DBFEECBF2FF091126F0F839D02F97510AB9559B39,7786434
potato/train/good/xyz/266.tiff,0E5F6CCD906276F7C1A0115F16FC72BE9EB14F87B9A7ADFC47D141CC094B2594,7786576
potato/train/good/xyz/267.tiff,FA660C8DE59E9D09F2E158384D8F790EF33EF403C82EC9962630264FE748BD3D,7789772
potato/train/good/xyz/268.tiff,BA830C408E6A6BCC3003BD848D0F28873224568445C470A9B9FE0A79F986259B,7788604
potato/train/good/xyz/269.tiff,1F68FDB1427BBAB154A42347DEC2D01B56E569D0CD1FDB3E8E6917437A54497F,7786430
potato/train/good/xyz/270.tiff,29DD9C0D0E5DF71A452FF601E563D0005214964D5B5CB38725FF61385680FF7E,7786706
potato/train/good/xyz/271.tiff,AD9213BC99B7FC88E4739B8DCD3BD8DBAE3095CAD989992D4104B07C2A90489C,7785960
potato/train/good/xyz/272.tiff,CD4CD83FAE5C885C7A789508E40DBAF644792AB12C900640578026D89D837E38,7785764
potato/train/good/xyz/273.tiff,E2703C3D2BBF826667ED9B51EDA29958C56CC4EE24A5F451D153DF6753B93301,7786910
potato/train/good/xyz/274.tiff,F98261E2D164926D72502DF36CAD45E22EFCFB383731DCFF29222BF0AC80EA4B,7786354
potato/train/good/xyz/275.tiff,C210CCC49EBCE9CC7B32C84535A3E193A50E15E18B573CE4FFE6627BAE17F0C1,7785746
potato/train/good/xyz/276.tiff,4EE8F650B57D07AABD502155DB613129E16F2A057020ED5A9E982DBFCA6443D3,7786588
potato/train/good/xyz/277.tiff,A9D607557F3F11B4F4B184F3896F7A8F4A7C5C7CB0F9C0637FFFD094455DA561,7783386
potato/train/good/xyz/278.tiff,13CEC46CA1D6E234FBE23620856BD3B0396ECCA951FB6E5B4D5094CE5A13A314,7782626
potato/train/good/xyz/279.tiff,9B4C8EFA3636CEF1B8BD9DDEAAFAF574C37CCF66DB155EBE12586F92B5710C44,7782654
potato/train/good/xyz/280.tiff,E98B7FA95794054CA7E9BF5CB021B1FAF19A0418F57C9070617110B50FD19161,7783116
potato/train/good/xyz/281.tiff,26FD3CC8F560A5D61712C1F583AB42CA81EA2C3BCD03F4D142461864B4799683,7782852
potato/train/good/xyz/282.tiff,DBBBC396E778A0456800D3A5BB38411FD8674968F7A4F549E8F3ECC641AC314F,7780940
potato/train/good/xyz/283.tiff,E65CEFF257DA212618728AA72D47E784C35CAD1E0F9D82DA620944C4EEE611B7,7780526
potato/train/good/xyz/284.tiff,15E9592C8A6621604D795B2DDCB2CFFF51FC710A973D0DB50DFF1D7AADDCB80F,7781080
potato/train/good/xyz/285.tiff,CB3AF9266FFE46E20B1822BDE13D69BA1527577F9C56FBC2A2A971286F388358,7781044
potato/train/good/xyz/286.tiff,B13650BA49C4E6290C496CA4FD5008BA3FFA95841BC0D65266F7DFB4969E858F,7780878
potato/train/good/xyz/287.tiff,59E9134A3FC88DB2298DAAA3285D792F3E142D3C69F6536B83AAD59DC50EA46A,7781194
potato/train/good/xyz/288.tiff,9C1604BC8B498FFC53FA7E2B43FEEF67F7686A6042AA600AC91FABBFED3D7899,7781708
potato/train/good/xyz/289.tiff,6918327E728ECE25160F36732E74351A315C16EA421B0B380C65F55348A30993,7780512
potato/train/good/xyz/290.tiff,3150C0E772B105A745451D9543271F99A7EE2559674EC3FACAC4FF967E51DCEB,7780810
potato/train/good/xyz/291.tiff,8A092080F54224DCB14F2D9E1CA57EC39FED1781012B7EC31187EA574E75A6AE,7781946
potato/train/good/xyz/292.tiff,A5CF470320097DDD40E72EAEBAC805A524326CF4E39626C7F8EFA6B7BEE2C1FC,7782026
potato/train/good/xyz/293.tiff,897A66F280FD19DD5CE550764EE741BB9478E7BE2BCC34E838954736189BDD7D,7780620
potato/train/good/xyz/294.tiff,B5CCA916C6EA50DD89560FC36B05461D479313545CAE84E6D7B7F85F43B8894E,7779684
potato/train/good/xyz/295.tiff,67049DC42EDFFC09670FDD2881CA967666EAC1C48D5CA66EBBA106311F0F4AB1,7781058
potato/train/good/xyz/296.tiff,25DCAA57F964A849571FE5AD7CA71ADBB4EB31780D688AADEA965216C9B57384,7779778
potato/train/good/xyz/297.tiff,A9C8E921BCE84E2A586AEEB7F978D0DF6FEC2F5184B5AEC5128D4FDF0EDC6D86,7778118
potato/train/good/xyz/298.tiff,CDB1C2E48B7770C6A457F094F0735B6595C2C89DA80F96FB0F184F8302B1402E,7743998
potato/train/good/xyz/299.tiff,78645D299D1B9A66BA332E3A493BBA3F0F6FE5636A43275DE19C657727C13CF8,7744548
potato/validation/good/rgb/000.png,D2DB5BD7077F826DF364313E11C3899FE808FB63B6C95C0E276A80C3061833E2,790546
potato/validation/good/rgb/001.png,8D9BD90884DBD8FA566CD0821E56642FD8E382EB4239B39F7488FCACEB8049E6,794541
potato/validation/good/rgb/002.png,77FB97C23F2852AF1E1E6D3535E90DCCE911D1D096F40F61673E4D414D7854BC,791801
potato/validation/good/rgb/003.png,0DF54236B04D21F46BB11826AEC5EC20DEA16407CC64D7595DCE563C2182E5D8,794657
potato/validation/good/rgb/004.png,80D4A280CD1DE7DE38D0789C3D776F25E70C41DFCCDA0F6874812DEC32CBEEBC,793108
potato/validation/good/rgb/005.png,D32F2B58DA9582EA290DDF8B2FC17AEDFBBA383E2DA9151EDB17892CC6136C53,793788
potato/validation/good/rgb/006.png,83A909EB71EEF7DCD31F395D49771C8FF73C190A5693162D7099A28549AB8EBC,792852
potato/validation/good/rgb/007.png,9CA772DDD31E977C442028AC625C4B55A71B108856AE1A06A46A4A78107BAF89,790902
potato/validation/good/rgb/008.png,87B7BF0E7E177A069B6DB0B83FCCD69A7800E7828EF3976360EDBAFADF288A45,790738
potato/validation/good/rgb/009.png,1368033874D4628BFA23C0BEA0F438C1C6284DEBF476154047ED0C6D871E8484,768034
potato/validation/good/rgb/010.png,CD78BCDB2907F015E1297E084804C7DF423744C902D452D32A4506C10BCF00A9,767619
potato/validation/good/rgb/011.png,2FFD79B955BB28A143B2565D1F7D45BEC9ECD84C43E9B424CB3ABDA52C0AA59F,695056
potato/validation/good/rgb/012.png,E1C55CA3288647A142BE9F98590DB75B96875F886C421633DA9A9B3080A94DFC,685274
potato/validation/good/rgb/013.png,93E36EF8E4FE5D4637CBCC59EC911AAB8FEE19B73C1211525CCAC2B48009C181,669450
potato/validation/good/rgb/014.png,7F4D72B77E7D69AF2A3EE0A166D0CB438FB2B63757C27D2920DEBB1A42673C5D,676377
potato/validation/good/rgb/015.png,6F12B482BD7A43284F4F4E654F4867DECDDEE96840FEAB2953482500CDBC8FB5,677358
potato/validation/good/rgb/016.png,1B1F0A852F674A9AF04587D96898ACF5199CB9BA0D2653F3B1B687B889D0F25F,671458
potato/validation/good/rgb/017.png,3543B8CB3B975F228682CD6CD2E0209EFA058AB342529D1ED6062640E0FF5621,667732
potato/validation/good/rgb/018.png,2F8E10F5BD1E48CD3579046A08C8CE5121EDCA16A144BB3C6CAF026573924F98,665267
potato/validation/good/rgb/019.png,BCAA2FD417A16F3651C6DC7BF5D389D35D23669E0913489DA43B8DFC49A8A124,663996
potato/validation/good/rgb/020.png,85C2B5AB72BEA8006C692DF2172D55D235D09954EECD459710DEB4675070FBD1,662380
potato/validation/good/rgb/021.png,216CD517230DE291F11A29B19C67A777886F1E491BC88F329B7B821ECA241FFE,669801
potato/validation/good/rgb/022.png,6C9B4D67FD6A47E3A30E0430057C19F3108206A31D4D99316F04BE7DB94B07A6,671527
potato/validation/good/rgb/023.png,E467E526B2DCB371014F7F9E8CDFB3CAAA14F163678F049F53ED6E614BE33BDC,659064
potato/validation/good/rgb/024.png,5C9C29BCF7E2A032E70928B3266C06BC1561C0786C9728B07721FF1EF0C2812F,661388
potato/validation/good/rgb/025.png,CFFE084727BDE6128B99BA83BBD15A1AA06B54F6275B9234E0C74E3A07988C78,667202
potato/validation/good/rgb/026.png,987EAFFD24903F0376B45A58C617AB8CCCC97D2C31607C9B741EDB41582BDDD2,672219
potato/validation/good/rgb/027.png,1319FAF72439709BD00BEF64546FBEF642F04C1ABFCB3BD0CDEB5D9C138B48FD,668811
potato/validation/good/rgb/028.png,C06861299ECAFCB2A2271E1B91E179A8949634B7A48441A3884218F373909C08,667705
potato/validation/good/rgb/029.png,18FCDE9C0A9EF8062156CD46CFAB56495E5DBB1A28EA29F3F79E91B9B87293B9,664321
potato/validation/good/rgb/030.png,2684280F2A8649C4F2E11BBCB48BA2D8E8CBD46CC05FD94E92644C2D6C4C1864,676067
potato/validation/good/rgb/031.png,BB85B7FFA16759FA02E4E43E6A56333B9E9BE68350F9EDDA2D9AC00724926873,679804
potato/validation/good/rgb/032.png,365DB197EE7E9764CEF1834725AC60A3FF2523A22891B0FA3D59CFF2C5CA3F6A,668146
potato/validation/good/xyz/000.tiff,55427497DACAC58022A2C680274E4D5060716E28772D8F9D3EFF11C754EC996B,7743530
potato/validation/good/xyz/001.tiff,A71294A709FA1DC47B6765E2AA87B9C5B1062290DA6DBF7466B74EE99E69E9B3,7743670
potato/validation/good/xyz/002.tiff,0E9F2AF5173E5B210675DEEB7B4B78D79F10C5149550A383E3629479729B3FBB,7741146
potato/validation/good/xyz/003.tiff,2FE44313B02348B9FDDAF989246C870130962D2F678F6943A1061C41F9C40CB3,7743128
potato/validation/good/xyz/004.tiff,577BF46011A3FBC4A3AC5884D3CD057588A86F236D44280D95C84DFFD23F44AB,7747840
potato/validation/good/xyz/005.tiff,BBE6E542D16DD812A449C1A74820D669B28F42D3468C1E840D47E7D7615774E6,7747642
potato/validation/good/xyz/006.tiff,9C7A50A39F2D846EF0B6B7A89BC382EC8014019DC0672A2A2E281DB630A85635,7744266
potato/validation/good/xyz/007.tiff,D39EAD2A3CA9C096108653225ED68A12C3EAA5987493191CAD9B95DC3EB1B02A,7749192
potato/validation/good/xyz/008.tiff,AD9F01558CBDC82216077303B0F973B66C5B06CF780A293000E6AFB5C34D0975,7749146
potato/validation/good/xyz/009.tiff,19F0B0027AA1DDBF099BE4E086C863958103508095734D02A1CBF4856038C202,7749342
potato/validation/good/xyz/010.tiff,3DBCC9EB00685CA143B5C6022237D5D6DBD6F392802F876DA16A7C5D846F5FB5,7749632
potato/validation/good/xyz/011.tiff,B158847EB9D6D59A2C5760B8B95A37D75ACE2EF37E7D2526BBD26C61FB67FAE4,7803824
potato/validation/good/xyz/012.tiff,DBEC863D44053709BDD1ABB4C85E82259C7B27370DC1F565AD59CA83E3C698C1,7803678
potato/validation/good/xyz/013.tiff,AE778452E5518B5D0F7FED2AEC674D8CFB091615EBFA62811EEB0540FC987084,7806690
potato/validation/good/xyz/014.tiff,5568C7EE5D2FC07D0CE1911C9A2098CD5DFEED7F337CAF955CEBDB760C7C4E41,7806264
potato/validation/good/xyz/015.tiff,2756CA42DA9845B9DC867172B0D3338EFC12B057DEB063DCE2B56C424A54A808,7805538
potato/validation/good/xyz/016.tiff,FB10D94435B39ABD516DEA9E5FB8EBCFD406CFAFCCC4480C9EEB0C02E89CAD98,7805544
potato/validation/good/xyz/017.tiff,98AA317CBFA6A80EE1E582431E00C398B1239DC8368FEBF4808BD469898F91EA,7818072
potato/validation/good/xyz/018.tiff,D53A5065D3D60AA0F5F03E00AB7C9E63719DED9EAA41D0CE00D2F26AACA4E9A9,7817738
potato/validation/good/xyz/019.tiff,4F0970CB3530E2C21CD0C77CD6548BB9340EBE96D8CDE6A80FF897B262441C20,7818470
potato/validation/good/xyz/020.tiff,A6B8FFBEA4FAEB74E857D26DC464DCEAA70FD714C3BF94E4181DE03E47441A87,7818184
potato/validation/good/xyz/021.tiff,E5C4B758B9F10FED4D16C8B9422C0462CF68A27C84BEBBF165BAA7F5C27AFE8E,7816470
potato/validation/good/xyz/022.tiff,8A1B9F141FE33DCC05221086186A721587046F18E0E6849F68FAC9361C6C39C2,7816170
potato/validation/good/xyz/023.tiff,E26C2EF50C73B78AA801A78473F951A375D8BED8267C7B04B9C1F91A82485687,7817760
potato/validation/good/xyz/024.tiff,D4D2996AC5DDC6AA3C45885AACDFBACF91329B91E7532DEA5C165205AE4B5D9F,7817356
potato/validation/good/xyz/025.tiff,2D96921AED56EB046E667F4254155B35433401DF09224ED98B6DFD7F7FB4B6EC,7816492
potato/validation/good/xyz/026.tiff,BB0E7463E3610EB250A889FC1907D93E7054320FD0647AE2F99CB1ECF211C9C8,7816690
potato/validation/good/xyz/027.tiff,E1C782D997EFB22F591200984BCC155AD28134034FD0351F43E90B249A221CB6,7817140
potato/validation/good/xyz/028.tiff,FA512FBB5E0A26702F755D8BCFC851B1AB5ADB0AACBA9EC008AC0DFA4358AB2E,7817382
potato/validation/good/xyz/029.tiff,912336299AC3051E254B40BF743093068BB942D3B02869A6CFB8463205B24349,7817350
potato/validation/good/xyz/030.tiff,ADA23AB7CF4312C113FD1F9365BD7EFF2D658B812C8374AC71492ABEDA13D6D0,7814314
potato/validation/good/xyz/031.tiff,AEF44AA30FE8E0A20934835F9C5453270BE2FFB29AE6363C1A20619D039C2F7D,7813798
potato/validation/good/xyz/032.tiff,B48C002261ACB31400419CC983A2B58D62CBA8FA9423B8CBE86304FEC72A7E55,7816568
readme.txt,7460542BB898CADCFB016F406D2FBA5B4D8FE98EFEC5F3D1722A662A536D32E1,882
rope/calibration/camera_parameters.json,18AB51BB678A553920EBAB72027FD3E18156001A8CC430B8ADFDA2C0A9E7A923,201
rope/class_ids.json,54A01681E5F6F435444631AD5667EA38F1419B7DEE4F6558C3B4E2BD3459246E,76
rope/license.txt,221519EB7AF2A395DA4474E7E136BCD4E0848D8ABBF346ACB2FB0B6D6BD2277E,20880
rope/readme.txt,CAF14511A62020E45ADF34A0CEB679E220CD688B3734CA495D71A97D561F508A,982
rope/test/contamination/gt/000.png,F6CC97CB3480A53C206D843D90AEC3E320C9CD6DEB6A024472401CACC8C043C0,588
rope/test/contamination/gt/001.png,0906D62B17AA2B32327775BF71FDC3BC8FEB07DB6D8ACF043BD27DAD88C6691B,592
rope/test/contamination/gt/002.png,19618D8418F0A00348AFEF0FBD399C0C98485199E568169322306423A6437A9E,705
rope/test/contamination/gt/003.png,D3586303F3EBBE667D899B53E5E749B520067D83E1762E0F05CA6C7B255B8350,929
rope/test/contamination/gt/004.png,DA4EAC9569C5BFF6CE9F4EF4DACFECCC5B403A18F9913E1491049FE6D502D3AD,587
rope/test/contamination/gt/005.png,CBE62AC3C9B53B2C4ED3C62945C0AA78A0F0B6A168C42004FE448DC4A0E05F29,863
rope/test/contamination/gt/006.png,0F9E1CBC1AFD5CFF698B8072C329E730F855FF588D61175BDFDA5A63A122ECF7,635
rope/test/contamination/gt/007.png,FCF0009AC57F0E874E34E6FD9B3AD70F8CC0D503F068C4D858C449C5D6A9BB42,674
rope/test/contamination/gt/008.png,13B6DC2E2DC6B10B9A5861916F6D34437C2DBB2F8FE2A786A9289C6B36E5FFA7,631
rope/test/contamination/gt/009.png,EBDC74DF93F8637898AD631B3122830F694962752CF577A3EFE276777A35EACE,668
rope/test/contamination/gt/010.png,BB0E10E2A0A432AAB4B62E84902CF95D95B2ADAB07259BDF78E48AA7D8691464,915
rope/test/contamination/gt/011.png,BFCC52C012B08A2744731E6E2F23BDE5FAC5A8D90FAE3F75D039C5BEF17BC08A,691
rope/test/contamination/gt/012.png,51277CB0103426CD78C17423576ACDE5F798508A2CE8D720883ED33D449D6205,598
rope/test/contamination/gt/013.png,9811C99D42E60586B8A4CA358823522467B6EFC5F0E1FE70EFE9EDCE1DBBE310,637
rope/test/contamination/gt/014.png,DBB9939C5860B44F6B381E872FCB552535BBE0D88B78EC6E5FD463B5A71D7A8C,713
rope/test/contamination/gt/015.png,A05D6B018C0384F374F1041215A8FCDC805077813E3630A0D7B9EF9FFD0387F6,653
rope/test/contamination/gt/016.png,223A674ABEB6E8C549E0D2A09D410CFA16552C829DBEF562BDEC1D09DC9E1060,636
rope/test/contamination/gt/017.png,6DE74405EBA156E90003B6735DA087B2220B59C346C8C7A195F6373E5C701471,991
rope/test/contamination/gt/018.png,90F4091866ADA2482E5173A3C52100E2F305D01E515DE8CD84439CF4D4F911DF,679
rope/test/contamination/gt/019.png,E342C862BB9D4694822791C83447BD4A7A68ECB80FFC9E0B3918AEEF1A0C5815,670
rope/test/contamination/gt/020.png,8A3F4D8BBC757890ECB10EC68B90F2E7AB36AB121D4A57790F9DF0503D94235D,641
rope/test/contamination/gt/021.png,E947546073A28E002F780F1B98C25962124F77CBDEDFAF296BE507001763995E,646
rope/test/contamination/gt/022.png,78D3D05D65C57B53577F8AF71AF96E9C38EC8405D85CDAA245576A59CD6C439E,727
rope/test/contamination/gt/023.png,3732781EC92F74BF9ABFCD8F08C7AD38539C67F08F39020D7D7C75D158AE422B,917
rope/test/contamination/gt/024.png,BC1DEC67B23459B0E021E8DE43CFB2AE0EB3B80ACD36B8C3DD7DBADF21B15EAB,884
rope/test/contamination/rgb/000.png,6BF132D2F34A6DF954B4DFF3BD0A79A32BB823D14E8C2E7DBED2100D6ACB6945,680487
rope/test/contamination/rgb/001.png,E0D59E68974FAA4F936FD6529CB975A24B836349F0848099CC732360C333A32D,681391
rope/test/contamination/rgb/002.png,E27C4476C08D79FECD74D72C3B40AD7C0CD2E441C20E7484EA9BC9837E0EB78D,678464
rope/test/contamination/rgb/003.png,B3B2AE883AFE01C49F8B85ED830B9534B28ECB8ECE55C566047080FC4E3D797C,677740
rope/test/contamination/rgb/004.png,C531E061E83B063E928171B3E2DFFB75A4401DB2A5910A0D9D143D377DAA1C97,679858
rope/test/contamination/rgb/005.png,6A05EEC381A06EBB6292BEFD2B3A08ADE5881352AD022BB2BFE017CE1F4A92F7,679256
rope/test/contamination/rgb/006.png,D67F339626DE87FE98C8D5CFB67FF8BDF9D9F30160358ABFA73A9CAEEEA4BF29,680773
rope/test/contamination/rgb/007.png,96CEECA8ACD7BE92ED1CE07B07E3ABDA83EC795442936644A7C09797E23DC2F4,681301
rope/test/contamination/rgb/008.png,3E4443515F6A5B7415A8584442F9E98026B4B165A88990027FA1181264845726,679902
rope/test/contamination/rgb/009.png,312B9B143B09F8F9DDC92815F386267F32DB76C07EDF19E82C00ED65C749895F,678270
rope/test/contamination/rgb/010.png,6CE2A6B6EE164C83249DCA9FC0974C1AE1EAC65B252356EA2BF07A56163783E4,676604
rope/test/contamination/rgb/011.png,B548C95D9E73CD40D9FD8EE9BB52D44E5E74EC3B5F212879E05B63DC727D5313,679079
rope/test/contamination/rgb/012.png,20E1DA6E679FBC458EF4F035A5824F20098AC1DB002DA97CC869ED0A2A0027A7,681238
rope/test/contamination/rgb/013.png,27588EF81347467B864F74FFBD9C0475C8807F56D32BB909D321A479C19A987D,681363
rope/test/contamination/rgb/014.png,7AD4B517470C81956C31807869C0C5AADF66AA5EDA96C11FEE51DE42287190E4,680442
rope/test/contamination/rgb/015.png,5FC208EA7C9ED3FDAD73829095B889EF69406998A80500CE3AB6ADFB1C704962,679989
rope/test/contamination/rgb/016.png,574EDA41AECB9A0ECF0CFCD54FD71AB26AB32E07B8FECEC25EA2E3FC305DC30A,680891
rope/test/contamination/rgb/017.png,DE81D6DBFE768E51D689E2015B9DFED12D68C553E9C9135BD4BC90B4AB79EFD0,679229
rope/test/contamination/rgb/018.png,4759D4C93BF6F6AF8B7931C5E8611798790B3019D43291EE66318B7891F2DDE2,677157
rope/test/contamination/rgb/019.png,4000D8A1FF7124E8401214F7094EEFA6B3C473466E6FC06BACFD6EC6DBB6E17F,679685
rope/test/contamination/rgb/020.png,366C3C2A8CA27AEB11833B6E5AEDBF379559D939CFCD05BFCF9B0F1F6251EFCB,679367
rope/test/contamination/rgb/021.png,4C7A760E05DBCF4E2653AF37F6D7AA48B5318C2CB7D5D4BA3EC051B3827B6277,677651
rope/test/contamination/rgb/022.png,AF527994EF503E0B426288745E178EC426C63FC1CFBBA4F44CB60BAD00E65FA0,679350
rope/test/contamination/rgb/023.png,CF18309A8D484C4BBF94BC737B94B35F420B813D2E08A22EFFB2636423984D0D,679370
rope/test/contamination/rgb/024.png,1F141848C2C4D9961842E73EE994C463FE57B09363C980E1D1004A897D151CBD,679603
rope/test/contamination/xyz/000.tiff,7E161BC5A8323F1D42CA8C4F0609ED2D198E076C97E19BBEC017A4CA50B3A473,4325528
rope/test/contamination/xyz/001.tiff,046002F994B68F7ED8BCF7B62495C60AC4864C9A1502E47819116E61729D5685,4325554
rope/test/contamination/xyz/002.tiff,B2A8130F3DE32BA21B83F5915693D641145B227386CF30F725D928E759EDEF37,4325336
rope/test/contamination/xyz/003.tiff,F4CE3771C10E6493309B7BD959A03E18061EFC9C2FA88FBB56FC26949FA19A81,4326504
rope/test/contamination/xyz/004.tiff,FCF72E95BDB45B1C98004B2002015D27A0ADBFDCC5052B07BAAAC6EA294C95A5,4326164
rope/test/contamination/xyz/005.tiff,91F273DE587D5A4E0A8EC450A9CB29F9EE6133C704ADA326D610CFF2353BFAEB,4326322
rope/test/contamination/xyz/006.tiff,575AF4FCC3BF8C7A8E5E7D6C9B7487BD22216744D9AF98B21DA15B3F41D5EBC3,4326010
rope/test/contamination/xyz/007.tiff,C2FE7529383F26C1F2619806545C2AC46C15C96856B95EBD24E18E2E507CF339,4326258
rope/test/contamination/xyz/008.tiff,C06E6DB655CE7702B3BD292A261DB89DCF60B1C695EB0D61C4ED405CCE3D64A1,4326364
rope/test/contamination/xyz/009.tiff,53801E8A509372CBA8F6E8E822F95C1AB0EEDF48A9F29306B016652FB05533CB,4325942
rope/test/contamination/xyz/010.tiff,712A902D3B390BFBE75858E012653E09CADF919972A358547604F0FADFED5105,4326184
rope/test/contamination/xyz/011.tiff,D2934553F44D9A132261DDEE478872CC51EBCC69008116A88C4AF0DCB56C53C3,4326226
rope/test/contamination/xyz/012.tiff,7A8B9F7306A420F26CBAC82BCAB8FB31D41DE343944F26AD3E584BB777238CCD,4326090
rope/test/contamination/xyz/013.tiff,07BDB0BE6BFEADBF9DFB73A120DE800B11B6007DDAEEE55E41C83B5412043AE4,4326162
rope/test/contamination/xyz/014.tiff,AB1370697D2BED46D2EF99493670AE5D67F0F0B5D42606817D20A9D42C954339,4326102
rope/test/contamination/xyz/015.tiff,4924FD740B42E1BF446B04CF498212B2A0BB84FF3242ADAFEFE78E4CA55FC74F,4326196
rope/test/contamination/xyz/016.tiff,9E6A3330036D723FE7D523A52C9B7B5C92FDD017C990D5E4DE6C6BCB34C1E0B1,4326194
rope/test/contamination/xyz/017.tiff,380E724C28EC88A0EBF0BB60651ECEDCA28EFCA629655A67B8AC98BD703E9DDD,4326396
rope/test/contamination/xyz/018.tiff,8E40F4F42395643B25AE4B9E86D6C8C75F7F1DDC219D9BD7525FA750A1620A5F,4325844
rope/test/contamination/xyz/019.tiff,ED9A4009F6283D0F2391CF377306C454C43BADB888F20D1DAE3BA2DFAB90F5C4,4326022
rope/test/contamination/xyz/020.tiff,F01485B5BD79BEC57F120D0466CA7526C48652AA49CBE63D6FF0CD58FF7397BA,4325804
rope/test/contamination/xyz/021.tiff,568E7B8640AD77293B7EF1244BDCADDC79EEFA3E3AC35F3A55230BB316F888DF,4325938
rope/test/contamination/xyz/022.tiff,06ED216C7FB116062EAA364C9AFD7ACEA447733FB07B6B769404FF8F2B93EFF4,4326086
rope/test/contamination/xyz/023.tiff,E212BADE4B7C091F6380EFDEDBCA9EEB62C142EFE353FF959C839868EEE7E99D,4326246
rope/test/contamination/xyz/024.tiff,D12F38D2A76C1071915291E90030953B855D5A2B44536DC2B8256C2CC73B1C34,4326170
rope/test/cut/gt/000.png,44699A5E96B8AAFFE3456A0B4305A6519FF5C280BA4C3BC34F4B3A99C5335E4E,932
rope/test/cut/gt/001.png,F7D02F800303B2478A4C580D9689D21DC2B296824D9726F15F07707DE87D376F,715
rope/test/cut/gt/002.png,FF16F0966EBF0DF4460F5D5455651789712DD28A5EC0E518FF8CDCE24967EA47,819
rope/test/cut/gt/003.png,728ED89F54F0E2C97918492BE5C93CACE91A3FDFC6C7AF63B9FE7C17D892AC86,859
rope/test/cut/gt/004.png,F20A440EF259C6BA23E8376E20F6503F4BD3774527561AF015EAAADC1E468827,753
rope/test/cut/gt/005.png,94B93DE3DB96E8DABD340F56EB87D8699CA01F5474362B6D175CE5176D2027A3,711
rope/test/cut/gt/006.png,6B3BB4B517DA2A15952DAC8CE7AA725B3E2081C5AF0DF9A4FEBD3F3B624DFC1F,782
rope/test/cut/gt/007.png,337F550DD635898C1F24BAF8F9B6CE171A9A6B05D8B12AF2980ED5AC11C09685,706
rope/test/cut/gt/008.png,6B52576E343CFD0A23AE0122C4E657FA7840A20DA65F67C1D0A4D01B72573EEA,793
rope/test/cut/gt/009.png,DC23E85BB2005849FA2FBF58B66D5F11702E363E2A0D3B0985D8AC5C89AC484D,768
rope/test/cut/gt/010.png,9B11090A2E525E258130BF0424BF169A7FF0964C795CBE6386A258846F66FFE6,822
rope/test/cut/gt/011.png,218BEDCF7969BFEDD8EF4610297F4F017D477E4AD6DE9BCCB4EB33AF5145F178,931
rope/test/cut/gt/012.png,1C385280E2416D37A56312D2AE54B53D9894498178D5140FB6AA5D5FB3943147,725
rope/test/cut/gt/013.png,ED3B46552D7320A77DC6CB139158CFF0C4AB490BA15333B8159827B047834D9E,879
rope/test/cut/gt/014.png,12370D747DFDEB17378D5B5F2F7CAEC68AEF29051B2D98B8CDC0182DE1880204,835
rope/test/cut/gt/015.png,84D797818F25B8C37E69B0E8FCCF11D625E9941861F0A1DDF3D0E4F1E1A69F8B,1333
rope/test/cut/gt/016.png,DC3D8CD55A1A4FAD4AF871B90BCB761CBE4EE6356D4464396B806F2B67C41C2B,857
rope/test/cut/gt/017.png,8F3EFB4301744C29974A11BFB0CDD53E0FBB74B0443A0D87E089F27AAF398922,810
rope/test/cut/gt/018.png,3F98506F5E5B80EAC0486C78E4C14F7F8B66D7EB9B0F481D984E6A1F3AD4B5AC,910
rope/test/cut/gt/019.png,80E0E89261A916A5FFCCCA2412246BFD5EFF67A193A7207E12F75DA550CDB281,797
rope/test/cut/gt/020.png,679CCCB8D77115360B2263B53D1B283C6C11ADDB9865F0F6C5FFE822A1A0C457,924
rope/test/cut/gt/021.png,F05CD8D5BB29599FE80BEFF9D410F8E14FBA1017478FE1B6344BEBCBBE06D163,806
rope/test/cut/gt/022.png,EA5F65CBFA8E27A4FA5E0A21AE8421BE9EBA79666AB872FEA0F0794C83AFE9C9,899
rope/test/cut/gt/023.png,9BE880822DC7693E2CB268534B7971120F7EFE1AF2FA8062CFD8C1A04DEBF668,752
rope/test/cut/gt/024.png,9C33D9419084A62907BDDE68F85263FA31A923285B65E0E5574ED0A7831A6EC8,1018
rope/test/cut/gt/025.png,DF1E38504BFFC0D220B96B2E44F2CA32E64795299755BF3E6106E3EF423701B9,824
rope/test/cut/gt/026.png,E3CA66C5C91E46884F294E7C5610E4F42B6FE8ACA419174DCCF19EFCB5AF2424,845
rope/test/cut/rgb/000.png,3A1C59FC311409B07B48DB914A4B244EBED4A423D38C6CAA30C0FBB77601C026,678294
rope/test/cut/rgb/001.png,8B4264F9DD209DCC92460F57CCF872B3D3FF05568557F86798EF07908E26A4F2,677349
rope/test/cut/rgb/002.png,7455381F7F558C5AB3D56B6CEA674F790883749E58A8A8E7A14059A67D7E7090,679056
rope/test/cut/rgb/003.png,5F14FBA440174B97CBD321CA00FFC58B96243F0967A47DF7B34EE93D2FD688AF,678780
rope/test/cut/rgb/004.png,C5F99740B945EC1DB9378F8B2EA13C3C33CDB351C5BD6AAD7E3C9BBE42BF8800,677392
rope/test/cut/rgb/005.png,77315B9592D8D9878B68B6B013EE82B9E137CB3A90496A9D98546A90D9557FC1,678706
rope/test/cut/rgb/006.png,18E146174E17712EF5B1E9EFBC0F71714AAF049558759343837F383BE9F8B963,677646
rope/test/cut/rgb/007.png,E386E3A5A4488EA931B214715A4A72608EDD39C7C27CE1A85877DA3B001E1B1A,676964
rope/test/cut/rgb/008.png,54AD2A68DC007A4311BE3423CEAA2B83A8D87BB1871D44342314BFC9C516C2CF,675356
rope/test/cut/rgb/009.png,EBBAB3A7DDD2137491DE423C6CD50E939A5DF3008796EC65353B03DE5EF848B2,677067
rope/test/cut/rgb/010.png,E8DE5CD56CCEFED6F4BD208993201D9B01323101F321B8E0BA13259D8570AAE9,677777
rope/test/cut/rgb/011.png,492640695DC14E2D1F93D9A1670D6933888598F9103C6A46EB4802E84B67C1A6,676334
rope/test/cut/rgb/012.png,42C6D1BDE79C0DA95E947B6D793565244F63CE1DB4534A1C368B3640A403FC96,677025
rope/test/cut/rgb/013.png,B8225964A6292A67D83314E20CBAB5DF414DCDE128530E7D3C582312E5D21C28,677263
rope/test/cut/rgb/014.png,5B405BE6338C5C12ED23A3D18557BF559A75BF6C49F5A8A9F366A495D2A85AD5,674217
rope/test/cut/rgb/015.png,DE418CFA6FDA59B29D9D86F9261BDC433DBF1E936DB5822F59BFCAE3D0FA72D4,675738
rope/test/cut/rgb/016.png,E000AD0353C4910E34F2D18C56F092C0394A85983AA318584558DF7770A54337,675265
rope/test/cut/rgb/017.png,3BD7C18CF90C45E653CFE59DDC412FBB4B485431B668D7CFEEEAFD882BB9BB9D,676285
rope/test/cut/rgb/018.png,2C9DFA68C7783EF4B05EDF7309763EB7E345B9816381FDC0D8A11E08FCCCC83B,673680
rope/test/cut/rgb/019.png,18E1826E89DC459C4BDE296A1DEA42D2B1AF8560A0DCE3B74C951394E2426DCA,672859
rope/test/cut/rgb/020.png,43D225AF68381210895D48F880CAAB5BA8873F71D54E09FADEACF1C6492BEB71,674177
rope/test/cut/rgb/021.png,39CAFE9DEB85645982B46A29F6194D15D48DA3A7A91D07FC7DF6438C508B68B0,674613
rope/test/cut/rgb/022.png,1C68BD0FE42E0CEDB2C6C3200107D557DFB6FCEF5AF8ED25FEA73D1078A9215C,676661
rope/test/cut/rgb/023.png,1B94C9C235726C0A35451853B2458A366C2E0B35BDA1F3564E5A9DACF823226A,676433
rope/test/cut/rgb/024.png,2F5C1DE6686165C0FEBF58C34345FD6F5776CA70EE9F689328B10730E21A66AA,673392
rope/test/cut/rgb/025.png,D7B16457316A1BC5C326FEAEA00AD5B8117C392400B6D95F3215D559DEA2A281,675285
rope/test/cut/rgb/026.png,EB3704FF3D010592DCB107292A83AD9BE532E72C55885727444717B9C8046759,676581
rope/test/cut/xyz/000.tiff,584334509EAD9C6E87BCBB3C4408327BCE6918F7A0A1DDF5E24E2327E4C10701,4325550
rope/test/cut/xyz/001.tiff,CE832E6F19A9B21CD070C44561C38843DAB3E62C3DB30641B2A87DB9B445241B,4325476
rope/test/cut/xyz/002.tiff,34EBF98FFACE70798F4C01362A358336B05F4CBD06091AB3AE0C65970F6E74E7,4325198
rope/test/cut/xyz/003.tiff,E24D6B89FF33FA1763F8F11DE672322EF338CEAAD7081730068090EDC8B54E30,4325900
rope/test/cut/xyz/004.tiff,746CBAD1EB6F5CD98D9779121923FCAE65592817BB46D067E5B03F6C111CBE87,4325674
rope/test/cut/xyz/005.tiff,F1C8F1239A656E1EC731F3006D63CEFBFD4F5D227DB868F0FE6D13B282F340F3,4325738
rope/test/cut/xyz/006.tiff,782CCF1915DE8584F021435920AA50023E2A89C0AD58E944D9D7AC00D66175D7,4325898
rope/test/cut/xyz/007.tiff,77B3103B09BAAD8983D80BC811A909CA893B875406CD0917AEA1AE9210109261,4325944
rope/test/cut/xyz/008.tiff,767CF0325446297985A10CB1D453AD0D49E6B88FB1F6650BBE11BDC1DF1F4C95,4325986
rope/test/cut/xyz/009.tiff,D0D32513A1B78D118EBD5870298CAB9C9ECD4F7A672189AC4DE57EE1FDC74F2C,4325836
rope/test/cut/xyz/010.tiff,91CA68C677C6AD43798B5CEA754131827582E6287859FB8A424C36D19101FD03,4325832
rope/test/cut/xyz/011.tiff,F5B7B6406D1C4958E7D46981898D28D17FCEF74BEE054AAEB8CEEF1B26822895,4326220
rope/test/cut/xyz/012.tiff,6CA6138199B0240636BA8D7FA5F5164C42357905BBA04C98DC682AA9C54C6A90,4325914
rope/test/cut/xyz/013.tiff,369BD9192408D572AA26B36BD586FC07F6822A4114075D7A68749BF583090807,4325794
rope/test/cut/xyz/014.tiff,EF7BBE6E00D4D7C8524C9AB1D908F8AA771361284F0F7E79759CBD8DF30E372D,4325994
rope/test/cut/xyz/015.tiff,E4B145187CD3AD0E3FBDBE378858A037154A43CA54FB3614FC135CB412551985,4326394
rope/test/cut/xyz/016.tiff,F73D24A281397873F66010E8DAB5E59ABB88DC5FFA0AD7BBA89D050E73AC0B20,4325960
rope/test/cut/xyz/017.tiff,14054ED1F723B098FAADB5E31570B8B56DF9AB22BE01C7051C9C77316DCA8C06,4326046
rope/test/cut/xyz/018.tiff,6011077C8FAAFCE0AF500ABA10D56E7CBBED7CDA56657029D72279B6F310A95B,4326344
rope/test/cut/xyz/019.tiff,C1130582B4E2BC2AC7A2998899110E31C4CC87B0FF6D0F00ED451D0D43618098,4326246
rope/test/cut/xyz/020.tiff,69F62761CE22625B8245683237D9C056F2D4A10C35859D5D9DEF319D5B0E7D09,4326226
rope/test/cut/xyz/021.tiff,5E23E5D512ED5F05179BB67A4EAC036F44A7ED774BC010B6C6E78B3DC71E79EE,4326256
rope/test/cut/xyz/022.tiff,76849EB10D5705A8FE791221E63D23B14727A27F9C3B1F5AE0E2101A3C46F45E,4325986
rope/test/cut/xyz/023.tiff,FA040AF651BD88F1D9955C24F70E3CDFE0A1556DF99A5DC7DE2FD52A94CB66DC,4326136
rope/test/cut/xyz/024.tiff,05B45ACFC751CF254A97DA028A57D454EFB812F7A97D3603E094B6E18EF98DFE,4325830
rope/test/cut/xyz/025.tiff,C005959F1C84AF6AE55907C9A692B7114F6C001A0723E2CBA9809F3FC7D85C0B,4326092
rope/test/cut/xyz/026.tiff,F99F1AB256C88413F46BE58B04EF6B09DB2B8BF9B3D60AD95CC5A3D18C093B72,4325946
rope/test/good/gt/000.png,FDEED4DC2EB8955B365B078E256CE87029E06E5D233070E3A3D96B67906E63C6,484
rope/test/good/gt/001.png,7091E0AB3F4461F884182E2063D5CC1CC6317E92D0125ED3E672F0A1E0B37969,484
rope/test/good/gt/002.png,09E14627617594D4786B651BB67DEE790A2CF2569649AFBD161481B4034C71C5,484
rope/test/good/gt/003.png,830ECBAF0EF5C0BC563DFB1792164EDA6AE567ED4004D05446468D2DDE2E677F,484
rope/test/good/gt/004.png,7F3E4E44C4BC84CC2E58475D916C449C369231A657C2A6F14866E8AFD4544C8E,484
rope/test/good/gt/005.png,7F3E4E44C4BC84CC2E58475D916C449C369231A657C2A6F14866E8AFD4544C8E,484
rope/test/good/gt/006.png,65C80D77E7E905B7A9DD6C47FC5416EF9A2E7B90927CDFAE9C4F2ADFD1D0D578,484
rope/test/good/gt/007.png,65C80D77E7E905B7A9DD6C47FC5416EF9A2E7B90927CDFAE9C4F2ADFD1D0D578,484
rope/test/good/gt/008.png,F0F1FE7A58D114F61988873157374D4B27E2D6FFD5C33B790F018A9F9A1C438B,484
rope/test/good/gt/009.png,C14606741C2B1D2E2D80437A0637AFEF4B5EA7535AEC65F6EEA4318AAD06186C,484
rope/test/good/gt/010.png,C14606741C2B1D2E2D80437A0637AFEF4B5EA7535AEC65F6EEA4318AAD06186C,484
rope/test/good/gt/011.png,F25A4B16938971E155CC5A0CC33CA8918EC15F675EE95681999D7B41EAA38F64,484
rope/test/good/gt/012.png,90A0FDBB5A8BCB5DD446C6D8D43A01B7DC8B41D234E84497813564DE8EECF941,484
rope/test/good/gt/013.png,90A0FDBB5A8BCB5DD446C6D8D43A01B7DC8B41D234E84497813564DE8EECF941,484
rope/test/good/gt/014.png,1980AC314F2DD8A2414E4279E5E07A0A370DE0C804EFE75EDCFFC47205671BC7,484
rope/test/good/gt/015.png,1980AC314F2DD8A2414E4279E5E07A0A370DE0C804EFE75EDCFFC47205671BC7,484
rope/test/good/gt/016.png,CBD73C9F18FE8C27ADE5720E42FAF911ACC3E87265CD915BB22DD91602194C61,484
rope/test/good/gt/017.png,AEB170B5BC04F8809B13E48616AD34551C38A39484DA2F797A6626172EA67371,484
rope/test/good/gt/018.png,AEB170B5BC04F8809B13E48616AD34551C38A39484DA2F797A6626172EA67371,484
rope/test/good/gt/019.png,5026C626D94672E0C2B45BB021ABB158DCA9EB3FECF11C590D2A9E369D58BA7F,484
rope/test/good/gt/020.png,5026C626D94672E0C2B45BB021ABB158DCA9EB3FECF11C590D2A9E369D58BA7F,484
rope/test/good/gt/021.png,6E69DF9CD95D48D941C07E225CBD7A176BC76250F25A750D53859D8493EE5760,484
rope/test/good/gt/022.png,6E69DF9CD95D48D941C07E225CBD7A176BC76250F25A750D53859D8493EE5760,484
rope/test/good/gt/023.png,FBB5E3E103762C00E500A363FD39BFD74536AB90AF42F07EB0A602CDF6935437,484
rope/test/good/gt/024.png,FBB5E3E103762C00E500A363FD39BFD74536AB90AF42F07EB0A602CDF6935437,484
rope/test/good/gt/025.png,07429FC26DFFB745DDC76CA530AE73817EC94E7C45FB06A96C7C49F25BF42277,484
rope/test/good/gt/026.png,E46DFEC6DF1E0C47F5D1BBE112DC09322EAFD04E009D86F08580A9DA610120D4,484
rope/test/good/gt/027.png,E46DFEC6DF1E0C47F5D1BBE112DC09322EAFD04E009D86F08580A9DA610120D4,484
rope/test/good/gt/028.png,21BBCF80179B7BB08BBFC0D67A977CAC9CF4E4119D33EDB4FDC0571E0E72CCE4,484
rope/test/good/gt/029.png,21BBCF80179B7BB08BBFC0D67A977CAC9CF4E4119D33EDB4FDC0571E0E72CCE4,484
rope/test/good/gt/030.png,2C0784C764CEC46D7C305711AB51F364B9EAD5D4545280698C431E4EF6420A71,484
rope/test/good/gt/031.png,2C0784C764CEC46D7C305711AB51F364B9EAD5D4545280698C431E4EF6420A71,484
rope/test/good/rgb/000.png,60CC0F8F3AA6B67ED5E8B5F7E14B1647202B38416E4973AA4720D423E39FA471,683374
rope/test/good/rgb/001.png,DD2CDECBDCC4BC4E8FE07017C6D6435828F8BF71AB4832201E4E924F52314ECB,682028
rope/test/good/rgb/002.png,B59B08874E8B11CCA1817BA5136887DB9EBD371918589CD8D8B3AEFF40946499,681272
rope/test/good/rgb/003.png,3F02363CCFAFF6EA05257ED912714973800A02BB1127C8922AE5EDA53DBDFFE9,682459
rope/test/good/rgb/004.png,3B6B2E31302DD29BAB2C9DAD7CEB33BDDBCD74C49DADA8F235B0A35AFB7BFAF0,683604
rope/test/good/rgb/005.png,07959AEFD245B0065439FCF2548328C1E4D6458D670405DC2D7020AFB531CC3E,683005
rope/test/good/rgb/006.png,C4B10967F0A2C06EB8530EF55BC80A4103D4A13660F097ABC02C9F144A8E4342,682837
rope/test/good/rgb/007.png,6235842A9D48D9899C42D8E2360DB0AC5FB4F0D89FAA27243A70713F1F8784E6,684264
rope/test/good/rgb/008.png,E1C7B645ABD43363603FEA37DD02C84BAF24A34F6DBCD38EA243144925C68BDF,684278
rope/test/good/rgb/009.png,773BB9F1AFFAC6A92A95C111531D9D218A9DF636BF6685B3879B4F292CA19C54,683698
rope/test/good/rgb/010.png,30A06B463F25F99E2439D1D83A2C2CE7445C16F397E75101F3936000AAD4E9A2,684362
rope/test/good/rgb/011.png,61D2C5EC016B0B0622A1BE5EC413AD0D5C3CB053B144CA9D95F176DC123B4122,682749
rope/test/good/rgb/012.png,9844251E83F81EE2873B7100CF88CFD783A9E794A71F491A4BDE1C0C42B8C5F6,684346
rope/test/good/rgb/013.png,6B342816AF12D855FC0ABE7B8B2D9C9C9D0141B0ED1CAF03856F4714BF5E9DB7,684523
rope/test/good/rgb/014.png,83B587693FFBD31CF97FF5FC9F3FD941A9F850C88BE531FC5819C8FA57E4093C,682636
rope/test/good/rgb/015.png,16BC18F704D50099CD4742D0F907CD2CDF3A2C31FA75A2D736B38B1328C5AE75,684266
rope/test/good/rgb/016.png,E85C406A13B40EB9AFD9D2CCB37DD8607E89C4C6B69067AB2D6910701A494B97,683602
rope/test/good/rgb/017.png,12BC3C423246562885E17C3FEDE913342DF07707A73E7B7BB2062B95D648ADFF,684632
rope/test/good/rgb/018.png,B6258D73E7CD417481D92F7A6A448E24E07DE9B24455C2CC21B5CAC55994706D,686912
rope/test/good/rgb/019.png,6DDD1808E66EE3413D41ABBB1F015C8C7AA80931B7D12C8849713AA7419351BF,683409
rope/test/good/rgb/020.png,154ABD44C256FCF0199B74D5D503C6903C17AE322E9AAC06E6DF62DE6EA712FD,686318
rope/test/good/rgb/021.png,67CD46F65188BDBC0D2A533078A0A30B70D67C480632DD6B13D9910497DF5206,685580
rope/test/good/rgb/022.png,06E3155E0851DD36A49C1AE1D40EEBC07FEFA1FA0BBF527CA797CF3C70795E82,684919
rope/test/good/rgb/023.png,215403C81705D8BBC5F971570E48618E33C8F894A97C64F4174EC76EA10E22B1,684642
rope/test/good/rgb/024.png,DC161797077A1032BFC8E2107560CD069B91ED6D354023F81DFCD1A8BBAA688C,683708
rope/test/good/rgb/025.png,F6839FCD00DCE718DC74F103AE6868C69D3FDF5CAE82DDE5E30C9B01F1DD6C74,685819
rope/test/good/rgb/026.png,7222046895D16811B9E858C22455A30070688BC90744B6C8172B8FE018E6B2BD,686421
rope/test/good/rgb/027.png,FD81420B29302736D39AEE3C0CA0A059F4976A7ED39F7A44FBC6E8109A8D3AFF,685485
rope/test/good/rgb/028.png,8B8F303B6CA0B07AE872E5D6AB3D577BFE34687C23601AAAFCD44968236FDF30,683895
rope/test/good/rgb/029.png,9F5C62CDFA45D044021CF783577A71A584F71E83EF01EEAF9572A300D00126D4,684666
rope/test/good/rgb/030.png,AB551680391A007E3CBB5FA1C07728A8C1554FF2836E60D944ED12982DA2D294,686839
rope/test/good/rgb/031.png,5569BFEBBBEB303B882E006C35F57BC83A06A4542E9B39713D8826C6CFC45E42,683442
rope/test/good/xyz/000.tiff,5B6A373BA9007B9A865E3B5C678D33B6FCF95823094DD1501C298EB9C1D34062,4325314
rope/test/good/xyz/001.tiff,9DB7758F9D01BE23F66B1F91B661B845210E7948BD023D4E3D7BA95C60665243,4325120
rope/test/good/xyz/002.tiff,D9B067BE3211D89EEE233BF11C178587EA85C421291826E4D081284DED7E8E51,4325270
rope/test/good/xyz/003.tiff,4B769CB0AF15CAA45B6253977AC3D89BD596161A007332FBF7F174D8CE16BD30,4326110
rope/test/good/xyz/004.tiff,A75ED4A7943F401799F633FB585BAE2C393BDFB0A98FE854FADBD432530FA998,4326340
rope/test/good/xyz/005.tiff,29C31E5AB748BDD4CEC4CC728ADF629F8333A15BB56376D27C6C32C20473B123,4326450
rope/test/good/xyz/006.tiff,280AD26659518B53D794BE8C6AE12666395E1B86781AE6C0A69DB22C93F9BC26,4326322
rope/test/good/xyz/007.tiff,592E0D7D808BE31962335E9F27A78927D346AC419C27DB2F6FA843B442796B1C,4326274
rope/test/good/xyz/008.tiff,06D396DF43DA98447E70B868A31194D699F1F95F57AF25D376EC9F6A62CDB475,4326190
rope/test/good/xyz/009.tiff,CBD1F5C1E783F4954DDEC51412A4ECA52F430A025D0CF6CC9D7CA91734A5830D,4326214
rope/test/good/xyz/010.tiff,C3430CFA70A256769E08D8925357C5A6BA060FA22F3207D205702477177D00CF,4326332
rope/test/good/xyz/011.tiff,C9BAB3D82C6437247CFFD1328FB9544A3288FCA63265E70D3AE9968CDB445D73,4326260
rope/test/good/xyz/012.tiff,E5EB06E8FDD9C0B82B8FEF56075634443879718FA2CD35B07A5D7B4102B4B1C8,4326222
rope/test/good/xyz/013.tiff,68E3BEAB63B60276EA102C28D8CD5DB9EA2BA700516974E0F6AB13DEF439486C,4326380
rope/test/good/xyz/014.tiff,45649125089E2FB7A1417C4630EFE8E9324F210ADD059B9E78DE5902CCB23C7A,4326400
rope/test/good/xyz/015.tiff,AD741836ED1E1444578E4BAC00151023C0A01682CBD14520B59E5A8B87BA7BE5,4326218
rope/test/good/xyz/016.tiff,1CAD5468CDB2AE0F59FDEA74EA429ED5313BC3FE5C1494E8690014AEE44ACD90,4326068
rope/test/good/xyz/017.tiff,17BA3995C986BB0896186D5BA449FFE9C0303A0014384ACBC6633B7450723582,4326294
rope/test/good/xyz/018.tiff,D4376754A6BB1D845E499B0742E70233F6BE50898D706E30BE81DF899B61359E,4326260
rope/test/good/xyz/019.tiff,7104F8DA54DBCE73C1BAE4892ECD94FA62AB8DBB0BF3B0B66EEB2E0876FC3903,4326270
rope/test/good/xyz/020.tiff,6BFAC9033CE3B60D1E070E1C38EC85A5ED5DCDBB689EDBAFB02E1F2878E4BD3C,4326226
rope/test/good/xyz/021.tiff,093AFC0BB9CA37E11EC8F43B3D2569C449A9CF9799D5AEAB539A64C948F114A0,4326254
rope/test/good/xyz/022.tiff,929302901B8838912972662A534F06CAF5163E3EF5103094103FF196A7DAD9FC,4326356
rope/test/good/xyz/023.tiff,A3070A8C0875C813E607297AC6BDB5280372B198D7EEF9F66B8FC8F7ADF974AF,4326370
rope/test/good/xyz/024.tiff,F9CB049821EB72E16F3C551546F39EC19AA646CE28BA57E161F0E9D049161D52,4326180
rope/test/good/xyz/025.tiff,6CE2F7763532102F5A666B2C45E3C8A22128CBA1611C47592D78F23CE232C5B3,4326154
rope/test/good/xyz/026.tiff,C806A910DBD5CB9F987005EAEED12C8AC701520292E432F5E7159C0B0A6188D7,4326200
rope/test/good/xyz/027.tiff,3DF23B2FDD649DC1DF316ECEEACA6CC9ACD04174E8F20769D1057E1F57982463,4326264
rope/test/good/xyz/028.tiff,ACC67DA27A9B540824624B83614F33DCF00EC66082FFD7BA00717F3D6F7E4FC7,4326398
rope/test/good/xyz/029.tiff,4A6BB86D9704DAB26FF7D146CF9EACBF71D505E4DF4BF891262529D173EE99C5,4326376
rope/test/good/xyz/030.tiff,C915F5A50A8BDC03917F428368818AE37E11E05691058A762CB61F5B9C8DACF8,4326270
rope/test/good/xyz/031.tiff,CC0BFBCC250B47AD5F04DFF6FEB0E139164BB836BC27BD54788A057B9B274435,4325958
rope/test/open/gt/000.png,A5B7A654A0CE83557EDD0B846B1102BBD5814D3AFC3C345BD31496480C8211C0,1112
rope/test/open/gt/001.png,CC51D18482D23C2EF68510E68EA2EAC7DACA62E1310F0985F29DD3FC3F0DA88C,930
rope/test/open/gt/002.png,7C2F21124F87C87C00EC40CD411D31B06BBB94165BD04E0DF64DAAAD360B8308,904
rope/test/open/gt/003.png,CFA120A4B2A51A7E76175CD8E389E32265F487454B04F5AF80BBBBCFC7022304,906
rope/test/open/gt/004.png,0DC5642F11AB67671812508AF0236D000719ED0C60963D1BD9FBCF59C5FE96D2,982
rope/test/open/gt/005.png,AE23885552F19363E5750FF6F1E564EB324DB0A0D3C1FD7E990034B241B97CEA,849
rope/test/open/gt/006.png,9BBF5457258DA5C77A1BEB4D0D67D092ABE44D7CEDCC3EA07F12FA4AB8870C32,915
rope/test/open/gt/007.png,D314A6B0F9B68602D09A86E3A501629B3FF766D3D974C7BE4CF7726C5850E817,983
rope/test/open/gt/008.png,56EDCE83EA03033A3BB122A5233531EE7AE42A014AEB94C84D8F815328B1120B,1025
rope/test/open/gt/009.png,B4DB0F8B2C37B78EFA5011749E1D4EDC5CDF3E27A471314C0B70411D7DC8A8F8,859
rope/test/open/gt/010.png,48793E6EFED09337457A02460DD5484AD30F9BD326F2C0F6C707C638DFC6244A,1043
rope/test/open/gt/011.png,EC49D233550F25343A5379D2825754F3B1ED231519D0CB6026AE973E185C1EFE,964
rope/test/open/gt/012.png,55361A2F7AC95833AF8CF418488E1D145532A53A20DBBAF2BAA58C992D86DA00,890
rope/test/open/gt/013.png,E045EF0E5CF4B78B5B08761A2A8891FDA39890CC87D3C2270A0531299F713437,995
rope/test/open/gt/014.png,1A3474C807BF43D73742AD54814DC12051ADC8A530430129DF5E2638618CC972,972
rope/test/open/gt/015.png,8E9E6EAAE5B87CF85F6743CB26F824F65116C43264DF89F90A434D4D6E940719,943
rope/test/open/gt/016.png,581DD3ECF13AB0609E6686F9B3AAA1072CCDCC8A3ADED9E80F894512328F25A8,931
rope/test/open/rgb/000.png,1AFE2A30FDD287309DBEA11BB9159093E316C556573B6B090CA14F2A8BE74475,675391
rope/test/open/rgb/001.png,5B2CE4F65F22F3A7562B150B6609F62F50D5486539228B1BA77041AAAC735662,675326
rope/test/open/rgb/002.png,7924BAFC2F9BBC97760D25045076F18AE60C06B38A7790F9212A99A1545DAFAC,668780
rope/test/open/rgb/003.png,621FD8C77D96F807357D159011AD02D0CE9ABD4BDF9EDAB046C0715FF6B53B69,670968
rope/test/open/rgb/004.png,37124C83457E54579F5370E172B180CE87D99BC411F3F68CFF750BD15A5447B5,672189
rope/test/open/rgb/005.png,A4655C1BD5C4EB8F101F0AD817CADACD45F157ACBEEE4C93E1DB81CB764D6A2E,670172
rope/test/open/rgb/006.png,8197793F50F5D22C832CE1AF8F9B64AF6EC066D75208E40A5D9456B03DF0F428,669250
rope/test/open/rgb/007.png,4335B62C95734FEF958407807EFFE2659C3D72E6A569E2FE39D53CF79E96B730,668320
rope/test/open/rgb/008.png,07B0C799AEA97615318C014FA923562227D980C2878F74B53D4AAFB40CE7B7A2,669354
rope/test/open/rgb/009.png,330AF5703734D06BF49989B3FE3BBC6A70B0A96332880715092D490D659282D1,664498
rope/test/open/rgb/010.png,5C067D74BCE0D72EEF3D4C6C23ABFE25CB2EAF18FEE121A86B99EA403255364D,667945
rope/test/open/rgb/011.png,FCADDA0D8BD7DF6346EBE7D916631A37DA19C446C7284348450FEAF4B3356675,669167
rope/test/open/rgb/012.png,3721FB364822C921C0DFA4A48FF799AEFAC24A2AAA0C034F696615769A707DB3,670542
rope/test/open/rgb/013.png,0E768D9740A128F97025E268D778581B188805CA4E4D2F6B6A3180B6276488F6,668274
rope/test/open/rgb/014.png,0B11B38B7C3CF1C4887B74F6A7B6E4F4763B1797635D761B9B0965A17ED3AE42,664726
rope/test/open/rgb/015.png,B9AAD50136FE2B29D7E4F61F5371CF034F19E06234D64F67A734BD555E32475A,668304
rope/test/open/rgb/016.png,AE44009D1009A3FFF4992224D46B614B22D9B9A95C3FC3FB59B27687AE7993F4,665987
rope/test/open/xyz/000.tiff,A937B81D1F691B524FAD111FA626A457C1CA933D59660A67B731BC9D32A009B1,4326038
rope/test/open/xyz/001.tiff,E6E3F418F6BEE26A13A98FA52DD0EF41640F28E062817901F659BF7DE1411346,4325808
rope/test/open/xyz/002.tiff,6585671CD12BF15BA1180FC8D4A2AA57FDD7008ED8CB73EA219BBFB5B6370796,4325372
rope/test/open/xyz/003.tiff,FA4713BC693D95EF9BC127B4657DB47B2D681AD9C61C29C0B760D32E3A48BFA1,4326582
rope/test/open/xyz/004.tiff,A335B9A2520239A7B5F60BAF5A239FC636CF4FFB00FCBEB776E1B881A2712421,4326590
rope/test/open/xyz/005.tiff,8B59876A8C81C476706F0AD2579B05C8C610FF9906CE9B1BB1F9095CEFE60422,4326918
rope/test/open/xyz/006.tiff,93C225E1D7F872C8425F48327E5C2903155CD77E0AF25146E4C23D42188AE3F1,4326558
rope/test/open/xyz/007.tiff,AC6A68DBD19E7984DF63EF820761EDDE32B0127072D1C8C01C8B90B23300E6A0,4326700
rope/test/open/xyz/008.tiff,3BF2C95D0AF3BE2B20FE50D28E65CE6263A7FF9D24A8919ABACB311E29301CF5,4326336
rope/test/open/xyz/009.tiff,D0A45CA8281704F2051EAF039D8A70B673BDC3A69D57D1EF2FFDDC7E6B739118,4326458
rope/test/open/xyz/010.tiff,DFEFBF3D7E8F98DE482FB2C7B72F24C08907B2D11226CEDDCA7CD3A60D5027FD,4326442
rope/test/open/xyz/011.tiff,82AB2D51C4600C876AFD2C7300A207F1AA0E83C1064867431EAC3AB124CF5E5A,4326442
rope/test/open/xyz/012.tiff,07F6DB44EE7A86E78C1251C926371116AC92D7E049F283C3F0FC65BA1A893FF8,4326538
rope/test/open/xyz/013.tiff,A1245D92926283453351C38F5810189F9FC2FAE33832483FF5EA1B75215F105C,4326290
rope/test/open/xyz/014.tiff,8951DCD825D802A68F93D9D953731983E32FF7C4E77AE26198B1548C75E692C1,4326668
rope/test/open/xyz/015.tiff,F9D0F5FF15EE7901CEDBFE1366C0AA533BBF090695DD06F09324D5285620230C,4326760
rope/test/open/xyz/016.tiff,21C82866301EB87C24CD050FF0A47929BEEAB61686A494B4B4C3183F3DFCAE0D,4326492
rope/train/good/rgb/000.png,B09365D2DA23DDB0612DF8C7F395356A8F652E47718371091B39333C748C3B38,692689
rope/train/good/rgb/001.png,4FF75A9F448BF85B7CCD3568B0E99ADF00FFB1A6AE64F6E9F818974421A538D6,691666
rope/train/good/rgb/002.png,B32CC1A74EC72474A97C8EC51055E405A904B52FDF6A23DDD88085247C744CC4,691686
rope/train/good/rgb/003.png,B2D05A88BCCE99FEE8915E85CD2F0B91077FA4AAAEE9A69185FF6000E48F9258,693106
rope/train/good/rgb/004.png,5275C7BC78DC3D9B195C1E84D03536AC9421D94F39CC8F925CB87AE993ADF513,691468
rope/train/good/rgb/005.png,D7121AFF6CBC57312111EA5B72B8E49E4945F988AC27EB10FE4DF1CD807E01E5,692228
rope/train/good/rgb/006.png,D1D1B582C185C73F5018C908C92126E689C77AEBE135F7DD64F83077628B244A,692035
rope/train/good/rgb/007.png,839562916C4A27F1A9EA138BFF0FC854F0F9BAAD5A9860174F7959AADAAEAE7A,692603
rope/train/good/rgb/008.png,8AB6384706D1BDF426F86F672A8A1A70CD6577F2CD7B777029DAF14DCE6875D1,692322
rope/train/good/rgb/009.png,CA6E32016E170CB4BDD8B4E76DA4632C275CB7B0F4D944E0F946AAFA7315391E,692471
rope/train/good/rgb/010.png,603E7E9CDD2EFA696D93585677D6058ECD82A3AC8B84C6205652792A954F7F4B,693065
rope/train/good/rgb/011.png,E99933474715597CFF78EDBC780BF5777FF1B254DE935B2C12C4BE756E3BA6AA,693519
rope/train/good/rgb/012.png,5F9A3D02D90080C8EEBF45EE5BEBC9A9876BDADDE30AC3353C9B8877A58CDF1E,692037
rope/train/good/rgb/013.png,6F87E32A61A8D27F0A249A513A48574ACF1F675E433E4FECAF53EE93C388A3EB,691512
rope/train/good/rgb/014.png,09499C28AF60CE98F6DCFCEB7730B7EACCF28D0F2E8461619DF403DDEE9918FD,692233
rope/train/good/rgb/015.png,7296FF3E3BDCD558D59FCD60FE7DA48091F82FA9784A246B88AEA0EBF7187A3A,691827
rope/train/good/rgb/016.png,A4DEF9A4DBAA3D8E1982B6B3598A97EB2580AB877318270374D01454847220DB,691858
rope/train/good/rgb/017.png,08BCD572015684EA21452DBAF2F4DEA9F63AF8598AEB72D419E6EF8C96FBF8D7,692722
rope/train/good/rgb/018.png,E4A6DD38990FAACA7F634E3DDAC9C098FE5291A1E80E5C0958ECF97E63D4DB64,693095
rope/train/good/rgb/019.png,F8547819AE9EC543A40BFEFFA291F4DAAD94CE268459CB249EA669404CF6BCD1,691633
rope/train/good/rgb/020.png,471D88D0672775375F9E3963E03728946A8BCF7C668A3F85385FBB3F082AB701,691439
rope/train/good/rgb/021.png,AF9BCB985B8ABBD0174302E249720B028BE31E44F5CB3DEEC572D5CBAF5CC94D,692681
rope/train/good/rgb/022.png,77102B46422594EDF6C6DE9B443F53FF3A01F9ABE6097EB6914390CD69584638,693780
rope/train/good/rgb/023.png,BEAAEB54BE7CCBF4830DF9AA869F8044417D3B2EED7EE2510899D4FB9CC26CAB,693807
rope/train/good/rgb/024.png,F61460D8F8F657E05BF4D7DF1154C30CBAEBE0908BD95A340EEAECB8660DA775,692235
rope/train/good/rgb/025.png,354AC77B5CF8819E3451927973210B7A0E82F093759D465C62C0634BF61E5193,692841
rope/train/good/rgb/026.png,4A85EA5EEE9E2A1A494E9D2BB186D5C308B56C3D42D6FADB5E4495B0E5128962,693256
rope/train/good/rgb/027.png,F265B605027EFBE815D43B285B5929B2D431E15E92C9A96AEAC1A0FFC7FCF1FD,692883
rope/train/good/rgb/028.png,371C1E6CA28ECCFB847DD3888B6FE4B75F433861DC2D7474F7110C25F9CD36BB,691561
rope/train/good/rgb/029.png,7FEFB02D2C914AF955B255ED1160B286E935F06B24F5301D2FD237251EE27046,691837
rope/train/good/rgb/030.png,31DAA2295E5F2FBF79A3F72717CA0928657C70396813823C9076CA085CFFB995,691058
rope/train/good/rgb/031.png,F1440241E858BED77D2957F8241ADECA47A743E1DA4CE318396C3CF2B0CC8FB7,691484
rope/train/good/rgb/032.png,E46C4A06BEA5D642A2BB2A2B2453B4C7E9517277503086C66F0804139B3542F2,691785
rope/train/good/rgb/033.png,ABDEA4951753F833989A76AC345117B6AA7D0D7E77B0D67F4ABF2B625615F856,692197
rope/train/good/rgb/034.png,91BFE1D4A685BAB7B829AB6616A6A79FAC94CD500C95CEFBF914573180FD4365,691986
rope/train/good/rgb/035.png,C0795EFA7AFB84CD098C035C260CAD46B70D3DEA991888FDD33E68D2C8C3A311,692242
rope/train/good/rgb/036.png,5C7E239788D2844C90E10F1F393ECB782E380B9E73C485FD173244ED83275656,691539
rope/train/good/rgb/037.png,E93D314A345A1695B84B07332EDB36FB104649CB5DA592CFB5BD4B74C9811A0A,690927
rope/train/good/rgb/038.png,06A19B065907687305CF5E95D40B8003C83CCA1D38189F94FEFDAC36F09A44BE,691231
rope/train/good/rgb/039.png,80557310D63521AB41AE3058872A65269414C161471737885B161F82E30B6559,691661
rope/train/good/rgb/040.png,CB13272A73E03B129F9983FBB51F30B113FAB27417F7F07FB0C11534769372D3,691857
rope/train/good/rgb/041.png,3012F5DD3A35D25F6EAEC385C0AF5C605DCD1C9F6CA65EF645D9D6E73157D5B9,691364
rope/train/good/rgb/042.png,473592E32A7664AD317BA4F89C7A8AB084AC9F9C5C8293BB8B517E42DAF52ADD,690552
rope/train/good/rgb/043.png,365818C365C5F5ADA9DB44ACE98504E0F5AC9D047D62EEAAC42B6E1C6EBBA043,690556
rope/train/good/rgb/044.png,2E3546D8369FBAC3E44C4F7360C5F4E1367B5A26E2049DB22F1974F23665AC43,690854
rope/train/good/rgb/045.png,1657559F495B10CA16A4D172BEF6C49ADB5CDEB42E76032C3FFB4D2BD9BB7D8D,690747
rope/train/good/rgb/046.png,DC5E598E84B6AB76748774560E4D85C57C2990DFEC4E6E3DF490393316EC0A9F,690751
rope/train/good/rgb/047.png,2B3364AE0D6AA2D4E34C05AA6511CA1F247DB68A41B00319803959DBFC767D4B,691929
rope/train/good/rgb/048.png,0992BB44303EB5A099278A0811598ECBACEAD346E60DDF249E5C465B5B14591A,692164
rope/train/good/rgb/049.png,8C26F57063FE93B1598EADFEDD0B679CF3A5D7576A4EC74387994911955065B1,691695
rope/train/good/rgb/050.png,F5DC3AD1B90139326AA1F68AB382D9472873ED25A5663DF63A10F25EF8F2484F,691557
rope/train/good/rgb/051.png,DBB6C5B71EDCE06749A8328A7CA21D0D61D70AD26E41E7511CE12239A74BB532,691217
rope/train/good/rgb/052.png,5FE0BE465A58A19FEC939B9416E1727559B1F88A3DC44EC621603E8927F2BE21,691761
rope/train/good/rgb/053.png,08F75EDF97D2776D695E070DE53E5B4CF498CA4D4075523525B1D1B0FC563BF7,689904
rope/train/good/rgb/054.png,7A267755DA37C087C7DB256B370077488C039D44E729C1EBF0771C2AB70FC25C,691483
rope/train/good/rgb/055.png,F01592F857B2F5A0FF1DDDC4BE719DAE4D52FF4A618A20C9791FA63E9C573652,691855
rope/train/good/rgb/056.png,8145F63B91E8598E4B59819539A51D7F463D39C30E2018A0D287B3B33CE5C7D8,692037
rope/train/good/rgb/057.png,97BEBA0F411AFDCF949C284AD5932E7BC43D05CA46FB015ED028439FFB20E313,691210
rope/train/good/rgb/058.png,07AC5EEC6A9F1D1AED5C0DE10B0884E73ADD467CBB5A943E5D045F82415B4E6F,691390
rope/train/good/rgb/059.png,E3B2A444983CCCA08E8314036024561F3BA6329115C4CC77B20A5879A0D1D019,690803
rope/train/good/rgb/060.png,5192F0613D9D986BEA691460DB7ABE7DBDDCB0CCA2FE64CE5B20945054785A6C,690464
rope/train/good/rgb/061.png,25DA7356AEC68677064F9FD937A61A97C5B1F42B4A0755140129AFFA127DBDC2,690058
rope/train/good/rgb/062.png,1C4F0C5083C2BFCDE2549940C23D143B951C424CBCD4EA5030B31AF1627A2FE6,690337
rope/train/good/rgb/063.png,13C2F45E639A68E0391ED33677A6E00E8386EFA30F42C792ECEC2EA9D0AFF0E8,691930
rope/train/good/rgb/064.png,A4A9EA128A088D8B5A1E63F0A3977C270820329AE419A36F87ECF8351CDA6CF6,691079
rope/train/good/rgb/065.png,B335E950793AD26B5989B97EA8339441BACDA0748E942B9E3079AA133E530DA1,691290
rope/train/good/rgb/066.png,2855F2076522E89796653905C39E86162504286F232ACFF142B2CD88034CE5DC,691736
rope/train/good/rgb/067.png,A7292E4E2AFF65195F7F362C30914F7341C8C95BE9DBA3A8EC791BED8A212437,690722
rope/train/good/rgb/068.png,336A9BD2CF2331EBBD3046AF9D997214859CD6C01343D246467758CB212C69E1,690910
rope/train/good/rgb/069.png,0B49436F69E8C8237D96D930BE80ED9A90FAD57B36F4F937FB363D952A3841BA,690639
rope/train/good/rgb/070.png,485ECF87A09FC7E6329D872E79F66112121FC8124D2FF74BB61D06D5CDD2B42F,690643
rope/train/good/rgb/071.png,537F6E6FDBCF0810E2FD2719AAC73FB55F94D8045CA82081F679061457BEE280,690847
rope/train/good/rgb/072.png,A534143185EC02E1B32BB35F70065946A8B02F555525E04BC4B0D5FC80AF17E7,691625
rope/train/good/rgb/073.png,7328FCE8461A68EC3839217C76B414BEC2EF4EFDDE12B4F6AE3812DC9643455B,690973
rope/train/good/rgb/074.png,3EFB8EF8D2913918D3C25A17E139F597635EE279475CF381A4637702FE13295C,691260
rope/train/good/rgb/075.png,F8F2A50EC3544133923A12E20F9422CCECB8AFF0C4291BD32862CC5E2EB862F0,692242
rope/train/good/rgb/076.png,D9DAA9798C35EE7B8D41E9DC89A5A77363B0A4CEDC589FA0492EFC56DD76D896,690679
rope/train/good/rgb/077.png,448CC3F9AE640A72EFDDE4B2271D61C68DA54A6C789D7159F3870D707E7DDB81,690650
rope/train/good/rgb/078.png,9D26E206D1B6BA44F9DC282028453AA5ACC4112C45BF9EAF71415660003BBD12,690508
rope/train/good/rgb/079.png,706D9C62B445AB93708CC2D5606C744B34141FCAF1D2186432D3B37D79358135,692074
rope/train/good/rgb/080.png,3FD10FB72C891CE86FD7A26B59AED0A4CF211674E298D884AC4C7BE4EE036540,694137
rope/train/good/rgb/081.png,DBF7F2073CAF160FB73F9091EE30B2BDDBD30B43FF224C93FB4B9116E76952D7,692366
rope/train/good/rgb/082.png,1B4D75276C319A4DB5A76BB9A80050E746EA1829DA17E33E6095FDBA00623730,690971
rope/train/good/rgb/083.png,592AA122C6073ED7D8BC3490F6130A8160B1209E3DA588B39CEDC7CA102D8AD8,691087
rope/train/good/rgb/084.png,45FBEAD2431857F01D3B961C7465B64138D53D2D6F9F215A7778940D9E44AE7F,689549
rope/train/good/rgb/085.png,EE4C60C93B11D05005BB1E4413FC3459C1ED9B611B0F8E32FEE0D4D49CC87FEC,689610
rope/train/good/rgb/086.png,2EFA18073FCD467749891CB94306BDBC04E89164049FED2EA22BBEC365FBFF78,690175
rope/train/good/rgb/087.png,387C180D4F14E4EDD2F0A2172725F0E20D45EE6C5DF65258D6D9980529C95201,691376
rope/train/good/rgb/088.png,5A6BBA560DF2C49A6A10957F4FD28B105009074DC425D2A2AA8CB17A9C34BB0F,691878
rope/train/good/rgb/089.png,1DED47742A25943C15017859237C66C714BC79A97D0216E8694E56482FC1DCA1,692706
rope/train/good/rgb/090.png,54943208A0CD64F8642DD144B919F235327F161D32C2112C81EBC13F2AEDBEF3,690706
rope/train/good/rgb/091.png,1530FE6A2B42DE4BC3BA53A6EADE0345BC16909371DA7206453D168D6AD04897,690651
rope/train/good/rgb/092.png,4C28491BCE658D032F85419AF943F27738CD459A36EDDFEDE278B2AE63C7388C,691493
rope/train/good/rgb/093.png,D29420CBBE389BA0007831DE7A1BD4F4824F1F20BC829CB82A1AB60E4E1DC7C7,690082
rope/train/good/rgb/094.png,260421EE0D5BBDE3CD27DCF1D009C0F9935AFBDDEA1919A87334FF604EF6D8F5,690242
rope/train/good/rgb/095.png,A846B57AF1190327918CF831938340F69468BE0B5A60F994C03FEBE0FCEF7C1C,690073
rope/train/good/rgb/096.png,67AB4C1427FA4CB075376C30EEFAD9969FAE6AA5DDEF1BEB22D6944902D56DA9,690092
rope/train/good/rgb/097.png,90CB7D11365F168F2AEAFCA278BF0D242C51EF16B247D7F293E292D2CDA45ED7,689580
rope/train/good/rgb/098.png,7439D3CCF851912A83EE340715A1064B0FE7BEF8D28522DFABC583E9DA2AEB6F,689494
rope/train/good/rgb/099.png,15D74FF17484C1F8CF7D68DD91265033CEB832D2C563061009E7551E1F6DCF32,689641
rope/train/good/rgb/100.png,5628210A9EC3A92742F3EC412FDE30667A9AC87A0E9A5FAA9BD545C95CB08652,689180
rope/train/good/rgb/101.png,A6776E39123A39A220F8107AECE99BC8294888ED7AA18653BC596BB260379B88,687863
rope/train/good/rgb/102.png,FBD4D934391E86011EAF0E2089379CB0172ED68A606DE8D31FC6A4D92283073F,688245
rope/train/good/rgb/103.png,84666C349F91883E457DE8B031D6E0E964E45BBF3281127984C60A2FD06E0D0B,688794
rope/train/good/rgb/104.png,088B6BC5B71CC9C31E4BA79BC3597DBADD2EB163E2A7153F1FDD5D14CFDDDA07,690897
rope/train/good/rgb/105.png,0C6965470F00633F25CC2D7FC6A00C872EC5AD02DB738BBE1098E7DB837B8374,690652
rope/train/good/rgb/106.png,24CE665459CED0E3C5249E4D99813789CE695085EBC0AE6A7A7AF8DA048C5156,691321
rope/train/good/rgb/107.png,E8E4B616901993A00CE99DC7DD4F3761D24BAF83D79F25847BACE36DD4AF83A9,690521
rope/train/good/rgb/108.png,1ED46CD3ECBC032C3E896245F37C04638E163EB4A3B022D29A35D6863B1DA1C2,690342
rope/train/good/rgb/109.png,06D63CEF0FFB31B94CEC19F932275AE9AD91B3A405DAE78615D23D87986649D9,691333
rope/train/good/rgb/110.png,CFB42A3DF0206181223769DE97094118F87E930F999013290E38E0724283A116,690314
rope/train/good/rgb/111.png,D67099AEDF76B0F65AC6E77A6A484D975F8F2D658B561E1651FC03185E5DB1CC,691030
rope/train/good/rgb/112.png,03B47F5CE9BC0FC90C6986A47B7FBBB624C7BBEFE516D27C8549099A86C572AE,690871
rope/train/good/rgb/113.png,A3BEE565F3B55A2FCF95FD469CA764F89C39A98B7DE26CBAF8679DEB938954DE,689978
rope/train/good/rgb/114.png,209B33320D6DE55C43F0E4B02C6A7488A468D063F1A8442A24B520A62A845AEF,689315
rope/train/good/rgb/115.png,89901C3788ECF618F4865E4FCD7179902B13805B433C15C16E68935174F9D074,689912
rope/train/good/rgb/116.png,36E769E35ECFCB9ED840746019FC0F3C110E4F635C4AE3F79B3259BB7CBAC659,689326
rope/train/good/rgb/117.png,74710ADC88BA317BE17F9168668C8BAD26D87261688D5F910D06431C374749F9,688936
rope/train/good/rgb/118.png,33EFA8303B016544FD1618B308F583DA20B421E1416008D0B46D273F0E8C33D7,689330
rope/train/good/rgb/119.png,C65DB2F37CA9444D28199523EB8036929D905C61761CDAC3685ECF7E5FA1A212,688468
rope/train/good/rgb/120.png,261E942BC835977327E7C272B9E83C7760C0237E7E23D060C04279FBDF1E9928,689915
rope/train/good/rgb/121.png,5EED177413033ED50ADA652ACF62D10904161F45386E3B6ED4B91917CC1C7876,688913
rope/train/good/rgb/122.png,5FD4EE40B10E4E241AFE5DF4EEDF972028EFD31EEADE049E29CA46A6D615D35B,689821
rope/train/good/rgb/123.png,85F670DD6AEBCABA0866233ED84145C25F133CCD08F93907C53048DAD249A4E8,688626
rope/train/good/rgb/124.png,C8E4ADA18278303BB3EA733069867B4A6546FC6C690B1F7649AAAD65669D84E8,688524
rope/train/good/rgb/125.png,0724F5A8818A331526613872E173640BC925533F9ECF0403E6B35F389C4139D4,689056
rope/train/good/rgb/126.png,7AD96F1D730D8D30296B129F03ADF4535689F1C5749EB71D89B6E1F01DFFCA84,688797
rope/train/good/rgb/127.png,039E7DC93927BF05054227129E8BCE006B49A9580CA4D918EA97F82FF46E9327,689760
rope/train/good/rgb/128.png,E874829C4CB308013931BFF38526DFAE51A9C6B7C1836A9DCC759F589EBBBA96,689416
rope/train/good/rgb/129.png,FBCAE0535F6C9457735CDFAD8C685DF8CD66598B988255B912FDFBF4D38EFC5E,690232
rope/train/good/rgb/130.png,55C6170A908DDD331875BDB94B04510D9EF22399825C7B111992ED7725DB8DAC,689191
rope/train/good/rgb/131.png,59D0C4ECB0F82614CD4EF886D68C9162D0B2E81F417D9DA1D22A86BD69643995,689568
rope/train/good/rgb/132.png,2657DCE7492F3CEFD3E3039F14ED3BA5E61222A24433B9A4961B2CADDA7A70CD,690482
rope/train/good/rgb/133.png,EAEEB86CA99C8D0F8C473C4C22B1BB1E93F0E5A4CCE6EFECBE749CC879D3019B,690209
rope/train/good/rgb/134.png,BB5F73D2F0122B44A6B6C5BB2AB56EE0F85740B21568916CAC078443309580A4,688247
rope/train/good/rgb/135.png,84F66D0AA6D1A11F917FBE25B33C58E2F524F352DBA335481AB351F6209DFEA9,689907
rope/train/good/rgb/136.png,0A27A8B06B6A1FA0E5EFA29398330C81D42FF9B881CE49ABBAFC36D1F838522D,690139
rope/train/good/rgb/137.png,A2D0131A66FAD9080FE152BDD49109A02EB6EF19B569A5438C820247E4DD7341,690216
rope/train/good/rgb/138.png,FAD65A373165423FC6A7ED1500F79F9DBE621C3EAF81D8056F88E1633871CC64,689675
rope/train/good/rgb/139.png,2A75E55F87C8F53F03633AE28560D0FC0D01511E86057B91EF56C0FC448B3A6C,688698
rope/train/good/rgb/140.png,C69317B492BFB57A9A0BC299BA1EDCA811FE27D7C566232B770D393382F49287,688867
rope/train/good/rgb/141.png,8934398177A041CACAEA0094A6B21A014AD460D4C214A6128B50A9E6AC6A5940,688494
rope/train/good/rgb/142.png,9101907B2AAB87E74CF43B42CADE1F753EA4EFA886399B14B446EA4853E175E5,689635
rope/train/good/rgb/143.png,E0DFC495D8BDFD08EC20FA08DB83CD94D2E7CC25FEC42710DA5194A52111A1D5,689831
rope/train/good/rgb/144.png,FA61097C61517B57FB77F457DF723B1ECC1CDC5D4F8F98B171473B0364415855,690541
rope/train/good/rgb/145.png,10BC8E75F6EDD455BA5EDB4FB8F9896C48F79E188AD6A70E27F7310E7C248C1E,689602
rope/train/good/rgb/146.png,E4659D7362CB4A470CFF325B6687957AA415B896C2534C2FDF2898A1D735FFAA,689750
rope/train/good/rgb/147.png,E62FDADDB742A4819473CD616D6CCC7201C114D73082EDE5AD7A3CBE82638F9D,689070
rope/train/good/rgb/148.png,CDBF695F0077CF99E92A4F003FBB6DCD56D08F5F8293FBD787150F2167A4A0C3,689696
rope/train/good/rgb/149.png,E4E99FB13175F5BFFC9B020F497092266D49E3B5D567F9F3F6B1C745814B2D4B,690204
rope/train/good/rgb/150.png,36F11CE1C772D956304B97A9A7082C1E5B01756575CC0E98CF8A04091FA0B440,690560
rope/train/good/rgb/151.png,F6C11F09A6154AB0BCF2649B6803AFD34DB6AE80A6158F94CAEA587A15897180,689957
rope/train/good/rgb/152.png,23DE9F274E9C03FE4C6676C80A1361436A2C4E13582A8B599171F45B416581CA,689519
rope/train/good/rgb/153.png,6827D59D4D1D419D6C51920F588615908EFDF882DB59E5A873C26D8257C54BF3,689661
rope/train/good/rgb/154.png,358FFE6C2A4F25A056289E245C53F3638EEF8E968F07E912B19481D0C35ED1A8,690226
rope/train/good/rgb/155.png,6B44195902362B4F9A842A625E2E90316A82776C35A9E5B40DAD3EE0C4C8454A,689394
rope/train/good/rgb/156.png,CCAFA9F3B0037BDAFDB5F63F8865FB44FAC1CACB92CE9FCD7B99442A2D5C991D,689514
rope/train/good/rgb/157.png,6E7BE8FBB4F2134B3C3D3C20977F097CDC9F9D492EFD8211C19A3D832F05ABC4,688529
rope/train/good/rgb/158.png,6EBF737634D58080D9637DEC854FB0330BB24A31BE749E4FE1E1A7F7133844F7,689075
rope/train/good/rgb/159.png,0BFA768DA42A5ED707D8DE88B1F97EF34B8247040E3199F704F79388D8560102,689030
rope/train/good/rgb/160.png,92E472DFD57214D3506FF7A32CB50DC357BCBB64AA8C2004F1C59B7054463A45,689772
rope/train/good/rgb/161.png,F397BAE77EA7F9E619D33D831A15DD64096E87B5E50C5F61135C91A2C0A2F5BF,689739
rope/train/good/rgb/162.png,6DA4AD14C637E11CF2454A9D1F2C884E5B67B431FCC4443679FAE6BD72D7979C,688729
rope/train/good/rgb/163.png,BD0DBC5097BC6ECCA0D2602135D018D081647EDF0C79E36A16B2B2541752F9BC,688072
rope/train/good/rgb/164.png,13638EFBAEBAB2FA4A3F4CE5729722B2F6D1D14ACC925CF0A377E8E15CAE35F0,688152
rope/train/good/rgb/165.png,033F7EC07FADFC4620B0D64C92E9B0E9D2FBBB4A48BC086622BD08EE7AE603BB,688603
rope/train/good/rgb/166.png,E8C298D95DDEA1AE75B381F7B4B8BA0D94378477F28A2B6263DB6A6E100DE2E6,689145
rope/train/good/rgb/167.png,B5F5475BC6E571E20891DA85ADF710188501D15E83804C381526D36603A6D36B,687622
rope/train/good/rgb/168.png,470F08A3CE19A54E0BE313C1BDAA1E9A6B67D815E85C43F312874CECA2523F71,688739
rope/train/good/rgb/169.png,DFD15B3EF1925649DCBFFE82D3B5ABDEA3C0D330E449DC1D59A0C000653FF0CB,689841
rope/train/good/rgb/170.png,0319F3B7EB1E2C95697B50624112826A303400EFF56D1868C7A483DD4E4AC188,689703
rope/train/good/rgb/171.png,7BAA75DC339B9750B1FD4DA5FD7B8C359E7AA961543B4AD6A77029D263E3B3A5,690464
rope/train/good/rgb/172.png,48BEE229FB335B15C2932BB12878597CA1E810E38C155832A4F8CC16A5D7318B,690150
rope/train/good/rgb/173.png,30B13DA1225F269777EED0ABCDD2D4042E7D6D94EB2AAD9DDF11D2B7790DCE85,689326
rope/train/good/rgb/174.png,0CFA90D2D51628276F7165D72C97578C38DEBF1AF32B70384E75CDF4DBE3EB4F,689205
rope/train/good/rgb/175.png,32BD4826156AB58881C8A7B29D1BCE107C5B8A6C35CDB26792346F0C9FF7639E,688875
rope/train/good/rgb/176.png,140C0EBA9876B5A734E8369E9073594BEA263F8744961AB204704DF1EAD21F56,688787
rope/train/good/rgb/177.png,4C529E8BE96ECD54C5EAC1AE8B4FF682F60222DCA7459762169B8042BB3A9E85,688996
rope/train/good/rgb/178.png,0DFE4480B116D3FC0F35E0809CD067F4BB4B3BE7206D85DCF08543D88DA65F97,688401
rope/train/good/rgb/179.png,C696D6E796F6B9B051E060B0A65BEF0E97B6889AEC900813A5F375CC0557C352,688997
rope/train/good/rgb/180.png,408D5F289A7E657D73FFCC747AC044D249561FF7EA6F8173F06EA9C9BA4ABBED,688484
rope/train/good/rgb/181.png,308620B6260D90A8CA1EACF50A28AE4D3397264215456F96E12F609F58BA2C12,687896
rope/train/good/rgb/182.png,C18E1490C5FB2ABF5C28075987263B4B1EC4006DF51FAE702AA6FE426A261F07,687874
rope/train/good/rgb/183.png,F2583868865668A69DB0D89433AE423F9B10165709AFB6AF6CD6F4EEC5C26C90,688048
rope/train/good/rgb/184.png,CC86565F847038901CD78D421B5318F8FE1C721007D6CB5C6E17772F973A6BEA,689054
rope/train/good/rgb/185.png,B670B8189DEACEBA79CD3D7B563A8D150B87F4A3C4758E0465B979D664229CA0,688384
rope/train/good/rgb/186.png,FD80D2411DFB4BC78CE6493E448C96870DF17853A49937FD9CC9C0D754A6F436,686328
rope/train/good/rgb/187.png,885042BB93D781B7FBF536E421911E1E5F4E07E0053B2CE4DA06FA6A7E5CAF69,687144
rope/train/good/rgb/188.png,BB06A5072B68C38D4737DF4CAC08A6304F70A94A0C71F23145A183E034B56C69,687792
rope/train/good/rgb/189.png,A170F1C71784B7E2561339ECBE3591BA476F60CE4E8BF944EDEBB99579AB6D0B,687800
rope/train/good/rgb/190.png,D1C137EAD9B16546F0FED7DB939BCB5F6F2450C282A70D648535AE7E21EC1BAB,688870
rope/train/good/rgb/191.png,0A1BA3F32B621AFFED2F708254D43FD66DA40405BF143BC6DF01D31EE8F501DD,687785
rope/train/good/rgb/192.png,C0862DEE97903895C1287DBF7D2E3A565F1D48F3950E2079E91871D3E3A7CF7C,687553
rope/train/good/rgb/193.png,8C1FF4EF211013AD65D415B9C4EE8B747F403F3194E939C3CAFAA9ED75672332,688191
rope/train/good/rgb/194.png,B7669EE73E25CD7D3489D90917B4536C60F8DA2EE56CBE822EA5AD72254087E7,689868
rope/train/good/rgb/195.png,22C79804E55218D801593665BA60537D07B3739D33613B0DA66D86A8CEA37E23,689643
rope/train/good/rgb/196.png,38A9E21EFA51F6C1A89DB3D61D45C9619796E0BAE537491EEBCAF7292B541653,689039
rope/train/good/rgb/197.png,7914B49DD7EDC816F360D4401641B7679E49C23CE0AE791080335F256083DD42,688693
rope/train/good/rgb/198.png,D7B25F42AE8DA1FB8C25F1FBA97D9CA93518B6111978E1A36E4233F2990160CD,688549
rope/train/good/rgb/199.png,377B1BFEB53F08E2F466BF6D8F0DA49FC703BA76D0E5A335AB6A8D7DC38D1531,689280
rope/train/good/rgb/200.png,8654221692B6F3BCD1001E493B23F0ED15AEA3C7FEAE91338810C43DFF52D9C1,687350
rope/train/good/rgb/201.png,C0A2D9773991220FDFA98B699BC5184178174EAB01F37ECD3F08E65F4FA0B52E,686726
rope/train/good/rgb/202.png,6B4AE3FBBE0D0AC147D29528A49723BDECDE8940D0ADF47E9650B3121AC779E0,686689
rope/train/good/rgb/203.png,15CE74EADB9EA0662955775031D7A2EF07C1F292037A88EA13C08B556B179C4C,686052
rope/train/good/rgb/204.png,18888A5F402029A7F96C5BB38101E9B01425B7E654083ECD818D635E5F376CA3,687031
rope/train/good/rgb/205.png,FAD9CC32F0431C7A3209489234CC6B086A0E98C1AB13E7B044C5DA33272739FC,685983
rope/train/good/rgb/206.png,03EA8C629DCA34D22689981AA5BB786335DB13F6793B5D62FCA74503FD04197F,685201
rope/train/good/rgb/207.png,D4E4643CDF09D283EF39B75CC17F516E28EEBF940A4CDCDBE2CC040CFBD582D9,686620
rope/train/good/rgb/208.png,55A4946B2F8EFADA8CD5F920B51321606EBFB6C95B1C2611AB7649A84C543999,686673
rope/train/good/rgb/209.png,CE7603076A37E0223ABDF506E7EF288C0ED46BDC4ED7E8F192F298913C6875DC,686693
rope/train/good/rgb/210.png,BF7558613A8363D078AC82EBE197F7F797CAA2CF10F1EBF3174D97D5EE3DE246,685766
rope/train/good/rgb/211.png,883B860F5A22FEF5178933993502C6996D5F16866CA4BE119EA9C37C98E12962,686100
rope/train/good/rgb/212.png,C0D20933711C336C56F3FE970A4E15A4DEBAEB53A3B2D74FAD09195A2623F943,686243
rope/train/good/rgb/213.png,BC7E4E5034625182A44D822090CD70C2BD96CD3BB17A7A9CF6E2AD1369259638,686483
rope/train/good/rgb/214.png,E1B3FA3760EC0543E890A436EF7CD94CD7B1EFD69D93F0ACE3A35B99AD1535D5,686912
rope/train/good/rgb/215.png,51B62AD9A9822ABC7C90B00987CBFAE1352615212E4228FB89D15B9835E7CF06,687524
rope/train/good/rgb/216.png,55431BD666C90EC1FB78695C4FB53D7AF5294FDC9B4ECDAC6FAE690D52F540FA,686748
rope/train/good/rgb/217.png,103FE40460E64F6977FE3847D06AF649DE4EA2746EBC4017969E1882E8690AEB,687591
rope/train/good/rgb/218.png,BC9EAFB1A969D8077F9C8783547DC1321C889AC2B9A036D7E344480D95A5D495,687090
rope/train/good/rgb/219.png,9AD82E3748B179CAF3514FCEF65128E2AFD5120330F36D4215A2C507AFC0A5CA,686638
rope/train/good/rgb/220.png,6152C1935ECDBBF03BC93BDDA218DF2F995F3E0378B5D3979E88935A0E925A5B,686579
rope/train/good/rgb/221.png,635849D624599A7314082C4531B9A2C95A3FF2002F8CE65D2F95F4B0FD9BC196,687168
rope/train/good/rgb/222.png,A8DA5D42F6FC73D03BB3ABE5F1A0BF421DEA350E57C4D27C2F9066B136C9BC0F,687332
rope/train/good/rgb/223.png,E317297B539A970BB0049E3DBDD225F742096C2737F90E952867E6DA738A1A8A,687589
rope/train/good/rgb/224.png,D0268140D790B45A34BD141252E2C4EE4F8F68DB8DC35BA42C1627201B441269,688284
rope/train/good/rgb/225.png,81E2370A8FDC38272D49DDA37B891AF3CF6C963917258E311220632FEAA17B3A,687969
rope/train/good/rgb/226.png,1C44DE17E68CB559DAFC338EE85764AC9985C1E0478D9A65DD946100CFA83454,686861
rope/train/good/rgb/227.png,B7233BE06D90E5B6123234A48F73FB2DD9B32EF6BC178E94B601770FEA43A304,687598
rope/train/good/rgb/228.png,40BDD20938D838DF884EDCD0EB70AE02D79F65480BFF9A69763C9F27233F3DE9,686758
rope/train/good/rgb/229.png,4EAC83184785E4637D13BD6F6C32F032741FCCEDC65A1BF17BBAC3A55C55721B,687355
rope/train/good/rgb/230.png,2091B7599AC2BE893AA76208D52C3CE62E13243BB169B132A63A660FB385CF2D,687656
rope/train/good/rgb/231.png,178A8D1F470EED1F968EA76CF7C4773E73ECB3359A6AC011F3B4E33618215249,687621
rope/train/good/rgb/232.png,87CA9FD1079885D6AA4B41EECF9CBB7A4AFE3BB715519B1E0F5DBB54C7EC1C3B,686617
rope/train/good/rgb/233.png,D3FA47E245EA0178A60B0C5212C2745735D2C2A2041042FE8E0BF66BE579DBEB,687630
rope/train/good/rgb/234.png,895AAEE09EEA55A199E0CA02EB80317B79E148EF928DCC6DF2B2A34DB6808625,688396
rope/train/good/rgb/235.png,0C90D07EE88DF825C3E6B82D452A4F490ACB8517EB0728D01EAC6FC247E5861F,686820
rope/train/good/rgb/236.png,C3B0E8724AC184E51BB6DEE93CC63F8F085B57CC7DFB29AEA7650807C6FB970F,686050
rope/train/good/rgb/237.png,A0825A6625BF2FF3AF3E6105E28A281F8AF81B774968558447EFDCB646AC833B,687241
rope/train/good/rgb/238.png,D9EC3B624EB7A18ACDE5ECD8546BF9CB866C05A2E7DADC6BED2D179F0A464B02,687071
rope/train/good/rgb/239.png,75280CBC3F98A1161AA69390280C244186F20000CB0CE04A1B8CE7E0314BB421,686191
rope/train/good/rgb/240.png,C47CC304AD3AA59F0C83A3F35FBBC8398316994E08E77E6C8E16323E44AE56E8,685969
rope/train/good/rgb/241.png,CBBA9609EBC2C2744A3D93FFBC9A359E5C0C951093CA382ED030728E080E4A8D,685914
rope/train/good/rgb/242.png,757CBEC700B22C1C2616C3FE9D7F985907D945A6CC6BE5A992DC243BBB822382,685902
rope/train/good/rgb/243.png,99A0C10468850F90B4127881D2E1218692F25BEA5B30FC505144FB88F299F87C,686869
rope/train/good/rgb/244.png,D0ACF1080D1779652B3EC7E9FCCBF3CD8488837A871D1A3AA2DF02AD5413F08F,687275
rope/train/good/rgb/245.png,255D33FC3A2DFEF7B6291C8AA8CF55A2B39E75A505723504AE0F46FC1E858927,687945
rope/train/good/rgb/246.png,4E0103AC4B3BE2693643099DC974731E5F28C0BE2F50C6BFD949EB2DBCFEE9AD,687999
rope/train/good/rgb/247.png,15BE115E520B036D037895CA729A49366D05E652A25FFDB05DFD76DC1A4996C5,687179
rope/train/good/rgb/248.png,2EC7F456EA0B4A39228B1341D0F678A162F967DA6C6BE9BF28A2655CDC6517B1,688334
rope/train/good/rgb/249.png,6E27E5C953C39D40C667E9B29990EC8E203A224CCE306CE5B9909455ADC244FE,686698
rope/train/good/rgb/250.png,8F64B3BB674438F1C659E7875D9E7FE7F889A248849B9552117F428458371E0F,687661
rope/train/good/rgb/251.png,F964F80277CBDC96BEAED351706B3909BA3AC9021093F0C2EF95EA495EA4DACD,687591
rope/train/good/rgb/252.png,5B3AA2528D572B3FBE6D5C70369BEA593EA41FF57587B38E6FA706CA7BCBFA75,686586
rope/train/good/rgb/253.png,07FAE6E6F802DDA592A23B6AB8CF89F207C9E98A1EDA58E584A17DC6437FEF33,686740
rope/train/good/rgb/254.png,59F1407BB4D12B43A6CB74871F97AFD3319867966536DF905529A5D3AD4D4EDB,687375
rope/train/good/rgb/255.png,5855530D45D9F19501632332FE9A250264E65EC84E1C5AE2C893A0395D287466,686640
rope/train/good/rgb/256.png,663DBFCA1B52BEA4CF22798E26E71D38418847EF3AF8500FD392133281BAEB98,687578
rope/train/good/rgb/257.png,8276293C15548654CF633ADD1E7DFEBDED2F0F75E42835D8B5B07E175B95D832,686886
rope/train/good/rgb/258.png,1C000D76B3736A93DDCC1AF1BC4CDB4E0DB2D5A760EDAC28953E82CFFC4C8DCC,687220
rope/train/good/rgb/259.png,A8E5E9C56D881938B0C6A5582199122C50B76456BFC718A0EB70E4C6DBC45F68,686761
rope/train/good/rgb/260.png,DD6A93502F04866A4E253207B99C891DE299C30BC47FDE2ECD94BF2FCCEF6AC5,686643
rope/train/good/rgb/261.png,BE36B1CE2143897F2961CC9BB3BC6BB34851BA6E404A7612AC289FA277DAF3D7,686242
rope/train/good/rgb/262.png,BE039382B4940D1987B8BC0643B6C02B3425CC798A78C1949C6E8ACB2D2F3EF2,685939
rope/train/good/rgb/263.png,7704C18063E44237696EBAAA02ED039A9E332DCD3EAE77B6F790DDE8937279B2,685199
rope/train/good/rgb/264.png,B1C3E54F79D50A2756B4BB204F1E8B44B1A5CAF8E783B2824018F809C1432528,686413
rope/train/good/rgb/265.png,2895353C796F83B8D0E149B836DBA6E0AC3961B470A5C6D65D3BDD612B8DA9CD,686118
rope/train/good/rgb/266.png,835C5B6EC5AB0868E7068FF1656AC6C3E0B90FE82B0BCDE13B7CE9AD03B367A6,686631
rope/train/good/rgb/267.png,C6873271E414C34ABF426B31ABC2D2029CFA2DA82207B2C120443F045E39510E,686514
rope/train/good/rgb/268.png,08E8AE7119394A7CCBEB8ECFFDD175E31C46C4652589E831FF76707AD3F4536F,687460
rope/train/good/rgb/269.png,344CD31EB9DDDDB1DE1A7EBE5C36FFCC159F26C2A8C5433038F28A228E757C25,687072
rope/train/good/rgb/270.png,522D51863967435EC7D135BB37A4E7DA3503DB63EBCB7F52AA4ACAEF5B883DB1,686807
rope/train/good/rgb/271.png,474FCA9372EDF4159AFCE95ED99668E793811C90E99045DB155A646909DC42BE,686915
rope/train/good/rgb/272.png,944A9C15733C87F5CCCDFCA51EFDBECB6CDE5FF1433531A0B96C78E121105967,687422
rope/train/good/rgb/273.png,CC529851D42238FD7ACFFD056D9B5536072C133DB0B82F14E453521F3934AC87,686641
rope/train/good/rgb/274.png,06534032D66A81F2A3D99D68FE4067B655C002F45A4FB0EC7729DF597D15138D,687635
rope/train/good/rgb/275.png,AB38C11928C7DF6E6FD99A1BD2AD350E7461FBF3AFD7BDA5F89DBF3BC92BA85C,686849
rope/train/good/rgb/276.png,30E33574F02F2A47DBCCB65FA8674DA7AA92A56ED535210ACF382A786F37A690,685346
rope/train/good/rgb/277.png,C15A2688426F64EF7EF34080DB15D1D5EEF36C6DD8E629CEBEB38355303E3A7F,686201
rope/train/good/rgb/278.png,B3997E696442B007375EFC0DB9BF4E8CB5A1E82CA5F884BC3D69FDEDC492F7A0,686964
rope/train/good/rgb/279.png,2C22ABFDCEED2376B0F3570171FBC8737574765BC785B4BB0C81EEB4A8A84638,686776
rope/train/good/rgb/280.png,4735FB3CBDF1EA98E6D39055508E8C69DDCFA8A41B50DEC1AEF6BD15747182EC,685897
rope/train/good/rgb/281.png,8186DA1C2DA0F50EF2C604D22F69EE4F4EE89CBFF41392C969CB4E0E19738D73,686667
rope/train/good/rgb/282.png,D513C75F079134961CA5417BB5D027A7E8E46B262214ACC997E95A803D9FE506,685557
rope/train/good/rgb/283.png,058262944BBD1743B37BD16AF2380AFF6ABFF80D63FF2E6B6DFFDDAD45729D2F,685315
rope/train/good/rgb/284.png,7D3F09C133DF68031FD224395395E8EFBCE5F097346A3672B7174AD476089459,685383
rope/train/good/rgb/285.png,571AB650AD5471ABD3B655DF0DE450DE9E5AA1A5950B0895D7C294B748DB1611,685445
rope/train/good/rgb/286.png,CC72787FE9B7BB0CAA8B2BFFCE819B3B5CBBDE3B82E392EF8F65CEE9DB5D2DEA,686891
rope/train/good/rgb/287.png,B51BA86D626365660FBDFD64B2449E7F315FE20180753782C9F2AE001E51E2C1,685597
rope/train/good/rgb/288.png,ACB2E818D1BF498CB558E9C2214CA51996BCC97D5841CA18D84DDBE4ADB9CC27,685683
rope/train/good/rgb/289.png,50C0D1FE98CB773548744D5342E035BAEA0D10D81E5CF4DDB681754C7E3112D3,686082
rope/train/good/rgb/290.png,5DAAF5EEB358E499541B98CA433022B0C93AD3E384C52CFE37E592C8D6AC953B,686252
rope/train/good/rgb/291.png,62AE735F6A8359C5AF8EC13F35932D8774961B21C179CDD03D49EF0C01F02E51,686745
rope/train/good/rgb/292.png,98619842A0FB2A4593AA8005032F699AD23049D442C7CF5135FA9CADE24CD368,684310
rope/train/good/rgb/293.png,04BC368E38D8C876D891D6BDA88690C679DF6F8DD49C5AB8019D38841E3E9AE4,686717
rope/train/good/rgb/294.png,EA6BB8F08B37F61E68FE29BDC48ADD9D4C3F502E3A3F1AC47EDF4F196169CE60,685466
rope/train/good/rgb/295.png,0401A4D4A246F736CFBC87105B995627B1FCA7BBF5A212F134F00906B5081B43,686853
rope/train/good/rgb/296.png,D7E0D716DD7B94228DE4FA0D049C5D82648D78C78CD1407C6405D865BFEF4118,686099
rope/train/good/rgb/297.png,9492ABAAD62A1D4D6FA960CFFE8324008947DBBC38B35F361AC5331A2D7543CC,684749
rope/train/good/xyz/000.tiff,6156D4F1E70A8FECD6CC1A7263E6E7C882F5E6BE5799317303F84BBC64F6BB52,4325138
rope/train/good/xyz/001.tiff,31B5CC658F1E8FF451119269DFDDDC37077FF9615C5425D5DEB1DE35A83AB4C9,4325088
rope/train/good/xyz/002.tiff,129536DB1E82EE84CF6E169FEEDF5BFD48AD7CE7137347D51683B91E42626652,4325240
rope/train/good/xyz/003.tiff,8F06B95F2D07D58DA81EE0693B39B7E9DD5B3FADD4AF04787E3064F04EC383DC,4326156
rope/train/good/xyz/004.tiff,4A00F060963E0CD8A4086B23498579FB498F74E0E83E3583ADDF32BF41521475,4326034
rope/train/good/xyz/005.tiff,164C6A52E5E2C18867704FC5C7BCD140EB5AC10ABFDE840D796074998AAB9E59,4326198
rope/train/good/xyz/006.tiff,5C32A6DE7BFA2550723A24A92CF09C8A800089651CED4AA9A37EF1C9BEB6FDF3,4326164
rope/train/good/xyz/007.tiff,BF741F87077139C7B2751C0FEF0C42E0770C309FECC225050EDE0283C62FA268,4325996
rope/train/good/xyz/008.tiff,3417FA82C3616405E39B70B449D911067333AEE41584BAB243095056010B2B14,4325982
rope/train/good/xyz/009.tiff,8F0E91D120625A5AAAA9BB667B7556BA13A73AF83B824DD34B4B8F5D9D54B5E7,4325864
rope/train/good/xyz/010.tiff,291A90FAA154A69ADF588944807F13EFEF8BBF6DEE6FAA7E8CFFA7FBC024CDE7,4326018
rope/train/good/xyz/011.tiff,3F7CE351111F4EAE853F3512D1C60E370A81AF96557D18DA846F6073CC268862,4326076
rope/train/good/xyz/012.tiff,673BA12F37C4A309EB705057EDE198DE4130B790CDE5BF53C989A783D6146792,4325834
rope/train/good/xyz/013.tiff,DD0679986DB01A8C6021EF1A895D4A357B551DDF81C2DDD7D756F3751BD1513B,4325764
rope/train/good/xyz/014.tiff,FE60D71B3F9A7E58E83BE9812544F22302BB0F6CA283162042E4B02E14C421AB,4325804
rope/train/good/xyz/015.tiff,603269115BC49292E614BB37706D1F0E53D79EC442220492B33C130CC3DCFBB1,4325986
rope/train/good/xyz/016.tiff,DB36A98E4E56469F23CE3A7AE773B5DC514EA73901D48FDDEDF28F8C6FF930E4,4325830
rope/train/good/xyz/017.tiff,35658CE209D98F2F5D3D515A5C3660DCBE70A4655BA2F233AC3E8DBB461AE029,4325820
rope/train/good/xyz/018.tiff,3A8993BA2ACEC19123DA748CCC7B0E1B9A11C6E98E5231FF7A679DD466624334,4325818
rope/train/good/xyz/019.tiff,AA64B93F2E5738F7B4E4138E38DF2B533E437E2F8E41CC8F1238581963D713C1,4325820
rope/train/good/xyz/020.tiff,01EE37E46BB87BCA5777489355DA819FB90498AC7D5E095418CCBBAF81F2F8B4,4325794
rope/train/good/xyz/021.tiff,B99BC455F6D9A588A5F8642DFE4BEFDF985F387D0300824DC621BF31AA58A7B6,4325892
rope/train/good/xyz/022.tiff,DED4541D8AF77FD345F717D37AD16632FC333D3E0CE42EC1F9CB858D3D239A3B,4325946
rope/train/good/xyz/023.tiff,0CD8F1ECBDB073FD6C4282EFC23F0C822F4FB30BDF649F251D81707412DC1206,4325968
rope/train/good/xyz/024.tiff,3118B5BB7F6BF2C819B785C36495F96ECD58457D2D5B9DDC017B396FE409F4F4,4326050
rope/train/good/xyz/025.tiff,D9A577F9AA649A31BDABBB2C9066A96DE225656E16D0C31AD4620713CCF3E8BF,4326070
rope/train/good/xyz/026.tiff,6B0C9252FBC9B90F1D5C51ADA8EB0FE777B4071683B40C818AC65D63F9CF4278,4326010
rope/train/good/xyz/027.tiff,92FF98F7FD5F775EC2303A634EC2993C1E7A3A495AA5F348A6362CE409C84556,4325922
rope/train/good/xyz/028.tiff,C71DC85890AD9CB1E7AC6693F000EDCAE806A253619386F3898025640D1ACD3A,4325904
rope/train/good/xyz/029.tiff,3EC7800F82CD57E213E20AA36D0A746F9D8BB7DE0DCFC93AF77E65B4C6294B61,4325920
rope/train/good/xyz/030.tiff,3C58E3E58CA17CAC73FA080C9DA0AA2D9ACD74A2EE2963C4BB65C20E8FCEDEEF,4325930
rope/train/good/xyz/031.tiff,4340A72DC52ED9948136C740D84A539F6E602B40BF3F6A1CF041A161B32CC584,4326056
rope/train/good/xyz/032.tiff,6C220C112E46D28247CC9E01069360C5363DF63099E582AABB77D4F0EF396943,4326012
rope/train/good/xyz/033.tiff,27323523C337B2FDE3930C6316151CA190E105266421E4BBF3B1AD21422D420F,4325978
rope/train/good/xyz/034.tiff,2D2A22336F727D570ABC1F370951D8C4062B455B78EE4A1F6E41FDC50FA9FE0E,4325924
rope/train/good/xyz/035.tiff,D3AC141ABC975C44170C6B8B0603A49E28067C8726F838E63E3834664764A4B6,4326084
rope/train/good/xyz/036.tiff,DFFBB6469CF53C22A31A47F3B7B4CEF2659B83F97FB2AD9F42EF95FFE5253212,4326040
rope/train/good/xyz/037.tiff,D24D90206799FAA81EA9A2058FA659F01CA29DE44B15462F03F1A3DF24499DE1,4325882
rope/train/good/xyz/038.tiff,9E1AE7CB6297E169C43C8DE63CC317C67EE524A9AD6079472DB565E8D26B58F3,4325964
rope/train/good/xyz/039.tiff,5E979D79031C80DF74DDA279AF5D4C8066643AD887AAF8F86D3203C19D147996,4326010
rope/train/good/xyz/040.tiff,7E3FF69696DC04C978855AE886AD619F8B5234030C249CC433BA55CE3B0B21D8,4325898
rope/train/good/xyz/041.tiff,C575D13B858C7DC230EF82152CE6F87AFC47FECBCFFEC9B12D8AB4C20FC858A7,4326026
rope/train/good/xyz/042.tiff,450E2EA06338053CFE11B655A716E0B8DD1F006A3683DC425203C6BD996CC2DB,4326146
rope/train/good/xyz/043.tiff,0ABFE46006004ED8AF9485E84F989F8860B7F3A35D70EB3B4107A14722D91A05,4326186
rope/train/good/xyz/044.tiff,9A049D7A538D8283286E3B0685F9F0FBDF3A4103300646B4FE4E75A6D95BE2DC,4326150
rope/train/good/xyz/045.tiff,F942E38F571F768799421BA75A46CCE0EF04530D25F7AE3BA9AE840C0987EA63,4326054
rope/train/good/xyz/046.tiff,036E5D463382213F1965A5F26ECB7D6286D60F0B00417609DF803CD041B69D56,4326198
rope/train/good/xyz/047.tiff,0358440881A00614B5152C53E2933A3827039D9CB7559298AC1D864131E4B8FD,4326048
rope/train/good/xyz/048.tiff,064F8E660193F1D121A80952386D8F4AD929CBDE756C181612F93307BDF144F1,4326198
rope/train/good/xyz/049.tiff,52951432119782597A8611D7DC38DE6D959968DD312F6EBD5418F275058DDF5A,4326196
rope/train/good/xyz/050.tiff,C3F11F2E7758BCE82C16B64879ED93C262C5512E73DA88A89EA37621420F7EB4,4326080
rope/train/good/xyz/051.tiff,DF5D0B581B37DC839C7A2E9A20F0BE07F04AD4F8B331F81D8614B00CAC2CD2C6,4326160
rope/train/good/xyz/052.tiff,67EEC2C97C29C9EE9F8EF561D4D6DB8F4F09FB2A0549C4A651E2C420BE9830D3,4326264
rope/train/good/xyz/053.tiff,6B62E4E77E2E6C425F3C7D57CD59A7BEC3DE8CD477FD752553866C86D6968C52,4326184
rope/train/good/xyz/054.tiff,A13252DB89DBB1D7A8F2DEA214ECD06C1A2F368A5FF6EAFBC5F68B87D82CD155,4326332
rope/train/good/xyz/055.tiff,531B5219A5F2EAEA9FA65359AF2C4183298CEE3FF02D200F16CA47BE1FD15E7C,4326166
rope/train/good/xyz/056.tiff,DDAEEDB48F9DB7784F36484F9CA37944AB21C02D2E259AAE1D7E2B0919DAB051,4326098
rope/train/good/xyz/057.tiff,F93ED1488305ED9C60F39D434150206F90B459E6918877432AA685B522F34411,4326050
rope/train/good/xyz/058.tiff,E7EA33BCB6F0F88C4D07D301E7E1B27C0B61147E4CC40E689F50ABDED50446C0,4326066
rope/train/good/xyz/059.tiff,FA7E11912814444249569B956384E908F73F87628C242BA122462010F13ABA6E,4325960
rope/train/good/xyz/060.tiff,CA8F81014EDD54B492526FA7E40DB5EE72E021FDCAF8C22B94DAE516727F7A8B,4325938
rope/train/good/xyz/061.tiff,8707C36C5FC72FD25EDD94B9D5A14766D0235A4DA3063FE07E3E39568FF1C751,4325978
rope/train/good/xyz/062.tiff,60BE62EECA3C0F508039BF6525FE5578FB27D44B0D7B99BC10BD425D1A21A165,4325996
rope/train/good/xyz/063.tiff,4A5C409F67C1DBD2686F0E51C8B5523E10E76475DDB38E6DF0A71A20E0ADB485,4326080
rope/train/good/xyz/064.tiff,49ED7119BCC8017A036049CB1BE16A9B1BB3E9B4396E6B492180E66F9D0F3E4A,4326120
rope/train/good/xyz/065.tiff,937A975D081EECCD670F0085F7213AE07385DEC3DC6D67EB4ACD0CBBE4C4A7A0,4326032
rope/train/good/xyz/066.tiff,0FAEFA837E5CDE63C7CD522256DB1AAC1869DA718492AB0148D6B35D9541D49F,4326086
rope/train/good/xyz/067.tiff,A3BF13FC288E0D5010F70D459F93C3D69BB9BF009A50CF0AD0615B6458A4CB78,4326146
rope/train/good/xyz/068.tiff,6600476FAE747B1D3FDCE44E8DEDF2D89904C578F5D0D673541F3D22331CDF1F,4326230
rope/train/good/xyz/069.tiff,0D0D6F36E8D5D31FA87899BA4DE919EF94479640D04F0C7A6C3AB93CBDA1BC21,4326226
rope/train/good/xyz/070.tiff,B64FC13428E991868604475F7CF003F99A6EB060F1C4C7893188D495AB9F62C0,4326218
rope/train/good/xyz/071.tiff,D8E4B65E2FF583947615476593B42F8AC981BB5397F25300A902BAB3C7F06DC8,4326156
rope/train/good/xyz/072.tiff,070D74FA0695906400B66EE67E7E6CB21A0C177ED8AA10959A540A9470D9CD73,4326092
rope/train/good/xyz/073.tiff,0BAAD4ABE730437E1FBAD4770915DBFEACEB6077518119BC70D64B392903AF39,4326042
rope/train/good/xyz/074.tiff,20BEB1921DBC96B97577CA455976BA204CDE3C69BD608F0DE1355E31B5837D16,4326168
rope/train/good/xyz/075.tiff,8BE7A6A7FD941409D7EE4EC3CD71029ED15806C6C6C7F24350EF45DF5F2082DD,4326272
rope/train/good/xyz/076.tiff,26F93EE076ABA43F3A720FD1EA58087A27174CF3B910B8CF43615996F7B6B846,4326360
rope/train/good/xyz/077.tiff,6F8C8C75C63E2F7F1E447DBD59A2D4DA0E4C86ADF0F6DAFBDB2E2F8E79A0E113,4326334
rope/train/good/xyz/078.tiff,12CEE30A8D5715D4E81C820E3911F81FC381FDAB6C5C8074F0F47228EE2BF952,4326162
rope/train/good/xyz/079.tiff,339824804F7932BED1A10E74CF71CC3BC59C82A22690D51B341A1B5D6B31D11F,4326126
rope/train/good/xyz/080.tiff,8DE7395A70E87123DACF491A76F4124E4654E9435B15FF33E7221AB3ABC14CAC,4326370
rope/train/good/xyz/081.tiff,E42AC8D83DCD714DF016AD867674D0B8694F31FBDD86A3C5B33F097E70536C9A,4326410
rope/train/good/xyz/082.tiff,5DE42E093B6122812B17750D11D892D493FA3070BF7076E4000AC10C875C3828,4326220
rope/train/good/xyz/083.tiff,6C65F1D31ABDB25B0C21B7C16D359D137E9E3B637C335BDACD6C6FBC301A6623,4326184
rope/train/good/xyz/084.tiff,7DBC9DE04C50F593BD0564C186AD13FE7E6D7C943C5C5B7541DDC1DF2790E2D0,4326162
rope/train/good/xyz/085.tiff,6E683A21AE269C9AC3A43BCA05FD6D7A17C19B59411C750AB3ABFEAE6C40FED6,4326128
rope/train/good/xyz/086.tiff,75605AF26F4718FBF91E8AE40D6D4E6453C7E576E2E9C0833CCAC5B51E29C994,4326142
rope/train/good/xyz/087.tiff,EBFDB89F319ECFC4DDF5FC514EA84D9A1F75FAD482C608D563ACB52DC55A2C27,4326128
rope/train/good/xyz/088.tiff,0448F4F46556415AF46D150A8F4403A064C854C1DCA0377C4CF9F85A1A23F81D,4326134
rope/train/good/xyz/089.tiff,70FE0488FA92CA637A851652E1F776C06F74A0CAD07EEAB05BDD23723A63E793,4326110
rope/train/good/xyz/090.tiff,A001C71691CAABC4259C129DA188D289120925F8397B6FD15B49AFAE922AB99E,4326352
rope/train/good/xyz/091.tiff,7066962B42E8BDB2CE135C606E8EFE1FC29D3420EDE5E7321C046DE98E7C7CCC,4326382
rope/train/good/xyz/092.tiff,E4C3F5052AE642F33C5AC20D0E8A71FC75D7B085243CE95DFE6A90B663859BDD,4326242
rope/train/good/xyz/093.tiff,19F5E4DA20C43EDAD0AA834D76C89A594C1CDD691485209A2464B7551209BF9F,4326172
rope/train/good/xyz/094.tiff,5449E1A1BC1D0161AC2F526E210215D88E94BA789AE0673DF5A23F3AA900CA38,4326248
rope/train/good/xyz/095.tiff,4227454EB6E4E225DAA0F03462120387977758AB948C739B270FA5368E4B07BB,4326160
rope/train/good/xyz/096.tiff,98D1C0A001232ACA62A5E31B2F37A31E2469B6308819B28CD93D2915DAA1F0EF,4326152
rope/train/good/xyz/097.tiff,813B3EA44BE1529A4507950827D06DA7683CC58B24BB41D049A904B2FFA6AB3E,4326126
rope/train/good/xyz/098.tiff,941D2CBBB8DD7AC5C7004DE8FB32564EFE081A7F86D87DE4038AA672910A25B9,4326198
rope/train/good/xyz/099.tiff,33B94B65A08CEC1F9EFED94E2E69D11CAB0F61B0A4D32C073AEDCBE7138527BD,4326206
rope/train/good/xyz/100.tiff,017F2FBD3897FAD4A824F0988CB8B4D270EFF9A263E928B7DC334E3A611A0A46,4326062
rope/train/good/xyz/101.tiff,E1BABDA4ACD0E3B04112AB8E86F7E9E123D47C6032C6F494F32D35EA2D5A2161,4326004
rope/train/good/xyz/102.tiff,4F1557FB9CD7CEAFCF2E4EF63BFC74716E77441A4C17344D2382BDF587FAE01D,4325852
rope/train/good/xyz/103.tiff,26939169AE7F83496A27EA5F577F8E29B0CA75BC5E87E80CD1EED3A7383BF8B2,4326030
rope/train/good/xyz/104.tiff,482CDBCA833D933D3DCEBABEDBCD3C63EE409413AB24AFA1C407148E1ED45596,4326040
rope/train/good/xyz/105.tiff,8B3A63F5C9379EAE5230B15D69D4C1823783969A3ADA951CCA9933BF8639E724,4326076
rope/train/good/xyz/106.tiff,E7D987BA4DE18697175D29F0609CDD1916C3BF32EE0A467D6642CB446E954133,4326114
rope/train/good/xyz/107.tiff,99480CD737041DF63B66A45C4C669E97273D534C034D92FF5E292942A0970803,4326108
rope/train/good/xyz/108.tiff,945C2CD31BC26A27C8B7F69C2A9BCE14AAD38924DE169246E49062EBFAC50D00,4326102
rope/train/good/xyz/109.tiff,7FFFF329E5AD07CF62A0B8E1D56074E44B07524469C4F0BCA4D15EAAAAC024EA,4326276
rope/train/good/xyz/110.tiff,12C0E1E5A9DE0CFDC25BADE5BF0E10C3986A114057724B64A3AE7ED2989418D9,4326132
rope/train/good/xyz/111.tiff,A870DEF97DBD3146509273EA551DFEEC0DEEE780B69555AB2669883505874744,4326212
rope/train/good/xyz/112.tiff,438BA121CF2B76A5C37E3C3DCB2D66810B00B65AB15B299E3DC8F86CDF956C1F,4326146
rope/train/good/xyz/113.tiff,9D0EB56C79C0FAB87B992F38FA578413030016C893DF7E0DB82F532D698BF34B,4326154
rope/train/good/xyz/114.tiff,DAA530BF82EC2DDE2A839C8872AD8B8EF180B5222845C251928C689A9F960C42,4326192
rope/train/good/xyz/115.tiff,39EE86E7138B2E720EB2735406E00D7A5BD4645F57425C34A8D012C5ACD7C3EE,4326218
rope/train/good/xyz/116.tiff,6701BD7EEC5C722CD8786B76C53F220C116813F15EE7B973A5BA12614904790B,4326116
rope/train/good/xyz/117.tiff,20CE6D4F99E9F3DDF58AB51EDEEEC84CDB18C0997C4A985627EC1992DB630D50,4326114
rope/train/good/xyz/118.tiff,6AFC917ADE241740E2727729671D7A185330BBEC249E906F5797F100ABA4C40E,4326004
rope/train/good/xyz/119.tiff,D18BBAACC9B424670267A3CEFA2BEE68045DD6156E543C05C1E4633E1B8781D5,4326032
rope/train/good/xyz/120.tiff,33C806ABE56AE4B599E7C90C072890D7186BA2D44FAA763290D60F92E053B82D,4326008
rope/train/good/xyz/121.tiff,DBB33F5B5EF7240F0C546465C70F5205136E022EE2E241BABA65FA11FD6F317A,4325988
rope/train/good/xyz/122.tiff,0F1B00F4FD10FDC2007141E3543993D85FEC7DE1D3819485C3A11566CCEE368F,4326030
rope/train/good/xyz/123.tiff,C84ED6C279E9794A1998F8BF38CB979CA540117C3C6B83724AEB8E6EA28E20D4,4326070
rope/train/good/xyz/124.tiff,0DD0ADC28870B7BB844086B9B4FD85E126D049CBE1DBD6ECAEE286ED85997F80,4326068
rope/train/good/xyz/125.tiff,A259CF9334D885B78D32BF51B31EE936E6CF9EC3788CBBBC6B0C78242AA2599E,4326090
rope/train/good/xyz/126.tiff,33E22CA6AD9E86C104EBEF045C369D05ADE01EA0B9158056B46CE5583ACE51A4,4325910
rope/train/good/xyz/127.tiff,E348462AB2AC3AE1DB91359509E5A54A0510B9B15157D373D742A2E7B9A0A62F,4325946
rope/train/good/xyz/128.tiff,D15E842904E6C67597F5E166A63C096A41257F32A0B21D27953722D65D9022F5,4326070
rope/train/good/xyz/129.tiff,5DAE88C4B4D3D8E62E14CC6426A4865DB676BC49DAE776A20C39303C0B119F2A,4326066
rope/train/good/xyz/130.tiff,DDB7A80C52FF033DED4F5EEEFE4BE9BE0D20838CC62FAA92905DCC998931780A,4326042
rope/train/good/xyz/131.tiff,12FFC0DC1F5338651ACB05F5BF5A3210AB8C14CC07E120D45B1CAF9E5A34B631,4326104
rope/train/good/xyz/132.tiff,56019018F8FE4E6A287B266E35F6CB1968B326CC8CD409B34443C81766928C08,4325882
rope/train/good/xyz/133.tiff,B9D01726969BA88468EED8EBCFD5CFCCB30515BAFB76E5D0C746856F38B9225D,4325864
rope/train/good/xyz/134.tiff,5F0E36B24CEB166D870AD44499F4A2003EA15A0516EC50B05AE05D883994C94C,4325928
rope/train/good/xyz/135.tiff,9A833A19D6D634373925849DC270F27447983BB6CBE879F44B6702A7D0C5202D,4325950
rope/train/good/xyz/136.tiff,9A271BEB4336FCBC460C2331E9EC4C81ECFD7E6BC26551A26BC891C615228E41,4326134
rope/train/good/xyz/137.tiff,BB2E48F765415D24E4F21C701EB9E0934F733FE789951287A243708B0FEFA334,4326084
rope/train/good/xyz/138.tiff,3FC1126C062AD761E7B53531C72DBA4AA730E3022D8398F5AB0FC3160A006115,4326094
rope/train/good/xyz/139.tiff,A13251F9A65D1995845354E3DC17C826BE52D412772921D499AD294E417712DE,4326082
rope/train/good/xyz/140.tiff,4DB151C5C2DEB803B4C2FB320F6C095198E177D68D59B85D3CD521CF45E60B17,4325916
rope/train/good/xyz/141.tiff,F0429B2D1F32B3C5CF66A6199AF8B8B0BD1B694777C2BBE2D33D83D65EE08F4A,4325966
rope/train/good/xyz/142.tiff,8EDADE8C83BEEA84B7E98E9798F8E56D082899A6351709C220A68BE3308EEEC8,4326206
rope/train/good/xyz/143.tiff,0E0B42CE328F541254138C2FCF936EB9170835A95FDBA3F50DA16FA203F0E9AB,4326018
rope/train/good/xyz/144.tiff,9AD9B6CD212D504B65A091967FEF96A9A99AFDAA4C685214B90BF38AE9CD02E0,4326098
rope/train/good/xyz/145.tiff,DF2327114F4366A7C89E98092C7E3244A300F34062C1CE95FF35BED77234A496,4326032
rope/train/good/xyz/146.tiff,FE7F3893F6F9C363FE74DBB71FED6278AC15A1C2482CBC659F17FA2FC2E7A890,4326034
rope/train/good/xyz/147.tiff,8C921CC8FDD8B116A28CE6800ED3D642861611021D0A25CCFE3A29D189890569,4326048
rope/train/good/xyz/148.tiff,A6B4F788F82D691E4B25403C1C5DE27D1438010D79031DDDB715EBB160F88F0A,4325886
rope/train/good/xyz/149.tiff,A98A62866B46F35DDBF8484F1D51C3D735253FC360C03A4AC9A10002E0623593,4326004
rope/train/good/xyz/150.tiff,4A3C6C78ECA22A050B041DF8B1466258E260610B3D55876E8397BF0E07EA50DD,4326258
rope/train/good/xyz/151.tiff,3D2B32F7E1E01F0A2D0722FE7389EA1EC1608CDF6D20BA8248442B9DC8A1966C,4326098
rope/train/good/xyz/152.tiff,3E55E3BE9E610932DD05BA07671ED4B068922C81D0B0D40D6A0AAEB6F1077118,4325984
rope/train/good/xyz/153.tiff,DD61247080778080E4A044CEE5764FECE1DB4556F210DD89676F0FAA9D8B3EC1,4325944
rope/train/good/xyz/154.tiff,BDC10A6631A179D92E12EF25AE243F33DFA12C365AC386E95B5B2D0326AC316A,4325908
rope/train/good/xyz/155.tiff,772354066F19457239B01396583C77C54CE4F2B19397ABB11FCD0FA69E417DAF,4325910
rope/train/good/xyz/156.tiff,EA1BC7066B2F9521A86A98082682F2CA5ABFB04D77F948AF49E90B60DF4E2FA8,4325866
rope/train/good/xyz/157.tiff,81255CC1E1C25530BE830B26942072B52DC17F9A5D935C4DE79FCCC4D299297D,4325828
rope/train/good/xyz/158.tiff,A20CB20585BDD71961A9D7D5FD721F7D39E1A7C5EF3AE82200E3DE05CD222D41,4325836
rope/train/good/xyz/159.tiff,C4ADC618F2A8994DDB3455336E0E4A566FFD054F3CBC2CCDF219B51C2A872B2A,4325878
rope/train/good/xyz/160.tiff,01BCEBE56A22AD26AEF6D5612241C394BD959CA7D24EAF151655DCBBF5AF8C20,4326070
rope/train/good/xyz/161.tiff,9330E3CA17C076ADC862A31835C17D0BC44D1B4F6C0F916E7CC0C5F12F2B9701,4326066
rope/train/good/xyz/162.tiff,261F1CDF0C350631881409D370CA580370247222471B3873DE4858B07E4D6334,4326000
rope/train/good/xyz/163.tiff,1FF02DA89613C61AC43202200EF7FFE41FD22054EE9F15E8CC4EBFDC691C0DDE,4325980
rope/train/good/xyz/164.tiff,AF51DCF9C76A08B28A674591005FBCDBB1D4E081306757FFF3EB359DD3692751,4326034
rope/train/good/xyz/165.tiff,C0FCC1C9ABAC743EFB4B8D02D039E4359E18371B082567165693C2934A7B61EF,4325986
rope/train/good/xyz/166.tiff,ADF1B36116FCE3E31A5078DF3C3BE73ACDFCD4C5C4E30F7E09BF7174BD5C5CB6,4325870
rope/train/good/xyz/167.tiff,81B1A0C10543DA4BEDC3BA3291236597018F23AB2B32820D29DFE966D963B9CF,4325838
rope/train/good/xyz/168.tiff,C9A410A9F48B89723666023D9A31EBAD790F1F3C8EDF79D25C97820DAC955A7C,4325960
rope/train/good/xyz/169.tiff,49B6F67674B0B4910CFB9E0C2FD0F28FCDD0C237B9FFEB109D77234DCE902632,4326060
rope/train/good/xyz/170.tiff,8051D08686CF2BD4C14190C79B5BDF42627493F825557DB2235552E4759B3891,4326024
rope/train/good/xyz/171.tiff,EBA764372F7B9819164A5139FF3531616A47EAE63A2D6F5CFF94575D546D1839,4326078
rope/train/good/xyz/172.tiff,B404B9E8FB746FC8067E8BDAAD3E43AD9FF60AD25AD3685453C73B17865B675D,4326146
rope/train/good/xyz/173.tiff,5B63DDEEF9964C8C220E61F465E0601C406F8A0C22A481A78EFCFA3FA47F6ACE,4326124
rope/train/good/xyz/174.tiff,753E45D8142FEA1E2CCC6D442483646A5877100ACE1A8950642C00BEB8D66EFC,4325984
rope/train/good/xyz/175.tiff,8795FF771E8FBDA1F0BA6480A72C99A5660CDCD5147BFD9C000A86FC0CC34CB4,4326096
rope/train/good/xyz/176.tiff,8E541FFCCA7F09A68892F2ADC217F14CDE67C0DADFD639528627C4FCE12C1D0C,4326112
rope/train/good/xyz/177.tiff,E3445C82BD552F5C68E48EBF3DFB2007426A49D405798A8BA8213ACCCCFC97F8,4326010
rope/train/good/xyz/178.tiff,09B82C4CB732EB90285AF6DE9E7911F4A6D1A06B495F8B8C915F53052EF6CBBB,4326190
rope/train/good/xyz/179.tiff,1849C76DD8ABDF81A8D78F26EBA83F7DB910619D7CE32FFA65C576E0CC360E65,4326190
rope/train/good/xyz/180.tiff,B638C96C73FF2B98587583CF80609B0525A92A2A1C38E4FDCB7486123789976A,4326134
rope/train/good/xyz/181.tiff,EF79349AC5B1784196A9AF1320E718AABEEB83977A1A0C794EFAE4850861338F,4326122
rope/train/good/xyz/182.tiff,C586C36AD8EAE2277BADB6FBF28454F0D690EFEDBE4A129F95C2DF34F18BACE6,4326076
rope/train/good/xyz/183.tiff,52D705C71DFE23C9CD4EE93A883D938CB2A9E627F03DD8CBF2BA68F3FC707760,4326178
rope/train/good/xyz/184.tiff,C6C4DAC46EE359227D200072FB956C4293F715AF23005719067BEC7F3ED45B06,4326064
rope/train/good/xyz/185.tiff,84C87F1AD4D3DA35AA2B2CC6A0703BE1DB2D3B062C6A81862E50787FC060116F,4326044
rope/train/good/xyz/186.tiff,44A409AFE960A8A00681AD4E873E7F2E5B5D7B85C8E8824213452165C92D78C5,4325912
rope/train/good/xyz/187.tiff,33E1C88194D99899860929C7BEC97B916F91D7385FEAF2A74886256838787678,4325904
rope/train/good/xyz/188.tiff,5F5F2444E29D17E601B3E34D63019E15B68A64255334F1B3B94A1C461E56CEC4,4325900
rope/train/good/xyz/189.tiff,C000BD616257515AEA2FA4BF1BB713BA1D9D4FCBA0BFDBC0568CA01D91DA5953,4325882
rope/train/good/xyz/190.tiff,468C5B1B0E1326BE628AD05116F5EE3276197F0E23D8E55596501BEBD885C56B,4325966
rope/train/good/xyz/191.tiff,58D35DAE5E789CE99C841D12FB0F4F3A5784E78A8C44905A6A170EA92F635426,4325884
rope/train/good/xyz/192.tiff,08B22CEEFF4985B21D3681A40A0FA829378965CC3E69FB73C1B1B02E84F67738,4325794
rope/train/good/xyz/193.tiff,C21C07489C91725775B3CAFA415CC4980A2DFAB3CF43F84669506BCC7A1160BD,4325726
rope/train/good/xyz/194.tiff,7374C9D88F15C2AF48C25A71B1B3AD8465E059589D7E77984DDB8A8A8AEC314E,4326154
rope/train/good/xyz/195.tiff,291FA61AAA99ADFE8F72EA6B322FFF901F264561431895388F09AA4CBD8E5359,4326064
rope/train/good/xyz/196.tiff,6984E1BFF0B35E3AF7D89C63089670FA6596D980E0D1DC6A083150618572E337,4325978
rope/train/good/xyz/197.tiff,B8B5B4FCA8F9570D4925FEB96D22509B0486333C6C88A5AEF94DDBC795E27D35,4326038
rope/train/good/xyz/198.tiff,6C5646014E004E043308383D9505956679F373B67EA43DB740EC83E9C259CD1C,4325956
rope/train/good/xyz/199.tiff,CBDE1A9DEF84B3D7CB33F789F8BF55BD2354C17121DB1667A4DBE1CA65F6D85F,4325984
rope/train/good/xyz/200.tiff,64D5E48147BD6C801BF7DCF1C1A1329B1E29239B206E7B7182C598CF17ED62F3,4326016
rope/train/good/xyz/201.tiff,1CFDCC9AC3BD102609F66CAB54DA9C8A21A080D29BC05ECBD677DCF94B64BF52,4326172
rope/train/good/xyz/202.tiff,6220CE90AEA82A061A706D5EAA67453BF7CC8E0A4B4189122CC7CF15D924D7C8,4325998
rope/train/good/xyz/203.tiff,3F15F1E627148C6692F1D53DA27559CCA8C0A8105C6FD5A5F384ABBA48CCDE6E,4325998
rope/train/good/xyz/204.tiff,08CFD57DB8AB595A2167FA05ECAD8A920529D7197A05E5A3BCA89F454EE6981C,4326018
rope/train/good/xyz/205.tiff,057B485B552FDE20C510024C05568AB7CD24BC10E65E42640E3944CE47662E37,4326052
rope/train/good/xyz/206.tiff,F1C746AF4AC359F51ABA8C84A42579E16E1BC36D55D2607CB4B170FA7C72BC5D,4325956
rope/train/good/xyz/207.tiff,8F63A42047DED3BE476B259C9DBFD6A675FEE30EF2501020B7E151554FD8BFEA,4326122
rope/train/good/xyz/208.tiff,F56F6D4B76720E377F1D8E6FD49A27C0E56F26A5663AD3E9F989A5F484E39D15,4326050
rope/train/good/xyz/209.tiff,6AB643A2A57D63A7C502EDCBABE6D52319DE55761F30D9CA07C249CE6CCEEF7D,4326052
rope/train/good/xyz/210.tiff,A13D973AA301A76A26175CCF7F4040799FC3C13AF49BA8A7478210AD4DEEFF62,4326030
rope/train/good/xyz/211.tiff,43C02A31BF80DC4BD646F07CB4A078A3796BBE691A67F57895D7CF7395932C49,4326050
rope/train/good/xyz/212.tiff,7948D924DA168B92ED7065DC1EB5A0B5314C4B0E5EB0E487E95DAC11A06972AA,4326012
rope/train/good/xyz/213.tiff,BDA1306CA0A294E9C0E09C25090C7623D91EE88A0198B98DEFFE6A53171721F1,4326008
rope/train/good/xyz/214.tiff,AEA0C8F64C08AEC2894F4BA9BC7C41A49ADBA618ECC24122199ABB1D4F731D78,4325882
rope/train/good/xyz/215.tiff,4FF4A4C6EAC3357ABCB20713289D56334026BA2E51A3D673F2BCF80465A1BDDA,4325896
rope/train/good/xyz/216.tiff,0D5721A155FDB33896CC362048E29A1E6D614CAA8A79DD6F16BFDAB97B7DB016,4325968
rope/train/good/xyz/217.tiff,37F342400F8CAE876E4468CD1C65DD9429CF9B1CA4DB7B28619830DE73D3E3FA,4325778
rope/train/good/xyz/218.tiff,CCA7573CA99DECBFDCBDFF88BDFA650797EF6002BE63CB17DCBF5D5BAA047F64,4325822
rope/train/good/xyz/219.tiff,2F871384826C6ECC272E66E2DE62509261B6BB73419147494577D349E9D9E5F3,4325970
rope/train/good/xyz/220.tiff,4205B64CB8296FE2645A246F4E9FD324D6BDF7AC9C73CFA34AA8E8F07F650A59,4325922
rope/train/good/xyz/221.tiff,6E587D117994F018B5A0D5465E8B671506C734C41F34A72CAF2059F401147303,4325924
rope/train/good/xyz/222.tiff,00CD6C31CA95C9999E86E854DAA8602DA7395078F60C853F925D4BCBE34EA3C8,4325922
rope/train/good/xyz/223.tiff,9E27F949D8A2282A8BF5E20725BEB0E765CD6E2D4339F629642FF6FF47F2ED08,4326002
rope/train/good/xyz/224.tiff,82D9432925885629ECCE5E9D59E78B8352427639A84FCA970AFA7A142C944B6C,4326020
rope/train/good/xyz/225.tiff,5DBA51D7293E0E57198472ABE845B9A258B29411C1C6B497325E5D4B8EF629B4,4325978
rope/train/good/xyz/226.tiff,300810C9D7988F42695FA1F3D9347C305E94C3C21564962517DD255A8656FC5D,4326096
rope/train/good/xyz/227.tiff,26B8962AF1C5CC63C99669663E92A0F043630718041847F0DC506AC7639EE1DA,4326088
rope/train/good/xyz/228.tiff,F4BC0AB44557441DD42B130E548FECCF7651ABF371B592375E67EA63F5BC32C9,4326064
rope/train/good/xyz/229.tiff,0655BC25CB7DE7F7C611AEF2DE864136C372739AB345C6DA7590937727894392,4326060
rope/train/good/xyz/230.tiff,070D24F49C394AB177E1ED3053A07886B366BBB6A0FD445E1C01FEA06D8E0B54,4326040
rope/train/good/xyz/231.tiff,2468C0EEC1398F0C377EDE314DB8BD42F406B59269EF93EA2AC19162DA49EC14,4326012
rope/train/good/xyz/232.tiff,E12468A386260D04B4ECB00A3811BCBC57FA0A559F6D2183FEF323D0097D0C2A,4325872
rope/train/good/xyz/233.tiff,B389A3E18C7A2C2311AD512F0FFE7F7C0C9F174AA7894FCB770EED20DB87FC5F,4325788
rope/train/good/xyz/234.tiff,37D3FAD8FE4773AACABFBCF6248D1BCE31E57387BB816E9B4170EAF9661B5804,4325968
rope/train/good/xyz/235.tiff,E2A51D397C25AE20AC5E85A5EF1FDAF17A341F4FF380DC853345549408AB2D2E,4326096
rope/train/good/xyz/236.tiff,B6C914403A1C22BE6E5A7204DA3AB93B19C39B50D066B9AABDABDB063368BD7C,4326140
rope/train/good/xyz/237.tiff,84A56ABD6FA600E59C086553AEBBABE7A80AE49BD7C1C7D8FBF4CDDBABBC0784,4326116
rope/train/good/xyz/238.tiff,F7802902A21409ECCADEEAFB0DEF29E4A0D721F0EAEB6EB0EFD70F28B8062687,4326002
rope/train/good/xyz/239.tiff,B7346918B30494FEA4BB2E48A1BA3F42085B54197E1092A129D8FDCDEB0F8ECB,4326164
rope/train/good/xyz/240.tiff,52ADC7D056A997583492716DD38FE4A5D9D162F65E662E102179462269CE639F,4326106
rope/train/good/xyz/241.tiff,79A88E19C9607532514A7F4D29CC5111A0DF6D1520CC15906E77B57FAEB2ABAF,4326042
rope/train/good/xyz/242.tiff,B01600667D800F3AEA9C50E5608ECE1BFDD0434A00ACA13DB301FEBD2DEF4576,4326054
rope/train/good/xyz/243.tiff,AD215CB534311C8374D02B3CE00DD83990CC76F0F5692B04A2CA38B21CF2EB49,4326066
rope/train/good/xyz/244.tiff,96B7A004022F97B4723232907A36EE3B462D75FAE95922EB2E6A1C4709120EA0,4326106
rope/train/good/xyz/245.tiff,1A304B1039263AD88920730A9129D60DA86FBD02FE275020EE4442EF74EE396D,4326116
rope/train/good/xyz/246.tiff,7F8C07509C0C0F0656FFBD160C578328EDB7557CDA35351E326512043CED50CF,4326060
rope/train/good/xyz/247.tiff,A19934A94F7DBDEACE7828F4508253EC5E5F3BE43B4DB3255C89C91459439AD6,4326122
rope/train/good/xyz/248.tiff,F6558486629A843E474970FFFEBA92ACC93275CBDCFB42572A7F5C954C8AD32B,4325976
rope/train/good/xyz/249.tiff,EBA1F0949C3B1C8E301AA56024626CE034E0647130D6AC809E0D8EC3B74B052B,4326078
rope/train/good/xyz/250.tiff,7E8839D1978651FFEF53036DCB8D13390FB79AABF6B4F0A0E7EBFB7A7C06695F,4326196
rope/train/good/xyz/251.tiff,9C720A924BA7444734D4C0EC8E171738C07467D66154517E4F1A226CA03F7709,4326018
rope/train/good/xyz/252.tiff,50548D813C0F9CD9E91F37F5B5BC27A40F8BACBDBE357BDC464828A19D62A580,4326182
rope/train/good/xyz/253.tiff,33F6AAEC6FE5607E40FBF841112D0763A05580E12E528D4642C718B2A3D01653,4326174
rope/train/good/xyz/254.tiff,3109354C4CF81876D8B8B30624AB00C63513FA018F7AE50AE87351E90F73FC2F,4326010
rope/train/good/xyz/255.tiff,E4F16F49F95941C19CE361527F12F462516C92DD24F2FE8B266D075B01C6A874,4326044
rope/train/good/xyz/256.tiff,0D3E1F0F8D8EECFF6FB9C659FFC7FA8D0F97707B862AFB55134EE376C527EDEA,4326148
rope/train/good/xyz/257.tiff,131B2AD0E1AE2AF0463373B5F4BAD1442D8882B503590DF19770A5A4E895348A,4326182
rope/train/good/xyz/258.tiff,24C6A6F84F6C7653C034CF433B5ACBEC6F84AE260BACD6B080C3E1A84CE36E4E,4325958
rope/train/good/xyz/259.tiff,4F479C9AC43ADA9EC6C2558E112F1375B592A3CF68E510ADFFD4B5C73963450D,4326148
rope/train/good/xyz/260.tiff,CB97B9296C366B07DB336A620B86C66CE70192D53C599DE0619F75FB993471C4,4326116
rope/train/good/xyz/261.tiff,AA92A5DDE28D557F5CC40B07DBE788F826E9F98C3CEB90AEB6333AE11E0348C0,4326152
rope/train/good/xyz/262.tiff,BECE8D12461A490D65D980B2925AF85022523389577E35DD89680627506F1912,4326292
rope/train/good/xyz/263.tiff,A96E612029F915F4EE86D7137B3459A7870F752BB2F6133C704576374887036D,4326168
rope/train/good/xyz/264.tiff,CD14814E7721218796181E515EFA873915A2E83AC3B2E2E8A9E7F7F04F9295FB,4326172
rope/train/good/xyz/265.tiff,72EF1B87D93F86A3F734A7244F81EDB71485466ED39251C91803AA58935A5073,4326126
rope/train/good/xyz/266.tiff,F851BDF2C0C774AD88B4DE5E62098FCBBF09C0F5B2228CDF6D00C10C6557D2E4,4326126
rope/train/good/xyz/267.tiff,1038233915C82B32A657E83291D02D931882A1BF27309C13046505F88AFB49B6,4326120
rope/train/good/xyz/268.tiff,4C76D79213512B6173EFF0335E7773DDCAF450C34279BF844F082D3C227B408E,4326054
rope/train/good/xyz/269.tiff,9E8981B7529681ADCA8263D42BDC3C502165F707CC7FB088AD1C12AD763D7C0D,4326146
rope/train/good/xyz/270.tiff,87208E371FBB12F322E1C66FDF9371F4197DF4DB58C8212C1CDDC86FE5977E70,4326118
rope/train/good/xyz/271.tiff,8736B07D122F93509512E66476A8E0C1E7B3BE1EFD02558B4729211947B5628F,4326072
rope/train/good/xyz/272.tiff,37866381E3F77B7752705683B9F3FA2FD6F60B92D4D15EE350F052F36A48641E,4325992
rope/train/good/xyz/273.tiff,03C92FC0CA8454AC0A8856F66A22A8701F7E5E00633B506768342A24FD2EA41B,4326110
rope/train/good/xyz/274.tiff,6B04C5B0CA9CDBA26C6E383961FBFADB982F6E29154A6143341BE4755DC4EDE9,4326096
rope/train/good/xyz/275.tiff,4D61F8CD607D078CA1DFDC0E91FF3F2F0C866EAE2715E000A7180B821FF59C03,4326242
rope/train/good/xyz/276.tiff,5E8EB3EE860E9D012C4C065916C3703AFCAC701DD02D74E2651CEC9C5E68EE44,4326118
rope/train/good/xyz/277.tiff,4E1414FEE8C2C4022F7B3FA5FCA19A4814CBDB9E7D15675E8A892E8E42645D02,4326194
rope/train/good/xyz/278.tiff,8188EEDBBE64474C10325E4D74B28BACC0DD031CA641C114FB86502A5FB1A60D,4326166
rope/train/good/xyz/279.tiff,FABF21645ED7443EF717A9403E0582820D09D42779760DECE4E8EF38631B3A7B,4326272
rope/train/good/xyz/280.tiff,00CFF10D0BE15824972F7212CA96B7F6DA4AE44C31C824D6BD469820C4ACE9C2,4326244
rope/train/good/xyz/281.tiff,48E79C85EBE2F4CC6F0898F72E2502302877BBE736FC640C3FC02A006424A544,4326170
rope/train/good/xyz/282.tiff,7B00F908CEE3BC8D0DE13611F867ABA2B2E4886E083A3AF4FA7BD574ECC5176E,4326300
rope/train/good/xyz/283.tiff,5AD8619E140D42DDC0AA717A980B15B4BE13A1A842C4FABC927A590FBF72B007,4326238
rope/train/good/xyz/284.tiff,D301C4A36BB5CB027F11951B8F21C5ECDA895E151427D64840DAD978D469B9F7,4326206
rope/train/good/xyz/285.tiff,7DD8BFE7F1107E71EAD1AE3AE1DB3BBB29BDC0BD80EDDA7A0AB6895827EE382D,4326268
rope/train/good/xyz/286.tiff,717511A86B0B4D56493F9616FAB15AAF5847F9A9D53479660495BAE93607C5A7,4326154
rope/train/good/xyz/287.tiff,234CDDE639653858C22DA46B6F3429EDBD6F4157C15F06B5B3D0D5C863114658,4326162
rope/train/good/xyz/288.tiff,EF4EA65A95EE269473871088AB1581B984BD69F1C59926B9FB8D02435CD5D85F,4326296
rope/train/good/xyz/289.tiff,6EABCDD8CF64C400EC5A77B4F0BA8EC94D112677355E129E19C3C029DBC93FA5,4326196
rope/train/good/xyz/290.tiff,C12CF4FA0A66671ADE4235971C59819D4AABEB9F2966AF19EAACA8CF5065896F,4326116
rope/train/good/xyz/291.tiff,CEB4DAE7970A64D27631655CB432BBB4612F9D9E1031454EFC73D13022F1B59C,4326076
rope/train/good/xyz/292.tiff,504DA755FC20588DE4CFAAA49A80FDBA81046A932C413EA617DBBC867F76B764,4326148
rope/train/good/xyz/293.tiff,8E83AD20380F581C159B06AA8F3D0D71214FB451AB1410F18B4FC0EDF24D9503,4326208
rope/train/good/xyz/294.tiff,A9FA82E09F81187BD1289FF4353046C17E0F139297B8179CC2CBDF9798162FD5,4326200
rope/train/good/xyz/295.tiff,EA97FF813B15EF65C78926B19C39D76858E0FF5A5B1DDB3F879C1E45317D98EF,4326134
rope/train/good/xyz/296.tiff,ADC9A714DF6A94E6A2B232F0016EA8302E0A61F821F32377B7D38E1AD67289B7,4326168
rope/train/good/xyz/297.tiff,5212877211D4B059841DC7AF5334BF441EFBDC92A1A903DAF04A9EAB1558A5F2,4326100
rope/validation/good/rgb/000.png,6B7FADC31825BB2C813A451C62BA63F91ED981FE36A79BFA6640824FCD78A27E,691935
rope/validation/good/rgb/001.png,E4ADBE98053187323315BB6A9C241A74B5784B50259BC4EE8EEBCE25D4AE25EF,692042
rope/validation/good/rgb/002.png,16ECBD8AE4610C1185BA9026B1467952E0B139B9C4521C5A5F95FFF95E955C2A,693159
rope/validation/good/rgb/003.png,67464D099FCBE3A02C209EA8C07BF6A7C796060D5DDE3150E7513249340D3869,691582
rope/validation/good/rgb/004.png,0766E83A0CC0D690EC68088F0E618C4DAE6A4E562EC80DF4D6C8ADDEFCF627A3,692191
rope/validation/good/rgb/005.png,AF02209461A6D2EA04DCE903C62E8C722AEFC3C4ED42600D6D6BB0A39DD73C39,690272
rope/validation/good/rgb/006.png,5BD71798D142E9544D39614011792A93C564D079121858F7D8143614841647E3,692621
rope/validation/good/rgb/007.png,D7E06C9CB96E27FAE767BD11BC24799A5A3C07EDEFD4DE6CD691AB3DA06DDDB9,691187
rope/validation/good/rgb/008.png,9C057D0AAB80C023D5DEC546F89CE1E1554F43E4B0BE1A41446F57CA3D951A60,691921
rope/validation/good/rgb/009.png,ADB61589AD2DA1EDFFF9F01A66F2B569EE72CD3119E0A51359035FFE18F0382E,693408
rope/validation/good/rgb/010.png,A14F4E350E57761FBCD06FD25D3808FEB664EC6E3C9603871890A0E57C5E28F0,693087
rope/validation/good/rgb/011.png,CB7BD148393F8D3A92BDE7925AC0EB3ACD70CAC3548674B7F816A91B1953C245,692966
rope/validation/good/rgb/012.png,EBCEB163DF5B3B3E35D88F08EADEE09B2D7029F33FFD2013BE6D0C4193F5A6D6,692400
rope/validation/good/rgb/013.png,46E543530677AB9A38C2304F66DBFB64D3B2EBC50B963F3E0B7C36DB2362D744,693215
rope/validation/good/rgb/014.png,7E03516B999D2F26EFA66CA110980ABEB686F7222E0A1912D6850D3529AE4495,693188
rope/validation/good/rgb/015.png,639D37BC5D03358636A625183F2D585307C648D24684D256FC043659E007EB3A,691502
rope/validation/good/rgb/016.png,3412E1B7F6552855263180CA76DF183FE4D2811D5AE9D103F46A10C1C33990DC,691935
rope/validation/good/rgb/017.png,0F04CAFC98B693ADCDC9466598C027B8303C0E53D704FF69D787F2E5566ED05D,687831
rope/validation/good/rgb/018.png,AF543AD9A85526678C304B9DDA53DCC94D3E61548F4B77D7455F7D8EDE2741C5,688951
rope/validation/good/rgb/019.png,DCC6DEA703AA3E9D6FB89B4CE196986F90A84B48E5C35FBDEAE731F3EE75DD43,690068
rope/validation/good/rgb/020.png,DF465A42FE639D308AD2DBAD4FE4B7C222D267E2B8468DAE18720D82E9152ECD,687976
rope/validation/good/rgb/021.png,C69CC516D31CF8E4277456F0AD5AE7A1BEFEC39ABF75C5640E7BF05036DE5928,687279
rope/validation/good/rgb/022.png,79D58D87D3E2BC2EA7662DCC52BA5BF8F8524AF8CA5FC68102BF6299202BD232,688305
rope/validation/good/rgb/023.png,6E737C08FC6154AFDD3B9424DB7516BE8F1D3B0F8BFD5AFAF00613D696517490,688982
rope/validation/good/rgb/024.png,42856D19E877E5387412B4A55FA8AC51947CD23E2F8BAD2BA531751C122C939A,689028
rope/validation/good/rgb/025.png,FF1EA0669EED457256C9CB1F833698CB42AC3C2846ABEAD2A9C62AD66A5A386C,688520
rope/validation/good/rgb/026.png,526CCE78C8A886202C5E9504E3BF5B942AF6D3571E84FC57166607435CF223F5,689468
rope/validation/good/rgb/027.png,45F7FA535219D094B1EEC18D6C7071F4D714ECB4BB3EC4917DA523C6F0588E71,688701
rope/validation/good/rgb/028.png,05700745A4E445258EDAB7160EA0D39890FF78C84D2CBA6AFC0CCD7721765EDF,688794
rope/validation/good/rgb/029.png,111EB6134734DBEBD6F9A8E0F033D472FB440F8151735B702BD6EC10AD2D11CD,689532
rope/validation/good/rgb/030.png,8589FD1340D1E0195AD332E604B60CAE9844BAF676E02E97019DAF9754089B91,689715
rope/validation/good/rgb/031.png,A22EE741E3290562548BB6D8A13E043B65F6C63895E92E70953C727272A2CF2C,688382
rope/validation/good/rgb/032.png,FB964E7861D7D8517761A1711CA51896F2D1F4DF6C1401425F5C0E0CB00E4B6F,688270
rope/validation/good/xyz/000.tiff,F666AFDF3DDE4A0F8AC044CBE6A6F840A5D9B76CF3E0BB6B7E037E6DD3851EF7,4325110
rope/validation/good/xyz/001.tiff,7162ECCE445137EF3801248BFAD646CB1A4EB1C9841D87595CDBCB5896FF314E,4324994
rope/validation/good/xyz/002.tiff,076F4170A938A34393CCE833FD1E5B56D41374206A817F050E24EBC1C6939444,4324902
rope/validation/good/xyz/003.tiff,667EA9C94A1029D5DCABAFEB3576F8484759DEB80CEC6871BD2CAD4B85559D86,4326036
rope/validation/good/xyz/004.tiff,DE32FF0E12FA252B847DC9C2CCD1B6EBA8D1717D33D134715CFBE131B18FC853,4326008
rope/validation/good/xyz/005.tiff,9776D2D57D651146C8177DD0A0821BC896A4FCB80D3DF94FDDD8D67CE0AB5BC0,4325950
rope/validation/good/xyz/006.tiff,C0E5F8BB3FD5BED59BE9BE40F8EDF96D7D2137BA671705704E64A158F1B34BAC,4325862
rope/validation/good/xyz/007.tiff,7987296A9A4ADEBBBDE5604FD792215BFDAB6F9C7E92610B3E4335E6D5506570,4325880
rope/validation/good/xyz/008.tiff,1A06F89DB8589B3E1D737B7FDADED4B0B76414FBA9D1A1ECFD2C61CACEC35896,4325818
rope/validation/good/xyz/009.tiff,6D6C3B84E1E4E6D29759539C17C0909DA417D2BAF1B138C529092F35E72D7016,4325700
rope/validation/good/xyz/010.tiff,78AEF6A675AA67C409976B4B1062AFF13D5471C5E98A07293FA4C67BC8BAE511,4325774
rope/validation/good/xyz/011.tiff,49DE93A9259C08D333E432D68D2488F0D927E4E1C5765B8D5EA565607CE041E1,4325770
rope/validation/good/xyz/012.tiff,C9DE21C2319A80CE0DDEBF74CFECD613414C7604C2E76E6E3CADBBE45F7391E5,4325672
rope/validation/good/xyz/013.tiff,6B71F1EB76E811F4335AC791836EDF6DDF33151227E2E138059176FE34305026,4325576
rope/validation/good/xyz/014.tiff,43322A9AA8D5D2528CFDBB90A267801BAB2736CEC6CF0D4E08CB4C9D16E52EBD,4325752
rope/validation/good/xyz/015.tiff,04E61A0AD526421C68F8E8A24E9538B5AD7F94EF2CBEF6606CC19AA90D53ADFA,4325656
rope/validation/good/xyz/016.tiff,55E4249E0F876006DC825853DC333B088B7273C20E53BD31EC0A3576E1802C0A,4325820
rope/validation/good/xyz/017.tiff,F10BE52B8F57516A218D31A331F3BE95C5DE4278B97BBF3FC189C32626F0576D,4325688
rope/validation/good/xyz/018.tiff,06861716C4A0BE6E4A7E7F20C4438A381F598A8EE6251ACCA4B311511646E162,4325796
rope/validation/good/xyz/019.tiff,5527E3B004883C480E6F1B87336B502B724658B80DC1729488AA51205E668E45,4325766
rope/validation/good/xyz/020.tiff,A51F239AD4A8CBB745D802C72D574F8C785AD7C12637BF6CC6CDB790BDD7626B,4325740
rope/validation/good/xyz/021.tiff,AC078A5222BCC5CC8BE38179A490A2E01050DBA541A54EF0F62CD1B9E2625BB9,4325856
rope/validation/good/xyz/022.tiff,F51FE118061BDE1FEC250B015D054FA55905CB3A7C4B47F11681FDC039D2733F,4325708
rope/validation/good/xyz/023.tiff,6967EE3B410FC12595790398C1884BB3BC068C10FFB6E0CD2BF51DEA9D01D82D,4325622
rope/validation/good/xyz/024.tiff,789BB403FBC0B3B68473198029DB2C72D998BCA9B88D77799BC1361590C70A2D,4325678
rope/validation/good/xyz/025.tiff,5AF25870D73AF29B9CC0EDF45B47ADFC1643EE66B071965D403FF7999BD11FAA,4325824
rope/validation/good/xyz/026.tiff,6CECCA028A97D9150A93BA7944BE9030F590F86701B584F27618E5BB546168E9,4325850
rope/validation/good/xyz/027.tiff,F5430244D3EB0C6C85D7C6A2EDF577D90C3E2C02EE4DD3CD8AD07F1B39AE50D1,4325798
rope/validation/good/xyz/028.tiff,3903018F5ABADE2FC7659288080177941096E038BD0A26ED23789706FC62861A,4325810
rope/validation/good/xyz/029.tiff,78CFBCD2FA22E140A324695BE81212D891186CCA331E0E070002DA1A3818976C,4325884
rope/validation/good/xyz/030.tiff,3DBF7178973D9D35ACC2AA2E6BF652680D025690CDDBE4BFDE93B5E3219BAE46,4325840
rope/validation/good/xyz/031.tiff,B24E921803189372FD0E6459331CB77899F4E9D12DCCE61EBEA15276D5AAB7B6,4325816
rope/validation/good/xyz/032.tiff,2F739AA4282707310094D95A62E625C07625485C31F9B73FDE73B140AE4B9D0A,4325830
tire/calibration/camera_parameters.json,500EA6CCB7E9EDB3D2F31C5A27D741B8A0848F29E67BD10265EB16897EE070A0,201
tire/class_ids.json,3811FF55AE093437399679216BCF41941A585F3439BBC09068CA3637F18FA9E3,76
tire/license.txt,221519EB7AF2A395DA4474E7E136BCD4E0848D8ABBF346ACB2FB0B6D6BD2277E,20880
tire/readme.txt,CAF14511A62020E45ADF34A0CEB679E220CD688B3734CA495D71A97D561F508A,982
tire/test/combined/gt/000.png,932CBC9EFBBE1529207A2704731FC4D75DCD0C7DF3E793BA0DF077403CCA1EE4,998
tire/test/combined/gt/001.png,03EF62F6A90CE429722C65AB5E46F3E957C24E12F8FEE7A60EFC352E79F3950A,1019
tire/test/combined/gt/002.png,9C8E36909B8FCAC1000881D6ED2E99014E9ADFA8AB486FA904607305B001C7A2,835
tire/test/combined/gt/003.png,A62B6F45CC3D20D3341DFFF154314ED15EA5150F10F188760D13130770F33910,1068
tire/test/combined/gt/004.png,6664F8DD0AFEC014CFE145627038FDB0B4D51A329093CBE875A1A226E31AD45B,1022
tire/test/combined/rgb/000.png,D23584926811E717423CBA30048873850E87DC50F34FBA22CE5B04A46E60A37A,675392
tire/test/combined/rgb/001.png,64619D60B496EED5991CD000E540DF28009F4D187E88E6BD16D350D11B38F585,673756
tire/test/combined/rgb/002.png,ED930301443FF7EF2C246D7F21AF2F6B2D4C978D0915895F19BDDCAAD72FFF4F,671902
tire/test/combined/rgb/003.png,395DB54191E167DDF1DEE2DC2115D6D1D29B916BB3731972E324F6D21891CF03,676614
tire/test/combined/rgb/004.png,06AC56147BE9641858BCB0A329B1832790D625A1563022CEBCC1C1D32B4FEE96,675721
tire/test/combined/xyz/000.tiff,4F445C36A6CB5286CCE4BAB69F18B3CC57721A05D22A23E257FA94158745C6C2,5771132
tire/test/combined/xyz/001.tiff,2D68F2B8147D4A2ED7692289A6469C46BFC772763DFB8258E61B208BC4B3D763,5771358
tire/test/combined/xyz/002.tiff,9F7FC3155096D0C7D8BA274173CE6835E088AC742A3F033A29B070BDAB2C455B,5771212
tire/test/combined/xyz/003.tiff,38A492BBD0ECFB4347F8F32B5B07CEE15C116526CB77C1A2B2BE58D86F7795D3,5773556
tire/test/combined/xyz/004.tiff,DB01BA9638CD32BB9EB62A0BE09CF55DD56AD72939F328B71181444987731C78,5773424
tire/test/contamination/gt/000.png,2DCB9D7369FD8F027B00448652584EAB59C1F8D0563BBA01F2AE792D5A875A00,758
tire/test/contamination/gt/001.png,A8BC88E001BDC2DB71F0DA3A229719F0BA6AE977E6C307007C7B54603D3959F6,757
tire/test/contamination/gt/002.png,E6BB58066785F4FBF947F80CC906BB300E8B26494CE867AA4DE62F0F95ACC76D,715
tire/test/contamination/gt/003.png,0F8A322E4358937EB2AD5028BC7E228A8947F1388D321562C0A2351CBE126E21,794
tire/test/contamination/gt/004.png,D647D02476F643EE78901A3359534B52A28723BA192295718D32A4ABAE197A37,694
tire/test/contamination/gt/005.png,48215E0B12D472159989648C0603A66841667FFC7583CC4AE92BAF911995C10F,840
tire/test/contamination/gt/006.png,3EF1300AE605414A5D10B55C6C0AD2FF2249F2FA3B7C595A9E6108E4839B2635,765
tire/test/contamination/gt/007.png,38815D3A25E3171234519E7D9D69B72C6D31D6B0BCFCC95E7DAAC07C759A93AD,787
tire/test/contamination/gt/008.png,A034433B471C47C1DB571C96841BFB71025508105F85116BE4044AF162BCBB7F,839
tire/test/contamination/gt/009.png,A9E54E8CF7FE2B3A2425F43666DCEC7B4928B2AA8873A0498E055E63245ED09E,767
tire/test/contamination/gt/010.png,FCEA4CB259FCB8BFB797F6BF540E3AA1A69F7D1E9C1AA7A85E9F7F77928FD9D9,868
tire/test/contamination/gt/011.png,ED291AE239772CEACDEB8ADE4A1AA9AB527AEC7091F18303A3B3B371F111C16B,1108
tire/test/contamination/gt/012.png,452FE99A34401E088E203ECF6A0D8FEFF55528EA359F04867EAE28DC073F5D84,932
tire/test/contamination/gt/013.png,552E5C480F8B3FD81630F5F7B7CBC74A2B97D89121CE1EFDF716C061CFB10B84,736
tire/test/contamination/gt/014.png,E2211E7953B8546762CAC8B3656D7719127196E5B157FABC0543E4AFFD2924DD,791
tire/test/contamination/gt/015.png,5C2995269E7F629926B818F5F288F66F00BEB1D1193CF54B91CA4D0783019243,834
tire/test/contamination/gt/016.png,F8EE1D72A1FEE1732CEBDFEFD753151079A28AC44DCB18659A899BE2F871213C,829
tire/test/contamination/gt/017.png,FDC55842A23CB552E741EEA4ED555413A7D035843B4F6D71F05036226D511599,821
tire/test/contamination/gt/018.png,96441D12780115B1E3A7A41821FA1AF6E1F324A3834569CA56F6A5388B152186,916
tire/test/contamination/gt/019.png,DB2E563E595F61C4C7A0D9E8976DE9FD5167ABFEC2505145E535E0568F59A9CF,858
tire/test/contamination/gt/020.png,1BB61080EE23A7A0E676F25188E0EFD57C74B26A4144288C3B08F18CD42689A1,713
tire/test/contamination/gt/021.png,3411E41AADD748DCE451DD9045DB7F0CAACEBD5E20F5FD9242F1A19371213CFF,803
tire/test/contamination/gt/022.png,804841F001788D9A5F2F9D49782168ABDE122A64B6AE147B3C670120D9DB41CE,840
tire/test/contamination/gt/023.png,D3533D471D93C9513ECCCBEBCF7D66B54178632837086420AD0C6F1B97E4254D,771
tire/test/contamination/gt/024.png,926E144EEF983DED6AD269BB0E78BFFF7C2E6F8516632A1D470B684CFD2E0917,737
tire/test/contamination/gt/025.png,85C00AB7F137D2498271EDADBAFAB6DD162D93AF67E2D6F920B485295D46E803,717
tire/test/contamination/gt/026.png,46BC939379C9DB4589D9A35B68D1E8366446D6A2F2279378D363656C21BEFD8C,948
tire/test/contamination/gt/027.png,C593E32A1F84F589AFD3D46A7A6A7960E784AEDBD8B500ECAD28D7DCBBA19E8C,821
tire/test/contamination/rgb/000.png,C649F4F51B3CEC096C17F8CC27AD1E7B3D59F50926348283F573E2F0FC331BDD,668183
tire/test/contamination/rgb/001.png,7C85505C53F90CDFB0F49E308C9E6112F6F9A7C18BA1C6D09985500411D18A60,671194
tire/test/contamination/rgb/002.png,5A45C45CC662486193A5306C3BAB76A89F764DF327BD24A103BA9DBA05748BB2,669430
tire/test/contamination/rgb/003.png,BD5B94D223B47FC7D3756E31A32774214543930426256DEA580FB62233465AC9,667450
tire/test/contamination/rgb/004.png,41F748113C8541AE950A6CDBF0CB76CF7E1C1D88F6381D530390040CE26B105B,665552
tire/test/contamination/rgb/005.png,189522809E54204D62509DD8302222420DD69D12FCA8C8F4B372C69C4B9A7A4C,670539
tire/test/contamination/rgb/006.png,BE2DEE19C2D4EB6C954AEF81614DA002C237945DCA59AF2CD691BA9CEC3E24AA,668243
tire/test/contamination/rgb/007.png,2B2EEA124BAFBEE0EE23655DE1B836CA65FF08274B36073EA5D516F37B7171EA,668741
tire/test/contamination/rgb/008.png,66497F803017F3DCD6E77EAA50D00B2639AFB01E52645992A8C9E8DECAE4C225,663896
tire/test/contamination/rgb/009.png,C8A7EECBFBC09C51FD855C28750FAFD5E433ED45FC81C37F54BAC056B9263784,668699
tire/test/contamination/rgb/010.png,F1B9423DD4187C915C881C32B5CC91D6AE28E22AA0E3AC0ABE1FA946F8517644,670167
tire/test/contamination/rgb/011.png,DAD8AE000A12CEC1C41FB7F3BDD04EB761B97D55A7A07E8D1C1FE87A3597CA79,664903
tire/test/contamination/rgb/012.png,B6A0E918F99A3E823F931223C1529E88127C284C3C41763C481CBFFD01D39BB0,664574
tire/test/contamination/rgb/013.png,E774321B54DCB84FCB4A4B35BD7A4C55617B0211DA882B61B4E1CCD2A65D4E8B,662609
tire/test/contamination/rgb/014.png,4A445E7DA6AB65B3ED25EDA32FC7AE3D89974B15EBCD0B50652EC6B9A1E4EEEB,663473
tire/test/contamination/rgb/015.png,A0F3C2C5F4026E12AE06FD9D701F7F3B62A599000AD0BA6FBD1EFA8CB6D0DFB2,666190
tire/test/contamination/rgb/016.png,E0485CB0FC7E70D16AB2362B6DDC34391538D30578D4B8DD673F01A6EFD90C99,664021
tire/test/contamination/rgb/017.png,6DD8233051DC7E94E3690BE3D2E096C5B3992A1DF4C8E490EEB687ED4A14E425,670049
tire/test/contamination/rgb/018.png,9F2E319D4F7C237A1A2F8D988EEDE280D773D2D0C41E35308748EB0066450651,668089
tire/test/contamination/rgb/019.png,D21EF4B824B90A56687C609861DF24BD115E421F1A54174D063B01208C9E9D81,662458
tire/test/contamination/rgb/020.png,4BB7703A0D3BE7822E52F06FF3EAB5F6D8FABC43889C9C742365F1F0C0788BBA,666412
tire/test/contamination/rgb/021.png,BF9C2FB7D2AD42EBAB7D20138D44C1885FC46A881608009037B2D9A2FB71EB69,662399
tire/test/contamination/rgb/022.png,2202FAF850DD0DD356F6A409C6FDE279E206B04FC5CC1C1C316DE9801A1E56B9,658677
tire/test/contamination/rgb/023.png,91332EAD6A29D07C7900EF862114C774929E9EE82A320D36E128937CCB9A59F0,659857
tire/test/contamination/rgb/024.png,34FC9B842E9CFBFE3D21A5F7A608DE6F5AADE278DD34F08392E958F08FF54F95,662203
tire/test/contamination/rgb/025.png,F18743A523BB7528CEE3700416775982AEA36C9E586E1AB4D7B8B999E5866471,665325
tire/test/contamination/rgb/026.png,D64FBC16EA4E357DCA4C7AE8F0E931A594118CA69DB0CA5E57A0064132ED7082,667967
tire/test/contamination/rgb/027.png,E167C558E0C09BCE6212E4F1F8DDD779840BC09D083D1F4BB5863E9A1ECC7C25,666784
tire/test/contamination/xyz/000.tiff,C34B5FCC77EA6F33B3C60893721094DCC170557C6C0CADE4974D7A655067D556,5771162
tire/test/contamination/xyz/001.tiff,2728BF9166B181A89F82308EA3A1150BA7823E5513687D13125F35637E589B58,5771532
tire/test/contamination/xyz/002.tiff,AC7A9CDBC1E4DC0E74574EF2C11510CBC1B69C722CFB1D16923A76E8F9CB3E49,5771764
tire/test/contamination/xyz/003.tiff,91E3AAA5CBD6C2B73CF12D65F2714D69FC90BF9884AAA68F6EC68FD72FA46173,5773154
tire/test/contamination/xyz/004.tiff,2620338AD6DDAA8FE624FD1472F2D05E610B433550B9AE2501DF26DC5CDAC050,5773242
tire/test/contamination/xyz/005.tiff,397194228C1FBC434D412FC1ABB49FB2A32A9B653F70B629D9179C9A1AF4356D,5773088
tire/test/contamination/xyz/006.tiff,62C6D7F242E8482F1863E7F255BB52D21200B7E4E30D4C5876CBBC61A4A194E1,5772270
tire/test/contamination/xyz/007.tiff,A967331EC44B34B447E1BC6F3DD1C419B6C9A3E72F6BC45BAFC1EBE71CBF5FD0,5772138
tire/test/contamination/xyz/008.tiff,97E7F5ADDD6FE6230E8B375803013B830778791BE6BE0036D24CF6BC57E49446,5772524
tire/test/contamination/xyz/009.tiff,578F1F8EB5A6398014763AF082830FA8103839CACE60AEE09FED81DBE398FA4D,5772942
tire/test/contamination/xyz/010.tiff,102E21BE8217F3710C22E0764AACCD7992ABB60C028EDB3F0C6A27B4CBD6E096,5773316
tire/test/contamination/xyz/011.tiff,F402BB96D43B199B83E66B2A563864967036A534963B8E7B7A60C0DB1765F02F,5773046
tire/test/contamination/xyz/012.tiff,B938982025B33E4554BEE8A3049B058D184EBD7E0E970794F882932A7FA63046,5772584
tire/test/contamination/xyz/013.tiff,E8FF8038EECD0836BFADEF8AFF9B5B919A6A3DF54B2C1D0EE3BDC8AC9BF0CC5C,5772156
tire/test/contamination/xyz/014.tiff,2894CF878179AB9DA3E17DAC7B85C0E64007819E2706EE943E37EF1F69621630,5772450
tire/test/contamination/xyz/015.tiff,CDA3B8CFB0138E5CE3EC7D16097750C97706758F1A75F1EAA51798B1EF4DF2C8,5772610
tire/test/contamination/xyz/016.tiff,A18D5210354F242BA9B1152160F57FC0A9286BC1DC8B98481C4CED68215CA182,5772238
tire/test/contamination/xyz/017.tiff,1B725A723E1718E51219098ECC2917052F0C04168466E20573C619E3B82C74E4,5772872
tire/test/contamination/xyz/018.tiff,0A87601B8CD215254C014D547AFDB4C6E70F64D2AFE9FBF9433AC68DC01F6D9D,5772578
tire/test/contamination/xyz/019.tiff,C220A6F168B869BD9A607370DB5524A98B966B7FCFA36784F849E19C1622C84B,5772270
tire/test/contamination/xyz/020.tiff,90855A6740377F1BB7941F8495230EA65289DEFAD632A0D2EAA03C96F7383137,5772772
tire/test/contamination/xyz/021.tiff,849CA46A80BD5B0113421BED4D0EB00435E0D5317C371828004AE0E0E37E36A2,5772056
tire/test/contamination/xyz/022.tiff,EAEDDC8B34C1140DDCC1CDBD76666B59FCCE53651AE9CA2EA476697B99C828B4,5772306
tire/test/contamination/xyz/023.tiff,EAF9F3DE704ADAE9097A388F6DF802B7D8F8DDB6BE6556E43F2A94E5891F4AE2,5772504
tire/test/contamination/xyz/024.tiff,577384F74D60ABA1F6B3947B6AD24842D04AD82DDF1275854E894F3847C0E7F9,5772102
tire/test/contamination/xyz/025.tiff,11722496DD03691DA9752507CC20BE7CF3B8A381B6C04EBABCEEC84CAAC441E3,5772164
tire/test/contamination/xyz/026.tiff,62ACFA922DA4F9AA5A929E36F6494B4BAC0061E24ABCF2BBCDFB35E274C965BA,5772898
tire/test/contamination/xyz/027.tiff,CC90A63B24BD348057D7F6C7EF201E875B6D5DF9F7589F849A92F6692C05FF0C,5772782
tire/test/cut/gt/000.png,E00011E8365A44F21D6EED7C8520C88C62FA9E72E0B800D5BCE268C34F188EE6,718
tire/test/cut/gt/001.png,C92030CCF10C72AD6511BAFD93A63C116002651BAAEFF974705F0B8B72780E3C,767
tire/test/cut/gt/002.png,4DEB709A82FB92E4301187E798C0F6AD27B83A35B04CD3A7E00AE44F1CA305BD,710
tire/test/cut/gt/003.png,A058442D2B70C05AE00D9A89EAB746C8AAB8EB856704733A7FA313CEC28470FA,739
tire/test/cut/gt/004.png,2DD616AE2DB662797116C7125350A9C10404ED3BF356F3B3E23D1F3330E42341,705
tire/test/cut/gt/005.png,F0B1E1765008C8423A07B77CC818C2D9B3984E95E576069F7821D70FB4D07E9E,691
tire/test/cut/gt/006.png,3C00EAF2FB4C2F4D6208CD042D241B4BF1E861D058F92AAD39754956819CF656,757
tire/test/cut/gt/007.png,8E20CBDA0710C1533A52E70941EBE7EF9B2119CE739A4ABB881E1C2C12B1C6C3,766
tire/test/cut/gt/008.png,79C8EC2775B2A7284F8913FFF31DB729E0548EFE71AE8F605C5F3BE58E8A2CAE,729
tire/test/cut/gt/009.png,2131025657D82228FF7BD2E74DDC8FD04BF0CA0CBFE098A499D08AE8879C3F19,893
tire/test/cut/gt/010.png,A4A2371506858AB3CDE60759F8ABB763052A0ACBAC079C6957C9273DAFAC4820,685
tire/test/cut/gt/011.png,61DA2F57E67CA04B52BF9C4AE05025F8CD1542F5AE6D18E78BB6A12587CB0DAE,793
tire/test/cut/gt/012.png,27EC757FA99B1DDB099E6B152499EB014EB6079B5C9FBB16AB45FFB05BA7D155,687
tire/test/cut/gt/013.png,E4D070EFDBCE0E146DF356831E8FB0AD140E1E19328606DC11FF59AF0CE992AC,712
tire/test/cut/gt/014.png,74DE86E95D5D10D13EAD640DA2E94A97A125005A06EC629EE001FFA72B280626,743
tire/test/cut/gt/015.png,A4D12934190532A4A1F97C1D00E8FF50777F487DBE3069203A4BA7E5CB506375,740
tire/test/cut/gt/016.png,7CA87E6B6E9DBE5A968C317BFB00C454A4BB281243FA577F17F9CAB5C1FEEF1E,700
tire/test/cut/gt/017.png,A2B8A41E7D45456D65C73DF9DFC47E5D09C476B6C9EE3438A3F980575CAADB94,710
tire/test/cut/gt/018.png,3F00086CBD2FB78F290F3F1AE0222D73228F6A5F5EED3BF68BC91926337FD01A,712
tire/test/cut/gt/019.png,0B103CDD5F3F119666777EAC8926942470EE6170027FC7ED80D8EF2E7D70DA17,721
tire/test/cut/gt/020.png,4B886FAE2712465DEA1E918857343C94E751DCCB8FBF304B04FB1A5B85EAB17B,760
tire/test/cut/gt/021.png,3386E37B57105A285364BEC595B4C31C0A363598C16B235259DD26A8F8F87247,729
tire/test/cut/gt/022.png,F310310EE11275B7DC9C26D86C616420D491A21B55F70CF98E19A736A2D8880A,746
tire/test/cut/gt/023.png,65F39DAF23A2BABF0378DB888B6B759B299830511976FA04D3308BCA6D71290C,725
tire/test/cut/gt/024.png,2CFC799B3EFFE7E7C15320604E60272282080DA385C6247E52102219EABB7BAF,709
tire/test/cut/gt/025.png,F46179695AA9EE80338E2F2DA61F65FB8149512D7C60030D84678AD2DD63DDA6,746
tire/test/cut/gt/026.png,E0C7BF1FCF07CB870E515660B88C6B3FF19EF46DB3B8ABD02D83338CA568502A,757
tire/test/cut/rgb/000.png,EE595C0E85FE2786B936328ABDEC00CC4AE381B033FF9ECC270E13CD153978F1,672467
tire/test/cut/rgb/001.png,8EE6AEC2356D50E20535E99A6D4F2E42ACC2BBDFBDD30C7CA01FD19189828BC3,669173
tire/test/cut/rgb/002.png,C19CC3062A818DD9C48DB6C9A59AD901AD9519D9C6DA3519DC412E04BA899826,673363
tire/test/cut/rgb/003.png,2C77DFEDB8F107A3F299FBE6AA4D7F96684E953495AD54F0F508DC50F02A98D3,669533
tire/test/cut/rgb/004.png,CBEB288783F0D5ACF50B6B75EB406C0E826D9307CE764715A25C76235A1D9013,667956
tire/test/cut/rgb/005.png,3A43D5323770F9AAB4BF20CE3B55B89BB1F45DB933B42E6AE2EF8810762C9261,666777
tire/test/cut/rgb/006.png,9702DCE7216CACF31B544F0DA34F1382074593698A03DE62E3B821718B5CC9D3,676779
tire/test/cut/rgb/007.png,A981AA6DF0161BA66B4321ACCF3C416CE220322F441EC0091C93FEE94347B9A0,673043
tire/test/cut/rgb/008.png,1E1E860F2896A14F4B84F054EEC62059BE634290BDBA89A4C2AC7F1CC55C0246,673185
tire/test/cut/rgb/009.png,406D19FC3357AB4D2A9CE70984B0B52C0B9924865A50385ABDABF2420A57E706,672844
tire/test/cut/rgb/010.png,E62ED2A8D0441CE824A4940947224627446FD9DF8DCE092769F4D141662CB58C,676264
tire/test/cut/rgb/011.png,3B34C5616683BE7464ED74473E1770F2563DB5AF1ED1DF3A74D407EFB4A80027,676807
tire/test/cut/rgb/012.png,DE0B32ACBF57957125B3560F8F7ECFDA6BA1598C6375972D86678DDADB2DE9A9,669908
tire/test/cut/rgb/013.png,8D938015260D4D5786EBF93C0BEFE5427FD479BADFFE848B57AFDB7C2C7FB5DE,668888
tire/test/cut/rgb/014.png,060C61F0806AAA5204A1CC81CA8562347D2A55966681C7AC4E5EFBC393D5898E,673696
tire/test/cut/rgb/015.png,2632F1DF99728604E561062C12DEA6745BB5617E8395C1FC1DF7A79E624FE40E,674837
tire/test/cut/rgb/016.png,7C5A8265AFFE97997E7C90B429C0EB9DE41C65C93AAD0AFD3771F89AE3D294A5,677265
tire/test/cut/rgb/017.png,250C939FEC0C2B2DC62E3B3C44786C78F96587B64132FBC14D59419D8EFCE6E3,673181
tire/test/cut/rgb/018.png,1838093B20D5E3AE294F72735E5269F7F3BE3E8C76453F31CB0953472A06ECE9,672093
tire/test/cut/rgb/019.png,534F94C3B0B2EFE4858852F08309196D01835C793709D69236040DFE418D9892,675155
tire/test/cut/rgb/020.png,DC1C427945ADC2CA0E95C0DEA9E9C53361B8A16A1B6E7C6C41AC5850EB4C9E5D,673168
tire/test/cut/rgb/021.png,BC30444B45DBD68057F08F48E2B1C2BB8D4E5AC86FE20B1AAE9B671A66B9A624,676500
tire/test/cut/rgb/022.png,CF20BEE6642E4729F5FA8C6D7F7E7A39AE434DFE4D74834AB08A89D57DBF1678,671537
tire/test/cut/rgb/023.png,E44142EB177D4B8874F64013AE372A758512DC37FB4721C90EE608EE70B81FDF,673959
tire/test/cut/rgb/024.png,9174078320AEC9731B3A8834A82CB9D441464D123D8FB7F53827DE0E57990A8F,673803
tire/test/cut/rgb/025.png,3292E006A5525AB1486D9BB99257F138D6C99E868EAAF1DFF4B10D4399614C1A,678340
tire/test/cut/rgb/026.png,08048F1ED6F7DD2227446E931F5315E4774D452BA04CEE0BD79EA496B590C140,671636
tire/test/cut/xyz/000.tiff,FA3FE9054D3705A65526F3937270123FFA800D5D9762564F5CFAEC2911E65323,5770504
tire/test/cut/xyz/001.tiff,104C4DBF58E62604C99FB647B765A7BB6D55EEDA989281A0E0123A47CDBD3A98,5770094
tire/test/cut/xyz/002.tiff,D78375653FD394ED7A48EAD9FDD235DFBB6718799B7CF12E70C7581A550A7133,5770088
tire/test/cut/xyz/003.tiff,2A9B23810CACD9FB8B8198E169C0357857627FE6B5AE635DD582D37E9592B375,5771560
tire/test/cut/xyz/004.tiff,24DAF46C2710EE5B8E167989FCAE8CC2CF306773D50F286D8704FC31E110F01B,5771816
tire/test/cut/xyz/005.tiff,5B35F0E3ACE3DE61F8AECCCC3DB84999A9CBE1C724C269EEE56BD6D8D1E250E0,5771676
tire/test/cut/xyz/006.tiff,4052A7824B2004111AEADBF6C525C18209C81178442E2B7702330F27DBAADBC4,5772170
tire/test/cut/xyz/007.tiff,33D8FFA9384344CF88FF2CAA45DD3C79B9E3BBA707037BA626F646E67BCFFAEE,5771944
tire/test/cut/xyz/008.tiff,EBE9D42E40D42F085E5A65EBC252FA32376CCD7DB6BDDB88C82587FF3F0EA5FB,5773234
tire/test/cut/xyz/009.tiff,069E32A5D86B7C52CBED8ED8BA3BD25650FA0A0627FFC71BAA532026909F1328,5772328
tire/test/cut/xyz/010.tiff,588E6A8D1A910E7BDFEDF6B09639D8E0FC23608939718F6C3C6408A74A5D0BAC,5772062
tire/test/cut/xyz/011.tiff,0DE0844C443C844B92EA26064DB4D18BCA837E041C576F3E14902C6976ECBA37,5771922
tire/test/cut/xyz/012.tiff,D25B0C974212F1B8C8CFD52D82381243AD10D1E2F781907C29350E2CCA945472,5771962
tire/test/cut/xyz/013.tiff,EB5BC106BEC0CD3744715F1482ED391548FED910BC01294CA70DC4108CAC389C,5771898
tire/test/cut/xyz/014.tiff,3A488684E21EA83A580DA5CEE0A2B17835F60D2D40B00427FE8EC0C4900D7FF3,5772092
tire/test/cut/xyz/015.tiff,FFAEEFEAFAFA101EF4A445DB67D488094F3A79D303815219921F009671781EFA,5772222
tire/test/cut/xyz/016.tiff,C45269B6F6E033512A799CD96BD7BBC3B8B6538D9DA490C8425F209D56C93A62,5772018
tire/test/cut/xyz/017.tiff,5E6B83B3B32B9BFE3DE1B736205223D111E654D91EBCC0C24A96349384EC79D1,5772136
tire/test/cut/xyz/018.tiff,52DA92DE01E06B3A5E5642EACDC91C324B9C7E021EA40DE1A1BBA7E397DCA7D5,5772302
tire/test/cut/xyz/019.tiff,30FAD01DBBBBB5BDA2DEF0B9E629B7B77305988989DC7E6E2687643A20EA52C5,5772654
tire/test/cut/xyz/020.tiff,EC873818F0F6E7BD858B447C0C695C4C45BB4AED9C655592CA79222A35AD8A17,5772022
tire/test/cut/xyz/021.tiff,CD1356727A6DD80D4EEA7FFDBC381731EF10484D81215052BF076E0DFE8030D0,5772816
tire/test/cut/xyz/022.tiff,341CA3D426CC13C2AF0B147613CE396E5A0CEA058F57F34F2E42EE74225A28DE,5772314
tire/test/cut/xyz/023.tiff,690E04146ED5E5BA202EEACDA3E2341175FD0402CE163020C9BE7FECAA04266D,5772840
tire/test/cut/xyz/024.tiff,958A1A5F5D623A44B4B098091697A820C3FCC29CC6B81BA7A34DE436F70E433E,5772286
tire/test/cut/xyz/025.tiff,6394673AE3E9CE3C43FDAEAE59CE2DD4062740E3A9D3FA35DFE25449F7D1129D,5772758
tire/test/cut/xyz/026.tiff,34C334D3506414ECA9BA1450F3C91BDD318B3C79D04C69BBB842CFC534F692AE,5772524
tire/test/good/gt/000.png,F5491E34DF2D9EDF327DEB0AD31CAA73298D90E9300EF1F767EF979F39B75FB3,602
tire/test/good/gt/001.png,2492B6BB503B6A7942313FBBBFB6D15C0DEBA65D22F950F465307BF95857D7F7,602
tire/test/good/gt/002.png,B6AD141BD344BA67BD7104D066A3ECC76FA65F5CE93B8C089B7F1CE56D324077,602
tire/test/good/gt/003.png,CFA52CE68C7F63197A911D10FBA9275985C5CFA9649ED49B83DF23617702DFA2,602
tire/test/good/gt/004.png,CB08218B47FE14655EB2C00FD8E33AA6C42181CB1B5424CAFA4958E0D756B75F,602
tire/test/good/gt/005.png,8E5F78B18A4A93CEE877B25CD1C0AD0A25417551E3193F3ECCA87F147DDA9B91,602
tire/test/good/gt/006.png,52C25B1D7DDE998C5F645833890DC578EEE4DDE3B181C4209F79C7D55BD47E9A,602
tire/test/good/gt/007.png,75B99935C69D74ACED58954E992BC07289486F01114B4E011BB7AD2B18736CCB,602
tire/test/good/gt/008.png,BE14ACAAFE775F82583046E1EA2FE0D741D9FF435C881CC42385EEC6647EFAD0,602
tire/test/good/gt/009.png,BE14ACAAFE775F82583046E1EA2FE0D741D9FF435C881CC42385EEC6647EFAD0,602
tire/test/good/gt/010.png,A2C69D656A79E3D834E547CC38DF69C3F2E35FD435007D204C62A24F52A515CF,602
tire/test/good/gt/011.png,DA060B3DB7361CBE8D47D1261F6D26025179BF6E6946BC70E7A23715162FAABC,602
tire/test/good/gt/012.png,D55FC8252A89A23BED7ECBE0971700225091EBFFC72F1E26EFEDBC77FB9E32CC,602
tire/test/good/gt/013.png,D55FC8252A89A23BED7ECBE0971700225091EBFFC72F1E26EFEDBC77FB9E32CC,602
tire/test/good/gt/014.png,5776D3DF4F8A8C31414564BF2AD3FADD54C2EDDD18BC9B19B2076A424D5B212E,602
tire/test/good/gt/015.png,A780E5EADC3C79AC78D8948D41D09D1EEF8A9014201FFF01FF4248A7BA7964E4,602
tire/test/good/gt/016.png,A780E5EADC3C79AC78D8948D41D09D1EEF8A9014201FFF01FF4248A7BA7964E4,602
tire/test/good/gt/017.png,BBD12C7B113DF5C4037A0F1249F54720EEB168509C5705CAEAAAB6DF35A69D4F,602
tire/test/good/gt/018.png,D88637A726A3476C2D2AFED72162C15C6F0CBB8AD0A73A818C45A2ADD67CA5DB,602
tire/test/good/gt/019.png,1FD603B755F5FF5F2C084CDB490E5AF4BB9121DFEB6CC6323E8CB6E0B3C68737,602
tire/test/good/gt/020.png,1FD603B755F5FF5F2C084CDB490E5AF4BB9121DFEB6CC6323E8CB6E0B3C68737,602
tire/test/good/gt/021.png,9CAE8B1E32E752C7B8BBAB2EF2028207CA1E4354A2C496777CBF4C67F30D538F,602
tire/test/good/gt/022.png,E06ECE536E973A168555341AD2E7B9B85243D2B37691AF7781F1A01EC4A4D323,602
tire/test/good/gt/023.png,E06ECE536E973A168555341AD2E7B9B85243D2B37691AF7781F1A01EC4A4D323,602
tire/test/good/gt/024.png,EA2DCAD8A42A98A34A9DB5867D4DEC08BA8C8BEA8A29B1C68B0F71B46B817091,602
tire/test/good/rgb/000.png,95EF17F62FF88EFD86C29BFE8D856309011A73EA18B0CBB92F46237D76AB06D3,672627
tire/test/good/rgb/001.png,3511028E34783E6512FCB84D9416C8B33476CF9ED515A7B592BD0ACEC8E78AEB,674280
tire/test/good/rgb/002.png,5169BDD711C50564C2EC6FDC979DF59B90CFA5E6591E01E6B4F1AE5296324572,673886
tire/test/good/rgb/003.png,BB17A72277BA68599BB0C76AED9E94AB22011B968717C16E7F670165CE8C5F02,677394
tire/test/good/rgb/004.png,B0FB4D2F2532D02E0EEB8E9E336C381C85BEE76F7C87367AC32455A311BD68DF,672507
tire/test/good/rgb/005.png,6AFB393434B918A70B52B76C417BF281702F9A5DC75A491D5C67B50D916DC87D,672915
tire/test/good/rgb/006.png,1C77265B07348B4293D6EC8010EFC4942A908CFC6C1CDBFD749CE01C8A0FA28B,675009
tire/test/good/rgb/007.png,D4D554EBBF260908774304F3677F703B89FC10E59DF2776E180487F846A8ACED,669304
tire/test/good/rgb/008.png,76690A6E8486068AA7F1F75F6EE5CD00E64630DF35F14F6AA421D3597E9EF674,674142
tire/test/good/rgb/009.png,03101BF7D6E12DFE90650D1DDE6312B4E286CBFF911981A99E36910564DB3CB7,675294
tire/test/good/rgb/010.png,B9F79A44491323DA1A3040A34090DD746A8538625E4253B4E2C5FA859A1F7180,674103
tire/test/good/rgb/011.png,0050A1B93519029D05CDDB1C6254CFEF921DE5C1219682E3D34077BF092DB2FA,669473
tire/test/good/rgb/012.png,47CEA46F0B8EB8FC04D1E382D55971B3E25FCF4C5F2473128194478829400469,672536
tire/test/good/rgb/013.png,E6F55B9E963BB2CB40D4B79EDBF43F3DAD73C29A237FDDDE7890B99E3D6DFB7F,673325
tire/test/good/rgb/014.png,583233E2E6A3491037B604D8E91EFD447CC48DAFEF09ECE12818936A3F22F201,669188
tire/test/good/rgb/015.png,E9D9E32BE51D16D243CBD9B87E4A337E4FB714A1911E2BDC65FDFDB85AFC91C9,672476
tire/test/good/rgb/016.png,2BB1C8D6EB86015FD5D463C7212C3DC91A8A1E46116C66A39997C5FBD2240651,670878
tire/test/good/rgb/017.png,EA7602DA5BA454FAE28AE2C623CC33F3E4C069FF37B1536063BE5BC393F5076D,674053
tire/test/good/rgb/018.png,6C46EF7D5D4902D52B8A8FD87D47D54394C903F3754C5E4F4921EAABAB704A8F,673215
tire/test/good/rgb/019.png,082553BAD60212E36E156C4537991E01C6E3320A83C135C5FCDD05B18865FC67,677249
tire/test/good/rgb/020.png,33471D102636AEAC3ACEB3DB101BA8CECB24389EDA7CE9C8D70F9EE6C91AB69C,674728
tire/test/good/rgb/021.png,982F5882EC59ACB252168014B4065200107D1CD1B0833924C15C795160E85437,672103
tire/test/good/rgb/022.png,E38E50C6D0D1FAC3B9CBD70A4BA0F50B7A8DB471B25FC3824A616659C4D9E71A,673721
tire/test/good/rgb/023.png,8DCE5D715BB1281A0DA18BC20B9D26D811EF25A33153B2AF62DC062C85D732D2,678162
tire/test/good/rgb/024.png,F5BBA2EB514E97C4FF931278C889F27F8EFC9C875315027082CFA47B9FE90523,676341
tire/test/good/xyz/000.tiff,BAC9846E64A7A7E9A097D8D364F0E41732C47EC318C3F55398DA13D576347F50,5770270
tire/test/good/xyz/001.tiff,9BEBE65D469105026EA4CFADDF845D3D1E2EB975DCF91FDFC3BFFABF4B6643AD,5770406
tire/test/good/xyz/002.tiff,B3C3471272AF3DEC4857C9BF8BF48E3DFE6F7EFB6E4F3D0E8C84D78CF1735471,5770296
tire/test/good/xyz/003.tiff,E03FB31954C2068775ED99BACA3573D005A30601FCB08A43BE6ECF6DBC2AB80D,5772222
tire/test/good/xyz/004.tiff,E6F78435BA4291C6EDFE80A9BA69164B56FC2ED285233365449BA6A67018813D,5772362
tire/test/good/xyz/005.tiff,E7B4DF73BB8821B3F4C75450AB14530BDDA63BB791B14548F05E1704CF5F023A,5772234
tire/test/good/xyz/006.tiff,4C990CB3010412714B9AFBC99F38901C2A2FF160B53E4A96F6834EE7A85CC905,5772034
tire/test/good/xyz/007.tiff,AE47EDC8D063FC03ACEE7FC6E17BD774A82C156FDD80F2924534B53EB1AC01AC,5772334
tire/test/good/xyz/008.tiff,3A827757B1D8FF2723771F121C8771FB628D225E9D516A239A162F6075E78E5D,5772000
tire/test/good/xyz/009.tiff,29EAEEB16C6314A20CC00D1D1D2D391CE3B3B87A2B42306E2524B3092A4E696A,5772080
tire/test/good/xyz/010.tiff,0C190C7CDC385FEE8908A6FCCCBDC97A690BA942956B42BA9AAA085BBE552A56,5772108
tire/test/good/xyz/011.tiff,42471723D972D57A6ADA92313CBE93E058E782E4E5D8EA4F58735CC08E41B708,5771786
tire/test/good/xyz/012.tiff,84AC10F64164B5D0A6E2A855D5C712FE2F5A530C586CC46F44612615E145C27A,5771836
tire/test/good/xyz/013.tiff,052FAA22DAC29A40C0CFEE8C86AE26D31C75135A8636F45D0A27DA3B2EAB4CCA,5772414
tire/test/good/xyz/014.tiff,6FF2C81DE9E32CE1228C9943E770A95D09EC69510A188EDD51E21B39AFA9D681,5772526
tire/test/good/xyz/015.tiff,C65CC7C301217CDA8C4BF21496D664C995B0EC1B40E8C1395EF20A5232D1F2BD,5772240
tire/test/good/xyz/016.tiff,252C1261654B2C825F0475D32AAF4606AB19524763DCCE47297FFE2ED880F2CA,5772584
tire/test/good/xyz/017.tiff,4EBAE16DCBCC16ECABFD76C0775E370F3081A0CE15358FC4D2E25A60EF5FCA7F,5772450
tire/test/good/xyz/018.tiff,D7AEA2803365F711DD091742D73C2D709B4882C98EF862A3E4D0ED82CB18496A,5772986
tire/test/good/xyz/019.tiff,5CF9A11F1361D177CB13A0E5B9A04F3AA0C6AB6937240B56DB79021E470E447B,5772246
tire/test/good/xyz/020.tiff,D84968D14AD0892F43A33D3AE0EF68EF606A4CDC333FCA9177B745F498F669A1,5772152
tire/test/good/xyz/021.tiff,F58930646C65D6F05169E4DD483210A29FF03D1E12BBACDE59F26FFD2C0B2A8F,5772920
tire/test/good/xyz/022.tiff,640CBE0FA45C1D595C331EBADCB681A8CB475B576B0097CF1B869F4F9C3BACAD,5772952
tire/test/good/xyz/023.tiff,B8A4F647D818FC872429CF5E9419FEE125A7670613733242EBDFAE8149867BCA,5772496
tire/test/good/xyz/024.tiff,41750D9376701E4F183AAA300279851E29FB1BC30930617BDBC83068A8C686B2,5772014
tire/test/hole/gt/000.png,E5DAB0F67B804A7F07E4B005864C57FCBCA715DDB9469C307FF27005504B29FB,776
tire/test/hole/gt/001.png,2F2C6499E5D80C141B2DA23A122C2E81E598167701393AFDB54828DCDBB64902,862
tire/test/hole/gt/002.png,D50E8992765C5A471CFD44F0DCDF6B61A9C06D4F1B76F14BB916C7D6B2D7340B,774
tire/test/hole/gt/003.png,4BF18445BDC897EAC19EB8843B345C4A1D43C3635DC0523C17CD3AACE0327BB5,819
tire/test/hole/gt/004.png,DA88C3E952B4A0914006485B1203F98DBFE3F54B738596B930FC28C0DB79590F,812
tire/test/hole/gt/005.png,2ABFC41E993945A9C7D849E66663EE7499216E6578EBBC12E87C3591F8D49D2E,891
tire/test/hole/gt/006.png,CF4EF00FEA5C5E026AA18D24080FE3274C53A2A6318FBEDC55EB3BF404504091,895
tire/test/hole/gt/007.png,44DD5934F8695AAE23FCEFC8203160B0086773105CF879218E1A9232BF85F649,833
tire/test/hole/gt/008.png,FE152B829E3D72C8DC8C4C92D8459F30BB19063930382B94D4974681697C40DB,1002
tire/test/hole/gt/009.png,0EAD4B0DBF3576C9F0999F731FF8EB2609D22B1CDA77AAE9770B85B53D444FA1,956
tire/test/hole/gt/010.png,381D6A8BB1663D736228F97CD4676C178E8A2B96E775B67491E67672FCF6ABE2,978
tire/test/hole/gt/011.png,6A296558E0DA9C915D54FD92D79368CABB0FD8BB4592B26532F1798A21A30AF2,762
tire/test/hole/gt/012.png,E76F6A036D872F4770C5392AD62F2C2B0BC9EB50373139E1FF5ECFF86FD9B06B,806
tire/test/hole/gt/013.png,00AB5401BFC06811CF2B45DD669B8602EDB36349D3C9A0CB6FC22149DCAFDCE5,767
tire/test/hole/gt/014.png,FD4BEE14305E5FA8639E23C5505A0C0764856E2DBD7D5C01208BE45DDDC2114A,740
tire/test/hole/gt/015.png,B1EF5A90D7EFF3B1557CA10FF87C3A5C091F4EB3949C8F08E5340EE2A50102E6,804
tire/test/hole/gt/016.png,A7A78E8CEFEDBF408C1EF2657476C78D2DE34B2E444051567996FFE71D6C5396,945
tire/test/hole/gt/017.png,D4BBDBC9DC43CA155B1EA86026B769132DC569E76C2304161F224DE0607080C5,994
tire/test/hole/gt/018.png,EB40F27D808F18CCD7F67982EE5809DA4BBFA75617ECFBDA3CBDB682F3779B54,1065
tire/test/hole/gt/019.png,26D1050D64A67229875DE5BBD6E9892F9A0D6352811FAAF0E499A4F3880431AA,774
tire/test/hole/gt/020.png,ED5BD1F4FEC747D4C6C0FC47DBE62396FAC1D2D81422ACB68DA66C5630044AF1,756
tire/test/hole/gt/021.png,0C17E1CD6EA53669037DD720391E0FCDD3286B6AF8100CB28FE7CC4393C766B4,902
tire/test/hole/gt/022.png,371BF046E3F8CF7668F5662568CFB07A51DCD947061D90EAAFE3E428246C4F0A,804
tire/test/hole/gt/023.png,F280F4A556998E03E17F065884022E8CE34CF6E023CE0EB447F5D6F095827702,946
tire/test/hole/gt/024.png,0F2528E523FD490C70D90ADDF378DA9E097C4D3BBEB0655216D9F1F8EA7A567A,1075
tire/test/hole/gt/025.png,3794FF7D093E1D00185D44A0157EED0FF90582C8638A79F1D250BE28F863069D,780
tire/test/hole/gt/026.png,3DB6CA0C6445DC5CD15EF7BDA1D3AB42C953EB73E4E04E6E7A780E6C333C8532,816
tire/test/hole/rgb/000.png,0C990082C2D8CDFF8249BBF7A18F628624D0EDE74C6DF31F6CED1835F405889A,672270
tire/test/hole/rgb/001.png,7094766C74CA5C76849ECE3D01A7285089F156393721E84ABB4CE393475DEBCD,677808
tire/test/hole/rgb/002.png,804DEDE27A618AB681C26671B73AC0B34CAE1E42819CF75EE7DE3D4EAEF5E89A,674076
tire/test/hole/rgb/003.png,9BA966EFCB9012FF22AF729D09FC5055F0C44D86A6FA998160224516920EC814,678880
tire/test/hole/rgb/004.png,123BEAF95E3C5E316D8371C6180D74253189E6FE9985EFE00C6E47325AA61699,679251
tire/test/hole/rgb/005.png,7517B6E05CE73DB08CB0269E2A59EE981B2A03C8EC71D71B89ED65EA1F366C37,675334
tire/test/hole/rgb/006.png,039E46DFEC863382D43E0A1A7C7B80333D7F29B4D77A42E2DD6E0714E036919E,679555
tire/test/hole/rgb/007.png,C8EC80330F791E8E92F01F9D262B4A42B88BBE77EA971599648AB53E1DF82807,681934
tire/test/hole/rgb/008.png,AF54E1E2DE571EC7451913877F66D712716CE30203F7ED62EEA4FD8DBA661055,675138
tire/test/hole/rgb/009.png,856CB4D402CEF8033DBDA7CD7621AA56F9B1927E2688486DE4BDB01EBB7CA12D,679949
tire/test/hole/rgb/010.png,5970156C8686E4746F3536BDCD81B629E91C71F2388088F690089864CABC92F3,681351
tire/test/hole/rgb/011.png,2E1F46E2CEAFDB02780C92BE0813AE2F9A28D054D57813E3F6BE7B760911923C,680085
tire/test/hole/rgb/012.png,F050C2B297B273D6BA3CC293AC8767BABF7AEF23B58DD5EA4B35B8FA749A97CA,667530
tire/test/hole/rgb/013.png,200415DC150435EB8CFA25983D55F823E28CDD54A72030BD7DC64543B5A015AD,676590
tire/test/hole/rgb/014.png,92ED44CC59B7EB841A5BDCEE5CD804145706D7CB2C6AE8C03A5C81F4420DBDEE,678159
tire/test/hole/rgb/015.png,BC1650E83B3A91CF5200A933C9A2AB970514501D2C51237FE3680167776A1A9E,671275
tire/test/hole/rgb/016.png,36484D8A243FCB552925EC49DF365956799EAF181E0F657274E7586938199F87,671651
tire/test/hole/rgb/017.png,EA18C1DA480467034017AAAE8D86EBC5FE073129A1033D250D8BD406E5087388,676094
tire/test/hole/rgb/018.png,ACFDD28DDC279E847540ADD894CF693031A5316F0C5A210FC785E5C2ECBD97CB,669961
tire/test/hole/rgb/019.png,393CF673C6366379B9380B01F5ED0463BCC1DB8530A95B33641A072D968EFCF3,673254
tire/test/hole/rgb/020.png,1745085E631C59A5F770508CB8F1658AF465C58462DCF9C6DA1E37BE8733F35E,671685
tire/test/hole/rgb/021.png,5CABFA90D4D4C315314DAB18D8B2837592886542FF5AC9245A81C24DE51F8ED1,676075
tire/test/hole/rgb/022.png,2F81422496F075C481917C2BA47C2CAFCDAA0D159FE1A9CAF86E8FC32D009B6A,672925
tire/test/hole/rgb/023.png,5AF89ADA9F67238A9FA5D68AF234F3B3139AF2F0E934F0A90DC2049CC2A64CDC,677042
tire/test/hole/rgb/024.png,54BBC622BC5CA1A2A01061C8096D27792096FD5387CCD693600174F0B08303E9,670695
tire/test/hole/rgb/025.png,D30EFE80D502E0E60BCA675059773A06B21EA0068590C91C601DB4AD76824B52,676012
tire/test/hole/rgb/026.png,CFB08BC39F0A987CFECC2D7E81D441CEC608CF16189853C3F36A425C69C560B5,674448
tire/test/hole/xyz/000.tiff,74B0E9E129927FE1FC01F83A5CFD3FEB04FC65A4B2F77095F4BC9887AE8BCA68,5770586
tire/test/hole/xyz/001.tiff,C9A34AC57844CE9C93D51B87343303862D47250DC88B6E5BACB0B82B91D53A28,5770596
tire/test/hole/xyz/002.tiff,4C1631B109D3D3F9864BD522BCCA1DA4D4BF364747FB31F0069A3DA00ED10723,5770756
tire/test/hole/xyz/003.tiff,8F64A906EE2F2BC572552FF6953E8340196E3BF9F4CD63E61545FB8BF494FC71,5772050
tire/test/hole/xyz/004.tiff,5402816DABA840428502326ACC4F59C8B8AA0AEB3FA12D5015422EA9D7079C7D,5772064
tire/test/hole/xyz/005.tiff,85D6831AB51F3C77602B20DE0AC4A27D68225FBC0A53D8DA002E8FB5C059D8D1,5772274
tire/test/hole/xyz/006.tiff,CA9EA507CBF14A7F4919986BED79BD8081DA9379BDFEB83A248DA34080D3E719,5772384
tire/test/hole/xyz/007.tiff,AF54E32DAC5120C3D898125227E2D77D8DD2B3F8F20A9DE2647782CF6A5A3782,5773110
tire/test/hole/xyz/008.tiff,A2F2613C1D88394FA8BD7F9619CDB46D1752DB4FC9CE8E123A68BB02D75D25C7,5772074
tire/test/hole/xyz/009.tiff,3C87794F654FD6756868C27D99C9914A1689025BE8896676CE3BB04448D7CB45,5772890
tire/test/hole/xyz/010.tiff,008B8F52379452BDC3F577496B9D655CD4D2EEE544340B182AB0E8A85B7FB569,5772904
tire/test/hole/xyz/011.tiff,9B4D0CDABA81B5E400DA2F1E55DEA7C8859134ED5AF0CF5D365FDEE592C0B241,5772204
tire/test/hole/xyz/012.tiff,20D114B95D69477FDAD01A1CFCCB649830C6241964C86C79B840DB1754DCA633,5771528
tire/test/hole/xyz/013.tiff,D257E5D9545B8D8C66CF3538CEFC33FA46AA918C0D1A0B76626AAA8C9C231E50,5771644
tire/test/hole/xyz/014.tiff,419260C730127D9ECD42431DDCF12B1D81708EDDBE327BC2120F6C366E85B334,5771884
tire/test/hole/xyz/015.tiff,BDD9580F3F039DDA693F72BAE7B71D0F6E94361D3D18788A59E37F195E469D93,5772260
tire/test/hole/xyz/016.tiff,8AC2D0FF8F345613E27F1B47100F5D9676F6A78DB1D7C63BDCA1F21C83F0154A,5771958
tire/test/hole/xyz/017.tiff,54D015D62921AA5F995B3EBEDC0095A3C284D0E42452C7459CC80EAC5460FD06,5772076
tire/test/hole/xyz/018.tiff,707F0311676773F5A302F2ED64735230CE0C43F87C4A36F4FD52AB86467BA822,5772162
tire/test/hole/xyz/019.tiff,63F9EA45CDCD7D81893B4895434CAA397F784FC1C3351CA701A0F72E4C696A93,5771544
tire/test/hole/xyz/020.tiff,019D00B1AA67F09765E08B24ED328D3CE1515F83AD3288C18A9389032C0F2277,5771476
tire/test/hole/xyz/021.tiff,95DCA87AEA049DD9E18665BD5605BCAE13D2F45AAD5CCF22DD239A036D7CC724,5772448
tire/test/hole/xyz/022.tiff,59E15F817F96A4285AC8287846E5B677FCAB90407E981F246CDC3EFBFE21575E,5772292
tire/test/hole/xyz/023.tiff,F17DEED90300D5278BCCEBA066119E43A34F10304CDFD9C7B50FB5B3A7F1BAC0,5772730
tire/test/hole/xyz/024.tiff,2B0308C170FEADC8C1789BBC44FC7FE6BCB77A74F02605B129F66417ADCE2757,5772124
tire/test/hole/xyz/025.tiff,C62D0752B0299EC6E1851A4169F153B8197EDE1B926241AC3B3B4084AE2C74D4,5772216
tire/test/hole/xyz/026.tiff,B78C5ABB9B1EAFBBFD85547D81ECFA30B911CF86A2B6E25E63B8EAF23FCBAD08,5772272
tire/train/good/rgb/000.png,F6BA4F293EDF3460F43AEA388525F6E048A62EE4E6504922233AD57683EA0DC0,685831
tire/train/good/rgb/001.png,A388D4CE02A03F4C2036E9A9DB9A543EE68D165525150253C116F63891B5F4D5,683489
tire/train/good/rgb/002.png,FD66A4C6C0D2505B21FCE75849D38EE4E9D61A5646FE908D8B0B3EE6637BB3BA,685224
tire/train/good/rgb/003.png,70E22596A6DE33932CBFDAB03A7FC4263AF545292AFC97631F4E9B7B91331526,686427
tire/train/good/rgb/004.png,756386A7E24CEC9B0F3CA34C495A32ED1357F89071C9082763C1FCCE823B69C2,685714
tire/train/good/rgb/005.png,7B6C8BFF3A00D26C57C640CE7EE5262794ECA5C94E4387BC6236862BC1C899F0,685700
tire/train/good/rgb/006.png,EBE7E85B3770544FB576A8FE960AC833CB5B8E46623B8041877EBF5AF99B73A0,687410
tire/train/good/rgb/007.png,AC1D08CD0D1E5A84FE5DDBC7A5AAA8128F978D9B0BD9F47B388745DCAC534D15,686119
tire/train/good/rgb/008.png,24C7135AD91D7FEF9E5C05217682BC8870D9D13A078F0A819E0466BA00E7D9A9,683596
tire/train/good/rgb/009.png,7A0B6A4FCF07C9F850AB70EE6B970611C5762995D90C2C0BC0278FDE07BEC844,682647
tire/train/good/rgb/010.png,6CFC7C6F6722D571853DBDDB0AF04B3CE7135181A20F8D68E7B8C24127961B72,688084
tire/train/good/rgb/011.png,A4A600C5F885D2DC70EFEC5B4CA4750DA9B83065E4C010473C688558F1657751,687356
tire/train/good/rgb/012.png,4212AE5664F17DF5C2DE8137382F6A5522A472661669025B4222CA20E3F1FA0A,685786
tire/train/good/rgb/013.png,D3AE40A3FD6E49664758E2BE7F61439350D6ECB0DD8A6969CE1DB6ABDFBBE7BE,685095
tire/train/good/rgb/014.png,FADFFD5544AAE8B968E92663B709943C4A8BA554A4597710F7727EB46E45A626,684691
tire/train/good/rgb/015.png,65E005B9A50C3096E04182096676802C2F6394884BB18F53D3F2821EDA820530,685835
tire/train/good/rgb/016.png,02CE33F474917001F7F76F47A621C84C537EC77E6D4A2FB829A41FFE10C70112,688074
tire/train/good/rgb/017.png,EFA2535EC616CFD5313E4FB888ADB5BD89256D0F734610E653D7194CE51B9272,688472
tire/train/good/rgb/018.png,52048B5F644B1685CB11D67D047C41EB5D68CC28E691610DC64F1991577463AB,685161
tire/train/good/rgb/019.png,5DCBFD7AA3C23C93B17FC516C713CEA9D7CECB85EF068CA5A68E7EC8AD015253,685750
tire/train/good/rgb/020.png,58A02F98ABA7B1552193385605405EA7AC3ABB9030E001B7FE8AE88885FB10FF,688429
tire/train/good/rgb/021.png,B3DD9759B7244743A2E406B650F60918151F7A1FB3F0E4194EC19B630347914B,690586
tire/train/good/rgb/022.png,35EFE18664B1B22F62923E8CEE1565B6A3FF2B27FBA240D13B013F60A8C3B5D5,687867
tire/train/good/rgb/023.png,FB18EF674E91600DCE5E905F27A55D5A3D87CFB402933E2FDB5B572AED373730,686100
tire/train/good/rgb/024.png,7E46E0F7F49747920194ABF143691775BD3A35F561378AC8FDFC42B1EF010097,684716
tire/train/good/rgb/025.png,EEBDD1C6B5670CF7C940F2BF03C761BD9189D477A3558004D5EAA95BBE817B2C,683692
tire/train/good/rgb/026.png,266ECAECD2F68FCCB9904BE4D80ABABF4628067C3D2E26B3EB82CB17D5F979CA,684681
tire/train/good/rgb/027.png,5D9F340FA81E3E1B8A97261B736203B9334B1FBC69D6A6FF5F16D1125D68729A,687038
tire/train/good/rgb/028.png,982BBB152B3DBD7851E6E5257366BE17FB62FDB26DAD4E2AFD457DDE9487878C,688505
tire/train/good/rgb/029.png,1EA0324BD708868FD6A9B80CDC94A55AB3AF9B29C89F65CCB688E85A36E38365,684865
tire/train/good/rgb/030.png,09FA4FE81CE5B6D685F21C0C8FA7F03CCAB9D4FE21871A00AE9E4655891F614F,684195
tire/train/good/rgb/031.png,7EA53ED8E5BFEF18380B8A44B680D967C0EDCD0DB49A5C4865C9A873CEED6BF3,688107
tire/train/good/rgb/032.png,18C42AB0ECFCE32276923982B6CEA5E7B29729201D3676C22C6207B80BAB6B86,686723
tire/train/good/rgb/033.png,A274F75EFE83A6C1084776964E275AFE4A7773F52527DE5D880CE40212267878,683956
tire/train/good/rgb/034.png,EE83AD4F92557570368BD363D44E74FC8773D138FD9566E15B51A6A16722BDAB,684221
tire/train/good/rgb/035.png,B72085AA950AC0EFB2CF065F76267542D693965D4A84CFC8B8BA418552BEA1FA,684135
tire/train/good/rgb/036.png,D7B21152B3C148680269EA15548AE612E2A593391944D86FD83BDBE121932344,684101
tire/train/good/rgb/037.png,3E9A15C3CF01E4A1E24A62C334433EB00B4C5684750260410553890FFE6DD301,686338
tire/train/good/rgb/038.png,BCBCF209F445AF53CDFC966EBEF199C6CC8A0A1D54F78584013A413717796A40,683440
tire/train/good/rgb/039.png,BC54B5782922283043AAFD6577AAD3DB328A18B6E0984271EB07F065EF9747D8,688671
tire/train/good/rgb/040.png,75A1C099A82D26296B4427C4E6290D943FC98FB5894AB6EB0903C9E5B6DBF3C1,688775
tire/train/good/rgb/041.png,36B3471864A608CB7C56D6D0A6160201F41121D9626CB87DFF883DFE804784E4,685914
tire/train/good/rgb/042.png,527601905A5A67116BE1FF7D1489CB7866D0B80214CB6FAF09EC49EA7712F94E,685786
tire/train/good/rgb/043.png,A65B4D55BD0683964EA4D04C2D2A548AF8DC980F22DE6A1C0156FF2D64A79437,683148
tire/train/good/rgb/044.png,26CD8375076F4BA5D80FB591835B6C7CB1B40049D109D0BA75B263246CFCEA1A,684524
tire/train/good/rgb/045.png,3DCB9A3A533F79DA3869DDD41D934BFBDE84AED4C04D5376218FDE2043E36E13,687207
tire/train/good/rgb/046.png,197EC03BCD790B24A9F6475654A6D7E76C921367D571C0CDD257B93A04821E1E,689598
tire/train/good/rgb/047.png,CEF71A6F83B626ADB070470CADF40FC487A0D7BFEDB6F46BFC0AF836E406CCE5,690535
tire/train/good/rgb/048.png,0922D1C533226AB0C3F5A176F38F5E50B3D4A8324A6EF061E4D3BAFE9628BA6B,685213
tire/train/good/rgb/049.png,312CAEE38426A800516A18BBDC3639289C942E963500A1BE69F295F8FB37FDB6,680757
tire/train/good/rgb/050.png,1CF86A5B32024FF505DD2EFF0C6323228366976984CF3A06CDE2021FCE04BD4F,680058
tire/train/good/rgb/051.png,D774054C7A6F85A691D1BA1FBE0CDAED757FB60BF06EE8BAA450735045082100,683499
tire/train/good/rgb/052.png,ADA8EFFCAE5196A07F5B0BABEB389923EFC03ABCE9F39D6A57079EB203588B3C,685306
tire/train/good/rgb/053.png,1AB04BB59585B42059DD31D2C71C6260D6A31B38C14DC07477D20232F30185BF,688836
tire/train/good/rgb/054.png,1631958A879E0FC0D97AE6CFB13A29F85E6E05297C523298228A0ADD1B27975A,688026
tire/train/good/rgb/055.png,3D30CDE16FA250CC25FA962F11DC900A21CD9541C1A46AA2D4A408B35AF91007,689466
tire/train/good/rgb/056.png,BC0AB325FB0A581F785740B1D3C3D52F6D3FDDF7414FB9DAF1BD5EAA84E349EE,689282
tire/train/good/rgb/057.png,3A350CFAC33F4BDCD9D01DACA4971A96D0F39FD97D38D2BB1C0349C1B7697B4C,689415
tire/train/good/rgb/058.png,2DBE03FE2E3776B635733F74527D867F0FEF1E030D820C5C1BFC00995D9CAD87,683870
tire/train/good/rgb/059.png,5E836949EE2B9856A2D7E08479542F7AB5D6ABE11BD5110C5B97C0451D1BDCA5,682783
tire/train/good/rgb/060.png,255E12835F079B515E77993F4560254C263BA2BC194C56D86D2744E6D6A01945,682005
tire/train/good/rgb/061.png,6D8412FE32391027B089207DF89875632985D964876ECF6E0BFABD08CCF8DBE9,683521
tire/train/good/rgb/062.png,2F06B05D9F384F5D0B038925862F7D44E78A935AFB76939E61CE07F11E82722D,684973
tire/train/good/rgb/063.png,8241E1FEE4059250CF796C6A1ED0CB3F8539FDA70FD243BC20D86E73EEABB2F2,686024
tire/train/good/rgb/064.png,62BDA94211F476F24DFDEC688F515721C7504299DB01696263267D7C1D814D73,684898
tire/train/good/rgb/065.png,98FE947DB49D21DAB77A0E3845E252EF5469459E743A6CABBD59A669AB15D9B7,681367
tire/train/good/rgb/066.png,D76170073B589417B6E4C70E122B003EE52236A8279C0F19D00262F0DDE4CFF4,679301
tire/train/good/rgb/067.png,6A79C217F5103299582CE312E196FBEE31C504395AB0ECA8DD05C78465E7FC79,678794
tire/train/good/rgb/068.png,A3623A0F09F232235BCFF587B34F5D4763C1875EF197877E86C8AF9B5C8BE255,686436
tire/train/good/rgb/069.png,5724AAC478474BEB75BA7303B3F03743D6992E0D7E033FA5E632EFBC04EB6130,688189
tire/train/good/rgb/070.png,298F9C31E0FD9DAE4755DB965B3652FE9F4B1EC891EB8466244A734A8AD3A2AF,683655
tire/train/good/rgb/071.png,357B5075C94F8F16F662C5864FB07E662EC71D47E4377180D78F05A1B9F3B6B1,686739
tire/train/good/rgb/072.png,1408AD3681C1B00DD7C95648DBBABBF95D338481C2140076E89E4FE51A81F067,683435
tire/train/good/rgb/073.png,8DE2E3AAF4228E40BCC36A5027B45AF81E2296AC559A10A94EBFDC2B057F9FD9,681230
tire/train/good/rgb/074.png,F5D643C90008FC445AF6AF10F8A5D99B46307B015642270779DC5745CB1ACCF0,680726
tire/train/good/rgb/075.png,5CE5E03FB7EDD93F2FA95CF6A31544EF3DE0A764BA5C736B81552484EF4F5AE2,680177
tire/train/good/rgb/076.png,600ECD33CEE2C4A2006938229C72E89E53BB31C4385AB92F0426F84E2B89E5AE,680483
tire/train/good/rgb/077.png,76F01DE0A771A21D819FA188BF580D60B88E8D3485ACBA43E3115BDC078087D7,683592
tire/train/good/rgb/078.png,E43A94C717DA113770594CCCD3207D07B1510F11BCCF2563B043BFAD8F744DAF,682640
tire/train/good/rgb/079.png,757B8FE6BBE5BBE51A6FC17DEE8FD0CAB3607820C4E15C4B444140A4C2808A7A,682347
tire/train/good/rgb/080.png,3FC075ADF28F3747A8D02E48DF726E69CDCF0AFD3F7E781A35C9AD6FE3A3C783,685337
tire/train/good/rgb/081.png,84A5A9421FA4133FD028AAECC2F47BD60019A699367FFC17721C09046D6E4C41,680040
tire/train/good/rgb/082.png,189F5396299DCA0397D3403B08A703B7D7521AC61C5E5D9E10B64C02D624DD30,682390
tire/train/good/rgb/083.png,BA364D70B4730973F592A6666F40D10D361533015E035A8F46F72F1B9CD0D338,683191
tire/train/good/rgb/084.png,406CBBE1EB44B7064C05AFC3B99BC4B4DEDCAB9035B4795B7B888B5DBA701283,685469
tire/train/good/rgb/085.png,1FCED74383A654D66FBAF9C2EE7A50FD1DC5DD03BD363659B5B882D0ECFC314D,682906
tire/train/good/rgb/086.png,F3F080A8DCD550A5D7E1B8E82E7ED7BCDEFC68FD6BF1C32BC7F06DBEA149C2DA,685299
tire/train/good/rgb/087.png,08FFD6DFD916A0DDA4BBD51FA7210A1B58A7DC812EE3ADF788BD39982F43A3DA,683880
tire/train/good/rgb/088.png,9137DAFB1BC96D3DBE0CA66D28DF6E5B753332979AE96EA50A52CD36DE0F18A9,683139
tire/train/good/rgb/089.png,29A29F286F10DEAD1EA11CD400B52F4C7CBE98EFFE31F5935BE152566D662D98,681829
tire/train/good/rgb/090.png,A3F93C2FE923EF4EF07D4454A8D5918EAD054ADE163C046D06B69541B283688D,679458
tire/train/good/rgb/091.png,EBE063FDE444C6AF867160B49B874F7DF9CA1F35DD856233D3C161B39FECEF02,680945
tire/train/good/rgb/092.png,6E356537F8750D56339B6EC4EBBF5EE986CD2913D82ACAC86C595D9B2796452D,681972
tire/train/good/rgb/093.png,17372D9A22BEE5A7145D64A300E28FD0FBD252D4C5202A62A0F02720BA3F71F1,681790
tire/train/good/rgb/094.png,00A4733295D9F95C4BF8A95981654540C6A7586BED37D59CD9D66726D9BBA5EB,680652
tire/train/good/rgb/095.png,325BB27C171B793BFE57546B96C267E9276A8A31EF227990F70E251F6194C3E6,679475
tire/train/good/rgb/096.png,73338CAB4F025054C28D158390B7D69CA908806D9F60D97AE30C76B255F43FF9,676222
tire/train/good/rgb/097.png,A89CDE0003D086B4511ED9E5812F63EB61099868145D2F954B29DFC754BD2FE8,675252
tire/train/good/rgb/098.png,BD33B76E0EA5CB63285F21051717FAC205339C1ECC0A176363C1352457546CEA,674935
tire/train/good/rgb/099.png,C5675E1F3883C8BA57955C783984F01FF46B5B5798B4283CD398C4E55D7818B0,677205
tire/train/good/rgb/100.png,0DD991BBE3575F9B4311508C6508DD097EC9C41EAEC94F6ED82867BD5380826F,679201
tire/train/good/rgb/101.png,CAB9FCDB54CFCB9AF9BD0AF926DF04A48E2DE2254239DB9D1206281AA42DC386,680843
tire/train/good/rgb/102.png,FD316FD55B55DAB9655FE1356D8987B51D7B9302787DBE3418E58B66506195EA,682919
tire/train/good/rgb/103.png,7BBBAF06FD443973EC7CCD216FA79174F9FBD960CAD5566EBFDDBF6E42BC0B3D,681131
tire/train/good/rgb/104.png,55121EBE047C3EBC98D067412D5C8B2399343B82650F1A736A3DC2B5DDB0B5EB,683083
tire/train/good/rgb/105.png,A6280CD3111D327AF6684D5D12279760C6967DCDF8EFBAEBB6D830248912EE61,679696
tire/train/good/rgb/106.png,562C3260EFF6A3E3A6577660E56D4E3985BA492C6FB59B4B8357AD0F3057A623,682932
tire/train/good/rgb/107.png,94FAAB4112A003D3F2B1444019A932032508C6A4969B03B1CD875D53BA5F12AE,684009
tire/train/good/rgb/108.png,A3D3F8B90679CC48C1F11071AFD6D529F48D380BBAF770BBCF23D5B58A911D5C,682550
tire/train/good/rgb/109.png,2F78EE9471C3315A73CD57898FCDB52FE4910AFC0DC2F0882BA70F1B4B51C7E5,679108
tire/train/good/rgb/110.png,0C12B25230B1955A567CDBA5FFB0D0388C886006531CD7A7C11EC577D6E32096,679409
tire/train/good/rgb/111.png,330CA7B6975BB6390A798579F25723E638D154A48273B6FAEDC9B4EF2EF26D21,686750
tire/train/good/rgb/112.png,514C43EF7D0B39594FBE95E64172E3E3D9D71238DDBA7F627F93812AD390A682,686295
tire/train/good/rgb/113.png,C512EF5491B2DBDCC41DA2D670AC1D98DA64E700DDC09EC8C559D14780665490,685146
tire/train/good/rgb/114.png,5A44CE48527CFC07CCD751F982444E8845F73A6C9940F4EB37F8254DFE123E14,681819
tire/train/good/rgb/115.png,1C33303573683FF98428F3B167A475A6F31BDC0A0C2ED62EFBA76A10B1DA9099,682871
tire/train/good/rgb/116.png,CFEF287A8410F76B7CC212D2FEF8BF2DC79DE8894D8ECDE326428E48EDB7CC34,686090
tire/train/good/rgb/117.png,9602FDADE86CCDF94D752EA208089ECC51588FA0017B7A281885249186197920,685184
tire/train/good/rgb/118.png,09A7963BF3CDC2E9647844A4F4B995324821B36ACD17BFCFCEBD4610E57713FE,686319
tire/train/good/rgb/119.png,4DE9E67A88DB67F36495BB427E76A01E2A01B009CAE0E211F2079E2EA843EA5D,685365
tire/train/good/rgb/120.png,225AD7BDACFA5D941CCCC6164763550D769C105A74F2838567B519DE5407E7D5,684752
tire/train/good/rgb/121.png,68A6C22C4B0862E4E2EB7C44CC21270B470C1DF061040AA0B501541FD6095578,681023
tire/train/good/rgb/122.png,045BCA3F3387FC78B96B6A97161FFEA304E4153CE74BB1F2CD405D35FD7C61BE,681429
tire/train/good/rgb/123.png,7F7612890B25940B60B496C709FD8CEAD24617A672F3F65D118BF9747F6E037B,679147
tire/train/good/rgb/124.png,1450A4B6C6DD4E29F10545403D344DAE540782BC78C7DD30940DAD2B4DBFF6D7,681459
tire/train/good/rgb/125.png,FE2AC71CB62874CF4B5DF79D3D03E3168875A738BA5985EF417C072564CED3BA,679193
tire/train/good/rgb/126.png,67AA583FCAFCEB27470907B54C675DB317D4B72378D3D9238C5E151F76F8AE64,684946
tire/train/good/rgb/127.png,0C8AE0D1AB99E1C641901F302245F4FA213329310A3F1E96F34B9093072159BF,682270
tire/train/good/rgb/128.png,C86571331596F18CC1FB24BC88392F2C2BAA11B5F9211B7C9347044269B70FBE,679956
tire/train/good/rgb/129.png,7FAD77B13BC8B9CC16AFCE66D7DD1CC1B78B44164EC9C8B852BC6FFF69AED4A3,680167
tire/train/good/rgb/130.png,38D51EBB6BEB92F34AE67DFC66C1FFDB32DE4291B91D738B916C42A0E454082D,679797
tire/train/good/rgb/131.png,EBD6A7C6958655C20DDCE2970A839326FFCF9951CAB4D937FEC787A38556BC8F,683393
tire/train/good/rgb/132.png,F5F73B07AF9CC169BD9D55EF9CA6E61357800197952561E8BFD60F7A55A3412B,683242
tire/train/good/rgb/133.png,01E3E071095FFDD9F50A6FEA2CB5541B1270FDB0ED52D083299EB75489582FAD,685743
tire/train/good/rgb/134.png,4DE7678E993C2881CDBA3A9BB49FD60AFC041C74540B410E3C06B69949A7672B,683069
tire/train/good/rgb/135.png,54907FF1D4252A6FA31F11EDC6958933A878A9EE7553CFBBE97AC3618C60D2F9,684785
tire/train/good/rgb/136.png,760C6B764A2B57BDF7BD4E54048E3590BC5964FFC0AAC726559FB13F52F18E92,681450
tire/train/good/rgb/137.png,B55A62345AD8D29048386EBE1056F0B4471BA9F3A1009229718C90996FE5923A,683355
tire/train/good/rgb/138.png,CEEE20E70618FE25A7A3EBDD523E1AFF35634A1669E1C935E941B1464BB45069,688054
tire/train/good/rgb/139.png,58B4EA88E673626CFF2B9E58D7A65166C6E64E75D58F69CAF119C4817687E350,688201
tire/train/good/rgb/140.png,E1DD3D456D753A301BEB465B8F6D550E8F957863B4BEAC7F514E8039A397C6A8,684240
tire/train/good/rgb/141.png,3B9C09ED0767DC768279FF774E601EE81FECAB8F164631E873FA9F280E4A4B1B,683628
tire/train/good/rgb/142.png,18C219AAC9D2757536796CF7013CD2BE95E95B09EB8541EC7C7AD090876D5614,682381
tire/train/good/rgb/143.png,F65B35EE4213E47FA4293E2C3580DC9E6F6F4CAD321970E94B7A433C014A37C7,681126
tire/train/good/rgb/144.png,4A402A009FCD4A2FB011C46D2761349CB99A23902B4FD139545D5A3E8075A02E,679840
tire/train/good/rgb/145.png,DFFB61F793CCCD8BBB8953644F1D32A81EF11944CB21C1DEB652869BCA56246E,683084
tire/train/good/rgb/146.png,F89DB5E95B7BDF19965FDB64F2F130DE987BE164F8FBFB4C692178DECF5A8C3F,683435
tire/train/good/rgb/147.png,5360156E75BD056BA066B7E12209BA24428CEA15EDC899643F00CD6E4CCAD27A,677669
tire/train/good/rgb/148.png,116C55EE0F88686A3E97C6E818E9D2C6B27126F47954507AAFBF3F21D6A4CF90,680111
tire/train/good/rgb/149.png,34765F45D7EB59E179A2265DBE4565F67435CC8B6216F09C7DDBA87A7DDCD33B,681776
tire/train/good/rgb/150.png,1F619B87B7176C6BC377C9984CA4238CEE4AFE0BDAFB3F936F140FD30C7B6F75,680128
tire/train/good/rgb/151.png,037B109CB4462429A239C814B07418ECE327C422F265AAD5F316AF18F5283894,677820
tire/train/good/rgb/152.png,62D2D5EFFA0E74BECE1FD618C5E160BDD6E7609DF70DE464164BBB8D3C15944D,675707
tire/train/good/rgb/153.png,650618A41F7972C0970A1D6A45479879F4738E466A8F6EE4B2250F70EE8BDA8D,675475
tire/train/good/rgb/154.png,DC9641CEE5E85A9AA91E0D89484FAAFBC88101629BD83253380660FC52CA0FF4,673903
tire/train/good/rgb/155.png,57F576460033466F8DC4D4A2632376F4AE3E55432A400A7E91CD05972EB4F330,677634
tire/train/good/rgb/156.png,D78F1257BA440B1EE12DDEF964310779CEDCB1F92BA398F9FE91ED0F123A6239,675924
tire/train/good/rgb/157.png,94CEC326426D5FC8B1AEE800B4276565ACC1A830A697A0F7745796D2F1E267A8,691203
tire/train/good/rgb/158.png,2778739C1F07FAE4DB2D1657A16C55BCFCA14C3C05CD7BE5F38DFC3AA98C45FC,691190
tire/train/good/rgb/159.png,6D79934C790D240FD5E3873D3F57359655DFE4A9326C722D89847C2BC11C6926,692473
tire/train/good/rgb/160.png,A52FF25FCF7D19FBCC966B5DC14BE1A074C81C6A2C7C21E0FA94E0FB884AA36E,690360
tire/train/good/rgb/161.png,EEA23C74FABB293A488AF5F7BE2484A3A10F85B54BB648E8AB000F4B8CAD4306,690402
tire/train/good/rgb/162.png,955DD82806403BBFD386E7BEE8E875889E9AA97E486185EFB8EC5DA4445A1EB8,686794
tire/train/good/rgb/163.png,DB2CDC978131A3EE0C9DB787080AC6F6A0D0065829AAFBA786B107D333C0D8A8,686854
tire/train/good/rgb/164.png,7073A881C4E607962E542116E7DECF74C734CC0D68A826B8EB5134D9A89A2CB3,684701
tire/train/good/rgb/165.png,6DEBABAA6BEC506A0DF7645E2504E016C8F41C47823C598204A7C0D72E6831F1,682247
tire/train/good/rgb/166.png,399B2D5756F07850670AF84E61C3D390F9238DACBC37937FCE14155A23931DFA,686870
tire/train/good/rgb/167.png,497457FC47B5747C8AD4D48686408BBEEBCC9A8521518F6383D359CD406A2D08,688100
tire/train/good/rgb/168.png,59EF06A3E33A881CB381221F7DD25DB28093DA5E9A92FA01AB7BA4C3F08F238A,686219
tire/train/good/rgb/169.png,A8551553B0B76D04CBF2956480D7F8CFEC9EFF70D1E80A195AEA0A117243909F,685537
tire/train/good/rgb/170.png,218B784ECAFB3BFB4259E113D6B2EE05D2EE94EFD040256B70BF89B0400F4CCC,679951
tire/train/good/rgb/171.png,0A2EE043247E84E0BE90E647E108FBAA157949FA360BC0BE0F00E988057A1B52,681174
tire/train/good/rgb/172.png,5A7BE2CBE311A9FCF9A8AE83246430C2A9953B27EB5A3AA1D024349674FB31EB,680948
tire/train/good/rgb/173.png,0AF075E6A062ED10BE0CF9F5EC20BDE89BCF6CF6E7B15FE3C6F55AC41B2CB32B,681293
tire/train/good/rgb/174.png,D617F9E058CEC07C480532BE5A9183262012AD07E4BF702DE4BC742BF37D34AF,680693
tire/train/good/rgb/175.png,AF683B4FF4837EB0E63F36E00802420CF86F37A6BE5892029CEC102962407DB8,679230
tire/train/good/rgb/176.png,C22A92C52C41E682A252DB5AA35CD790185D9C65482D52CFE681C5D3D4442367,678258
tire/train/good/rgb/177.png,6532D82B97C4BB15130A5D52BF17CBCF7742B507DEEDF5496B92D5061A889E72,676881
tire/train/good/rgb/178.png,684F0D7820A02AD3A2A3BD9685E00C9AD241AB9FE2C300ADA65326CCD5B56B9D,676408
tire/train/good/rgb/179.png,C314572E1D07D4710902E003DC19135DA092CA5932D671019612FA644041D411,678392
tire/train/good/rgb/180.png,E9660FE302C4B47960264E6C6E079E44C5C94127DF72C6079E251535D732D1D6,684332
tire/train/good/rgb/181.png,9C7A4BD8A0A11F6BF9DC30F1EBCDF38565DB9A68AD1C11A0B4763C43FFE42906,686005
tire/train/good/rgb/182.png,3BB0A48DE031B8F27B0ED27825D35AD55974690F0FBE6EE3B3B28428CF7C58AD,686835
tire/train/good/rgb/183.png,5E2333F21C8B5B64B4D17340A84BBDDAF61DA040211FB1D4547136DA7651FCD1,688068
tire/train/good/rgb/184.png,B568299CF42828087ADB5B6D3C511443CFF9B8E9B4193A4C26CA1387B2346879,687104
tire/train/good/rgb/185.png,3C9AFE81E8548ECF49ABE2D020A23660C61F514A0D8911D30A5D051353B7B6F1,687107
tire/train/good/rgb/186.png,1BB8AF69A97396E21DE0F55E0601A9FACF1AB90626160836F7DA548EEB26A7D0,686654
tire/train/good/rgb/187.png,9392C5D55746E0FA136588D9369CD92DBA826A8B146E73D544C68C6FBC09F85B,685131
tire/train/good/rgb/188.png,E82ED4BF46AE32B5DF3DF9C331B956FB571594CAD28B04E47ADCB42254BA80EF,685429
tire/train/good/rgb/189.png,D0C7C4EA287537CA7D6CFF95570579254673B72D87ADFFC82E300FD96B81856B,682530
tire/train/good/rgb/190.png,C65DA1F63D3835C9CB3D1E26F77ABC53C45583756A8EBD75A211E846E7775268,685099
tire/train/good/rgb/191.png,EDE96F09D27129CCDEB2592CFD7E64DB9017457D68FA540ADFF96286F6E2ECD6,685594
tire/train/good/rgb/192.png,AD6D9660415D6A4BFA81C197884567CE03A78EAA907064CC728CBAE68FE3F4B7,682352
tire/train/good/rgb/193.png,C5390B57373BA9066F94F9859E221764405A9301BC5E65E52C8AEBA11015C72C,684115
tire/train/good/rgb/194.png,BA9209871A323CDA083128CFFE68C1F920F466BF3F695D2D6F62D5696D172C03,685527
tire/train/good/rgb/195.png,0E5368B72FFFFFB79937A1A12719697CFD0B8AF388B63D09F6BE486FAB970B38,684222
tire/train/good/rgb/196.png,018C9A45C09AA0A3B52625A6F4AE9FA00FE933B946C24DB679BCA963B72CF78E,682645
tire/train/good/rgb/197.png,5AEB1B6F5F0F094903CBEFC62870404A7022D308EE7F55384EC29A80AF157BF9,683086
tire/train/good/rgb/198.png,51EBD81D68C760129B6C5C8C276CF8DBCBE0BED1CE29FDFDB1B9833D955E8E9C,679030
tire/train/good/rgb/199.png,8A1C379025C43D12722898C5A4546E7FA86E725FFD46205E317906FF22153BA2,679780
tire/train/good/rgb/200.png,CA921D2C08D6C3083043151F4725C7994352EF66E7A23BD9FE5C44D4617EB411,686099
tire/train/good/rgb/201.png,36E7BE67B041AD81F0A9F5EA997CC02FC2EAD6071E947BC6A892BB361A2C3557,686890
tire/train/good/rgb/202.png,DDBE587EED025F60F436036481DDC2212979CF18DB0702AC501443872C132BEC,688201
tire/train/good/rgb/203.png,15BD8F0B18DF103696018923DEC931988A577CFD0777A4DCC83A73BE48F02EF3,686602
tire/train/good/rgb/204.png,55CD42911B18569D3560EBF2E95F08C3FDAB0CDAA7A9054254C50DCD5C8DE51C,685390
tire/train/good/rgb/205.png,1FFCC9072EEAD4A242AFC561F8C8EC1389D1DA58A813B8FD8A6E204FD68C27AB,683481
tire/train/good/rgb/206.png,35AA67F623B6D74AC811DA3A0D1873495586202A95276E980B3EA6F437E3A67E,684592
tire/train/good/rgb/207.png,F61A20C7FE7082DC28A1983F8D08757AFF8291CF61CB9697EE1481E24290F86F,684350
tire/train/good/rgb/208.png,DD9DDB7CA77BB7616425DF2AD22E60209AC1E3E3C3E4ABCCEEDDF8898867B5D2,683705
tire/train/good/rgb/209.png,B6E80E4A252BA6C6F4DA69E623AAD18D0683AE38535064E929EA2AA4C3F50CA8,683312
tire/train/good/xyz/000.tiff,CE816B91A9B1F9F197B39B68B3603100920747358BF34EBA0BD597908943D67B,5770688
tire/train/good/xyz/001.tiff,5FFB4497ED401B93D746E67DEAC60E2A5E9A92A198145DB3883CB0A5084D31A1,5770162
tire/train/good/xyz/002.tiff,48CA888033195945DE74782B7C93917A004932D1EECFB97A024D07FFC2818B7B,5770248
tire/train/good/xyz/003.tiff,33D849B09BDFB2FEB25E363B0575BDE1106ADB5E31F5017B047CE367CBC2727A,5772070
tire/train/good/xyz/004.tiff,095386A64FC14DAAB1F0C48BCA3596DEA5CE1B3E857E11063D17C4EF306F920E,5772172
tire/train/good/xyz/005.tiff,EC4AFCFF3905D2557F56F2041A852B75048BF8FAAAB68846B88F31175171DB72,5772168
tire/train/good/xyz/006.tiff,CABBA8BA1F5BD276F0BB831D08BA01074D8A496A77D9E074D637054451633540,5772054
tire/train/good/xyz/007.tiff,3F5F410A183CA265F76386CE609B3FFBBF5679BE9E199AEE38FF00C51F3835B2,5772102
tire/train/good/xyz/008.tiff,8ABEFA66A033FEAFDED7A0D964E59AAC9D15FCA9C3BD433527D400536E817119,5771996
tire/train/good/xyz/009.tiff,94ADB5EAE04BCC43D1DA917333A1EAB0C8592F358DCE915EFF712AD3488210D1,5772212
tire/train/good/xyz/010.tiff,C9CE5C1A2C0BD0B1F387FD5D2F1C016EB321203C5E7F68890238D682972DEFAC,5772222
tire/train/good/xyz/011.tiff,5C888ACBCD07F43D20E33CAEC954C540FDB2E48F375421CA86CD1DB75A3B7860,5771696
tire/train/good/xyz/012.tiff,1B64D534519EF5AE93AC762957E9006CD5E320B413C390A7F6F34A45A7133437,5771546
tire/train/good/xyz/013.tiff,FC1FC0400F70707354743E29673B833DC20E8BA3809B2080DAAF99A25A99C139,5772214
tire/train/good/xyz/014.tiff,8B07B3E7D910CB3393B62A87FAA12A348D8D6DC9C138DFBB4C32085CE5B2E3A5,5772034
tire/train/good/xyz/015.tiff,4F9857A35BEB105E657D887C8D8D4E2941DEE8ED1FCDD32B2CC37E6959EC6910,5771744
tire/train/good/xyz/016.tiff,4FA08500B6C138E8195796241449B4DD7167C4F1CED7770B4D9F353BF0C09DD6,5771400
tire/train/good/xyz/017.tiff,EBA0FD63D531347E89F0CE683ED90C3B0B532F2ABF9C8A131991EFE1C59B73B8,5771374
tire/train/good/xyz/018.tiff,1E833DCE73C84D7A75A29B943B1427E3C75EFBAB4B9FE4654B21BF16EE8D8D0E,5771800
tire/train/good/xyz/019.tiff,6B36B319BEBBAD39B2FB3F5F2E7FC440060352DCD96E25398F74812B28CB0BD1,5771972
tire/train/good/xyz/020.tiff,86A7F0E0A0DA5C243003BA8D7D7F52B48F24C13C1141E3B7FE45E4114467C6E6,5772204
tire/train/good/xyz/021.tiff,DB2FDCC08E9C96B2EC3504FEF97DD66D1090A15CB78285E923B1ABCD19CFBB30,5772544
tire/train/good/xyz/022.tiff,A252B44002785764305791F7F2EE5FAA983251B69008084171DA9730D8CCAB8C,5772380
tire/train/good/xyz/023.tiff,E190A52F6224DC3A28214831AA5B9C05FCBADE385898A12C659461FBEC4AFFC4,5772486
tire/train/good/xyz/024.tiff,F8613DA13D5BDCAC98EAFC5B184BDF232D2C7E8431FD9A35516F86ABC0AD8AC5,5771902
tire/train/good/xyz/025.tiff,1E12EA083D9BB7EA949778D8C58C68CE0C9733E03D8B8F8883B8E7F273BA9C4A,5772332
tire/train/good/xyz/026.tiff,890434E13112C25FCCF00327710C140390A93571C137D2FEF126388C75C443CA,5772392
tire/train/good/xyz/027.tiff,5DB854FE635780AF189ED4AFD2F27F72685A8701AD6A47FBD88B1D2B55C941CD,5772466
tire/train/good/xyz/028.tiff,439B8F72C93E6B4C99D3B48E9FF322CE97324050306817A28D923DA543661F5B,5772244
tire/train/good/xyz/029.tiff,4FBC0868ED37CD5D07AE2C14300317DF4297F7253AFCC17D382B6080AFA7F47F,5771994
tire/train/good/xyz/030.tiff,372B1C232D08E2D40717AE458CED17BE0F282B69C9D2CCE342A8628B776300D7,5772234
tire/train/good/xyz/031.tiff,DD7FAD22C5CE937AB67159C73D3C2296FA435E82C7E89AB2CF1A07CD348D24F6,5771942
tire/train/good/xyz/032.tiff,AB24E3E32F0A8FA62F72B78F499BF3755AF89A70E234E39091F3A71D9C63DA58,5771804
tire/train/good/xyz/033.tiff,48BA2CEF392081590B95C0D9A60802F4C0936E6528FDE0E5BCE3B7B6D9BE5F24,5772048
tire/train/good/xyz/034.tiff,1AEA72FFD58E05C4510B65641FBA72AC7820D7714656A3D43C8BD30CA3D26347,5772180
tire/train/good/xyz/035.tiff,E86C8345F02708F9E50A0BD7AF43E840DEEDCF06A08DE8C7A27E628F39972F06,5772076
tire/train/good/xyz/036.tiff,AA31FFA13BC358AF8DC70CFE41D5A60AD77ECCED3773FDD852EDE2785BB0933F,5771512
tire/train/good/xyz/037.tiff,81AA9C08464E546ABC5FCA665DE68D018FAA38CDB417D8EEF3544AE5AD646F59,5771714
tire/train/good/xyz/038.tiff,4F07AB2CD283DDFA2FFFC3B4187A1AD65F6A26AB916C7A00FDB873FE9A5172A1,5772040
tire/train/good/xyz/039.tiff,D189AD34687F3453B206A2CAD0F79E22180F02940A5DCC68EEBD1065D81C7711,5772248
tire/train/good/xyz/040.tiff,526730CB9C7D191E6563DFC783336E96BCEC259D3890CB41CFDC195848455BD9,5772028
tire/train/good/xyz/041.tiff,9B051F96E8689F778EC8A44C5CD34889715810EC0B81CB3B30078C6B69869AC7,5772024
tire/train/good/xyz/042.tiff,A9C3FD99F4F0299B4847C01DC9A12D8EC69D3F87A6475C8983E0D0A9C2161AF5,5772168
tire/train/good/xyz/043.tiff,CB831DB1499D5094AD59561BD3FDB8EDF06671600446C6364826395892B306D3,5772270
tire/train/good/xyz/044.tiff,646067A07FCB6BB491EA199E3FD752C3B81055485E0170C8991A6BDFFAC2CE63,5772824
tire/train/good/xyz/045.tiff,9304603166DB073342A461F40081FDDA63AE16BC9C1E3FD1FE676EA18BB276A6,5772992
tire/train/good/xyz/046.tiff,0C6C0DF037B4D9F3F5E05568C6727942B65BE2AAEF8A287C5A3B3F81336EB20B,5773478
tire/train/good/xyz/047.tiff,9510F3E567AAA7F27C15559484E6E9CF5E110405D4C66B3694DA4853E09C2312,5772522
tire/train/good/xyz/048.tiff,73370AB864A2BD546F1F5203A5978A96A0AB71D24F781476F1435AD16EFD9672,5772410
tire/train/good/xyz/049.tiff,0992505D9A3A2876A429AF2CE56FB39992D7BAD8172922E83D9D26C9E6259B93,5772300
tire/train/good/xyz/050.tiff,EF56557B4EC08008D751CFC8F94DFEAE8277E5997E8A98C4BCE53CB5489816DD,5772180
tire/train/good/xyz/051.tiff,EEBC9D48C70D9178107FFFFEC60E24F2BB74167D75D7D0D1DA7FA4621BD95CD1,5772058
tire/train/good/xyz/052.tiff,22D60973AA91864B11F10267DC8BB1A66794405D46C78E7E839DEB9248D0CB2F,5772018
tire/train/good/xyz/053.tiff,05489A0B08275FF80F2F6D2BD47D3971463E99C1A8F1DA978A60697ECAEEDC16,5771870
tire/train/good/xyz/054.tiff,8457A29993C106227D277F2E7C3114BE4C798C2644C313AF0F85C341FB8B3E5C,5772284
tire/train/good/xyz/055.tiff,EF628B8BA5A657E49B59CF0D7E3C41642AD3BF841087ED90C1CDF04D43E6A481,5772386
tire/train/good/xyz/056.tiff,9BC635C9EFC1DA64FBB88281936B585E45E4E394928D7F9C05624ACED001F675,5771934
tire/train/good/xyz/057.tiff,33D34CA36D94CCA03F91083E9766B448F2C6E4D1DB707B94BBB301AE5EADA04E,5771796
tire/train/good/xyz/058.tiff,2E2851FC9269DF79BF39469B78D4036F873A38403C34C81ECEFA8A74220B0E8E,5771740
tire/train/good/xyz/059.tiff,D6C9A1F84C1B8DB8C82A14C7E78216992B44A4D358F60F8DF20C0D304F477F50,5771818
tire/train/good/xyz/060.tiff,AD84E1467EE34D7786694B93B0F33DEB497E22336469B71D94289E2480D8E0F9,5772244
tire/train/good/xyz/061.tiff,C88E23B50E2C8E6BDEC7068FF8578F2CA4A3B6386AE30C5171EE6F3273C5D7F6,5772164
tire/train/good/xyz/062.tiff,0E068D94FF992C711D04B9A00AB8D077147FDF2076DF4A1571CFBBA92D6A0390,5771678
tire/train/good/xyz/063.tiff,0401CECD0A05B8F7270D05B63CDA79CFB859B539878B500F0D6589B1AB2032C5,5771710
tire/train/good/xyz/064.tiff,0670339C96EC20303B2812ED88173C5F0F83087C67712DE0677F1C9C560B97D2,5771540
tire/train/good/xyz/065.tiff,6786AD9C89185D394FDCF2A1387740CE39D2E1AB91D295C9E91DD67555D2338E,5771892
tire/train/good/xyz/066.tiff,A72705EE9CCCE3039B838C81F840BA3AC0FBB99FF89C791447BE770432088784,5771602
tire/train/good/xyz/067.tiff,0691734B6C8B12E816F1968A54EA2C19B234302DAB623F22C9FE48D227A41EE4,5771900
tire/train/good/xyz/068.tiff,AEB9B6FD9BBF1892386233A37E9FDFE984B94040A2230E94F042B7BF04B47AAE,5772572
tire/train/good/xyz/069.tiff,0856A401FEFC0F1B9BE8051A804C66A4FF7A9C86A71C7D920E36659285006069,5772066
tire/train/good/xyz/070.tiff,0C659BACC01FFC194E2B256405AF82E55DA3E0EBFAB6B2D317E0073A8BB30979,5771882
tire/train/good/xyz/071.tiff,B097360ABC359B001868D04866A9EF09C02076576B2421B20DBA16346ABC4634,5772318
tire/train/good/xyz/072.tiff,43D2660185E676145CE4ABED2E9427AE3541232B2B5422871495912C923AEB73,5772580
tire/train/good/xyz/073.tiff,B873D72F06E4C1393364F371AFEB5CE8ED3F7065C046973F7F5032F467D749FE,5772646
tire/train/good/xyz/074.tiff,2958FBFD98B1DF8759754D610D8D785DC752336DACAC35EB97AF43ED0A4CE9FC,5772604
tire/train/good/xyz/075.tiff,B9E02E0620CB307E34D619B31AC9F02DBAF627B3B48940C377A518E817B8ABC9,5772394
tire/train/good/xyz/076.tiff,F719EFC777851E62AA1F4CC651CB0FF22173A66ACD53E66C764447F30B544B3B,5771884
tire/train/good/xyz/077.tiff,B33B5AC369FEBE6B494E37FE2EA61F93AFBB0B87F284D2A05BEBCC6D964B4CAD,5771948
tire/train/good/xyz/078.tiff,CFFF1EBD96136C7708107037B0BE0A42F3C329355B56FD282E5D4A35D8A16E0A,5772164
tire/train/good/xyz/079.tiff,46434A560F7C61AA57A199BBFFEEDE400813606C6A20F3D3B1E5DD0EF8C54793,5772376
tire/train/good/xyz/080.tiff,5093ADCE7873C46A814135AE2F60D7FD2FC88BD92D5A8A7D74ABFF0F02F4BAC4,5772386
tire/train/good/xyz/081.tiff,1A804A6CDF05B5D8BDB77CDB7E541DD4F5FD37415087E02496EE7C63B6DC021C,5772434
tire/train/good/xyz/082.tiff,3AA76F613FC9B5F1C82D1D94D837C0D9BA5A7FA528A80A9B9F49DC674CD1B949,5772376
tire/train/good/xyz/083.tiff,E2ADFF32A019CA7AB9D47B4CEAB62BF437BB3DF22D2751860FE893993CE9A468,5771838
tire/train/good/xyz/084.tiff,F7CB60D05363FED48F7405BEDA5FBA6CCB81DB562ABDBCAFBB54DD1EA32E4F34,5771998
tire/train/good/xyz/085.tiff,6FF1524444D75A3F87C933F70F66E5A85EE3E800EBF36525B6F32689B1A57B1D,5772274
tire/train/good/xyz/086.tiff,8DBBA519DF300AB324BCD1926A00B513ACE16C2AC6A7178FC83AAAFB359F8387,5772114
tire/train/good/xyz/087.tiff,EB7015834422C82353C88232A64EDA14CD16701EC35C257B3F6B51DFEB61CC82,5772018
tire/train/good/xyz/088.tiff,3969C2F6A71A6C47327204126283300DBFBCE0AC89320AA25A21004A39ABFD39,5771894
tire/train/good/xyz/089.tiff,66F15883281E747F70F0597C2127F2EDA3C7C0B22C9FFF56E472D80D99BA2D54,5772132
tire/train/good/xyz/090.tiff,205C4AAB2756B53067B5529F34F6BBE1C17987BBBD07756F750C8957222B03C0,5772356
tire/train/good/xyz/091.tiff,CD56762DD1CF32C64DC83389206B7C45B3E1C59401E4D8DA3926AA67E49CC877,5771516
tire/train/good/xyz/092.tiff,5CE3C866AFA707A223AB3120868208C7F6F8E778747E2BB6DF123C2AD2816E75,5772238
tire/train/good/xyz/093.tiff,080B4594340EFB9C7834BA9288E691A47BC0B564E74DFFC475EEEBA70831AF5A,5772248
tire/train/good/xyz/094.tiff,80D7C9E04A12B866EA11C26EB7D8E2E34AF32B2312387BFAFCE11A82D4F9EB2E,5772000
tire/train/good/xyz/095.tiff,CA00673F67C2C0C09ADEF3DB3FE8E71809768395CF8D3EF4FD2BBEBD05AD1083,5771596
tire/train/good/xyz/096.tiff,C7BE8BBED119954A86765265F0B4D88820AC1BA61E1147BA72B1CA061321B693,5771502
tire/train/good/xyz/097.tiff,F83B9B2BE8CA8BA1DEA5C0E86C3E11CDD50EBDE541F8A263D5795BEDC1C42332,5771624
tire/train/good/xyz/098.tiff,ED48E25F1751EA7644882FC8F5E38393931FE64265E39B5519338861200DAF3C,5771834
tire/train/good/xyz/099.tiff,2C89987E2417100A47DD71682884B68328B48F7ECCC6C789FC41389F1F59935E,5771414
tire/train/good/xyz/100.tiff,35D7CC2F16A2CD14E88F605FC927CEB56ADB574F9AC9A36BBE3BA73728224164,5771566
tire/train/good/xyz/101.tiff,4C833CC939CE772D509AAFEF667AD8A93FDC5C92FF81B58689A75A9B0CF419D4,5772164
tire/train/good/xyz/102.tiff,A4FFA9B9ECD318188E1A5536FEF8DACBFB996BEC184BC75EFDED34A39FEB7D7C,5772028
tire/train/good/xyz/103.tiff,5CA8000DC072BC2252B5DA64D838B62ECED5C0384750DA8046B7BBA19EFC37D6,5772530
tire/train/good/xyz/104.tiff,7AC83BB2E5907EC13CD137471B62CAC32F52AE9E9E2CCFD1428C554F0A48950C,5771846
tire/train/good/xyz/105.tiff,EA870A9D9217CAE71C8D9DA9B9419981725EC9B46CC418F4D81ED73ABC552CB2,5772832
tire/train/good/xyz/106.tiff,1651C06D1A3AAA9689F6A96EA48098B88627437F32D7A66B4F696D0679C150AE,5772098
tire/train/good/xyz/107.tiff,37074D8541350473E3475F5700235556A84F1110CABEC18D56EDE237B1D7C558,5771688
tire/train/good/xyz/108.tiff,55A7DF5EFEB2BE61889C31B82D668FB1189972833880F8ADD7AA9B35125556CD,5771704
tire/train/good/xyz/109.tiff,77406A8E4F1F44060F424F9C50E2494978CE553CBC2F228569C7F44BEA444BA5,5771370
tire/train/good/xyz/110.tiff,241F1754FE26E8D76D7B877F305BF5959C31474285654C4D8E0B5F3D62CEE45B,5771414
tire/train/good/xyz/111.tiff,C48328BB383A713AD223B4657FE46FEB7A335006B4631129591173F3FF55D26E,5772416
tire/train/good/xyz/112.tiff,9602493DA438A673BEF96D24D2BA56167E899D231EFC4A81A1B4E5676EC95DED,5772494
tire/train/good/xyz/113.tiff,899A88E37737022A7BFC0CB391768F74629000BD69491F9DF53871E673A10C78,5772182
tire/train/good/xyz/114.tiff,531B364FB016632A60F30CB613662F8339D433431588609B860857871F317DAD,5772856
tire/train/good/xyz/115.tiff,217235CF22B858E2B9DFC0610E6554CBA2032D528569BD7F566E64AD28670E5B,5772084
tire/train/good/xyz/116.tiff,C4A4DB846F745031E16D801BD27B8B6483C925D4166731B25E558EF345DC2559,5772436
tire/train/good/xyz/117.tiff,CF4AD52CCA6F44991D99E84888BE81209A49E0C595DFA629E50B03EBA55F1CDA,5772234
tire/train/good/xyz/118.tiff,BF906C91F0BB1CCEF6E6FFEE28434B7E3E22E398C51012538C1E7386AF0481CB,5772176
tire/train/good/xyz/119.tiff,BB6377BC9719D63E8BF4725AE0848D9857A40B5007DFCB61808BDC01AB3C38E2,5772628
tire/train/good/xyz/120.tiff,15B82EE308DE1FF1C37D19BF4EDFB3C449E77366E2030486D93D8EA2460DDE16,5772528
tire/train/good/xyz/121.tiff,108ABA28BF92EBE4A88C384A2E0A84629F375547E10FCF6C131715496AE98307,5772494
tire/train/good/xyz/122.tiff,1EFC63F84EB33A4422E89C9E2FC45EECE5AAC99B6FF7DCC8E1EAD463BFFE4B6C,5771610
tire/train/good/xyz/123.tiff,EA8715306CEFD27642A85B99C3E2671BC82E3AF83F206A7C0B867B34334A0C02,5771802
tire/train/good/xyz/124.tiff,D0E861E79669E37A1DC69BF492DC1FB8FCD9BB9CD57A3E1E3AF379272B79E928,5771682
tire/train/good/xyz/125.tiff,BEB84CCCFCAEFD731A1B83C918307E2D5A337943D1E9426F73540DA32BA0BE70,5772336
tire/train/good/xyz/126.tiff,A9002169829D0B70387F4FE17934959DEFD566E702D7672E788A9654E82F2246,5772098
tire/train/good/xyz/127.tiff,C8590F56660C34F4AA21CF3E55FA8B8B76951F47AACC83393E0973DC3A100FF5,5771586
tire/train/good/xyz/128.tiff,1E72BE5AF6E3B83B8A16D03B7AEDA40C140EDC52044B6EB1E6BD6346392A1F7B,5771528
tire/train/good/xyz/129.tiff,363AA8C8E0DB1DE038FA7023AFCB24A2BD6DEF0D061FED67CF161B405628717C,5771882
tire/train/good/xyz/130.tiff,09930791BDA9073CEA96980293995BED9215D63BB229E6AF3548027F9EBDDD61,5771872
tire/train/good/xyz/131.tiff,29A0FED0B4B643250FFAABE96C728147E1B1ED67F5AE225C1F957B34E8E632ED,5771568
tire/train/good/xyz/132.tiff,375ECC3B727C58B73D70EA34784204C733DBC62FCA43DAB7E2AB942D268AB3D7,5771844
tire/train/good/xyz/133.tiff,1D8DF696FC8C9AA69E4D5141D50C443AB90A37DDB43DA22046C94AFE68F135FF,5771814
tire/train/good/xyz/134.tiff,1B4302EA52BD1DC3034238EE68AD97D88F57D1F2BE5173C670AB4275004A39DE,5772202
tire/train/good/xyz/135.tiff,6DC55F416D09A395E19F741CFC8391F2F6B952C94FE693E5D5A0EC0369808B50,5772208
tire/train/good/xyz/136.tiff,556A77F4F12C0DE09E07F8F45EF0359F1678B392A8159F748AB70B53D2D84D48,5772250
tire/train/good/xyz/137.tiff,D84DA43A3C714384D4E79616DB2C1A5386F11663963DC4AC951D5B4D3771BB23,5772910
tire/train/good/xyz/138.tiff,5DD75C2CE44DED54565EDCB44A62D02A8D57F895C73D3482DD8B60AD0EDF43E8,5772822
tire/train/good/xyz/139.tiff,8796157DA79FF30E1A86D1F5ED1FBC66490DB889189AD51DF41D4A91A77C43B5,5772808
tire/train/good/xyz/140.tiff,C3B33D28156039001E529E7BDADBA23890FD26BFD10793942FDFAD5BADB402A7,5772924
tire/train/good/xyz/141.tiff,DDDFF2215C4245B38F23159DCA9ECE1BA215E990431F3114737B551794A38646,5772566
tire/train/good/xyz/142.tiff,75D57DEF0E8794FC1BA2A0A4F1A2FF6AA40E537AD3EA4B26FED21524F2584BC5,5772218
tire/train/good/xyz/143.tiff,2FFAB9EE4571686EEE353680911760BD7222E33EA2B614F11FD3688C33F12401,5772208
tire/train/good/xyz/144.tiff,20CCFE3212CE4C7C257AA6ADB106F76BC318C11101B9AB835675597E0A913CB7,5772302
tire/train/good/xyz/145.tiff,9201FEB4C1F4FB4A671B6EF437C10A19C024FD98E62DE136EEC41C8775FA9331,5772220
tire/train/good/xyz/146.tiff,D4593449C7A9C45F3E86BAD5B3F1103A0C684D1911FEBFFC23B74CFA38821DC4,5772384
tire/train/good/xyz/147.tiff,532100E6BE38BE61D4EBBC6F5A833D1FE7BE043447E6BA43CC4CE70A65AD52AF,5771978
tire/train/good/xyz/148.tiff,0C1206F87BAAD485D2AC065543545A0FB223A6FFB886DF47C2497ED307FFEE21,5771842
tire/train/good/xyz/149.tiff,CBF58C838359883F86F1CA2D5B5742E923C063B3A1A3192BF008F83EC0A69599,5771604
tire/train/good/xyz/150.tiff,6D7D32F5EA7217F026343D8FD4CC10F52F9BBB4B01A7BFAD6AB0874A436330F7,5771572
tire/train/good/xyz/151.tiff,55153FF5D45F308CB59BE9FC830A90A3D2F2BBEB9837CDE4E8C0806B6DB570DA,5771568
tire/train/good/xyz/152.tiff,69B38F5BECCE7C0AFCA564EAF71C4A2BF1E7FA041F52504F00F5067EB7746E47,5771320
tire/train/good/xyz/153.tiff,034DB542DB366735FDC8BA3294B37C5D422969946A3907B207F05BDED5331E6D,5771854
tire/train/good/xyz/154.tiff,6FC329928EF3FBBD6FB9D4DFA813F68502F7888C8BA4B7DFCEE24FE8FCFB0F39,5772092
tire/train/good/xyz/155.tiff,D6A0C24A6F4B340D0747A9140E1C030FC812E47F77AA92A67E328148BA31BFA5,5771698
tire/train/good/xyz/156.tiff,F3C0D9F95CA33D676BAC0A32D85D8C4C4560BEFAAA88E89E6552931D4A64DB8E,5772046
tire/train/good/xyz/157.tiff,3180B8C499F91A7DA55B4BF19E9A9130CAE5223F452D2EE320340EEFCED92EA0,5772566
tire/train/good/xyz/158.tiff,12E1CA7AD57A6A2D8FE7CBF6B34F31242B8C1E52A9EFCC260C784E78BAD622E1,5772920
tire/train/good/xyz/159.tiff,8B0AD9874304526A190B1E2595C06ACB5A12BB267B59BED3EE278C61B1876EAF,5772900
tire/train/good/xyz/160.tiff,1D8327A3A71FB94E870A866B0B725BAF8A6DC253013BD2A79A566F8B14DEED15,5772958
tire/train/good/xyz/161.tiff,C090529E34DA41D399E51354B58D13C018F3008C3D245D691603D8F37FBEF657,5772490
tire/train/good/xyz/162.tiff,41BDAA80784E6C7258C71ADD69AEED73C8B321D5EC7FCC2E6FFD373111256BC1,5772186
tire/train/good/xyz/163.tiff,7F40638F1ECE95DB0772D9024E1088307A2D0CF5FE314E1BBD3DA452C1139A56,5771962
tire/train/good/xyz/164.tiff,2904EE5199701C491986B855FCF4F825F8E3E7538C3CDE87D9EABB5BA73C6D88,5771880
tire/train/good/xyz/165.tiff,74345EF107DC3614EEA2588C012B26178286CA786D50B1339471B82EBF46C295,5771394
tire/train/good/xyz/166.tiff,FCD3E8C24C31451718AC4E944339C6353F0EADD1AB6A993C9FEBCF0AFACFEC88,5771670
tire/train/good/xyz/167.tiff,E22895C5DA6D18F9DC7A9F81311CEF633855E02E92DA36E98991EA01DF583C07,5771644
tire/train/good/xyz/168.tiff,A768528DAC6887C26B1C4213E22775AE5A25F620CF196A237DFEDB60A4F62594,5771566
tire/train/good/xyz/169.tiff,03D0F20150CECB677295296CBA77CF9B6B57AEE3E5D58FA75F7547F0DE92679C,5771348
tire/train/good/xyz/170.tiff,5EAAE7C1208BA1519895972E59460E28FC6830675F6571CA0C5ACD9FD6C3F4F3,5771084
tire/train/good/xyz/171.tiff,A3157DCF3F33F5A4C87F7013ABE4F0333CF3F43B182ED672360D052C5ED4143B,5771446
tire/train/good/xyz/172.tiff,47465AF99840C1E9602DC3626C5FFDEA0DB6E19827F570D910A334A55F2E88F2,5771396
tire/train/good/xyz/173.tiff,EE4ED1D452EF921963E62717AF7535AB046C2B1112FACF3C129CD4907DCD2303,5771396
tire/train/good/xyz/174.tiff,C10278232725F894546FB7424A0FC2539CDA6F5438187F27E83965CE1EB27723,5771494
tire/train/good/xyz/175.tiff,E2E4352380C5EDFF321F56C46D74AE10B945D4262B72DE1898AC08691542B165,5771212
tire/train/good/xyz/176.tiff,5F6E10C0ADF0066A2A3A7D273314217AA90C1388ADA87CE6125EA7F5D1777BE8,5771454
tire/train/good/xyz/177.tiff,49500146FB7C11D59C89BD85D5D79B5CEE8890AD6138E6EBB87D78BCE755D1F9,5771400
tire/train/good/xyz/178.tiff,173D748F24460B4D79B9B9380A09D99B8F40B6F5E6B07CD2A3516A0FB83381EE,5771078
tire/train/good/xyz/179.tiff,2F8DF20CE78344F674B5CF0A53FAAB7ECFDE3B7AFCFEE80740BC91E55734C314,5771250
tire/train/good/xyz/180.tiff,68C7E1819EA6A467D5B23DA9A5FC4B94AF623655E3F1BDF826822D6CACA2D3CF,5771722
tire/train/good/xyz/181.tiff,571FDD80C68369A8FF7F128DC8D7C411A04AD6FD2D61A4F41FD29848B9EEF727,5771916
tire/train/good/xyz/182.tiff,06D9209BECE261822E8AC084B2DF817DB27E08AF67EC6376A46F9914F27DB248,5771696
tire/train/good/xyz/183.tiff,A7DEFC6599CE103E0D46037846700E95C41BE8B8F8936F7000AB1713805CCEEF,5771770
tire/train/good/xyz/184.tiff,C7EBB5FC36D74685449272D51CC570BB4ED2A069D2214A453E5CE32D763949CB,5772092
tire/train/good/xyz/185.tiff,A2310372C806CF404954AD55E0ED1B9C885F8F5BD280490EC87374A9136873DD,5772138
tire/train/good/xyz/186.tiff,FAB3B25A5EC2D5F7D7A89EF35E8C5F81EC50E1FA74B43089868CC61142B1C5EB,5771820
tire/train/good/xyz/187.tiff,04C7ACBDF4DCB64B75DDF72A770AE77EC99AB69F6A58A64BD59632DE19D4C35E,5771692
tire/train/good/xyz/188.tiff,EFD0DCDFFC0485FB2A38A8B21A9B66A301549B1FF10176FF7D0AC58901D7E1EB,5771276
tire/train/good/xyz/189.tiff,A531F6343E91D9AF47EE85A0FCCBA8EAE48CFDE4659AB54D041BB700E16E0FF5,5772222
tire/train/good/xyz/190.tiff,4742346C505D02AB60656856B4E04936418A6A94EA8C2C3E072110B7521629B4,5771692
tire/train/good/xyz/191.tiff,D9873852D7BEAA186CE0A35327078D074A4CC5DF5E446D987AF0FA11D4C02EF6,5771324
tire/train/good/xyz/192.tiff,3F865C2B2EAAF153B7B3387040C53582E3645F3CBF02457C568C2FE8079EB24A,5771738
tire/train/good/xyz/193.tiff,A22E42DA30A10332152714DDE399E9FAC195E190C6BC6F7511E3FC65275C0E86,5771488
tire/train/good/xyz/194.tiff,3316A7920FC2FAA1DFFF04D411E1E35F591F26874738718B3579304E822912D5,5771316
tire/train/good/xyz/195.tiff,A15439B6AA3550542CE3482DC1D127CACA16E1B6B73807792DD65DE75DB56ED2,5771406
tire/train/good/xyz/196.tiff,8034EEF2025988062C13442F6CE522ECA9E4F624CBBCAAE9B67A02AC7AB63756,5771442
tire/train/good/xyz/197.tiff,6E6E27227E1B94945CF0D593EF9F717598EAAEBC00312CA40AC42DBE3D1665C3,5771488
tire/train/good/xyz/198.tiff,BA63F6CB54A9FD060041AA9710C34B7974E45FF347E6D4C44A9FDD81C5CA3B12,5771274
tire/train/good/xyz/199.tiff,54ECC903C3658F7F14E9C6F5E84CFF780B8BD31527FA7EDC8210B99D6D8DCFD1,5771446
tire/train/good/xyz/200.tiff,EABDCCC95067197D5643E0C77B6854D90311089AA0FD69EE202BF1E465F64101,5771786
tire/train/good/xyz/201.tiff,171EBEC6C92492F8600DFC7CFEE32FD82EA780BD8AF32995ADFDBF5211648DEF,5771962
tire/train/good/xyz/202.tiff,B96765D3EA988AC4E5779FE954D72B7FF244626CCEA0183A4CD0750F90286C43,5771462
tire/train/good/xyz/203.tiff,508E8F024765A9F4BF35CC20CFA9428F21FDF2227DF5DF56196E82BCFF90EE10,5771434
tire/train/good/xyz/204.tiff,6AC8CF6C62CD0050131D570E2A520D9D3923BABB8840BD54698E4B2699C5F303,5771408
tire/train/good/xyz/205.tiff,A8A8484171F7EDA1A3382061031E49C69958949FC7ACBB0437187955601A88AD,5771580
tire/train/good/xyz/206.tiff,A02A3E9067C0B09AE482C6B715DCA1D24B11B4A1FF1A1E12089D31D196C70C6E,5771390
tire/train/good/xyz/207.tiff,39E12E258BEF1E67BC801D478280D7DF785EF086F4CC3AABE517FB5CB89E774D,5771300
tire/train/good/xyz/208.tiff,242BCC5F5FAE212924F2CB09D3CECC8286D6702C8FE471FEBF5FFB0CD7B48C8B,5771750
tire/train/good/xyz/209.tiff,0A2DD9E0DC8047432C52041E8CCA588498F891044F8B50AA1B10022916906C8B,5772424
tire/validation/good/rgb/000.png,17D57610250A2E09C79D8B6DF1BDD5D8171AC428EB72444A0A211977D112F121,679295
tire/validation/good/rgb/001.png,FCF1BFFA6DA14F25A2C47A823CA9A5038EE67D8682CAD075F03342DC1BADF9FE,682614
tire/validation/good/rgb/002.png,610643DAD0D2BF36A39B8754B778C6C996555CB33AEC32295969C6854234EDBC,680327
tire/validation/good/rgb/003.png,5426FA94349304860ACCD827877FEDA0CF3AA9697067B31E22B8848B76B982C7,680121
tire/validation/good/rgb/004.png,F3EBAA7513A0BB944FC10795164F3A78045EED7EF314689C4CB51F4712EEDF8F,680249
tire/validation/good/rgb/005.png,515A30EE0035BA018A888468A5D442101FE289E3918C6AD45505B4B5FFEA8639,677712
tire/validation/good/rgb/006.png,15B1A699E80E365CEF6CFB0B4776E49B469B3FE106DEFE7571729F78C72FFE57,681499
tire/validation/good/rgb/007.png,DB2113E041A2AB3B42CF31DE2657632E6EDEF7A4ECCC5E876B315C94EBBAE8A0,679212
tire/validation/good/rgb/008.png,9E42E92BCEF8E8C45CE23CC02163B872EE995762BD6294509B76578AA7BC080A,680486
tire/validation/good/rgb/009.png,A3DAC4A980F9E52F33D9C5A6AEF548471544B24032F47442A74BF955B617E397,678235
tire/validation/good/rgb/010.png,0C9F06DD5DBE19CA5542C8FE016DB99190C1BB89499CD2B3C1A1A311D36BABCC,678093
tire/validation/good/rgb/011.png,CEBE23CF70297E0F2D458C898E9F8DA7256553FCBED578C69F5049EF5EC67B1B,673780
tire/validation/good/rgb/012.png,DE20E6D57E1AF0E034CAE49A79DEA6838D163430C48C28BC8F451D4CAE0A6A52,675846
tire/validation/good/rgb/013.png,99ECC13C37B528B315855C47875C5AED1E45D0FACE9A344BAFF6BD6C4BD923DD,673127
tire/validation/good/rgb/014.png,F53AC2197CB0424A0FD43ECA910EAB09FF3E6BF4A2174E17E75CF43E57A01EB5,674035
tire/validation/good/rgb/015.png,05284D8C32854B666389C92DE956C5CECD3D32ACB985A8981A27F6ABCD3358C1,672568
tire/validation/good/rgb/016.png,58A2A77FCC790B323A00465F1331ED8FBD56CF9D48A96229FACDEA825BF59D55,672947
tire/validation/good/rgb/017.png,3973C415830B270EF7E00828ECB6FC1163C85D1121B0BE2B0C1C07BA69CBC718,674723
tire/validation/good/rgb/018.png,59312A7EABC2B8C55DCDF0FB985A4FD247035B596346EC88AE15E282A159D9BB,675885
tire/validation/good/rgb/019.png,A4D4F5523040D98309AE9A08C51622A4D734AB339FCF4A049B04C06527C569DB,675879
tire/validation/good/rgb/020.png,E0486FEB9D372F78852A47F124F4E5FEAFEFDCAA4E96F8370AC549078B8EB415,674673
tire/validation/good/rgb/021.png,5E65FBED13508D939AA71FADD846E890C9A86482D819DD4D8A2464F51F77CDB8,674306
tire/validation/good/rgb/022.png,AD0578FDF55532BEFDAD5568AA60D17CB178FEAECE774BCC76A1C54921867A7D,676883
tire/validation/good/rgb/023.png,06876C4D4D2913E99AA7F7BF763B4A0327D11274BC35609E51347F44F9A8CAAC,677680
tire/validation/good/rgb/024.png,9EB5F2D44A8470F0CA5A0FEB010B63123A55289E59E293EBB9EABD0237BCDFB4,679799
tire/validation/good/rgb/025.png,25EFB3CA9C494CE5A79BAF3FE52F2D9BAF689F401D1E9831326D0E5F6C333D51,679328
tire/validation/good/rgb/026.png,50FD07B25DA22C7FEF379E3F15D983A9FB1E4E3B00EFD0F07FC8AD3FF72FBB14,678818
tire/validation/good/rgb/027.png,543362A5B50604422AD0BE0466C44059B1191E5CE64AD95D3979A50C17507D99,679046
tire/validation/good/rgb/028.png,975F77D91A70A716484C4A8954BB47DBF3A43429EB8BCBA902A583909C242939,675660
tire/validation/good/xyz/000.tiff,0589A25BDC3B1CB51156C6BD108DCAB30AC5ACF14C27200E2FFF8E14DF57E1E6,5770684
tire/validation/good/xyz/001.tiff,8721115EE095923191FB505C42645C51E73BDBF452D220E57F9FEEE1BF0A87BC,5770498
tire/validation/good/xyz/002.tiff,F652FC0F92B313936A25E9A4331886101EAE2D2C9F74E9CDC43876979F23483A,5770652
tire/validation/good/xyz/003.tiff,9C461DA9EB1A0E59D9CA7DFCA4EFCBA9B93B909C66E150F90FDFCF613E05B929,5772014
tire/validation/good/xyz/004.tiff,84ECAF6436255C9A20975CE891A44B22E28D0C7E0DF7B918C9FBD747C82090B0,5771608
tire/validation/good/xyz/005.tiff,7A4827D513F7DC6F1253B14F58587A80F0D764CFCA3B045727B03AB7135B40ED,5772098
tire/validation/good/xyz/006.tiff,C24A69B210FAD9E24F0018813FA425C3F02008089C6082377E2096A577A0E58B,5771932
tire/validation/good/xyz/007.tiff,9F0AD592899316EED25805E0B2463C776D9DE31FA90B7A7221A8EF0C4F9B4FA8,5772122
tire/validation/good/xyz/008.tiff,EFAB7FECEA3EEC446F2455B5734E1E5363F4E5C8BF3AAE64BA25E1516CDECA5D,5772006
tire/validation/good/xyz/009.tiff,07E681FF23524ECD39F2A487A0B8ECDB3D7C5E4110DE3C7019845B50846AD39D,5771718
tire/validation/good/xyz/010.tiff,43303C460E2D40A6B70C7FB597B86998E8EA8AA3AB417576653CA782883417E0,5771482
tire/validation/good/xyz/011.tiff,827352F58CF273E65F51F99430A0F9AD6FF2065F341D7F10314024C1AE9B92BC,5771640
tire/validation/good/xyz/012.tiff,9FE8CC0AD08E2936853DC777C0161D472E915C1FC4CB8C4D63AF48325B513146,5771454
tire/validation/good/xyz/013.tiff,66543200FD9E9BADA9F33D56D1AF2D5EAD570A56769C71F94668EF4D149C6484,5771292
tire/validation/good/xyz/014.tiff,A1C6F37AE9F9C981D851E65F63EDFC6D1002A50340DEA5BD079DAF30C2E66DE3,5771494
tire/validation/good/xyz/015.tiff,CC7FCA0D45CC6CF12915A43A7182BFEDE1D2B6A7085F31DB4D124A85FD15C8EE,5771604
tire/validation/good/xyz/016.tiff,C1D4283DAB19A011C5276169B1B931BC441E9CB2BC33F8AA3FA0D55F046BCB6D,5771406
tire/validation/good/xyz/017.tiff,D4AAD44E5721D3020B926C1CB3FCB35267E9180765FE668D3DDA8867BEBCEDFE,5771500
tire/validation/good/xyz/018.tiff,608AF8411E4203297F1ED2F441617F6721DB13309DE4EFFEF3AB5454E00AEEFC,5771628
tire/validation/good/xyz/019.tiff,A9E3CCA64DF313CC1A5E9C67B36F71A10ABB01367E2A5A09D14C0E87C1FEA835,5771874
tire/validation/good/xyz/020.tiff,2B89B823511FA31E4C7D44E8A570A7B9192FDF53DDDD01FBE4BE464C75667C49,5772256
tire/validation/good/xyz/021.tiff,4DE2398DB6D914D1611F807A8C070011791DB1CAF715F0CC44B1E40060DAFA41,5771778
tire/validation/good/xyz/022.tiff,D7CD95C6A877A66B9176BD7413FD7A576BDAEEB66F905060C058A2349BA18C68,5771760
tire/validation/good/xyz/023.tiff,5EDD3DD8EF6832F85421F8AFC4780F847E126AFC6B08AEA8B58E8B45FCDD5CA0,5771870
tire/validation/good/xyz/024.tiff,4DBD00F32CF9B7B308BCC3E86B8CA0770CB0C8CC364797128F8831AA609D4414,5771922
tire/validation/good/xyz/025.tiff,16EA23C95F4BA7525FBECB018FFBE6A3FE75EAA92EE8B67F37953AED73B2138C,5772116
tire/validation/good/xyz/026.tiff,85D62FD2E7A4F567D5CEECBC35DE0553FFFB8CED5F1FFB9747262605A7FB9792,5771970
tire/validation/good/xyz/027.tiff,B6BBEF117663381631CD1F35050E7D907EC330429EC7FA3D9E92C9510ADE3039,5772152
tire/validation/good/xyz/028.tiff,E4481625F3B75EA6509AF90D9DDE13E20DBB44A57D647BD5056CBAE4424F80AC,5771818
