category,split,defect_type,sample_id,loaded_yes_no
bagel,train,good,000.png,yes
bagel,train,good,001.png,yes
bagel,train,good,002.png,yes
bagel,train,good,003.png,yes
bagel,train,good,004.png,yes
bagel,train,good,005.png,yes
bagel,train,good,006.png,yes
bagel,train,good,007.png,yes
bagel,train,good,008.png,yes
bagel,train,good,009.png,yes
bagel,train,good,010.png,yes
bagel,train,good,011.png,yes
bagel,train,good,012.png,yes
bagel,train,good,013.png,yes
bagel,train,good,014.png,yes
bagel,train,good,015.png,yes
bagel,train,good,016.png,yes
bagel,train,good,017.png,yes
bagel,train,good,018.png,yes
bagel,train,good,019.png,yes
bagel,train,good,020.png,yes
bagel,train,good,021.png,yes
bagel,train,good,022.png,yes
bagel,train,good,023.png,yes
bagel,train,good,024.png,yes
bagel,train,good,025.png,yes
bagel,train,good,026.png,yes
bagel,train,good,027.png,yes
bagel,train,good,028.png,yes
bagel,train,good,029.png,yes
bagel,train,good,030.png,yes
bagel,train,good,031.png,yes
bagel,train,good,032.png,yes
bagel,train,good,033.png,yes
bagel,train,good,034.png,yes
bagel,train,good,035.png,yes
bagel,train,good,036.png,yes
bagel,train,good,037.png,yes
bagel,train,good,038.png,yes
bagel,train,good,039.png,yes
bagel,train,good,040.png,yes
bagel,train,good,041.png,yes
bagel,train,good,042.png,yes
bagel,train,good,043.png,yes
bagel,train,good,044.png,yes
bagel,train,good,045.png,yes
bagel,train,good,046.png,yes
bagel,train,good,047.png,yes
bagel,train,good,048.png,yes
bagel,train,good,049.png,yes
bagel,train,good,050.png,yes
bagel,train,good,051.png,yes
bagel,train,good,052.png,yes
bagel,train,good,053.png,yes
bagel,train,good,054.png,yes
bagel,train,good,055.png,yes
bagel,train,good,056.png,yes
bagel,train,good,057.png,yes
bagel,train,good,058.png,yes
bagel,train,good,059.png,yes
bagel,train,good,060.png,yes
bagel,train,good,061.png,yes
bagel,train,good,062.png,yes
bagel,train,good,063.png,yes
bagel,train,good,064.png,yes
bagel,train,good,065.png,yes
bagel,train,good,066.png,yes
bagel,train,good,067.png,yes
bagel,train,good,068.png,yes
bagel,train,good,069.png,yes
bagel,train,good,070.png,yes
bagel,train,good,071.png,yes
bagel,train,good,072.png,yes
bagel,train,good,073.png,yes
bagel,train,good,074.png,yes
bagel,train,good,075.png,yes
bagel,train,good,076.png,yes
bagel,train,good,077.png,yes
bagel,train,good,078.png,yes
bagel,train,good,079.png,yes
bagel,train,good,080.png,yes
bagel,train,good,081.png,yes
bagel,train,good,082.png,yes
bagel,train,good,083.png,yes
bagel,train,good,084.png,yes
bagel,train,good,085.png,yes
bagel,train,good,086.png,yes
bagel,train,good,087.png,yes
bagel,train,good,088.png,yes
bagel,train,good,089.png,yes
bagel,train,good,090.png,yes
bagel,train,good,091.png,yes
bagel,train,good,092.png,yes
bagel,train,good,093.png,yes
bagel,train,good,094.png,yes
bagel,train,good,095.png,yes
bagel,train,good,096.png,yes
bagel,train,good,097.png,yes
bagel,train,good,098.png,yes
bagel,train,good,099.png,yes
bagel,train,good,100.png,yes
bagel,train,good,101.png,yes
bagel,train,good,102.png,yes
bagel,train,good,103.png,yes
bagel,train,good,104.png,yes
bagel,train,good,105.png,yes
bagel,train,good,106.png,yes
bagel,train,good,107.png,yes
bagel,train,good,108.png,yes
bagel,train,good,109.png,yes
bagel,train,good,110.png,yes
bagel,train,good,111.png,yes
bagel,train,good,112.png,yes
bagel,train,good,113.png,yes
bagel,train,good,114.png,yes
bagel,train,good,115.png,yes
bagel,train,good,116.png,yes
bagel,train,good,117.png,yes
bagel,train,good,118.png,yes
bagel,train,good,119.png,yes
bagel,train,good,120.png,yes
bagel,train,good,121.png,yes
bagel,train,good,122.png,yes
bagel,train,good,123.png,yes
bagel,train,good,124.png,yes
bagel,train,good,125.png,yes
bagel,train,good,126.png,yes
bagel,train,good,127.png,yes
bagel,train,good,128.png,yes
bagel,train,good,129.png,yes
bagel,train,good,130.png,yes
bagel,train,good,131.png,yes
bagel,train,good,132.png,yes
bagel,train,good,133.png,yes
bagel,train,good,134.png,yes
bagel,train,good,135.png,yes
bagel,train,good,136.png,yes
bagel,train,good,137.png,yes
bagel,train,good,138.png,yes
bagel,train,good,139.png,yes
bagel,train,good,140.png,yes
bagel,train,good,141.png,yes
bagel,train,good,142.png,yes
bagel,train,good,143.png,yes
bagel,train,good,144.png,yes
bagel,train,good,145.png,yes
bagel,train,good,146.png,yes
bagel,train,good,147.png,yes
bagel,train,good,148.png,yes
bagel,train,good,149.png,yes
bagel,train,good,150.png,yes
bagel,train,good,151.png,yes
bagel,train,good,152.png,yes
bagel,train,good,153.png,yes
bagel,train,good,154.png,yes
bagel,train,good,155.png,yes
bagel,train,good,156.png,yes
bagel,train,good,157.png,yes
bagel,train,good,158.png,yes
bagel,train,good,159.png,yes
bagel,train,good,160.png,yes
bagel,train,good,161.png,yes
bagel,train,good,162.png,yes
bagel,train,good,163.png,yes
bagel,train,good,164.png,yes
bagel,train,good,165.png,yes
bagel,train,good,166.png,yes
bagel,train,good,167.png,yes
bagel,train,good,168.png,yes
bagel,train,good,169.png,yes
bagel,train,good,170.png,yes
bagel,train,good,171.png,yes
bagel,train,good,172.png,yes
bagel,train,good,173.png,yes
bagel,train,good,174.png,yes
bagel,train,good,175.png,yes
bagel,train,good,176.png,yes
bagel,train,good,177.png,yes
bagel,train,good,178.png,yes
bagel,train,good,179.png,yes
bagel,train,good,180.png,yes
bagel,train,good,181.png,yes
bagel,train,good,182.png,yes
bagel,train,good,183.png,yes
bagel,train,good,184.png,yes
bagel,train,good,185.png,yes
bagel,train,good,186.png,yes
bagel,train,good,187.png,yes
bagel,train,good,188.png,yes
bagel,train,good,189.png,yes
bagel,train,good,190.png,yes
bagel,train,good,191.png,yes
bagel,train,good,192.png,yes
bagel,train,good,193.png,yes
bagel,train,good,194.png,yes
bagel,train,good,195.png,yes
bagel,train,good,196.png,yes
bagel,train,good,197.png,yes
bagel,train,good,198.png,yes
bagel,train,good,199.png,yes
bagel,train,good,200.png,yes
bagel,train,good,201.png,yes
bagel,train,good,202.png,yes
bagel,train,good,203.png,yes
bagel,train,good,204.png,yes
bagel,train,good,205.png,yes
bagel,train,good,206.png,yes
bagel,train,good,207.png,yes
bagel,train,good,208.png,yes
bagel,train,good,209.png,yes
bagel,train,good,210.png,yes
bagel,train,good,211.png,yes
bagel,train,good,212.png,yes
bagel,train,good,213.png,yes
bagel,train,good,214.png,yes
bagel,train,good,215.png,yes
bagel,train,good,216.png,yes
bagel,train,good,217.png,yes
bagel,train,good,218.png,yes
bagel,train,good,219.png,yes
bagel,train,good,220.png,yes
bagel,train,good,221.png,yes
bagel,train,good,222.png,yes
bagel,train,good,223.png,yes
bagel,train,good,224.png,yes
bagel,train,good,225.png,yes
bagel,train,good,226.png,yes
bagel,train,good,227.png,yes
bagel,train,good,228.png,yes
bagel,train,good,229.png,yes
bagel,train,good,230.png,yes
bagel,train,good,231.png,yes
bagel,train,good,232.png,yes
bagel,train,good,233.png,yes
bagel,train,good,234.png,yes
bagel,train,good,235.png,yes
bagel,train,good,236.png,yes
bagel,train,good,237.png,yes
bagel,train,good,238.png,yes
bagel,train,good,239.png,yes
bagel,train,good,240.png,yes
bagel,train,good,241.png,yes
bagel,train,good,242.png,yes
bagel,train,good,243.png,yes
bagel,test,good,000.png,yes
bagel,test,good,001.png,yes
bagel,test,good,002.png,yes
bagel,test,good,003.png,yes
bagel,test,good,004.png,yes
bagel,test,good,005.png,yes
bagel,test,good,006.png,yes
bagel,test,good,007.png,yes
bagel,test,good,008.png,yes
bagel,test,good,009.png,yes
bagel,test,good,010.png,yes
bagel,test,good,011.png,yes
bagel,test,good,012.png,yes
bagel,test,good,013.png,yes
bagel,test,good,014.png,yes
bagel,test,good,015.png,yes
bagel,test,good,016.png,yes
bagel,test,good,017.png,yes
bagel,test,good,018.png,yes
bagel,test,good,019.png,yes
bagel,test,good,020.png,yes
bagel,test,good,021.png,yes
bagel,test,contamination,000.png,yes
bagel,test,contamination,001.png,yes
bagel,test,contamination,002.png,yes
bagel,test,contamination,003.png,yes
bagel,test,contamination,004.png,yes
bagel,test,contamination,005.png,yes
bagel,test,contamination,006.png,yes
bagel,test,contamination,007.png,yes
bagel,test,contamination,008.png,yes
bagel,test,contamination,009.png,yes
bagel,test,contamination,010.png,yes
bagel,test,contamination,011.png,yes
bagel,test,contamination,012.png,yes
bagel,test,contamination,013.png,yes
bagel,test,contamination,014.png,yes
bagel,test,contamination,015.png,yes
bagel,test,contamination,016.png,yes
bagel,test,contamination,017.png,yes
bagel,test,contamination,018.png,yes
bagel,test,contamination,019.png,yes
bagel,test,contamination,020.png,yes
bagel,test,contamination,021.png,yes
bagel,test,combined,000.png,yes
bagel,test,combined,001.png,yes
bagel,test,combined,002.png,yes
bagel,test,combined,003.png,yes
bagel,test,combined,004.png,yes
bagel,test,combined,005.png,yes
bagel,test,combined,006.png,yes
bagel,test,combined,007.png,yes
bagel,test,combined,008.png,yes
bagel,test,combined,009.png,yes
bagel,test,combined,010.png,yes
bagel,test,combined,011.png,yes
bagel,test,combined,012.png,yes
bagel,test,combined,013.png,yes
bagel,test,combined,014.png,yes
bagel,test,combined,015.png,yes
bagel,test,combined,016.png,yes
bagel,test,combined,017.png,yes
bagel,test,combined,018.png,yes
bagel,test,combined,019.png,yes
bagel,test,combined,020.png,yes
bagel,test,combined,021.png,yes
bagel,test,combined,022.png,yes
bagel,test,hole,000.png,yes
bagel,test,hole,001.png,yes
bagel,test,hole,002.png,yes
bagel,test,hole,003.png,yes
bagel,test,hole,004.png,yes
bagel,test,hole,005.png,yes
bagel,test,hole,006.png,yes
bagel,test,hole,007.png,yes
bagel,test,hole,008.png,yes
bagel,test,hole,009.png,yes
bagel,test,hole,010.png,yes
bagel,test,hole,011.png,yes
bagel,test,hole,012.png,yes
bagel,test,hole,013.png,yes
bagel,test,hole,014.png,yes
bagel,test,hole,015.png,yes
bagel,test,hole,016.png,yes
bagel,test,hole,017.png,yes
bagel,test,hole,018.png,yes
bagel,test,hole,019.png,yes
bagel,test,hole,020.png,yes
bagel,test,crack,000.png,yes
bagel,test,crack,001.png,yes
bagel,test,crack,002.png,yes
bagel,test,crack,003.png,yes
bagel,test,crack,004.png,yes
bagel,test,crack,005.png,yes
bagel,test,crack,006.png,yes
bagel,test,crack,007.png,yes
bagel,test,crack,008.png,yes
bagel,test,crack,009.png,yes
bagel,test,crack,010.png,yes
bagel,test,crack,011.png,yes
bagel,test,crack,012.png,yes
bagel,test,crack,013.png,yes
bagel,test,crack,014.png,yes
bagel,test,crack,015.png,yes
bagel,test,crack,016.png,yes
bagel,test,crack,017.png,yes
bagel,test,crack,018.png,yes
bagel,test,crack,019.png,yes
bagel,test,crack,020.png,yes
bagel,test,crack,021.png,yes
cable_gland,train,good,000.png,yes
cable_gland,train,good,001.png,yes
cable_gland,train,good,002.png,yes
cable_gland,train,good,003.png,yes
cable_gland,train,good,004.png,yes
cable_gland,train,good,005.png,yes
cable_gland,train,good,006.png,yes
cable_gland,train,good,007.png,yes
cable_gland,train,good,008.png,yes
cable_gland,train,good,009.png,yes
cable_gland,train,good,010.png,yes
cable_gland,train,good,011.png,yes
cable_gland,train,good,012.png,yes
cable_gland,train,good,013.png,yes
cable_gland,train,good,014.png,yes
cable_gland,train,good,015.png,yes
cable_gland,train,good,016.png,yes
cable_gland,train,good,017.png,yes
cable_gland,train,good,018.png,yes
cable_gland,train,good,019.png,yes
cable_gland,train,good,020.png,yes
cable_gland,train,good,021.png,yes
cable_gland,train,good,022.png,yes
cable_gland,train,good,023.png,yes
cable_gland,train,good,024.png,yes
cable_gland,train,good,025.png,yes
cable_gland,train,good,026.png,yes
cable_gland,train,good,027.png,yes
cable_gland,train,good,028.png,yes
cable_gland,train,good,029.png,yes
cable_gland,train,good,030.png,yes
cable_gland,train,good,031.png,yes
cable_gland,train,good,032.png,yes
cable_gland,train,good,033.png,yes
cable_gland,train,good,034.png,yes
cable_gland,train,good,035.png,yes
cable_gland,train,good,036.png,yes
cable_gland,train,good,037.png,yes
cable_gland,train,good,038.png,yes
cable_gland,train,good,039.png,yes
cable_gland,train,good,040.png,yes
cable_gland,train,good,041.png,yes
cable_gland,train,good,042.png,yes
cable_gland,train,good,043.png,yes
cable_gland,train,good,044.png,yes
cable_gland,train,good,045.png,yes
cable_gland,train,good,046.png,yes
cable_gland,train,good,047.png,yes
cable_gland,train,good,048.png,yes
cable_gland,train,good,049.png,yes
cable_gland,train,good,050.png,yes
cable_gland,train,good,051.png,yes
cable_gland,train,good,052.png,yes
cable_gland,train,good,053.png,yes
cable_gland,train,good,054.png,yes
cable_gland,train,good,055.png,yes
cable_gland,train,good,056.png,yes
cable_gland,train,good,057.png,yes
cable_gland,train,good,058.png,yes
cable_gland,train,good,059.png,yes
cable_gland,train,good,060.png,yes
cable_gland,train,good,061.png,yes
cable_gland,train,good,062.png,yes
cable_gland,train,good,063.png,yes
cable_gland,train,good,064.png,yes
cable_gland,train,good,065.png,yes
cable_gland,train,good,066.png,yes
cable_gland,train,good,067.png,yes
cable_gland,train,good,068.png,yes
cable_gland,train,good,069.png,yes
cable_gland,train,good,070.png,yes
cable_gland,train,good,071.png,yes
cable_gland,train,good,072.png,yes
cable_gland,train,good,073.png,yes
cable_gland,train,good,074.png,yes
cable_gland,train,good,075.png,yes
cable_gland,train,good,076.png,yes
cable_gland,train,good,077.png,yes
cable_gland,train,good,078.png,yes
cable_gland,train,good,079.png,yes
cable_gland,train,good,080.png,yes
cable_gland,train,good,081.png,yes
cable_gland,train,good,082.png,yes
cable_gland,train,good,083.png,yes
cable_gland,train,good,084.png,yes
cable_gland,train,good,085.png,yes
cable_gland,train,good,086.png,yes
cable_gland,train,good,087.png,yes
cable_gland,train,good,088.png,yes
cable_gland,train,good,089.png,yes
cable_gland,train,good,090.png,yes
cable_gland,train,good,091.png,yes
cable_gland,train,good,092.png,yes
cable_gland,train,good,093.png,yes
cable_gland,train,good,094.png,yes
cable_gland,train,good,095.png,yes
cable_gland,train,good,096.png,yes
cable_gland,train,good,097.png,yes
cable_gland,train,good,098.png,yes
cable_gland,train,good,099.png,yes
cable_gland,train,good,100.png,yes
cable_gland,train,good,101.png,yes
cable_gland,train,good,102.png,yes
cable_gland,train,good,103.png,yes
cable_gland,train,good,104.png,yes
cable_gland,train,good,105.png,yes
cable_gland,train,good,106.png,yes
cable_gland,train,good,107.png,yes
cable_gland,train,good,108.png,yes
cable_gland,train,good,109.png,yes
cable_gland,train,good,110.png,yes
cable_gland,train,good,111.png,yes
cable_gland,train,good,112.png,yes
cable_gland,train,good,113.png,yes
cable_gland,train,good,114.png,yes
cable_gland,train,good,115.png,yes
cable_gland,train,good,116.png,yes
cable_gland,train,good,117.png,yes
cable_gland,train,good,118.png,yes
cable_gland,train,good,119.png,yes
cable_gland,train,good,120.png,yes
cable_gland,train,good,121.png,yes
cable_gland,train,good,122.png,yes
cable_gland,train,good,123.png,yes
cable_gland,train,good,124.png,yes
cable_gland,train,good,125.png,yes
cable_gland,train,good,126.png,yes
cable_gland,train,good,127.png,yes
cable_gland,train,good,128.png,yes
cable_gland,train,good,129.png,yes
cable_gland,train,good,130.png,yes
cable_gland,train,good,131.png,yes
cable_gland,train,good,132.png,yes
cable_gland,train,good,133.png,yes
cable_gland,train,good,134.png,yes
cable_gland,train,good,135.png,yes
cable_gland,train,good,136.png,yes
cable_gland,train,good,137.png,yes
cable_gland,train,good,138.png,yes
cable_gland,train,good,139.png,yes
cable_gland,train,good,140.png,yes
cable_gland,train,good,141.png,yes
cable_gland,train,good,142.png,yes
cable_gland,train,good,143.png,yes
cable_gland,train,good,144.png,yes
cable_gland,train,good,145.png,yes
cable_gland,train,good,146.png,yes
cable_gland,train,good,147.png,yes
cable_gland,train,good,148.png,yes
cable_gland,train,good,149.png,yes
cable_gland,train,good,150.png,yes
cable_gland,train,good,151.png,yes
cable_gland,train,good,152.png,yes
cable_gland,train,good,153.png,yes
cable_gland,train,good,154.png,yes
cable_gland,train,good,155.png,yes
cable_gland,train,good,156.png,yes
cable_gland,train,good,157.png,yes
cable_gland,train,good,158.png,yes
cable_gland,train,good,159.png,yes
cable_gland,train,good,160.png,yes
cable_gland,train,good,161.png,yes
cable_gland,train,good,162.png,yes
cable_gland,train,good,163.png,yes
cable_gland,train,good,164.png,yes
cable_gland,train,good,165.png,yes
cable_gland,train,good,166.png,yes
cable_gland,train,good,167.png,yes
cable_gland,train,good,168.png,yes
cable_gland,train,good,169.png,yes
cable_gland,train,good,170.png,yes
cable_gland,train,good,171.png,yes
cable_gland,train,good,172.png,yes
cable_gland,train,good,173.png,yes
cable_gland,train,good,174.png,yes
cable_gland,train,good,175.png,yes
cable_gland,train,good,176.png,yes
cable_gland,train,good,177.png,yes
cable_gland,train,good,178.png,yes
cable_gland,train,good,179.png,yes
cable_gland,train,good,180.png,yes
cable_gland,train,good,181.png,yes
cable_gland,train,good,182.png,yes
cable_gland,train,good,183.png,yes
cable_gland,train,good,184.png,yes
cable_gland,train,good,185.png,yes
cable_gland,train,good,186.png,yes
cable_gland,train,good,187.png,yes
cable_gland,train,good,188.png,yes
cable_gland,train,good,189.png,yes
cable_gland,train,good,190.png,yes
cable_gland,train,good,191.png,yes
cable_gland,train,good,192.png,yes
cable_gland,train,good,193.png,yes
cable_gland,train,good,194.png,yes
cable_gland,train,good,195.png,yes
cable_gland,train,good,196.png,yes
cable_gland,train,good,197.png,yes
cable_gland,train,good,198.png,yes
cable_gland,train,good,199.png,yes
cable_gland,train,good,200.png,yes
cable_gland,train,good,201.png,yes
cable_gland,train,good,202.png,yes
cable_gland,train,good,203.png,yes
cable_gland,train,good,204.png,yes
cable_gland,train,good,205.png,yes
cable_gland,train,good,206.png,yes
cable_gland,train,good,207.png,yes
cable_gland,train,good,208.png,yes
cable_gland,train,good,209.png,yes
cable_gland,train,good,210.png,yes
cable_gland,train,good,211.png,yes
cable_gland,train,good,212.png,yes
cable_gland,train,good,213.png,yes
cable_gland,train,good,214.png,yes
cable_gland,train,good,215.png,yes
cable_gland,train,good,216.png,yes
cable_gland,train,good,217.png,yes
cable_gland,train,good,218.png,yes
cable_gland,train,good,219.png,yes
cable_gland,train,good,220.png,yes
cable_gland,train,good,221.png,yes
cable_gland,train,good,222.png,yes
cable_gland,test,good,000.png,yes
cable_gland,test,good,001.png,yes
cable_gland,test,good,002.png,yes
cable_gland,test,good,003.png,yes
cable_gland,test,good,004.png,yes
cable_gland,test,good,005.png,yes
cable_gland,test,good,006.png,yes
cable_gland,test,good,007.png,yes
cable_gland,test,good,008.png,yes
cable_gland,test,good,009.png,yes
cable_gland,test,good,010.png,yes
cable_gland,test,good,011.png,yes
cable_gland,test,good,012.png,yes
cable_gland,test,good,013.png,yes
cable_gland,test,good,014.png,yes
cable_gland,test,good,015.png,yes
cable_gland,test,good,016.png,yes
cable_gland,test,good,017.png,yes
cable_gland,test,good,018.png,yes
cable_gland,test,good,019.png,yes
cable_gland,test,good,020.png,yes
cable_gland,test,bent,000.png,yes
cable_gland,test,bent,001.png,yes
cable_gland,test,bent,002.png,yes
cable_gland,test,bent,003.png,yes
cable_gland,test,bent,004.png,yes
cable_gland,test,bent,005.png,yes
cable_gland,test,bent,006.png,yes
cable_gland,test,bent,007.png,yes
cable_gland,test,bent,008.png,yes
cable_gland,test,bent,009.png,yes
cable_gland,test,bent,010.png,yes
cable_gland,test,bent,011.png,yes
cable_gland,test,bent,012.png,yes
cable_gland,test,bent,013.png,yes
cable_gland,test,bent,014.png,yes
cable_gland,test,bent,015.png,yes
cable_gland,test,bent,016.png,yes
cable_gland,test,bent,017.png,yes
cable_gland,test,bent,018.png,yes
cable_gland,test,bent,019.png,yes
cable_gland,test,bent,020.png,yes
cable_gland,test,thread,000.png,yes
cable_gland,test,thread,001.png,yes
cable_gland,test,thread,002.png,yes
cable_gland,test,thread,003.png,yes
cable_gland,test,thread,004.png,yes
cable_gland,test,thread,005.png,yes
cable_gland,test,thread,006.png,yes
cable_gland,test,thread,007.png,yes
cable_gland,test,thread,008.png,yes
cable_gland,test,thread,009.png,yes
cable_gland,test,thread,010.png,yes
cable_gland,test,thread,011.png,yes
cable_gland,test,thread,012.png,yes
cable_gland,test,thread,013.png,yes
cable_gland,test,thread,014.png,yes
cable_gland,test,thread,015.png,yes
cable_gland,test,thread,016.png,yes
cable_gland,test,thread,017.png,yes
cable_gland,test,thread,018.png,yes
cable_gland,test,thread,019.png,yes
cable_gland,test,thread,020.png,yes
cable_gland,test,thread,021.png,yes
cable_gland,test,cut,000.png,yes
cable_gland,test,cut,001.png,yes
cable_gland,test,cut,002.png,yes
cable_gland,test,cut,003.png,yes
cable_gland,test,cut,004.png,yes
cable_gland,test,cut,005.png,yes
cable_gland,test,cut,006.png,yes
cable_gland,test,cut,007.png,yes
cable_gland,test,cut,008.png,yes
cable_gland,test,cut,009.png,yes
cable_gland,test,cut,010.png,yes
cable_gland,test,cut,011.png,yes
cable_gland,test,cut,012.png,yes
cable_gland,test,cut,013.png,yes
cable_gland,test,cut,014.png,yes
cable_gland,test,cut,015.png,yes
cable_gland,test,cut,016.png,yes
cable_gland,test,cut,017.png,yes
cable_gland,test,cut,018.png,yes
cable_gland,test,cut,019.png,yes
cable_gland,test,cut,020.png,yes
cable_gland,test,cut,021.png,yes
cable_gland,test,hole,000.png,yes
cable_gland,test,hole,001.png,yes
cable_gland,test,hole,002.png,yes
cable_gland,test,hole,003.png,yes
cable_gland,test,hole,004.png,yes
cable_gland,test,hole,005.png,yes
cable_gland,test,hole,006.png,yes
cable_gland,test,hole,007.png,yes
cable_gland,test,hole,008.png,yes
cable_gland,test,hole,009.png,yes
cable_gland,test,hole,010.png,yes
cable_gland,test,hole,011.png,yes
cable_gland,test,hole,012.png,yes
cable_gland,test,hole,013.png,yes
cable_gland,test,hole,014.png,yes
cable_gland,test,hole,015.png,yes
cable_gland,test,hole,016.png,yes
cable_gland,test,hole,017.png,yes
cable_gland,test,hole,018.png,yes
cable_gland,test,hole,019.png,yes
cable_gland,test,hole,020.png,yes
cable_gland,test,hole,021.png,yes
carrot,train,good,000.png,yes
carrot,train,good,001.png,yes
carrot,train,good,002.png,yes
carrot,train,good,003.png,yes
carrot,train,good,004.png,yes
carrot,train,good,005.png,yes
carrot,train,good,006.png,yes
carrot,train,good,007.png,yes
carrot,train,good,008.png,yes
carrot,train,good,009.png,yes
carrot,train,good,010.png,yes
carrot,train,good,011.png,yes
carrot,train,good,012.png,yes
carrot,train,good,013.png,yes
carrot,train,good,014.png,yes
carrot,train,good,015.png,yes
carrot,train,good,016.png,yes
carrot,train,good,017.png,yes
carrot,train,good,018.png,yes
carrot,train,good,019.png,yes
carrot,train,good,020.png,yes
carrot,train,good,021.png,yes
carrot,train,good,022.png,yes
carrot,train,good,023.png,yes
carrot,train,good,024.png,yes
carrot,train,good,025.png,yes
carrot,train,good,026.png,yes
carrot,train,good,027.png,yes
carrot,train,good,028.png,yes
carrot,train,good,029.png,yes
carrot,train,good,030.png,yes
carrot,train,good,031.png,yes
carrot,train,good,032.png,yes
carrot,train,good,033.png,yes
carrot,train,good,034.png,yes
carrot,train,good,035.png,yes
carrot,train,good,036.png,yes
carrot,train,good,037.png,yes
carrot,train,good,038.png,yes
carrot,train,good,039.png,yes
carrot,train,good,040.png,yes
carrot,train,good,041.png,yes
carrot,train,good,042.png,yes
carrot,train,good,043.png,yes
carrot,train,good,044.png,yes
carrot,train,good,045.png,yes
carrot,train,good,046.png,yes
carrot,train,good,047.png,yes
carrot,train,good,048.png,yes
carrot,train,good,049.png,yes
carrot,train,good,050.png,yes
carrot,train,good,051.png,yes
carrot,train,good,052.png,yes
carrot,train,good,053.png,yes
carrot,train,good,054.png,yes
carrot,train,good,055.png,yes
carrot,train,good,056.png,yes
carrot,train,good,057.png,yes
carrot,train,good,058.png,yes
carrot,train,good,059.png,yes
carrot,train,good,060.png,yes
carrot,train,good,061.png,yes
carrot,train,good,062.png,yes
carrot,train,good,063.png,yes
carrot,train,good,064.png,yes
carrot,train,good,065.png,yes
carrot,train,good,066.png,yes
carrot,train,good,067.png,yes
carrot,train,good,068.png,yes
carrot,train,good,069.png,yes
carrot,train,good,070.png,yes
carrot,train,good,071.png,yes
carrot,train,good,072.png,yes
carrot,train,good,073.png,yes
carrot,train,good,074.png,yes
carrot,train,good,075.png,yes
carrot,train,good,076.png,yes
carrot,train,good,077.png,yes
carrot,train,good,078.png,yes
carrot,train,good,079.png,yes
carrot,train,good,080.png,yes
carrot,train,good,081.png,yes
carrot,train,good,082.png,yes
carrot,train,good,083.png,yes
carrot,train,good,084.png,yes
carrot,train,good,085.png,yes
carrot,train,good,086.png,yes
carrot,train,good,087.png,yes
carrot,train,good,088.png,yes
carrot,train,good,089.png,yes
carrot,train,good,090.png,yes
carrot,train,good,091.png,yes
carrot,train,good,092.png,yes
carrot,train,good,093.png,yes
carrot,train,good,094.png,yes
carrot,train,good,095.png,yes
carrot,train,good,096.png,yes
carrot,train,good,097.png,yes
carrot,train,good,098.png,yes
carrot,train,good,099.png,yes
carrot,train,good,100.png,yes
carrot,train,good,101.png,yes
carrot,train,good,102.png,yes
carrot,train,good,103.png,yes
carrot,train,good,104.png,yes
carrot,train,good,105.png,yes
carrot,train,good,106.png,yes
carrot,train,good,107.png,yes
carrot,train,good,108.png,yes
carrot,train,good,109.png,yes
carrot,train,good,110.png,yes
carrot,train,good,111.png,yes
carrot,train,good,112.png,yes
carrot,train,good,113.png,yes
carrot,train,good,114.png,yes
carrot,train,good,115.png,yes
carrot,train,good,116.png,yes
carrot,train,good,117.png,yes
carrot,train,good,118.png,yes
carrot,train,good,119.png,yes
carrot,train,good,120.png,yes
carrot,train,good,121.png,yes
carrot,train,good,122.png,yes
carrot,train,good,123.png,yes
carrot,train,good,124.png,yes
carrot,train,good,125.png,yes
carrot,train,good,126.png,yes
carrot,train,good,127.png,yes
carrot,train,good,128.png,yes
carrot,train,good,129.png,yes
carrot,train,good,130.png,yes
carrot,train,good,131.png,yes
carrot,train,good,132.png,yes
carrot,train,good,133.png,yes
carrot,train,good,134.png,yes
carrot,train,good,135.png,yes
carrot,train,good,136.png,yes
carrot,train,good,137.png,yes
carrot,train,good,138.png,yes
carrot,train,good,139.png,yes
carrot,train,good,140.png,yes
carrot,train,good,141.png,yes
carrot,train,good,142.png,yes
carrot,train,good,143.png,yes
carrot,train,good,144.png,yes
carrot,train,good,145.png,yes
carrot,train,good,146.png,yes
carrot,train,good,147.png,yes
carrot,train,good,148.png,yes
carrot,train,good,149.png,yes
carrot,train,good,150.png,yes
carrot,train,good,151.png,yes
carrot,train,good,152.png,yes
carrot,train,good,153.png,yes
carrot,train,good,154.png,yes
carrot,train,good,155.png,yes
carrot,train,good,156.png,yes
carrot,train,good,157.png,yes
carrot,train,good,158.png,yes
carrot,train,good,159.png,yes
carrot,train,good,160.png,yes
carrot,train,good,161.png,yes
carrot,train,good,162.png,yes
carrot,train,good,163.png,yes
carrot,train,good,164.png,yes
carrot,train,good,165.png,yes
carrot,train,good,166.png,yes
carrot,train,good,167.png,yes
carrot,train,good,168.png,yes
carrot,train,good,169.png,yes
carrot,train,good,170.png,yes
carrot,train,good,171.png,yes
carrot,train,good,172.png,yes
carrot,train,good,173.png,yes
carrot,train,good,174.png,yes
carrot,train,good,175.png,yes
carrot,train,good,176.png,yes
carrot,train,good,177.png,yes
carrot,train,good,178.png,yes
carrot,train,good,179.png,yes
carrot,train,good,180.png,yes
carrot,train,good,181.png,yes
carrot,train,good,182.png,yes
carrot,train,good,183.png,yes
carrot,train,good,184.png,yes
carrot,train,good,185.png,yes
carrot,train,good,186.png,yes
carrot,train,good,187.png,yes
carrot,train,good,188.png,yes
carrot,train,good,189.png,yes
carrot,train,good,190.png,yes
carrot,train,good,191.png,yes
carrot,train,good,192.png,yes
carrot,train,good,193.png,yes
carrot,train,good,194.png,yes
carrot,train,good,195.png,yes
carrot,train,good,196.png,yes
carrot,train,good,197.png,yes
carrot,train,good,198.png,yes
carrot,train,good,199.png,yes
carrot,train,good,200.png,yes
carrot,train,good,201.png,yes
carrot,train,good,202.png,yes
carrot,train,good,203.png,yes
carrot,train,good,204.png,yes
carrot,train,good,205.png,yes
carrot,train,good,206.png,yes
carrot,train,good,207.png,yes
carrot,train,good,208.png,yes
carrot,train,good,209.png,yes
carrot,train,good,210.png,yes
carrot,train,good,211.png,yes
carrot,train,good,212.png,yes
carrot,train,good,213.png,yes
carrot,train,good,214.png,yes
carrot,train,good,215.png,yes
carrot,train,good,216.png,yes
carrot,train,good,217.png,yes
carrot,train,good,218.png,yes
carrot,train,good,219.png,yes
carrot,train,good,220.png,yes
carrot,train,good,221.png,yes
carrot,train,good,222.png,yes
carrot,train,good,223.png,yes
carrot,train,good,224.png,yes
carrot,train,good,225.png,yes
carrot,train,good,226.png,yes
carrot,train,good,227.png,yes
carrot,train,good,228.png,yes
carrot,train,good,229.png,yes
carrot,train,good,230.png,yes
carrot,train,good,231.png,yes
carrot,train,good,232.png,yes
carrot,train,good,233.png,yes
carrot,train,good,234.png,yes
carrot,train,good,235.png,yes
carrot,train,good,236.png,yes
carrot,train,good,237.png,yes
carrot,train,good,238.png,yes
carrot,train,good,239.png,yes
carrot,train,good,240.png,yes
carrot,train,good,241.png,yes
carrot,train,good,242.png,yes
carrot,train,good,243.png,yes
carrot,train,good,244.png,yes
carrot,train,good,245.png,yes
carrot,train,good,246.png,yes
carrot,train,good,247.png,yes
carrot,train,good,248.png,yes
carrot,train,good,249.png,yes
carrot,train,good,250.png,yes
carrot,train,good,251.png,yes
carrot,train,good,252.png,yes
carrot,train,good,253.png,yes
carrot,train,good,254.png,yes
carrot,train,good,255.png,yes
carrot,train,good,256.png,yes
carrot,train,good,257.png,yes
carrot,train,good,258.png,yes
carrot,train,good,259.png,yes
carrot,train,good,260.png,yes
carrot,train,good,261.png,yes
carrot,train,good,262.png,yes
carrot,train,good,263.png,yes
carrot,train,good,264.png,yes
carrot,train,good,265.png,yes
carrot,train,good,266.png,yes
carrot,train,good,267.png,yes
carrot,train,good,268.png,yes
carrot,train,good,269.png,yes
carrot,train,good,270.png,yes
carrot,train,good,271.png,yes
carrot,train,good,272.png,yes
carrot,train,good,273.png,yes
carrot,train,good,274.png,yes
carrot,train,good,275.png,yes
carrot,train,good,276.png,yes
carrot,train,good,277.png,yes
carrot,train,good,278.png,yes
carrot,train,good,279.png,yes
carrot,train,good,280.png,yes
carrot,train,good,281.png,yes
carrot,train,good,282.png,yes
carrot,train,good,283.png,yes
carrot,train,good,284.png,yes
carrot,train,good,285.png,yes
carrot,test,good,000.png,yes
carrot,test,good,001.png,yes
carrot,test,good,002.png,yes
carrot,test,good,003.png,yes
carrot,test,good,004.png,yes
carrot,test,good,005.png,yes
carrot,test,good,006.png,yes
carrot,test,good,007.png,yes
carrot,test,good,008.png,yes
carrot,test,good,009.png,yes
carrot,test,good,010.png,yes
carrot,test,good,011.png,yes
carrot,test,good,012.png,yes
carrot,test,good,013.png,yes
carrot,test,good,014.png,yes
carrot,test,good,015.png,yes
carrot,test,good,016.png,yes
carrot,test,good,017.png,yes
carrot,test,good,018.png,yes
carrot,test,good,019.png,yes
carrot,test,good,020.png,yes
carrot,test,good,021.png,yes
carrot,test,good,022.png,yes
carrot,test,good,023.png,yes
carrot,test,good,024.png,yes
carrot,test,good,025.png,yes
carrot,test,good,026.png,yes
carrot,test,contamination,000.png,yes
carrot,test,contamination,001.png,yes
carrot,test,contamination,002.png,yes
carrot,test,contamination,003.png,yes
carrot,test,contamination,004.png,yes
carrot,test,contamination,005.png,yes
carrot,test,contamination,006.png,yes
carrot,test,contamination,007.png,yes
carrot,test,contamination,008.png,yes
carrot,test,contamination,009.png,yes
carrot,test,contamination,010.png,yes
carrot,test,contamination,011.png,yes
carrot,test,contamination,012.png,yes
carrot,test,contamination,013.png,yes
carrot,test,contamination,014.png,yes
carrot,test,contamination,015.png,yes
carrot,test,contamination,016.png,yes
carrot,test,contamination,017.png,yes
carrot,test,contamination,018.png,yes
carrot,test,contamination,019.png,yes
carrot,test,contamination,020.png,yes
carrot,test,contamination,021.png,yes
carrot,test,contamination,022.png,yes
carrot,test,contamination,023.png,yes
carrot,test,contamination,024.png,yes
carrot,test,contamination,025.png,yes
carrot,test,contamination,026.png,yes
carrot,test,combined,000.png,yes
carrot,test,combined,001.png,yes
carrot,test,combined,002.png,yes
carrot,test,combined,003.png,yes
carrot,test,combined,004.png,yes
carrot,test,combined,005.png,yes
carrot,test,combined,006.png,yes
carrot,test,combined,007.png,yes
carrot,test,combined,008.png,yes
carrot,test,combined,009.png,yes
carrot,test,combined,010.png,yes
carrot,test,combined,011.png,yes
carrot,test,combined,012.png,yes
carrot,test,combined,013.png,yes
carrot,test,combined,014.png,yes
carrot,test,combined,015.png,yes
carrot,test,combined,016.png,yes
carrot,test,combined,017.png,yes
carrot,test,combined,018.png,yes
carrot,test,combined,019.png,yes
carrot,test,combined,020.png,yes
carrot,test,combined,021.png,yes
carrot,test,combined,022.png,yes
carrot,test,combined,023.png,yes
carrot,test,combined,024.png,yes
carrot,test,combined,025.png,yes
carrot,test,combined,026.png,yes
carrot,test,cut,000.png,yes
carrot,test,cut,001.png,yes
carrot,test,cut,002.png,yes
carrot,test,cut,003.png,yes
carrot,test,cut,004.png,yes
carrot,test,cut,005.png,yes
carrot,test,cut,006.png,yes
carrot,test,cut,007.png,yes
carrot,test,cut,008.png,yes
carrot,test,cut,009.png,yes
carrot,test,cut,010.png,yes
carrot,test,cut,011.png,yes
carrot,test,cut,012.png,yes
carrot,test,cut,013.png,yes
carrot,test,cut,014.png,yes
carrot,test,cut,015.png,yes
carrot,test,cut,016.png,yes
carrot,test,cut,017.png,yes
carrot,test,cut,018.png,yes
carrot,test,cut,019.png,yes
carrot,test,cut,020.png,yes
carrot,test,cut,021.png,yes
carrot,test,cut,022.png,yes
carrot,test,cut,023.png,yes
carrot,test,cut,024.png,yes
carrot,test,cut,025.png,yes
carrot,test,hole,000.png,yes
carrot,test,hole,001.png,yes
carrot,test,hole,002.png,yes
carrot,test,hole,003.png,yes
carrot,test,hole,004.png,yes
carrot,test,hole,005.png,yes
carrot,test,hole,006.png,yes
carrot,test,hole,007.png,yes
carrot,test,hole,008.png,yes
carrot,test,hole,009.png,yes
carrot,test,hole,010.png,yes
carrot,test,hole,011.png,yes
carrot,test,hole,012.png,yes
carrot,test,hole,013.png,yes
carrot,test,hole,014.png,yes
carrot,test,hole,015.png,yes
carrot,test,hole,016.png,yes
carrot,test,hole,017.png,yes
carrot,test,hole,018.png,yes
carrot,test,hole,019.png,yes
carrot,test,hole,020.png,yes
carrot,test,hole,021.png,yes
carrot,test,hole,022.png,yes
carrot,test,hole,023.png,yes
carrot,test,hole,024.png,yes
carrot,test,hole,025.png,yes
carrot,test,crack,000.png,yes
carrot,test,crack,001.png,yes
carrot,test,crack,002.png,yes
carrot,test,crack,003.png,yes
carrot,test,crack,004.png,yes
carrot,test,crack,005.png,yes
carrot,test,crack,006.png,yes
carrot,test,crack,007.png,yes
carrot,test,crack,008.png,yes
carrot,test,crack,009.png,yes
carrot,test,crack,010.png,yes
carrot,test,crack,011.png,yes
carrot,test,crack,012.png,yes
carrot,test,crack,013.png,yes
carrot,test,crack,014.png,yes
carrot,test,crack,015.png,yes
carrot,test,crack,016.png,yes
carrot,test,crack,017.png,yes
carrot,test,crack,018.png,yes
carrot,test,crack,019.png,yes
carrot,test,crack,020.png,yes
carrot,test,crack,021.png,yes
carrot,test,crack,022.png,yes
carrot,test,crack,023.png,yes
carrot,test,crack,024.png,yes
carrot,test,crack,025.png,yes
cookie,train,good,000.png,yes
cookie,train,good,001.png,yes
cookie,train,good,002.png,yes
cookie,train,good,003.png,yes
cookie,train,good,004.png,yes
cookie,train,good,005.png,yes
cookie,train,good,006.png,yes
cookie,train,good,007.png,yes
cookie,train,good,008.png,yes
cookie,train,good,009.png,yes
cookie,train,good,010.png,yes
cookie,train,good,011.png,yes
cookie,train,good,012.png,yes
cookie,train,good,013.png,yes
cookie,train,good,014.png,yes
cookie,train,good,015.png,yes
cookie,train,good,016.png,yes
cookie,train,good,017.png,yes
cookie,train,good,018.png,yes
cookie,train,good,019.png,yes
cookie,train,good,020.png,yes
cookie,train,good,021.png,yes
cookie,train,good,022.png,yes
cookie,train,good,023.png,yes
cookie,train,good,024.png,yes
cookie,train,good,025.png,yes
cookie,train,good,026.png,yes
cookie,train,good,027.png,yes
cookie,train,good,028.png,yes
cookie,train,good,029.png,yes
cookie,train,good,030.png,yes
cookie,train,good,031.png,yes
cookie,train,good,032.png,yes
cookie,train,good,033.png,yes
cookie,train,good,034.png,yes
cookie,train,good,035.png,yes
cookie,train,good,036.png,yes
cookie,train,good,037.png,yes
cookie,train,good,038.png,yes
cookie,train,good,039.png,yes
cookie,train,good,040.png,yes
cookie,train,good,041.png,yes
cookie,train,good,042.png,yes
cookie,train,good,043.png,yes
cookie,train,good,044.png,yes
cookie,train,good,045.png,yes
cookie,train,good,046.png,yes
cookie,train,good,047.png,yes
cookie,train,good,048.png,yes
cookie,train,good,049.png,yes
cookie,train,good,050.png,yes
cookie,train,good,051.png,yes
cookie,train,good,052.png,yes
cookie,train,good,053.png,yes
cookie,train,good,054.png,yes
cookie,train,good,055.png,yes
cookie,train,good,056.png,yes
cookie,train,good,057.png,yes
cookie,train,good,058.png,yes
cookie,train,good,059.png,yes
cookie,train,good,060.png,yes
cookie,train,good,061.png,yes
cookie,train,good,062.png,yes
cookie,train,good,063.png,yes
cookie,train,good,064.png,yes
cookie,train,good,065.png,yes
cookie,train,good,066.png,yes
cookie,train,good,067.png,yes
cookie,train,good,068.png,yes
cookie,train,good,069.png,yes
cookie,train,good,070.png,yes
cookie,train,good,071.png,yes
cookie,train,good,072.png,yes
cookie,train,good,073.png,yes
cookie,train,good,074.png,yes
cookie,train,good,075.png,yes
cookie,train,good,076.png,yes
cookie,train,good,077.png,yes
cookie,train,good,078.png,yes
cookie,train,good,079.png,yes
cookie,train,good,080.png,yes
cookie,train,good,081.png,yes
cookie,train,good,082.png,yes
cookie,train,good,083.png,yes
cookie,train,good,084.png,yes
cookie,train,good,085.png,yes
cookie,train,good,086.png,yes
cookie,train,good,087.png,yes
cookie,train,good,088.png,yes
cookie,train,good,089.png,yes
cookie,train,good,090.png,yes
cookie,train,good,091.png,yes
cookie,train,good,092.png,yes
cookie,train,good,093.png,yes
cookie,train,good,094.png,yes
cookie,train,good,095.png,yes
cookie,train,good,096.png,yes
cookie,train,good,097.png,yes
cookie,train,good,098.png,yes
cookie,train,good,099.png,yes
cookie,train,good,100.png,yes
cookie,train,good,101.png,yes
cookie,train,good,102.png,yes
cookie,train,good,103.png,yes
cookie,train,good,104.png,yes
cookie,train,good,105.png,yes
cookie,train,good,106.png,yes
cookie,train,good,107.png,yes
cookie,train,good,108.png,yes
cookie,train,good,109.png,yes
cookie,train,good,110.png,yes
cookie,train,good,111.png,yes
cookie,train,good,112.png,yes
cookie,train,good,113.png,yes
cookie,train,good,114.png,yes
cookie,train,good,115.png,yes
cookie,train,good,116.png,yes
cookie,train,good,117.png,yes
cookie,train,good,118.png,yes
cookie,train,good,119.png,yes
cookie,train,good,120.png,yes
cookie,train,good,121.png,yes
cookie,train,good,122.png,yes
cookie,train,good,123.png,yes
cookie,train,good,124.png,yes
cookie,train,good,125.png,yes
cookie,train,good,126.png,yes
cookie,train,good,127.png,yes
cookie,train,good,128.png,yes
cookie,train,good,129.png,yes
cookie,train,good,130.png,yes
cookie,train,good,131.png,yes
cookie,train,good,132.png,yes
cookie,train,good,133.png,yes
cookie,train,good,134.png,yes
cookie,train,good,135.png,yes
cookie,train,good,136.png,yes
cookie,train,good,137.png,yes
cookie,train,good,138.png,yes
cookie,train,good,139.png,yes
cookie,train,good,140.png,yes
cookie,train,good,141.png,yes
cookie,train,good,142.png,yes
cookie,train,good,143.png,yes
cookie,train,good,144.png,yes
cookie,train,good,145.png,yes
cookie,train,good,146.png,yes
cookie,train,good,147.png,yes
cookie,train,good,148.png,yes
cookie,train,good,149.png,yes
cookie,train,good,150.png,yes
cookie,train,good,151.png,yes
cookie,train,good,152.png,yes
cookie,train,good,153.png,yes
cookie,train,good,154.png,yes
cookie,train,good,155.png,yes
cookie,train,good,156.png,yes
cookie,train,good,157.png,yes
cookie,train,good,158.png,yes
cookie,train,good,159.png,yes
cookie,train,good,160.png,yes
cookie,train,good,161.png,yes
cookie,train,good,162.png,yes
cookie,train,good,163.png,yes
cookie,train,good,164.png,yes
cookie,train,good,165.png,yes
cookie,train,good,166.png,yes
cookie,train,good,167.png,yes
cookie,train,good,168.png,yes
cookie,train,good,169.png,yes
cookie,train,good,170.png,yes
cookie,train,good,171.png,yes
cookie,train,good,172.png,yes
cookie,train,good,173.png,yes
cookie,train,good,174.png,yes
cookie,train,good,175.png,yes
cookie,train,good,176.png,yes
cookie,train,good,177.png,yes
cookie,train,good,178.png,yes
cookie,train,good,179.png,yes
cookie,train,good,180.png,yes
cookie,train,good,181.png,yes
cookie,train,good,182.png,yes
cookie,train,good,183.png,yes
cookie,train,good,184.png,yes
cookie,train,good,185.png,yes
cookie,train,good,186.png,yes
cookie,train,good,187.png,yes
cookie,train,good,188.png,yes
cookie,train,good,189.png,yes
cookie,train,good,190.png,yes
cookie,train,good,191.png,yes
cookie,train,good,192.png,yes
cookie,train,good,193.png,yes
cookie,train,good,194.png,yes
cookie,train,good,195.png,yes
cookie,train,good,196.png,yes
cookie,train,good,197.png,yes
cookie,train,good,198.png,yes
cookie,train,good,199.png,yes
cookie,train,good,200.png,yes
cookie,train,good,201.png,yes
cookie,train,good,202.png,yes
cookie,train,good,203.png,yes
cookie,train,good,204.png,yes
cookie,train,good,205.png,yes
cookie,train,good,206.png,yes
cookie,train,good,207.png,yes
cookie,train,good,208.png,yes
cookie,train,good,209.png,yes
cookie,test,good,000.png,yes
cookie,test,good,001.png,yes
cookie,test,good,002.png,yes
cookie,test,good,003.png,yes
cookie,test,good,004.png,yes
cookie,test,good,005.png,yes
cookie,test,good,006.png,yes
cookie,test,good,007.png,yes
cookie,test,good,008.png,yes
cookie,test,good,009.png,yes
cookie,test,good,010.png,yes
cookie,test,good,011.png,yes
cookie,test,good,012.png,yes
cookie,test,good,013.png,yes
cookie,test,good,014.png,yes
cookie,test,good,015.png,yes
cookie,test,good,016.png,yes
cookie,test,good,017.png,yes
cookie,test,good,018.png,yes
cookie,test,good,019.png,yes
cookie,test,good,020.png,yes
cookie,test,good,021.png,yes
cookie,test,good,022.png,yes
cookie,test,good,023.png,yes
cookie,test,good,024.png,yes
cookie,test,good,025.png,yes
cookie,test,good,026.png,yes
cookie,test,good,027.png,yes
cookie,test,contamination,000.png,yes
cookie,test,contamination,001.png,yes
cookie,test,contamination,002.png,yes
cookie,test,contamination,003.png,yes
cookie,test,contamination,004.png,yes
cookie,test,contamination,005.png,yes
cookie,test,contamination,006.png,yes
cookie,test,contamination,007.png,yes
cookie,test,contamination,008.png,yes
cookie,test,contamination,009.png,yes
cookie,test,contamination,010.png,yes
cookie,test,contamination,011.png,yes
cookie,test,contamination,012.png,yes
cookie,test,contamination,013.png,yes
cookie,test,contamination,014.png,yes
cookie,test,contamination,015.png,yes
cookie,test,contamination,016.png,yes
cookie,test,contamination,017.png,yes
cookie,test,contamination,018.png,yes
cookie,test,contamination,019.png,yes
cookie,test,contamination,020.png,yes
cookie,test,contamination,021.png,yes
cookie,test,contamination,022.png,yes
cookie,test,contamination,023.png,yes
cookie,test,contamination,024.png,yes
cookie,test,combined,000.png,yes
cookie,test,combined,001.png,yes
cookie,test,combined,002.png,yes
cookie,test,combined,003.png,yes
cookie,test,combined,004.png,yes
cookie,test,combined,005.png,yes
cookie,test,combined,006.png,yes
cookie,test,combined,007.png,yes
cookie,test,combined,008.png,yes
cookie,test,combined,009.png,yes
cookie,test,combined,010.png,yes
cookie,test,combined,011.png,yes
cookie,test,combined,012.png,yes
cookie,test,combined,013.png,yes
cookie,test,combined,014.png,yes
cookie,test,combined,015.png,yes
cookie,test,combined,016.png,yes
cookie,test,combined,017.png,yes
cookie,test,combined,018.png,yes
cookie,test,combined,019.png,yes
cookie,test,combined,020.png,yes
cookie,test,combined,021.png,yes
cookie,test,combined,022.png,yes
cookie,test,combined,023.png,yes
cookie,test,combined,024.png,yes
cookie,test,hole,000.png,yes
cookie,test,hole,001.png,yes
cookie,test,hole,002.png,yes
cookie,test,hole,003.png,yes
cookie,test,hole,004.png,yes
cookie,test,hole,005.png,yes
cookie,test,hole,006.png,yes
cookie,test,hole,007.png,yes
cookie,test,hole,008.png,yes
cookie,test,hole,009.png,yes
cookie,test,hole,010.png,yes
cookie,test,hole,011.png,yes
cookie,test,hole,012.png,yes
cookie,test,hole,013.png,yes
cookie,test,hole,014.png,yes
cookie,test,hole,015.png,yes
cookie,test,hole,016.png,yes
cookie,test,hole,017.png,yes
cookie,test,hole,018.png,yes
cookie,test,hole,019.png,yes
cookie,test,hole,020.png,yes
cookie,test,hole,021.png,yes
cookie,test,hole,022.png,yes
cookie,test,hole,023.png,yes
cookie,test,hole,024.png,yes
cookie,test,hole,025.png,yes
cookie,test,crack,000.png,yes
cookie,test,crack,001.png,yes
cookie,test,crack,002.png,yes
cookie,test,crack,003.png,yes
cookie,test,crack,004.png,yes
cookie,test,crack,005.png,yes
cookie,test,crack,006.png,yes
cookie,test,crack,007.png,yes
cookie,test,crack,008.png,yes
cookie,test,crack,009.png,yes
cookie,test,crack,010.png,yes
cookie,test,crack,011.png,yes
cookie,test,crack,012.png,yes
cookie,test,crack,013.png,yes
cookie,test,crack,014.png,yes
cookie,test,crack,015.png,yes
cookie,test,crack,016.png,yes
cookie,test,crack,017.png,yes
cookie,test,crack,018.png,yes
cookie,test,crack,019.png,yes
cookie,test,crack,020.png,yes
cookie,test,crack,021.png,yes
cookie,test,crack,022.png,yes
cookie,test,crack,023.png,yes
cookie,test,crack,024.png,yes
cookie,test,crack,025.png,yes
cookie,test,crack,026.png,yes
dowel,train,good,000.png,yes
dowel,train,good,001.png,yes
dowel,train,good,002.png,yes
dowel,train,good,003.png,yes
dowel,train,good,004.png,yes
dowel,train,good,005.png,yes
dowel,train,good,006.png,yes
dowel,train,good,007.png,yes
dowel,train,good,008.png,yes
dowel,train,good,009.png,yes
dowel,train,good,010.png,yes
dowel,train,good,011.png,yes
dowel,train,good,012.png,yes
dowel,train,good,013.png,yes
dowel,train,good,014.png,yes
dowel,train,good,015.png,yes
dowel,train,good,016.png,yes
dowel,train,good,017.png,yes
dowel,train,good,018.png,yes
dowel,train,good,019.png,yes
dowel,train,good,020.png,yes
dowel,train,good,021.png,yes
dowel,train,good,022.png,yes
dowel,train,good,023.png,yes
dowel,train,good,024.png,yes
dowel,train,good,025.png,yes
dowel,train,good,026.png,yes
dowel,train,good,027.png,yes
dowel,train,good,028.png,yes
dowel,train,good,029.png,yes
dowel,train,good,030.png,yes
dowel,train,good,031.png,yes
dowel,train,good,032.png,yes
dowel,train,good,033.png,yes
dowel,train,good,034.png,yes
dowel,train,good,035.png,yes
dowel,train,good,036.png,yes
dowel,train,good,037.png,yes
dowel,train,good,038.png,yes
dowel,train,good,039.png,yes
dowel,train,good,040.png,yes
dowel,train,good,041.png,yes
dowel,train,good,042.png,yes
dowel,train,good,043.png,yes
dowel,train,good,044.png,yes
dowel,train,good,045.png,yes
dowel,train,good,046.png,yes
dowel,train,good,047.png,yes
dowel,train,good,048.png,yes
dowel,train,good,049.png,yes
dowel,train,good,050.png,yes
dowel,train,good,051.png,yes
dowel,train,good,052.png,yes
dowel,train,good,053.png,yes
dowel,train,good,054.png,yes
dowel,train,good,055.png,yes
dowel,train,good,056.png,yes
dowel,train,good,057.png,yes
dowel,train,good,058.png,yes
dowel,train,good,059.png,yes
dowel,train,good,060.png,yes
dowel,train,good,061.png,yes
dowel,train,good,062.png,yes
dowel,train,good,063.png,yes
dowel,train,good,064.png,yes
dowel,train,good,065.png,yes
dowel,train,good,066.png,yes
dowel,train,good,067.png,yes
dowel,train,good,068.png,yes
dowel,train,good,069.png,yes
dowel,train,good,070.png,yes
dowel,train,good,071.png,yes
dowel,train,good,072.png,yes
dowel,train,good,073.png,yes
dowel,train,good,074.png,yes
dowel,train,good,075.png,yes
dowel,train,good,076.png,yes
dowel,train,good,077.png,yes
dowel,train,good,078.png,yes
dowel,train,good,079.png,yes
dowel,train,good,080.png,yes
dowel,train,good,081.png,yes
dowel,train,good,082.png,yes
dowel,train,good,083.png,yes
dowel,train,good,084.png,yes
dowel,train,good,085.png,yes
dowel,train,good,086.png,yes
dowel,train,good,087.png,yes
dowel,train,good,088.png,yes
dowel,train,good,089.png,yes
dowel,train,good,090.png,yes
dowel,train,good,091.png,yes
dowel,train,good,092.png,yes
dowel,train,good,093.png,yes
dowel,train,good,094.png,yes
dowel,train,good,095.png,yes
dowel,train,good,096.png,yes
dowel,train,good,097.png,yes
dowel,train,good,098.png,yes
dowel,train,good,099.png,yes
dowel,train,good,100.png,yes
dowel,train,good,101.png,yes
dowel,train,good,102.png,yes
dowel,train,good,103.png,yes
dowel,train,good,104.png,yes
dowel,train,good,105.png,yes
dowel,train,good,106.png,yes
dowel,train,good,107.png,yes
dowel,train,good,108.png,yes
dowel,train,good,109.png,yes
dowel,train,good,110.png,yes
dowel,train,good,111.png,yes
dowel,train,good,112.png,yes
dowel,train,good,113.png,yes
dowel,train,good,114.png,yes
dowel,train,good,115.png,yes
dowel,train,good,116.png,yes
dowel,train,good,117.png,yes
dowel,train,good,118.png,yes
dowel,train,good,119.png,yes
dowel,train,good,120.png,yes
dowel,train,good,121.png,yes
dowel,train,good,122.png,yes
dowel,train,good,123.png,yes
dowel,train,good,124.png,yes
dowel,train,good,125.png,yes
dowel,train,good,126.png,yes
dowel,train,good,127.png,yes
dowel,train,good,128.png,yes
dowel,train,good,129.png,yes
dowel,train,good,130.png,yes
dowel,train,good,131.png,yes
dowel,train,good,132.png,yes
dowel,train,good,133.png,yes
dowel,train,good,134.png,yes
dowel,train,good,135.png,yes
dowel,train,good,136.png,yes
dowel,train,good,137.png,yes
dowel,train,good,138.png,yes
dowel,train,good,139.png,yes
dowel,train,good,140.png,yes
dowel,train,good,141.png,yes
dowel,train,good,142.png,yes
dowel,train,good,143.png,yes
dowel,train,good,144.png,yes
dowel,train,good,145.png,yes
dowel,train,good,146.png,yes
dowel,train,good,147.png,yes
dowel,train,good,148.png,yes
dowel,train,good,149.png,yes
dowel,train,good,150.png,yes
dowel,train,good,151.png,yes
dowel,train,good,152.png,yes
dowel,train,good,153.png,yes
dowel,train,good,154.png,yes
dowel,train,good,155.png,yes
dowel,train,good,156.png,yes
dowel,train,good,157.png,yes
dowel,train,good,158.png,yes
dowel,train,good,159.png,yes
dowel,train,good,160.png,yes
dowel,train,good,161.png,yes
dowel,train,good,162.png,yes
dowel,train,good,163.png,yes
dowel,train,good,164.png,yes
dowel,train,good,165.png,yes
dowel,train,good,166.png,yes
dowel,train,good,167.png,yes
dowel,train,good,168.png,yes
dowel,train,good,169.png,yes
dowel,train,good,170.png,yes
dowel,train,good,171.png,yes
dowel,train,good,172.png,yes
dowel,train,good,173.png,yes
dowel,train,good,174.png,yes
dowel,train,good,175.png,yes
dowel,train,good,176.png,yes
dowel,train,good,177.png,yes
dowel,train,good,178.png,yes
dowel,train,good,179.png,yes
dowel,train,good,180.png,yes
dowel,train,good,181.png,yes
dowel,train,good,182.png,yes
dowel,train,good,183.png,yes
dowel,train,good,184.png,yes
dowel,train,good,185.png,yes
dowel,train,good,186.png,yes
dowel,train,good,187.png,yes
dowel,train,good,188.png,yes
dowel,train,good,189.png,yes
dowel,train,good,190.png,yes
dowel,train,good,191.png,yes
dowel,train,good,192.png,yes
dowel,train,good,193.png,yes
dowel,train,good,194.png,yes
dowel,train,good,195.png,yes
dowel,train,good,196.png,yes
dowel,train,good,197.png,yes
dowel,train,good,198.png,yes
dowel,train,good,199.png,yes
dowel,train,good,200.png,yes
dowel,train,good,201.png,yes
dowel,train,good,202.png,yes
dowel,train,good,203.png,yes
dowel,train,good,204.png,yes
dowel,train,good,205.png,yes
dowel,train,good,206.png,yes
dowel,train,good,207.png,yes
dowel,train,good,208.png,yes
dowel,train,good,209.png,yes
dowel,train,good,210.png,yes
dowel,train,good,211.png,yes
dowel,train,good,212.png,yes
dowel,train,good,213.png,yes
dowel,train,good,214.png,yes
dowel,train,good,215.png,yes
dowel,train,good,216.png,yes
dowel,train,good,217.png,yes
dowel,train,good,218.png,yes
dowel,train,good,219.png,yes
dowel,train,good,220.png,yes
dowel,train,good,221.png,yes
dowel,train,good,222.png,yes
dowel,train,good,223.png,yes
dowel,train,good,224.png,yes
dowel,train,good,225.png,yes
dowel,train,good,226.png,yes
dowel,train,good,227.png,yes
dowel,train,good,228.png,yes
dowel,train,good,229.png,yes
dowel,train,good,230.png,yes
dowel,train,good,231.png,yes
dowel,train,good,232.png,yes
dowel,train,good,233.png,yes
dowel,train,good,234.png,yes
dowel,train,good,235.png,yes
dowel,train,good,236.png,yes
dowel,train,good,237.png,yes
dowel,train,good,238.png,yes
dowel,train,good,239.png,yes
dowel,train,good,240.png,yes
dowel,train,good,241.png,yes
dowel,train,good,242.png,yes
dowel,train,good,243.png,yes
dowel,train,good,244.png,yes
dowel,train,good,245.png,yes
dowel,train,good,246.png,yes
dowel,train,good,247.png,yes
dowel,train,good,248.png,yes
dowel,train,good,249.png,yes
dowel,train,good,250.png,yes
dowel,train,good,251.png,yes
dowel,train,good,252.png,yes
dowel,train,good,253.png,yes
dowel,train,good,254.png,yes
dowel,train,good,255.png,yes
dowel,train,good,256.png,yes
dowel,train,good,257.png,yes
dowel,train,good,258.png,yes
dowel,train,good,259.png,yes
dowel,train,good,260.png,yes
dowel,train,good,261.png,yes
dowel,train,good,262.png,yes
dowel,train,good,263.png,yes
dowel,train,good,264.png,yes
dowel,train,good,265.png,yes
dowel,train,good,266.png,yes
dowel,train,good,267.png,yes
dowel,train,good,268.png,yes
dowel,train,good,269.png,yes
dowel,train,good,270.png,yes
dowel,train,good,271.png,yes
dowel,train,good,272.png,yes
dowel,train,good,273.png,yes
dowel,train,good,274.png,yes
dowel,train,good,275.png,yes
dowel,train,good,276.png,yes
dowel,train,good,277.png,yes
dowel,train,good,278.png,yes
dowel,train,good,279.png,yes
dowel,train,good,280.png,yes
dowel,train,good,281.png,yes
dowel,train,good,282.png,yes
dowel,train,good,283.png,yes
dowel,train,good,284.png,yes
dowel,train,good,285.png,yes
dowel,train,good,286.png,yes
dowel,train,good,287.png,yes
dowel,test,good,000.png,yes
dowel,test,good,001.png,yes
dowel,test,good,002.png,yes
dowel,test,good,003.png,yes
dowel,test,good,004.png,yes
dowel,test,good,005.png,yes
dowel,test,good,006.png,yes
dowel,test,good,007.png,yes
dowel,test,good,008.png,yes
dowel,test,good,009.png,yes
dowel,test,good,010.png,yes
dowel,test,good,011.png,yes
dowel,test,good,012.png,yes
dowel,test,good,013.png,yes
dowel,test,good,014.png,yes
dowel,test,good,015.png,yes
dowel,test,good,016.png,yes
dowel,test,good,017.png,yes
dowel,test,good,018.png,yes
dowel,test,good,019.png,yes
dowel,test,good,020.png,yes
dowel,test,good,021.png,yes
dowel,test,good,022.png,yes
dowel,test,good,023.png,yes
dowel,test,good,024.png,yes
dowel,test,good,025.png,yes
dowel,test,bent,000.png,yes
dowel,test,bent,001.png,yes
dowel,test,bent,002.png,yes
dowel,test,bent,003.png,yes
dowel,test,bent,004.png,yes
dowel,test,bent,005.png,yes
dowel,test,bent,006.png,yes
dowel,test,bent,007.png,yes
dowel,test,bent,008.png,yes
dowel,test,bent,009.png,yes
dowel,test,bent,010.png,yes
dowel,test,bent,011.png,yes
dowel,test,bent,012.png,yes
dowel,test,bent,013.png,yes
dowel,test,bent,014.png,yes
dowel,test,bent,015.png,yes
dowel,test,bent,016.png,yes
dowel,test,bent,017.png,yes
dowel,test,bent,018.png,yes
dowel,test,bent,019.png,yes
dowel,test,bent,020.png,yes
dowel,test,bent,021.png,yes
dowel,test,bent,022.png,yes
dowel,test,bent,023.png,yes
dowel,test,bent,024.png,yes
dowel,test,bent,025.png,yes
dowel,test,bent,026.png,yes
dowel,test,contamination,000.png,yes
dowel,test,contamination,001.png,yes
dowel,test,contamination,002.png,yes
dowel,test,contamination,003.png,yes
dowel,test,contamination,004.png,yes
dowel,test,contamination,005.png,yes
dowel,test,contamination,006.png,yes
dowel,test,contamination,007.png,yes
dowel,test,contamination,008.png,yes
dowel,test,contamination,009.png,yes
dowel,test,contamination,010.png,yes
dowel,test,contamination,011.png,yes
dowel,test,contamination,012.png,yes
dowel,test,contamination,013.png,yes
dowel,test,contamination,014.png,yes
dowel,test,contamination,015.png,yes
dowel,test,contamination,016.png,yes
dowel,test,contamination,017.png,yes
dowel,test,contamination,018.png,yes
dowel,test,contamination,019.png,yes
dowel,test,contamination,020.png,yes
dowel,test,contamination,021.png,yes
dowel,test,contamination,022.png,yes
dowel,test,contamination,023.png,yes
dowel,test,contamination,024.png,yes
dowel,test,contamination,025.png,yes
dowel,test,combined,000.png,yes
dowel,test,combined,001.png,yes
dowel,test,combined,002.png,yes
dowel,test,combined,003.png,yes
dowel,test,combined,004.png,yes
dowel,test,combined,005.png,yes
dowel,test,combined,006.png,yes
dowel,test,combined,007.png,yes
dowel,test,combined,008.png,yes
dowel,test,combined,009.png,yes
dowel,test,combined,010.png,yes
dowel,test,combined,011.png,yes
dowel,test,combined,012.png,yes
dowel,test,combined,013.png,yes
dowel,test,combined,014.png,yes
dowel,test,combined,015.png,yes
dowel,test,combined,016.png,yes
dowel,test,combined,017.png,yes
dowel,test,combined,018.png,yes
dowel,test,combined,019.png,yes
dowel,test,combined,020.png,yes
dowel,test,combined,021.png,yes
dowel,test,combined,022.png,yes
dowel,test,combined,023.png,yes
dowel,test,combined,024.png,yes
dowel,test,combined,025.png,yes
dowel,test,cut,000.png,yes
dowel,test,cut,001.png,yes
dowel,test,cut,002.png,yes
dowel,test,cut,003.png,yes
dowel,test,cut,004.png,yes
dowel,test,cut,005.png,yes
dowel,test,cut,006.png,yes
dowel,test,cut,007.png,yes
dowel,test,cut,008.png,yes
dowel,test,cut,009.png,yes
dowel,test,cut,010.png,yes
dowel,test,cut,011.png,yes
dowel,test,cut,012.png,yes
dowel,test,cut,013.png,yes
dowel,test,cut,014.png,yes
dowel,test,cut,015.png,yes
dowel,test,cut,016.png,yes
dowel,test,cut,017.png,yes
dowel,test,cut,018.png,yes
dowel,test,cut,019.png,yes
dowel,test,cut,020.png,yes
dowel,test,cut,021.png,yes
dowel,test,cut,022.png,yes
dowel,test,cut,023.png,yes
dowel,test,cut,024.png,yes
foam,train,good,000.png,yes
foam,train,good,001.png,yes
foam,train,good,002.png,yes
foam,train,good,003.png,yes
foam,train,good,004.png,yes
foam,train,good,005.png,yes
foam,train,good,006.png,yes
foam,train,good,007.png,yes
foam,train,good,008.png,yes
foam,train,good,009.png,yes
foam,train,good,010.png,yes
foam,train,good,011.png,yes
foam,train,good,012.png,yes
foam,train,good,013.png,yes
foam,train,good,014.png,yes
foam,train,good,015.png,yes
foam,train,good,016.png,yes
foam,train,good,017.png,yes
foam,train,good,018.png,yes
foam,train,good,019.png,yes
foam,train,good,020.png,yes
foam,train,good,021.png,yes
foam,train,good,022.png,yes
foam,train,good,023.png,yes
foam,train,good,024.png,yes
foam,train,good,025.png,yes
foam,train,good,026.png,yes
foam,train,good,027.png,yes
foam,train,good,028.png,yes
foam,train,good,029.png,yes
foam,train,good,030.png,yes
foam,train,good,031.png,yes
foam,train,good,032.png,yes
foam,train,good,033.png,yes
foam,train,good,034.png,yes
foam,train,good,035.png,yes
foam,train,good,036.png,yes
foam,train,good,037.png,yes
foam,train,good,038.png,yes
foam,train,good,039.png,yes
foam,train,good,040.png,yes
foam,train,good,041.png,yes
foam,train,good,042.png,yes
foam,train,good,043.png,yes
foam,train,good,044.png,yes
foam,train,good,045.png,yes
foam,train,good,046.png,yes
foam,train,good,047.png,yes
foam,train,good,048.png,yes
foam,train,good,049.png,yes
foam,train,good,050.png,yes
foam,train,good,051.png,yes
foam,train,good,052.png,yes
foam,train,good,053.png,yes
foam,train,good,054.png,yes
foam,train,good,055.png,yes
foam,train,good,056.png,yes
foam,train,good,057.png,yes
foam,train,good,058.png,yes
foam,train,good,059.png,yes
foam,train,good,060.png,yes
foam,train,good,061.png,yes
foam,train,good,062.png,yes
foam,train,good,063.png,yes
foam,train,good,064.png,yes
foam,train,good,065.png,yes
foam,train,good,066.png,yes
foam,train,good,067.png,yes
foam,train,good,068.png,yes
foam,train,good,069.png,yes
foam,train,good,070.png,yes
foam,train,good,071.png,yes
foam,train,good,072.png,yes
foam,train,good,073.png,yes
foam,train,good,074.png,yes
foam,train,good,075.png,yes
foam,train,good,076.png,yes
foam,train,good,077.png,yes
foam,train,good,078.png,yes
foam,train,good,079.png,yes
foam,train,good,080.png,yes
foam,train,good,081.png,yes
foam,train,good,082.png,yes
foam,train,good,083.png,yes
foam,train,good,084.png,yes
foam,train,good,085.png,yes
foam,train,good,086.png,yes
foam,train,good,087.png,yes
foam,train,good,088.png,yes
foam,train,good,089.png,yes
foam,train,good,090.png,yes
foam,train,good,091.png,yes
foam,train,good,092.png,yes
foam,train,good,093.png,yes
foam,train,good,094.png,yes
foam,train,good,095.png,yes
foam,train,good,096.png,yes
foam,train,good,097.png,yes
foam,train,good,098.png,yes
foam,train,good,099.png,yes
foam,train,good,100.png,yes
foam,train,good,101.png,yes
foam,train,good,102.png,yes
foam,train,good,103.png,yes
foam,train,good,104.png,yes
foam,train,good,105.png,yes
foam,train,good,106.png,yes
foam,train,good,107.png,yes
foam,train,good,108.png,yes
foam,train,good,109.png,yes
foam,train,good,110.png,yes
foam,train,good,111.png,yes
foam,train,good,112.png,yes
foam,train,good,113.png,yes
foam,train,good,114.png,yes
foam,train,good,115.png,yes
foam,train,good,116.png,yes
foam,train,good,117.png,yes
foam,train,good,118.png,yes
foam,train,good,119.png,yes
foam,train,good,120.png,yes
foam,train,good,121.png,yes
foam,train,good,122.png,yes
foam,train,good,123.png,yes
foam,train,good,124.png,yes
foam,train,good,125.png,yes
foam,train,good,126.png,yes
foam,train,good,127.png,yes
foam,train,good,128.png,yes
foam,train,good,129.png,yes
foam,train,good,130.png,yes
foam,train,good,131.png,yes
foam,train,good,132.png,yes
foam,train,good,133.png,yes
foam,train,good,134.png,yes
foam,train,good,135.png,yes
foam,train,good,136.png,yes
foam,train,good,137.png,yes
foam,train,good,138.png,yes
foam,train,good,139.png,yes
foam,train,good,140.png,yes
foam,train,good,141.png,yes
foam,train,good,142.png,yes
foam,train,good,143.png,yes
foam,train,good,144.png,yes
foam,train,good,145.png,yes
foam,train,good,146.png,yes
foam,train,good,147.png,yes
foam,train,good,148.png,yes
foam,train,good,149.png,yes
foam,train,good,150.png,yes
foam,train,good,151.png,yes
foam,train,good,152.png,yes
foam,train,good,153.png,yes
foam,train,good,154.png,yes
foam,train,good,155.png,yes
foam,train,good,156.png,yes
foam,train,good,157.png,yes
foam,train,good,158.png,yes
foam,train,good,159.png,yes
foam,train,good,160.png,yes
foam,train,good,161.png,yes
foam,train,good,162.png,yes
foam,train,good,163.png,yes
foam,train,good,164.png,yes
foam,train,good,165.png,yes
foam,train,good,166.png,yes
foam,train,good,167.png,yes
foam,train,good,168.png,yes
foam,train,good,169.png,yes
foam,train,good,170.png,yes
foam,train,good,171.png,yes
foam,train,good,172.png,yes
foam,train,good,173.png,yes
foam,train,good,174.png,yes
foam,train,good,175.png,yes
foam,train,good,176.png,yes
foam,train,good,177.png,yes
foam,train,good,178.png,yes
foam,train,good,179.png,yes
foam,train,good,180.png,yes
foam,train,good,181.png,yes
foam,train,good,182.png,yes
foam,train,good,183.png,yes
foam,train,good,184.png,yes
foam,train,good,185.png,yes
foam,train,good,186.png,yes
foam,train,good,187.png,yes
foam,train,good,188.png,yes
foam,train,good,189.png,yes
foam,train,good,190.png,yes
foam,train,good,191.png,yes
foam,train,good,192.png,yes
foam,train,good,193.png,yes
foam,train,good,194.png,yes
foam,train,good,195.png,yes
foam,train,good,196.png,yes
foam,train,good,197.png,yes
foam,train,good,198.png,yes
foam,train,good,199.png,yes
foam,train,good,200.png,yes
foam,train,good,201.png,yes
foam,train,good,202.png,yes
foam,train,good,203.png,yes
foam,train,good,204.png,yes
foam,train,good,205.png,yes
foam,train,good,206.png,yes
foam,train,good,207.png,yes
foam,train,good,208.png,yes
foam,train,good,209.png,yes
foam,train,good,210.png,yes
foam,train,good,211.png,yes
foam,train,good,212.png,yes
foam,train,good,213.png,yes
foam,train,good,214.png,yes
foam,train,good,215.png,yes
foam,train,good,216.png,yes
foam,train,good,217.png,yes
foam,train,good,218.png,yes
foam,train,good,219.png,yes
foam,train,good,220.png,yes
foam,train,good,221.png,yes
foam,train,good,222.png,yes
foam,train,good,223.png,yes
foam,train,good,224.png,yes
foam,train,good,225.png,yes
foam,train,good,226.png,yes
foam,train,good,227.png,yes
foam,train,good,228.png,yes
foam,train,good,229.png,yes
foam,train,good,230.png,yes
foam,train,good,231.png,yes
foam,train,good,232.png,yes
foam,train,good,233.png,yes
foam,train,good,234.png,yes
foam,train,good,235.png,yes
foam,test,good,000.png,yes
foam,test,good,001.png,yes
foam,test,good,002.png,yes
foam,test,good,003.png,yes
foam,test,good,004.png,yes
foam,test,good,005.png,yes
foam,test,good,006.png,yes
foam,test,good,007.png,yes
foam,test,good,008.png,yes
foam,test,good,009.png,yes
foam,test,good,010.png,yes
foam,test,good,011.png,yes
foam,test,good,012.png,yes
foam,test,good,013.png,yes
foam,test,good,014.png,yes
foam,test,good,015.png,yes
foam,test,good,016.png,yes
foam,test,good,017.png,yes
foam,test,good,018.png,yes
foam,test,good,019.png,yes
foam,test,contamination,000.png,yes
foam,test,contamination,001.png,yes
foam,test,contamination,002.png,yes
foam,test,contamination,003.png,yes
foam,test,contamination,004.png,yes
foam,test,contamination,005.png,yes
foam,test,contamination,006.png,yes
foam,test,contamination,007.png,yes
foam,test,contamination,008.png,yes
foam,test,contamination,009.png,yes
foam,test,contamination,010.png,yes
foam,test,contamination,011.png,yes
foam,test,contamination,012.png,yes
foam,test,contamination,013.png,yes
foam,test,contamination,014.png,yes
foam,test,contamination,015.png,yes
foam,test,contamination,016.png,yes
foam,test,contamination,017.png,yes
foam,test,contamination,018.png,yes
foam,test,contamination,019.png,yes
foam,test,combined,000.png,yes
foam,test,combined,001.png,yes
foam,test,combined,002.png,yes
foam,test,combined,003.png,yes
foam,test,combined,004.png,yes
foam,test,combined,005.png,yes
foam,test,combined,006.png,yes
foam,test,combined,007.png,yes
foam,test,combined,008.png,yes
foam,test,combined,009.png,yes
foam,test,combined,010.png,yes
foam,test,combined,011.png,yes
foam,test,combined,012.png,yes
foam,test,combined,013.png,yes
foam,test,combined,014.png,yes
foam,test,combined,015.png,yes
foam,test,combined,016.png,yes
foam,test,combined,017.png,yes
foam,test,combined,018.png,yes
foam,test,combined,019.png,yes
foam,test,color,000.png,yes
foam,test,color,001.png,yes
foam,test,color,002.png,yes
foam,test,color,003.png,yes
foam,test,color,004.png,yes
foam,test,color,005.png,yes
foam,test,color,006.png,yes
foam,test,color,007.png,yes
foam,test,color,008.png,yes
foam,test,color,009.png,yes
foam,test,color,010.png,yes
foam,test,color,011.png,yes
foam,test,color,012.png,yes
foam,test,color,013.png,yes
foam,test,color,014.png,yes
foam,test,color,015.png,yes
foam,test,color,016.png,yes
foam,test,color,017.png,yes
foam,test,color,018.png,yes
foam,test,color,019.png,yes
foam,test,cut,000.png,yes
foam,test,cut,001.png,yes
foam,test,cut,002.png,yes
foam,test,cut,003.png,yes
foam,test,cut,004.png,yes
foam,test,cut,005.png,yes
foam,test,cut,006.png,yes
foam,test,cut,007.png,yes
foam,test,cut,008.png,yes
foam,test,cut,009.png,yes
foam,test,cut,010.png,yes
foam,test,cut,011.png,yes
foam,test,cut,012.png,yes
foam,test,cut,013.png,yes
foam,test,cut,014.png,yes
foam,test,cut,015.png,yes
foam,test,cut,016.png,yes
foam,test,cut,017.png,yes
foam,test,cut,018.png,yes
foam,test,cut,019.png,yes
peach,train,good,000.png,yes
peach,train,good,001.png,yes
peach,train,good,002.png,yes
peach,train,good,003.png,yes
peach,train,good,004.png,yes
peach,train,good,005.png,yes
peach,train,good,006.png,yes
peach,train,good,007.png,yes
peach,train,good,008.png,yes
peach,train,good,009.png,yes
peach,train,good,010.png,yes
peach,train,good,011.png,yes
peach,train,good,012.png,yes
peach,train,good,013.png,yes
peach,train,good,014.png,yes
peach,train,good,015.png,yes
peach,train,good,016.png,yes
peach,train,good,017.png,yes
peach,train,good,018.png,yes
peach,train,good,019.png,yes
peach,train,good,020.png,yes
peach,train,good,021.png,yes
peach,train,good,022.png,yes
peach,train,good,023.png,yes
peach,train,good,024.png,yes
peach,train,good,025.png,yes
peach,train,good,026.png,yes
peach,train,good,027.png,yes
peach,train,good,028.png,yes
peach,train,good,029.png,yes
peach,train,good,030.png,yes
peach,train,good,031.png,yes
peach,train,good,032.png,yes
peach,train,good,033.png,yes
peach,train,good,034.png,yes
peach,train,good,035.png,yes
peach,train,good,036.png,yes
peach,train,good,037.png,yes
peach,train,good,038.png,yes
peach,train,good,039.png,yes
peach,train,good,040.png,yes
peach,train,good,041.png,yes
peach,train,good,042.png,yes
peach,train,good,043.png,yes
peach,train,good,044.png,yes
peach,train,good,045.png,yes
peach,train,good,046.png,yes
peach,train,good,047.png,yes
peach,train,good,048.png,yes
peach,train,good,049.png,yes
peach,train,good,050.png,yes
peach,train,good,051.png,yes
peach,train,good,052.png,yes
peach,train,good,053.png,yes
peach,train,good,054.png,yes
peach,train,good,055.png,yes
peach,train,good,056.png,yes
peach,train,good,057.png,yes
peach,train,good,058.png,yes
peach,train,good,059.png,yes
peach,train,good,060.png,yes
peach,train,good,061.png,yes
peach,train,good,062.png,yes
peach,train,good,063.png,yes
peach,train,good,064.png,yes
peach,train,good,065.png,yes
peach,train,good,066.png,yes
peach,train,good,067.png,yes
peach,train,good,068.png,yes
peach,train,good,069.png,yes
peach,train,good,070.png,yes
peach,train,good,071.png,yes
peach,train,good,072.png,yes
peach,train,good,073.png,yes
peach,train,good,074.png,yes
peach,train,good,075.png,yes
peach,train,good,076.png,yes
peach,train,good,077.png,yes
peach,train,good,078.png,yes
peach,train,good,079.png,yes
peach,train,good,080.png,yes
peach,train,good,081.png,yes
peach,train,good,082.png,yes
peach,train,good,083.png,yes
peach,train,good,084.png,yes
peach,train,good,085.png,yes
peach,train,good,086.png,yes
peach,train,good,087.png,yes
peach,train,good,088.png,yes
peach,train,good,089.png,yes
peach,train,good,090.png,yes
peach,train,good,091.png,yes
peach,train,good,092.png,yes
peach,train,good,093.png,yes
peach,train,good,094.png,yes
peach,train,good,095.png,yes
peach,train,good,096.png,yes
peach,train,good,097.png,yes
peach,train,good,098.png,yes
peach,train,good,099.png,yes
peach,train,good,100.png,yes
peach,train,good,101.png,yes
peach,train,good,102.png,yes
peach,train,good,103.png,yes
peach,train,good,104.png,yes
peach,train,good,105.png,yes
peach,train,good,106.png,yes
peach,train,good,107.png,yes
peach,train,good,108.png,yes
peach,train,good,109.png,yes
peach,train,good,110.png,yes
peach,train,good,111.png,yes
peach,train,good,112.png,yes
peach,train,good,113.png,yes
peach,train,good,114.png,yes
peach,train,good,115.png,yes
peach,train,good,116.png,yes
peach,train,good,117.png,yes
peach,train,good,118.png,yes
peach,train,good,119.png,yes
peach,train,good,120.png,yes
peach,train,good,121.png,yes
peach,train,good,122.png,yes
peach,train,good,123.png,yes
peach,train,good,124.png,yes
peach,train,good,125.png,yes
peach,train,good,126.png,yes
peach,train,good,127.png,yes
peach,train,good,128.png,yes
peach,train,good,129.png,yes
peach,train,good,130.png,yes
peach,train,good,131.png,yes
peach,train,good,132.png,yes
peach,train,good,133.png,yes
peach,train,good,134.png,yes
peach,train,good,135.png,yes
peach,train,good,136.png,yes
peach,train,good,137.png,yes
peach,train,good,138.png,yes
peach,train,good,139.png,yes
peach,train,good,140.png,yes
peach,train,good,141.png,yes
peach,train,good,142.png,yes
peach,train,good,143.png,yes
peach,train,good,144.png,yes
peach,train,good,145.png,yes
peach,train,good,146.png,yes
peach,train,good,147.png,yes
peach,train,good,148.png,yes
peach,train,good,149.png,yes
peach,train,good,150.png,yes
peach,train,good,151.png,yes
peach,train,good,152.png,yes
peach,train,good,153.png,yes
peach,train,good,154.png,yes
peach,train,good,155.png,yes
peach,train,good,156.png,yes
peach,train,good,157.png,yes
peach,train,good,158.png,yes
peach,train,good,159.png,yes
peach,train,good,160.png,yes
peach,train,good,161.png,yes
peach,train,good,162.png,yes
peach,train,good,163.png,yes
peach,train,good,164.png,yes
peach,train,good,165.png,yes
peach,train,good,166.png,yes
peach,train,good,167.png,yes
peach,train,good,168.png,yes
peach,train,good,169.png,yes
peach,train,good,170.png,yes
peach,train,good,171.png,yes
peach,train,good,172.png,yes
peach,train,good,173.png,yes
peach,train,good,174.png,yes
peach,train,good,175.png,yes
peach,train,good,176.png,yes
peach,train,good,177.png,yes
peach,train,good,178.png,yes
peach,train,good,179.png,yes
peach,train,good,180.png,yes
peach,train,good,181.png,yes
peach,train,good,182.png,yes
peach,train,good,183.png,yes
peach,train,good,184.png,yes
peach,train,good,185.png,yes
peach,train,good,186.png,yes
peach,train,good,187.png,yes
peach,train,good,188.png,yes
peach,train,good,189.png,yes
peach,train,good,190.png,yes
peach,train,good,191.png,yes
peach,train,good,192.png,yes
peach,train,good,193.png,yes
peach,train,good,194.png,yes
peach,train,good,195.png,yes
peach,train,good,196.png,yes
peach,train,good,197.png,yes
peach,train,good,198.png,yes
peach,train,good,199.png,yes
peach,train,good,200.png,yes
peach,train,good,201.png,yes
peach,train,good,202.png,yes
peach,train,good,203.png,yes
peach,train,good,204.png,yes
peach,train,good,205.png,yes
peach,train,good,206.png,yes
peach,train,good,207.png,yes
peach,train,good,208.png,yes
peach,train,good,209.png,yes
peach,train,good,210.png,yes
peach,train,good,211.png,yes
peach,train,good,212.png,yes
peach,train,good,213.png,yes
peach,train,good,214.png,yes
peach,train,good,215.png,yes
peach,train,good,216.png,yes
peach,train,good,217.png,yes
peach,train,good,218.png,yes
peach,train,good,219.png,yes
peach,train,good,220.png,yes
peach,train,good,221.png,yes
peach,train,good,222.png,yes
peach,train,good,223.png,yes
peach,train,good,224.png,yes
peach,train,good,225.png,yes
peach,train,good,226.png,yes
peach,train,good,227.png,yes
peach,train,good,228.png,yes
peach,train,good,229.png,yes
peach,train,good,230.png,yes
peach,train,good,231.png,yes
peach,train,good,232.png,yes
peach,train,good,233.png,yes
peach,train,good,234.png,yes
peach,train,good,235.png,yes
peach,train,good,236.png,yes
peach,train,good,237.png,yes
peach,train,good,238.png,yes
peach,train,good,239.png,yes
peach,train,good,240.png,yes
peach,train,good,241.png,yes
peach,train,good,242.png,yes
peach,train,good,243.png,yes
peach,train,good,244.png,yes
peach,train,good,245.png,yes
peach,train,good,246.png,yes
peach,train,good,247.png,yes
peach,train,good,248.png,yes
peach,train,good,249.png,yes
peach,train,good,250.png,yes
peach,train,good,251.png,yes
peach,train,good,252.png,yes
peach,train,good,253.png,yes
peach,train,good,254.png,yes
peach,train,good,255.png,yes
peach,train,good,256.png,yes
peach,train,good,257.png,yes
peach,train,good,258.png,yes
peach,train,good,259.png,yes
peach,train,good,260.png,yes
peach,train,good,261.png,yes
peach,train,good,262.png,yes
peach,train,good,263.png,yes
peach,train,good,264.png,yes
peach,train,good,265.png,yes
peach,train,good,266.png,yes
peach,train,good,267.png,yes
peach,train,good,268.png,yes
peach,train,good,269.png,yes
peach,train,good,270.png,yes
peach,train,good,271.png,yes
peach,train,good,272.png,yes
peach,train,good,273.png,yes
peach,train,good,274.png,yes
peach,train,good,275.png,yes
peach,train,good,276.png,yes
peach,train,good,277.png,yes
peach,train,good,278.png,yes
peach,train,good,279.png,yes
peach,train,good,280.png,yes
peach,train,good,281.png,yes
peach,train,good,282.png,yes
peach,train,good,283.png,yes
peach,train,good,284.png,yes
peach,train,good,285.png,yes
peach,train,good,286.png,yes
peach,train,good,287.png,yes
peach,train,good,288.png,yes
peach,train,good,289.png,yes
peach,train,good,290.png,yes
peach,train,good,291.png,yes
peach,train,good,292.png,yes
peach,train,good,293.png,yes
peach,train,good,294.png,yes
peach,train,good,295.png,yes
peach,train,good,296.png,yes
peach,train,good,297.png,yes
peach,train,good,298.png,yes
peach,train,good,299.png,yes
peach,train,good,300.png,yes
peach,train,good,301.png,yes
peach,train,good,302.png,yes
peach,train,good,303.png,yes
peach,train,good,304.png,yes
peach,train,good,305.png,yes
peach,train,good,306.png,yes
peach,train,good,307.png,yes
peach,train,good,308.png,yes
peach,train,good,309.png,yes
peach,train,good,310.png,yes
peach,train,good,311.png,yes
peach,train,good,312.png,yes
peach,train,good,313.png,yes
peach,train,good,314.png,yes
peach,train,good,315.png,yes
peach,train,good,316.png,yes
peach,train,good,317.png,yes
peach,train,good,318.png,yes
peach,train,good,319.png,yes
peach,train,good,320.png,yes
peach,train,good,321.png,yes
peach,train,good,322.png,yes
peach,train,good,323.png,yes
peach,train,good,324.png,yes
peach,train,good,325.png,yes
peach,train,good,326.png,yes
peach,train,good,327.png,yes
peach,train,good,328.png,yes
peach,train,good,329.png,yes
peach,train,good,330.png,yes
peach,train,good,331.png,yes
peach,train,good,332.png,yes
peach,train,good,333.png,yes
peach,train,good,334.png,yes
peach,train,good,335.png,yes
peach,train,good,336.png,yes
peach,train,good,337.png,yes
peach,train,good,338.png,yes
peach,train,good,339.png,yes
peach,train,good,340.png,yes
peach,train,good,341.png,yes
peach,train,good,342.png,yes
peach,train,good,343.png,yes
peach,train,good,344.png,yes
peach,train,good,345.png,yes
peach,train,good,346.png,yes
peach,train,good,347.png,yes
peach,train,good,348.png,yes
peach,train,good,349.png,yes
peach,train,good,350.png,yes
peach,train,good,351.png,yes
peach,train,good,352.png,yes
peach,train,good,353.png,yes
peach,train,good,354.png,yes
peach,train,good,355.png,yes
peach,train,good,356.png,yes
peach,train,good,357.png,yes
peach,train,good,358.png,yes
peach,train,good,359.png,yes
peach,train,good,360.png,yes
peach,test,good,000.png,yes
peach,test,good,001.png,yes
peach,test,good,002.png,yes
peach,test,good,003.png,yes
peach,test,good,004.png,yes
peach,test,good,005.png,yes
peach,test,good,006.png,yes
peach,test,good,007.png,yes
peach,test,good,008.png,yes
peach,test,good,009.png,yes
peach,test,good,010.png,yes
peach,test,good,011.png,yes
peach,test,good,012.png,yes
peach,test,good,013.png,yes
peach,test,good,014.png,yes
peach,test,good,015.png,yes
peach,test,good,016.png,yes
peach,test,good,017.png,yes
peach,test,good,018.png,yes
peach,test,good,019.png,yes
peach,test,good,020.png,yes
peach,test,good,021.png,yes
peach,test,good,022.png,yes
peach,test,good,023.png,yes
peach,test,good,024.png,yes
peach,test,good,025.png,yes
peach,test,contamination,000.png,yes
peach,test,contamination,001.png,yes
peach,test,contamination,002.png,yes
peach,test,contamination,003.png,yes
peach,test,contamination,004.png,yes
peach,test,contamination,005.png,yes
peach,test,contamination,006.png,yes
peach,test,contamination,007.png,yes
peach,test,contamination,008.png,yes
peach,test,contamination,009.png,yes
peach,test,contamination,010.png,yes
peach,test,contamination,011.png,yes
peach,test,contamination,012.png,yes
peach,test,contamination,013.png,yes
peach,test,contamination,014.png,yes
peach,test,contamination,015.png,yes
peach,test,contamination,016.png,yes
peach,test,contamination,017.png,yes
peach,test,contamination,018.png,yes
peach,test,contamination,019.png,yes
peach,test,contamination,020.png,yes
peach,test,contamination,021.png,yes
peach,test,contamination,022.png,yes
peach,test,contamination,023.png,yes
peach,test,contamination,024.png,yes
peach,test,contamination,025.png,yes
peach,test,contamination,026.png,yes
peach,test,combined,000.png,yes
peach,test,combined,001.png,yes
peach,test,combined,002.png,yes
peach,test,combined,003.png,yes
peach,test,combined,004.png,yes
peach,test,combined,005.png,yes
peach,test,combined,006.png,yes
peach,test,combined,007.png,yes
peach,test,combined,008.png,yes
peach,test,combined,009.png,yes
peach,test,combined,010.png,yes
peach,test,combined,011.png,yes
peach,test,combined,012.png,yes
peach,test,combined,013.png,yes
peach,test,combined,014.png,yes
peach,test,combined,015.png,yes
peach,test,combined,016.png,yes
peach,test,combined,017.png,yes
peach,test,combined,018.png,yes
peach,test,combined,019.png,yes
peach,test,combined,020.png,yes
peach,test,combined,021.png,yes
peach,test,combined,022.png,yes
peach,test,combined,023.png,yes
peach,test,combined,024.png,yes
peach,test,cut,000.png,yes
peach,test,cut,001.png,yes
peach,test,cut,002.png,yes
peach,test,cut,003.png,yes
peach,test,cut,004.png,yes
peach,test,cut,005.png,yes
peach,test,cut,006.png,yes
peach,test,cut,007.png,yes
peach,test,cut,008.png,yes
peach,test,cut,009.png,yes
peach,test,cut,010.png,yes
peach,test,cut,011.png,yes
peach,test,cut,012.png,yes
peach,test,cut,013.png,yes
peach,test,cut,014.png,yes
peach,test,cut,015.png,yes
peach,test,cut,016.png,yes
peach,test,cut,017.png,yes
peach,test,cut,018.png,yes
peach,test,cut,019.png,yes
peach,test,cut,020.png,yes
peach,test,cut,021.png,yes
peach,test,cut,022.png,yes
peach,test,cut,023.png,yes
peach,test,cut,024.png,yes
peach,test,hole,000.png,yes
peach,test,hole,001.png,yes
peach,test,hole,002.png,yes
peach,test,hole,003.png,yes
peach,test,hole,004.png,yes
peach,test,hole,005.png,yes
peach,test,hole,006.png,yes
peach,test,hole,007.png,yes
peach,test,hole,008.png,yes
peach,test,hole,009.png,yes
peach,test,hole,010.png,yes
peach,test,hole,011.png,yes
peach,test,hole,012.png,yes
peach,test,hole,013.png,yes
peach,test,hole,014.png,yes
peach,test,hole,015.png,yes
peach,test,hole,016.png,yes
peach,test,hole,017.png,yes
peach,test,hole,018.png,yes
peach,test,hole,019.png,yes
peach,test,hole,020.png,yes
peach,test,hole,021.png,yes
peach,test,hole,022.png,yes
peach,test,hole,023.png,yes
peach,test,hole,024.png,yes
peach,test,hole,025.png,yes
peach,test,hole,026.png,yes
peach,test,hole,027.png,yes
peach,test,hole,028.png,yes
potato,train,good,000.png,yes
potato,train,good,001.png,yes
potato,train,good,002.png,yes
potato,train,good,003.png,yes
potato,train,good,004.png,yes
potato,train,good,005.png,yes
potato,train,good,006.png,yes
potato,train,good,007.png,yes
potato,train,good,008.png,yes
potato,train,good,009.png,yes
potato,train,good,010.png,yes
potato,train,good,011.png,yes
potato,train,good,012.png,yes
potato,train,good,013.png,yes
potato,train,good,014.png,yes
potato,train,good,015.png,yes
potato,train,good,016.png,yes
potato,train,good,017.png,yes
potato,train,good,018.png,yes
potato,train,good,019.png,yes
potato,train,good,020.png,yes
potato,train,good,021.png,yes
potato,train,good,022.png,yes
potato,train,good,023.png,yes
potato,train,good,024.png,yes
potato,train,good,025.png,yes
potato,train,good,026.png,yes
potato,train,good,027.png,yes
potato,train,good,028.png,yes
potato,train,good,029.png,yes
potato,train,good,030.png,yes
potato,train,good,031.png,yes
potato,train,good,032.png,yes
potato,train,good,033.png,yes
potato,train,good,034.png,yes
potato,train,good,035.png,yes
potato,train,good,036.png,yes
potato,train,good,037.png,yes
potato,train,good,038.png,yes
potato,train,good,039.png,yes
potato,train,good,040.png,yes
potato,train,good,041.png,yes
potato,train,good,042.png,yes
potato,train,good,043.png,yes
potato,train,good,044.png,yes
potato,train,good,045.png,yes
potato,train,good,046.png,yes
potato,train,good,047.png,yes
potato,train,good,048.png,yes
potato,train,good,049.png,yes
potato,train,good,050.png,yes
potato,train,good,051.png,yes
potato,train,good,052.png,yes
potato,train,good,053.png,yes
potato,train,good,054.png,yes
potato,train,good,055.png,yes
potato,train,good,056.png,yes
potato,train,good,057.png,yes
potato,train,good,058.png,yes
potato,train,good,059.png,yes
potato,train,good,060.png,yes
potato,train,good,061.png,yes
potato,train,good,062.png,yes
potato,train,good,063.png,yes
potato,train,good,064.png,yes
potato,train,good,065.png,yes
potato,train,good,066.png,yes
potato,train,good,067.png,yes
potato,train,good,068.png,yes
potato,train,good,069.png,yes
potato,train,good,070.png,yes
potato,train,good,071.png,yes
potato,train,good,072.png,yes
potato,train,good,073.png,yes
potato,train,good,074.png,yes
potato,train,good,075.png,yes
potato,train,good,076.png,yes
potato,train,good,077.png,yes
potato,train,good,078.png,yes
potato,train,good,079.png,yes
potato,train,good,080.png,yes
potato,train,good,081.png,yes
potato,train,good,082.png,yes
potato,train,good,083.png,yes
potato,train,good,084.png,yes
potato,train,good,085.png,yes
potato,train,good,086.png,yes
potato,train,good,087.png,yes
potato,train,good,088.png,yes
potato,train,good,089.png,yes
potato,train,good,090.png,yes
potato,train,good,091.png,yes
potato,train,good,092.png,yes
potato,train,good,093.png,yes
potato,train,good,094.png,yes
potato,train,good,095.png,yes
potato,train,good,096.png,yes
potato,train,good,097.png,yes
potato,train,good,098.png,yes
potato,train,good,099.png,yes
potato,train,good,100.png,yes
potato,train,good,101.png,yes
potato,train,good,102.png,yes
potato,train,good,103.png,yes
potato,train,good,104.png,yes
potato,train,good,105.png,yes
potato,train,good,106.png,yes
potato,train,good,107.png,yes
potato,train,good,108.png,yes
potato,train,good,109.png,yes
potato,train,good,110.png,yes
potato,train,good,111.png,yes
potato,train,good,112.png,yes
potato,train,good,113.png,yes
potato,train,good,114.png,yes
potato,train,good,115.png,yes
potato,train,good,116.png,yes
potato,train,good,117.png,yes
potato,train,good,118.png,yes
potato,train,good,119.png,yes
potato,train,good,120.png,yes
potato,train,good,121.png,yes
potato,train,good,122.png,yes
potato,train,good,123.png,yes
potato,train,good,124.png,yes
potato,train,good,125.png,yes
potato,train,good,126.png,yes
potato,train,good,127.png,yes
potato,train,good,128.png,yes
potato,train,good,129.png,yes
potato,train,good,130.png,yes
potato,train,good,131.png,yes
potato,train,good,132.png,yes
potato,train,good,133.png,yes
potato,train,good,134.png,yes
potato,train,good,135.png,yes
potato,train,good,136.png,yes
potato,train,good,137.png,yes
potato,train,good,138.png,yes
potato,train,good,139.png,yes
potato,train,good,140.png,yes
potato,train,good,141.png,yes
potato,train,good,142.png,yes
potato,train,good,143.png,yes
potato,train,good,144.png,yes
potato,train,good,145.png,yes
potato,train,good,146.png,yes
potato,train,good,147.png,yes
potato,train,good,148.png,yes
potato,train,good,149.png,yes
potato,train,good,150.png,yes
potato,train,good,151.png,yes
potato,train,good,152.png,yes
potato,train,good,153.png,yes
potato,train,good,154.png,yes
potato,train,good,155.png,yes
potato,train,good,156.png,yes
potato,train,good,157.png,yes
potato,train,good,158.png,yes
potato,train,good,159.png,yes
potato,train,good,160.png,yes
potato,train,good,161.png,yes
potato,train,good,162.png,yes
potato,train,good,163.png,yes
potato,train,good,164.png,yes
potato,train,good,165.png,yes
potato,train,good,166.png,yes
potato,train,good,167.png,yes
potato,train,good,168.png,yes
potato,train,good,169.png,yes
potato,train,good,170.png,yes
potato,train,good,171.png,yes
potato,train,good,172.png,yes
potato,train,good,173.png,yes
potato,train,good,174.png,yes
potato,train,good,175.png,yes
potato,train,good,176.png,yes
potato,train,good,177.png,yes
potato,train,good,178.png,yes
potato,train,good,179.png,yes
potato,train,good,180.png,yes
potato,train,good,181.png,yes
potato,train,good,182.png,yes
potato,train,good,183.png,yes
potato,train,good,184.png,yes
potato,train,good,185.png,yes
potato,train,good,186.png,yes
potato,train,good,187.png,yes
potato,train,good,188.png,yes
potato,train,good,189.png,yes
potato,train,good,190.png,yes
potato,train,good,191.png,yes
potato,train,good,192.png,yes
potato,train,good,193.png,yes
potato,train,good,194.png,yes
potato,train,good,195.png,yes
potato,train,good,196.png,yes
potato,train,good,197.png,yes
potato,train,good,198.png,yes
potato,train,good,199.png,yes
potato,train,good,200.png,yes
potato,train,good,201.png,yes
potato,train,good,202.png,yes
potato,train,good,203.png,yes
potato,train,good,204.png,yes
potato,train,good,205.png,yes
potato,train,good,206.png,yes
potato,train,good,207.png,yes
potato,train,good,208.png,yes
potato,train,good,209.png,yes
potato,train,good,210.png,yes
potato,train,good,211.png,yes
potato,train,good,212.png,yes
potato,train,good,213.png,yes
potato,train,good,214.png,yes
potato,train,good,215.png,yes
potato,train,good,216.png,yes
potato,train,good,217.png,yes
potato,train,good,218.png,yes
potato,train,good,219.png,yes
potato,train,good,220.png,yes
potato,train,good,221.png,yes
potato,train,good,222.png,yes
potato,train,good,223.png,yes
potato,train,good,224.png,yes
potato,train,good,225.png,yes
potato,train,good,226.png,yes
potato,train,good,227.png,yes
potato,train,good,228.png,yes
potato,train,good,229.png,yes
potato,train,good,230.png,yes
potato,train,good,231.png,yes
potato,train,good,232.png,yes
potato,train,good,233.png,yes
potato,train,good,234.png,yes
potato,train,good,235.png,yes
potato,train,good,236.png,yes
potato,train,good,237.png,yes
potato,train,good,238.png,yes
potato,train,good,239.png,yes
potato,train,good,240.png,yes
potato,train,good,241.png,yes
potato,train,good,242.png,yes
potato,train,good,243.png,yes
potato,train,good,244.png,yes
potato,train,good,245.png,yes
potato,train,good,246.png,yes
potato,train,good,247.png,yes
potato,train,good,248.png,yes
potato,train,good,249.png,yes
potato,train,good,250.png,yes
potato,train,good,251.png,yes
potato,train,good,252.png,yes
potato,train,good,253.png,yes
potato,train,good,254.png,yes
potato,train,good,255.png,yes
potato,train,good,256.png,yes
potato,train,good,257.png,yes
potato,train,good,258.png,yes
potato,train,good,259.png,yes
potato,train,good,260.png,yes
potato,train,good,261.png,yes
potato,train,good,262.png,yes
potato,train,good,263.png,yes
potato,train,good,264.png,yes
potato,train,good,265.png,yes
potato,train,good,266.png,yes
potato,train,good,267.png,yes
potato,train,good,268.png,yes
potato,train,good,269.png,yes
potato,train,good,270.png,yes
potato,train,good,271.png,yes
potato,train,good,272.png,yes
potato,train,good,273.png,yes
potato,train,good,274.png,yes
potato,train,good,275.png,yes
potato,train,good,276.png,yes
potato,train,good,277.png,yes
potato,train,good,278.png,yes
potato,train,good,279.png,yes
potato,train,good,280.png,yes
potato,train,good,281.png,yes
potato,train,good,282.png,yes
potato,train,good,283.png,yes
potato,train,good,284.png,yes
potato,train,good,285.png,yes
potato,train,good,286.png,yes
potato,train,good,287.png,yes
potato,train,good,288.png,yes
potato,train,good,289.png,yes
potato,train,good,290.png,yes
potato,train,good,291.png,yes
potato,train,good,292.png,yes
potato,train,good,293.png,yes
potato,train,good,294.png,yes
potato,train,good,295.png,yes
potato,train,good,296.png,yes
potato,train,good,297.png,yes
potato,train,good,298.png,yes
potato,train,good,299.png,yes
potato,test,good,000.png,yes
potato,test,good,001.png,yes
potato,test,good,002.png,yes
potato,test,good,003.png,yes
potato,test,good,004.png,yes
potato,test,good,005.png,yes
potato,test,good,006.png,yes
potato,test,good,007.png,yes
potato,test,good,008.png,yes
potato,test,good,009.png,yes
potato,test,good,010.png,yes
potato,test,good,011.png,yes
potato,test,good,012.png,yes
potato,test,good,013.png,yes
potato,test,good,014.png,yes
potato,test,good,015.png,yes
potato,test,good,016.png,yes
potato,test,good,017.png,yes
potato,test,good,018.png,yes
potato,test,good,019.png,yes
potato,test,good,020.png,yes
potato,test,good,021.png,yes
potato,test,contamination,000.png,yes
potato,test,contamination,001.png,yes
potato,test,contamination,002.png,yes
potato,test,contamination,003.png,yes
potato,test,contamination,004.png,yes
potato,test,contamination,005.png,yes
potato,test,contamination,006.png,yes
potato,test,contamination,007.png,yes
potato,test,contamination,008.png,yes
potato,test,contamination,009.png,yes
potato,test,contamination,010.png,yes
potato,test,contamination,011.png,yes
potato,test,contamination,012.png,yes
potato,test,contamination,013.png,yes
potato,test,contamination,014.png,yes
potato,test,contamination,015.png,yes
potato,test,contamination,016.png,yes
potato,test,contamination,017.png,yes
potato,test,contamination,018.png,yes
potato,test,contamination,019.png,yes
potato,test,contamination,020.png,yes
potato,test,contamination,021.png,yes
potato,test,contamination,022.png,yes
potato,test,combined,000.png,yes
potato,test,combined,001.png,yes
potato,test,combined,002.png,yes
potato,test,combined,003.png,yes
potato,test,combined,004.png,yes
potato,test,combined,005.png,yes
potato,test,combined,006.png,yes
potato,test,combined,007.png,yes
potato,test,combined,008.png,yes
potato,test,combined,009.png,yes
potato,test,combined,010.png,yes
potato,test,combined,011.png,yes
potato,test,combined,012.png,yes
potato,test,combined,013.png,yes
potato,test,combined,014.png,yes
potato,test,combined,015.png,yes
potato,test,combined,016.png,yes
potato,test,combined,017.png,yes
potato,test,combined,018.png,yes
potato,test,combined,019.png,yes
potato,test,combined,020.png,yes
potato,test,combined,021.png,yes
potato,test,combined,022.png,yes
potato,test,cut,000.png,yes
potato,test,cut,001.png,yes
potato,test,cut,002.png,yes
potato,test,cut,003.png,yes
potato,test,cut,004.png,yes
potato,test,cut,005.png,yes
potato,test,cut,006.png,yes
potato,test,cut,007.png,yes
potato,test,cut,008.png,yes
potato,test,cut,009.png,yes
potato,test,cut,010.png,yes
potato,test,cut,011.png,yes
potato,test,cut,012.png,yes
potato,test,cut,013.png,yes
potato,test,cut,014.png,yes
potato,test,cut,015.png,yes
potato,test,cut,016.png,yes
potato,test,cut,017.png,yes
potato,test,cut,018.png,yes
potato,test,cut,019.png,yes
potato,test,cut,020.png,yes
potato,test,cut,021.png,yes
potato,test,cut,022.png,yes
potato,test,hole,000.png,yes
potato,test,hole,001.png,yes
potato,test,hole,002.png,yes
potato,test,hole,003.png,yes
potato,test,hole,004.png,yes
potato,test,hole,005.png,yes
potato,test,hole,006.png,yes
potato,test,hole,007.png,yes
potato,test,hole,008.png,yes
potato,test,hole,009.png,yes
potato,test,hole,010.png,yes
potato,test,hole,011.png,yes
potato,test,hole,012.png,yes
potato,test,hole,013.png,yes
potato,test,hole,014.png,yes
potato,test,hole,015.png,yes
potato,test,hole,016.png,yes
potato,test,hole,017.png,yes
potato,test,hole,018.png,yes
potato,test,hole,019.png,yes
potato,test,hole,020.png,yes
potato,test,hole,021.png,yes
potato,test,hole,022.png,yes
rope,train,good,000.png,yes
rope,train,good,001.png,yes
rope,train,good,002.png,yes
rope,train,good,003.png,yes
rope,train,good,004.png,yes
rope,train,good,005.png,yes
rope,train,good,006.png,yes
rope,train,good,007.png,yes
rope,train,good,008.png,yes
rope,train,good,009.png,yes
rope,train,good,010.png,yes
rope,train,good,011.png,yes
rope,train,good,012.png,yes
rope,train,good,013.png,yes
rope,train,good,014.png,yes
rope,train,good,015.png,yes
rope,train,good,016.png,yes
rope,train,good,017.png,yes
rope,train,good,018.png,yes
rope,train,good,019.png,yes
rope,train,good,020.png,yes
rope,train,good,021.png,yes
rope,train,good,022.png,yes
rope,train,good,023.png,yes
rope,train,good,024.png,yes
rope,train,good,025.png,yes
rope,train,good,026.png,yes
rope,train,good,027.png,yes
rope,train,good,028.png,yes
rope,train,good,029.png,yes
rope,train,good,030.png,yes
rope,train,good,031.png,yes
rope,train,good,032.png,yes
rope,train,good,033.png,yes
rope,train,good,034.png,yes
rope,train,good,035.png,yes
rope,train,good,036.png,yes
rope,train,good,037.png,yes
rope,train,good,038.png,yes
rope,train,good,039.png,yes
rope,train,good,040.png,yes
rope,train,good,041.png,yes
rope,train,good,042.png,yes
rope,train,good,043.png,yes
rope,train,good,044.png,yes
rope,train,good,045.png,yes
rope,train,good,046.png,yes
rope,train,good,047.png,yes
rope,train,good,048.png,yes
rope,train,good,049.png,yes
rope,train,good,050.png,yes
rope,train,good,051.png,yes
rope,train,good,052.png,yes
rope,train,good,053.png,yes
rope,train,good,054.png,yes
rope,train,good,055.png,yes
rope,train,good,056.png,yes
rope,train,good,057.png,yes
rope,train,good,058.png,yes
rope,train,good,059.png,yes
rope,train,good,060.png,yes
rope,train,good,061.png,yes
rope,train,good,062.png,yes
rope,train,good,063.png,yes
rope,train,good,064.png,yes
rope,train,good,065.png,yes
rope,train,good,066.png,yes
rope,train,good,067.png,yes
rope,train,good,068.png,yes
rope,train,good,069.png,yes
rope,train,good,070.png,yes
rope,train,good,071.png,yes
rope,train,good,072.png,yes
rope,train,good,073.png,yes
rope,train,good,074.png,yes
rope,train,good,075.png,yes
rope,train,good,076.png,yes
rope,train,good,077.png,yes
rope,train,good,078.png,yes
rope,train,good,079.png,yes
rope,train,good,080.png,yes
rope,train,good,081.png,yes
rope,train,good,082.png,yes
rope,train,good,083.png,yes
rope,train,good,084.png,yes
rope,train,good,085.png,yes
rope,train,good,086.png,yes
rope,train,good,087.png,yes
rope,train,good,088.png,yes
rope,train,good,089.png,yes
rope,train,good,090.png,yes
rope,train,good,091.png,yes
rope,train,good,092.png,yes
rope,train,good,093.png,yes
rope,train,good,094.png,yes
rope,train,good,095.png,yes
rope,train,good,096.png,yes
rope,train,good,097.png,yes
rope,train,good,098.png,yes
rope,train,good,099.png,yes
rope,train,good,100.png,yes
rope,train,good,101.png,yes
rope,train,good,102.png,yes
rope,train,good,103.png,yes
rope,train,good,104.png,yes
rope,train,good,105.png,yes
rope,train,good,106.png,yes
rope,train,good,107.png,yes
rope,train,good,108.png,yes
rope,train,good,109.png,yes
rope,train,good,110.png,yes
rope,train,good,111.png,yes
rope,train,good,112.png,yes
rope,train,good,113.png,yes
rope,train,good,114.png,yes
rope,train,good,115.png,yes
rope,train,good,116.png,yes
rope,train,good,117.png,yes
rope,train,good,118.png,yes
rope,train,good,119.png,yes
rope,train,good,120.png,yes
rope,train,good,121.png,yes
rope,train,good,122.png,yes
rope,train,good,123.png,yes
rope,train,good,124.png,yes
rope,train,good,125.png,yes
rope,train,good,126.png,yes
rope,train,good,127.png,yes
rope,train,good,128.png,yes
rope,train,good,129.png,yes
rope,train,good,130.png,yes
rope,train,good,131.png,yes
rope,train,good,132.png,yes
rope,train,good,133.png,yes
rope,train,good,134.png,yes
rope,train,good,135.png,yes
rope,train,good,136.png,yes
rope,train,good,137.png,yes
rope,train,good,138.png,yes
rope,train,good,139.png,yes
rope,train,good,140.png,yes
rope,train,good,141.png,yes
rope,train,good,142.png,yes
rope,train,good,143.png,yes
rope,train,good,144.png,yes
rope,train,good,145.png,yes
rope,train,good,146.png,yes
rope,train,good,147.png,yes
rope,train,good,148.png,yes
rope,train,good,149.png,yes
rope,train,good,150.png,yes
rope,train,good,151.png,yes
rope,train,good,152.png,yes
rope,train,good,153.png,yes
rope,train,good,154.png,yes
rope,train,good,155.png,yes
rope,train,good,156.png,yes
rope,train,good,157.png,yes
rope,train,good,158.png,yes
rope,train,good,159.png,yes
rope,train,good,160.png,yes
rope,train,good,161.png,yes
rope,train,good,162.png,yes
rope,train,good,163.png,yes
rope,train,good,164.png,yes
rope,train,good,165.png,yes
rope,train,good,166.png,yes
rope,train,good,167.png,yes
rope,train,good,168.png,yes
rope,train,good,169.png,yes
rope,train,good,170.png,yes
rope,train,good,171.png,yes
rope,train,good,172.png,yes
rope,train,good,173.png,yes
rope,train,good,174.png,yes
rope,train,good,175.png,yes
rope,train,good,176.png,yes
rope,train,good,177.png,yes
rope,train,good,178.png,yes
rope,train,good,179.png,yes
rope,train,good,180.png,yes
rope,train,good,181.png,yes
rope,train,good,182.png,yes
rope,train,good,183.png,yes
rope,train,good,184.png,yes
rope,train,good,185.png,yes
rope,train,good,186.png,yes
rope,train,good,187.png,yes
rope,train,good,188.png,yes
rope,train,good,189.png,yes
rope,train,good,190.png,yes
rope,train,good,191.png,yes
rope,train,good,192.png,yes
rope,train,good,193.png,yes
rope,train,good,194.png,yes
rope,train,good,195.png,yes
rope,train,good,196.png,yes
rope,train,good,197.png,yes
rope,train,good,198.png,yes
rope,train,good,199.png,yes
rope,train,good,200.png,yes
rope,train,good,201.png,yes
rope,train,good,202.png,yes
rope,train,good,203.png,yes
rope,train,good,204.png,yes
rope,train,good,205.png,yes
rope,train,good,206.png,yes
rope,train,good,207.png,yes
rope,train,good,208.png,yes
rope,train,good,209.png,yes
rope,train,good,210.png,yes
rope,train,good,211.png,yes
rope,train,good,212.png,yes
rope,train,good,213.png,yes
rope,train,good,214.png,yes
rope,train,good,215.png,yes
rope,train,good,216.png,yes
rope,train,good,217.png,yes
rope,train,good,218.png,yes
rope,train,good,219.png,yes
rope,train,good,220.png,yes
rope,train,good,221.png,yes
rope,train,good,222.png,yes
rope,train,good,223.png,yes
rope,train,good,224.png,yes
rope,train,good,225.png,yes
rope,train,good,226.png,yes
rope,train,good,227.png,yes
rope,train,good,228.png,yes
rope,train,good,229.png,yes
rope,train,good,230.png,yes
rope,train,good,231.png,yes
rope,train,good,232.png,yes
rope,train,good,233.png,yes
rope,train,good,234.png,yes
rope,train,good,235.png,yes
rope,train,good,236.png,yes
rope,train,good,237.png,yes
rope,train,good,238.png,yes
rope,train,good,239.png,yes
rope,train,good,240.png,yes
rope,train,good,241.png,yes
rope,train,good,242.png,yes
rope,train,good,243.png,yes
rope,train,good,244.png,yes
rope,train,good,245.png,yes
rope,train,good,246.png,yes
rope,train,good,247.png,yes
rope,train,good,248.png,yes
rope,train,good,249.png,yes
rope,train,good,250.png,yes
rope,train,good,251.png,yes
rope,train,good,252.png,yes
rope,train,good,253.png,yes
rope,train,good,254.png,yes
rope,train,good,255.png,yes
rope,train,good,256.png,yes
rope,train,good,257.png,yes
rope,train,good,258.png,yes
rope,train,good,259.png,yes
rope,train,good,260.png,yes
rope,train,good,261.png,yes
rope,train,good,262.png,yes
rope,train,good,263.png,yes
rope,train,good,264.png,yes
rope,train,good,265.png,yes
rope,train,good,266.png,yes
rope,train,good,267.png,yes
rope,train,good,268.png,yes
rope,train,good,269.png,yes
rope,train,good,270.png,yes
rope,train,good,271.png,yes
rope,train,good,272.png,yes
rope,train,good,273.png,yes
rope,train,good,274.png,yes
rope,train,good,275.png,yes
rope,train,good,276.png,yes
rope,train,good,277.png,yes
rope,train,good,278.png,yes
rope,train,good,279.png,yes
rope,train,good,280.png,yes
rope,train,good,281.png,yes
rope,train,good,282.png,yes
rope,train,good,283.png,yes
rope,train,good,284.png,yes
rope,train,good,285.png,yes
rope,train,good,286.png,yes
rope,train,good,287.png,yes
rope,train,good,288.png,yes
rope,train,good,289.png,yes
rope,train,good,290.png,yes
rope,train,good,291.png,yes
rope,train,good,292.png,yes
rope,train,good,293.png,yes
rope,train,good,294.png,yes
rope,train,good,295.png,yes
rope,train,good,296.png,yes
rope,train,good,297.png,yes
rope,test,good,000.png,yes
rope,test,good,001.png,yes
rope,test,good,002.png,yes
rope,test,good,003.png,yes
rope,test,good,004.png,yes
rope,test,good,005.png,yes
rope,test,good,006.png,yes
rope,test,good,007.png,yes
rope,test,good,008.png,yes
rope,test,good,009.png,yes
rope,test,good,010.png,yes
rope,test,good,011.png,yes
rope,test,good,012.png,yes
rope,test,good,013.png,yes
rope,test,good,014.png,yes
rope,test,good,015.png,yes
rope,test,good,016.png,yes
rope,test,good,017.png,yes
rope,test,good,018.png,yes
rope,test,good,019.png,yes
rope,test,good,020.png,yes
rope,test,good,021.png,yes
rope,test,good,022.png,yes
rope,test,good,023.png,yes
rope,test,good,024.png,yes
rope,test,good,025.png,yes
rope,test,good,026.png,yes
rope,test,good,027.png,yes
rope,test,good,028.png,yes
rope,test,good,029.png,yes
rope,test,good,030.png,yes
rope,test,good,031.png,yes
rope,test,contamination,000.png,yes
rope,test,contamination,001.png,yes
rope,test,contamination,002.png,yes
rope,test,contamination,003.png,yes
rope,test,contamination,004.png,yes
rope,test,contamination,005.png,yes
rope,test,contamination,006.png,yes
rope,test,contamination,007.png,yes
rope,test,contamination,008.png,yes
rope,test,contamination,009.png,yes
rope,test,contamination,010.png,yes
rope,test,contamination,011.png,yes
rope,test,contamination,012.png,yes
rope,test,contamination,013.png,yes
rope,test,contamination,014.png,yes
rope,test,contamination,015.png,yes
rope,test,contamination,016.png,yes
rope,test,contamination,017.png,yes
rope,test,contamination,018.png,yes
rope,test,contamination,019.png,yes
rope,test,contamination,020.png,yes
rope,test,contamination,021.png,yes
rope,test,contamination,022.png,yes
rope,test,contamination,023.png,yes
rope,test,contamination,024.png,yes
rope,test,open,000.png,yes
rope,test,open,001.png,yes
rope,test,open,002.png,yes
rope,test,open,003.png,yes
rope,test,open,004.png,yes
rope,test,open,005.png,yes
rope,test,open,006.png,yes
rope,test,open,007.png,yes
rope,test,open,008.png,yes
rope,test,open,009.png,yes
rope,test,open,010.png,yes
rope,test,open,011.png,yes
rope,test,open,012.png,yes
rope,test,open,013.png,yes
rope,test,open,014.png,yes
rope,test,open,015.png,yes
rope,test,open,016.png,yes
rope,test,cut,000.png,yes
rope,test,cut,001.png,yes
rope,test,cut,002.png,yes
rope,test,cut,003.png,yes
rope,test,cut,004.png,yes
rope,test,cut,005.png,yes
rope,test,cut,006.png,yes
rope,test,cut,007.png,yes
rope,test,cut,008.png,yes
rope,test,cut,009.png,yes
rope,test,cut,010.png,yes
rope,test,cut,011.png,yes
rope,test,cut,012.png,yes
rope,test,cut,013.png,yes
rope,test,cut,014.png,yes
rope,test,cut,015.png,yes
rope,test,cut,016.png,yes
rope,test,cut,017.png,yes
rope,test,cut,018.png,yes
rope,test,cut,019.png,yes
rope,test,cut,020.png,yes
rope,test,cut,021.png,yes
rope,test,cut,022.png,yes
rope,test,cut,023.png,yes
rope,test,cut,024.png,yes
rope,test,cut,025.png,yes
rope,test,cut,026.png,yes
tire,train,good,000.png,yes
tire,train,good,001.png,yes
tire,train,good,002.png,yes
tire,train,good,003.png,yes
tire,train,good,004.png,yes
tire,train,good,005.png,yes
tire,train,good,006.png,yes
tire,train,good,007.png,yes
tire,train,good,008.png,yes
tire,train,good,009.png,yes
tire,train,good,010.png,yes
tire,train,good,011.png,yes
tire,train,good,012.png,yes
tire,train,good,013.png,yes
tire,train,good,014.png,yes
tire,train,good,015.png,yes
tire,train,good,016.png,yes
tire,train,good,017.png,yes
tire,train,good,018.png,yes
tire,train,good,019.png,yes
tire,train,good,020.png,yes
tire,train,good,021.png,yes
tire,train,good,022.png,yes
tire,train,good,023.png,yes
tire,train,good,024.png,yes
tire,train,good,025.png,yes
tire,train,good,026.png,yes
tire,train,good,027.png,yes
tire,train,good,028.png,yes
tire,train,good,029.png,yes
tire,train,good,030.png,yes
tire,train,good,031.png,yes
tire,train,good,032.png,yes
tire,train,good,033.png,yes
tire,train,good,034.png,yes
tire,train,good,035.png,yes
tire,train,good,036.png,yes
tire,train,good,037.png,yes
tire,train,good,038.png,yes
tire,train,good,039.png,yes
tire,train,good,040.png,yes
tire,train,good,041.png,yes
tire,train,good,042.png,yes
tire,train,good,043.png,yes
tire,train,good,044.png,yes
tire,train,good,045.png,yes
tire,train,good,046.png,yes
tire,train,good,047.png,yes
tire,train,good,048.png,yes
tire,train,good,049.png,yes
tire,train,good,050.png,yes
tire,train,good,051.png,yes
tire,train,good,052.png,yes
tire,train,good,053.png,yes
tire,train,good,054.png,yes
tire,train,good,055.png,yes
tire,train,good,056.png,yes
tire,train,good,057.png,yes
tire,train,good,058.png,yes
tire,train,good,059.png,yes
tire,train,good,060.png,yes
tire,train,good,061.png,yes
tire,train,good,062.png,yes
tire,train,good,063.png,yes
tire,train,good,064.png,yes
tire,train,good,065.png,yes
tire,train,good,066.png,yes
tire,train,good,067.png,yes
tire,train,good,068.png,yes
tire,train,good,069.png,yes
tire,train,good,070.png,yes
tire,train,good,071.png,yes
tire,train,good,072.png,yes
tire,train,good,073.png,yes
tire,train,good,074.png,yes
tire,train,good,075.png,yes
tire,train,good,076.png,yes
tire,train,good,077.png,yes
tire,train,good,078.png,yes
tire,train,good,079.png,yes
tire,train,good,080.png,yes
tire,train,good,081.png,yes
tire,train,good,082.png,yes
tire,train,good,083.png,yes
tire,train,good,084.png,yes
tire,train,good,085.png,yes
tire,train,good,086.png,yes
tire,train,good,087.png,yes
tire,train,good,088.png,yes
tire,train,good,089.png,yes
tire,train,good,090.png,yes
tire,train,good,091.png,yes
tire,train,good,092.png,yes
tire,train,good,093.png,yes
tire,train,good,094.png,yes
tire,train,good,095.png,yes
tire,train,good,096.png,yes
tire,train,good,097.png,yes
tire,train,good,098.png,yes
tire,train,good,099.png,yes
tire,train,good,100.png,yes
tire,train,good,101.png,yes
tire,train,good,102.png,yes
tire,train,good,103.png,yes
tire,train,good,104.png,yes
tire,train,good,105.png,yes
tire,train,good,106.png,yes
tire,train,good,107.png,yes
tire,train,good,108.png,yes
tire,train,good,109.png,yes
tire,train,good,110.png,yes
tire,train,good,111.png,yes
tire,train,good,112.png,yes
tire,train,good,113.png,yes
tire,train,good,114.png,yes
tire,train,good,115.png,yes
tire,train,good,116.png,yes
tire,train,good,117.png,yes
tire,train,good,118.png,yes
tire,train,good,119.png,yes
tire,train,good,120.png,yes
tire,train,good,121.png,yes
tire,train,good,122.png,yes
tire,train,good,123.png,yes
tire,train,good,124.png,yes
tire,train,good,125.png,yes
tire,train,good,126.png,yes
tire,train,good,127.png,yes
tire,train,good,128.png,yes
tire,train,good,129.png,yes
tire,train,good,130.png,yes
tire,train,good,131.png,yes
tire,train,good,132.png,yes
tire,train,good,133.png,yes
tire,train,good,134.png,yes
tire,train,good,135.png,yes
tire,train,good,136.png,yes
tire,train,good,137.png,yes
tire,train,good,138.png,yes
tire,train,good,139.png,yes
tire,train,good,140.png,yes
tire,train,good,141.png,yes
tire,train,good,142.png,yes
tire,train,good,143.png,yes
tire,train,good,144.png,yes
tire,train,good,145.png,yes
tire,train,good,146.png,yes
tire,train,good,147.png,yes
tire,train,good,148.png,yes
tire,train,good,149.png,yes
tire,train,good,150.png,yes
tire,train,good,151.png,yes
tire,train,good,152.png,yes
tire,train,good,153.png,yes
tire,train,good,154.png,yes
tire,train,good,155.png,yes
tire,train,good,156.png,yes
tire,train,good,157.png,yes
tire,train,good,158.png,yes
tire,train,good,159.png,yes
tire,train,good,160.png,yes
tire,train,good,161.png,yes
tire,train,good,162.png,yes
tire,train,good,163.png,yes
tire,train,good,164.png,yes
tire,train,good,165.png,yes
tire,train,good,166.png,yes
tire,train,good,167.png,yes
tire,train,good,168.png,yes
tire,train,good,169.png,yes
tire,train,good,170.png,yes
tire,train,good,171.png,yes
tire,train,good,172.png,yes
tire,train,good,173.png,yes
tire,train,good,174.png,yes
tire,train,good,175.png,yes
tire,train,good,176.png,yes
tire,train,good,177.png,yes
tire,train,good,178.png,yes
tire,train,good,179.png,yes
tire,train,good,180.png,yes
tire,train,good,181.png,yes
tire,train,good,182.png,yes
tire,train,good,183.png,yes
tire,train,good,184.png,yes
tire,train,good,185.png,yes
tire,train,good,186.png,yes
tire,train,good,187.png,yes
tire,train,good,188.png,yes
tire,train,good,189.png,yes
tire,train,good,190.png,yes
tire,train,good,191.png,yes
tire,train,good,192.png,yes
tire,train,good,193.png,yes
tire,train,good,194.png,yes
tire,train,good,195.png,yes
tire,train,good,196.png,yes
tire,train,good,197.png,yes
tire,train,good,198.png,yes
tire,train,good,199.png,yes
tire,train,good,200.png,yes
tire,train,good,201.png,yes
tire,train,good,202.png,yes
tire,train,good,203.png,yes
tire,train,good,204.png,yes
tire,train,good,205.png,yes
tire,train,good,206.png,yes
tire,train,good,207.png,yes
tire,train,good,208.png,yes
tire,train,good,209.png,yes
tire,test,good,000.png,yes
tire,test,good,001.png,yes
tire,test,good,002.png,yes
tire,test,good,003.png,yes
tire,test,good,004.png,yes
tire,test,good,005.png,yes
tire,test,good,006.png,yes
tire,test,good,007.png,yes
tire,test,good,008.png,yes
tire,test,good,009.png,yes
tire,test,good,010.png,yes
tire,test,good,011.png,yes
tire,test,good,012.png,yes
tire,test,good,013.png,yes
tire,test,good,014.png,yes
tire,test,good,015.png,yes
tire,test,good,016.png,yes
tire,test,good,017.png,yes
tire,test,good,018.png,yes
tire,test,good,019.png,yes
tire,test,good,020.png,yes
tire,test,good,021.png,yes
tire,test,good,022.png,yes
tire,test,good,023.png,yes
tire,test,good,024.png,yes
tire,test,contamination,000.png,yes
tire,test,contamination,001.png,yes
tire,test,contamination,002.png,yes
tire,test,contamination,003.png,yes
tire,test,contamination,004.png,yes
tire,test,contamination,005.png,yes
tire,test,contamination,006.png,yes
tire,test,contamination,007.png,yes
tire,test,contamination,008.png,yes
tire,test,contamination,009.png,yes
tire,test,contamination,010.png,yes
tire,test,contamination,011.png,yes
tire,test,contamination,012.png,yes
tire,test,contamination,013.png,yes
tire,test,contamination,014.png,yes
tire,test,contamination,015.png,yes
tire,test,contamination,016.png,yes
tire,test,contamination,017.png,yes
tire,test,contamination,018.png,yes
tire,test,contamination,019.png,yes
tire,test,contamination,020.png,yes
tire,test,contamination,021.png,yes
tire,test,contamination,022.png,yes
tire,test,contamination,023.png,yes
tire,test,contamination,024.png,yes
tire,test,contamination,025.png,yes
tire,test,contamination,026.png,yes
tire,test,contamination,027.png,yes
tire,test,combined,000.png,yes
tire,test,combined,001.png,yes
tire,test,combined,002.png,yes
tire,test,combined,003.png,yes
tire,test,combined,004.png,yes
tire,test,cut,000.png,yes
tire,test,cut,001.png,yes
tire,test,cut,002.png,yes
tire,test,cut,003.png,yes
tire,test,cut,004.png,yes
tire,test,cut,005.png,yes
tire,test,cut,006.png,yes
tire,test,cut,007.png,yes
tire,test,cut,008.png,yes
tire,test,cut,009.png,yes
tire,test,cut,010.png,yes
tire,test,cut,011.png,yes
tire,test,cut,012.png,yes
tire,test,cut,013.png,yes
tire,test,cut,014.png,yes
tire,test,cut,015.png,yes
tire,test,cut,016.png,yes
tire,test,cut,017.png,yes
tire,test,cut,018.png,yes
tire,test,cut,019.png,yes
tire,test,cut,020.png,yes
tire,test,cut,021.png,yes
tire,test,cut,022.png,yes
tire,test,cut,023.png,yes
tire,test,cut,024.png,yes
tire,test,cut,025.png,yes
tire,test,cut,026.png,yes
tire,test,hole,000.png,yes
tire,test,hole,001.png,yes
tire,test,hole,002.png,yes
tire,test,hole,003.png,yes
tire,test,hole,004.png,yes
tire,test,hole,005.png,yes
tire,test,hole,006.png,yes
tire,test,hole,007.png,yes
tire,test,hole,008.png,yes
tire,test,hole,009.png,yes
tire,test,hole,010.png,yes
tire,test,hole,011.png,yes
tire,test,hole,012.png,yes
tire,test,hole,013.png,yes
tire,test,hole,014.png,yes
tire,test,hole,015.png,yes
tire,test,hole,016.png,yes
tire,test,hole,017.png,yes
tire,test,hole,018.png,yes
tire,test,hole,019.png,yes
tire,test,hole,020.png,yes
tire,test,hole,021.png,yes
tire,test,hole,022.png,yes
tire,test,hole,023.png,yes
tire,test,hole,024.png,yes
tire,test,hole,025.png,yes
tire,test,hole,026.png,yes
